WEATHER_CONDITION,LIGHTING_CONDITION,FIRST_CRASH_TYPE,TRAFFICWAY_TYPE,LANE_CNT,ALIGNMENT,ROADWAY_SURFACE_COND,ROAD_DEFECT,REPORT_TYPE,CRASH_TYPE,INTERSECTION_RELATED_I,NOT_RIGHT_OF_WAY_I,HIT_AND_RUN_I,DAMAGE,DATE_POLICE_NOTIFIED,PRIM_CONTRIBUTORY_CAUSE,SEC_CONTRIBUTORY_CAUSE,STREET_NO,STREET_DIRECTION,STREET_NAME,BEAT_OF_OCCURRENCE,PHOTOS_TAKEN_I,STATEMENTS_TAKEN_I,DOORING_I,WORK_ZONE_I,WORK_ZONE_TYPE,WORKERS_PRESENT_I,NUM_UNITS,MOST_SEVERE_INJURY,INJURIES_TOTAL,INJURIES_FATAL,INJURIES_INCAPACITATING,INJURIES_NON_INCAPACITATING,INJURIES_REPORTED_NOT_EVIDENT,INJURIES_NO_INDICATION,INJURIES_UNKNOWN,CRASH_HOUR,CRASH_DAY_OF_WEEK,CRASH_MONTH,INJURIES_NO_INDICATION,INJURIES_UNKNOWN,CRASH_HOUR,CRASH_DAY_OF_WEEK,CRASH_MONTH
CLEAR,DAYLIGHT,ANGLE,FOUR WAY,,STRAIGHT AND LEVEL,DRY,UNKNOWN,NOT ON SCENE (DESK REPORT),NO INJURY / DRIVE AWAY,,,Y,"OVER $1,500",04/05/2025 17:30,DISREGARDING STOP SIGN,DISREGARDING STOP SIGN,6032,W,ALTGELD ST,2512,,,,,,,2,NO INDICATION OF INJURY,0,0,0,0,0,2,0,10,7,4,2,0,10,7,4
CLEAR,DAYLIGHT,REAR END,DIVIDED - W/MEDIAN (NOT RAISED),,STRAIGHT AND LEVEL,DRY,NO DEFECTS,NOT ON SCENE (DESK REPORT),NO INJURY / DRIVE AWAY,,,,"OVER $1,500",05/23/2025 8:35,UNABLE TO DETERMINE,UNABLE TO DETERMINE,746,W,95TH ST,2223,,,,,,,2,NO INDICATION OF INJURY,0,0,0,0,0,2,0,7,6,5,2,0,7,6,5
RAIN,"DARKNESS, LIGHTED ROAD",REAR END,DIVIDED - W/MEDIAN (NOT RAISED),,STRAIGHT AND LEVEL,WET,NO DEFECTS,NOT ON SCENE (DESK REPORT),NO INJURY / DRIVE AWAY,,,Y,"OVER $1,500",04/05/2025 13:45,FOLLOWING TOO CLOSELY,NOT APPLICABLE,1000,N,CICERO AVE,1531,,,,,,,2,NO INDICATION OF INJURY,0,0,0,0,0,2,0,3,7,4,2,0,3,7,4
CLEAR,DAYLIGHT,ANGLE,NOT DIVIDED,,STRAIGHT AND LEVEL,UNKNOWN,UNKNOWN,NOT ON SCENE (DESK REPORT),NO INJURY / DRIVE AWAY,,,,"OVER $1,500",03/16/2025 16:50,FAILING TO YIELD RIGHT-OF-WAY,UNABLE TO DETERMINE,4435,N,MILWAUKEE AVE,1623,,,,,,,2,NO INDICATION OF INJURY,0,0,0,0,0,2,0,16,1,3,2,0,16,1,3
CLEAR,DAYLIGHT,SIDESWIPE SAME DIRECTION,NOT DIVIDED,,STRAIGHT AND LEVEL,DRY,NO DEFECTS,NOT ON SCENE (DESK REPORT),NO INJURY / DRIVE AWAY,,,,$500 OR LESS,05/23/2025 10:00,UNABLE TO DETERMINE,UNABLE TO DETERMINE,5050,N,BROADWAY,2033,,,,,,,2,NO INDICATION OF INJURY,0,0,0,0,0,3,0,9,6,5,3,0,9,6,5
CLEAR,DAYLIGHT,TURNING,NOT DIVIDED,,STRAIGHT AND LEVEL,DRY,NO DEFECTS,ON SCENE,NO INJURY / DRIVE AWAY,,,,"OVER $1,500",01/07/2025 9:30,DRIVING SKILLS/KNOWLEDGE/EXPERIENCE,DRIVING SKILLS/KNOWLEDGE/EXPERIENCE,4216,S,PULASKI RD,815,,,,,,,2,NO INDICATION OF INJURY,0,0,0,0,0,2,0,9,3,1,2,0,9,3,1
CLEAR,DAYLIGHT,REAR TO FRONT,ONE-WAY,,STRAIGHT AND LEVEL,DRY,UNKNOWN,NOT ON SCENE (DESK REPORT),NO INJURY / DRIVE AWAY,,,,"OVER $1,500",08/12/2024 8:44,IMPROPER BACKING,FAILING TO REDUCE SPEED TO AVOID CRASH,1517,N,GREENVIEW AVE,1433,,Y,,,,,2,NO INDICATION OF INJURY,0,0,0,0,0,3,0,8,2,8,3,0,8,2,8
CLEAR,DAYLIGHT,PARKED MOTOR VEHICLE,ONE-WAY,,STRAIGHT AND LEVEL,DRY,NO DEFECTS,NOT ON SCENE (DESK REPORT),NO INJURY / DRIVE AWAY,,,Y,"$501 - $1,500",08/12/2024 15:30,UNABLE TO DETERMINE,UNABLE TO DETERMINE,10700,S,AVENUE H,432,,,,,,,2,NO INDICATION OF INJURY,0,0,0,0,0,1,0,5,2,8,1,0,5,2,8
CLEAR,DAYLIGHT,SIDESWIPE SAME DIRECTION,DIVIDED - W/MEDIAN (NOT RAISED),,STRAIGHT AND LEVEL,UNKNOWN,UNKNOWN,NOT ON SCENE (DESK REPORT),NO INJURY / DRIVE AWAY,,,,"OVER $1,500",08/12/2024 16:48,FAILING TO REDUCE SPEED TO AVOID CRASH,NOT APPLICABLE,2320,W,PETERSON AVE,2413,,,,,,,2,NO INDICATION OF INJURY,0,0,0,0,0,2,0,15,2,8,2,0,15,2,8
CLEAR,DAYLIGHT,REAR END,PARKING LOT,,STRAIGHT AND LEVEL,DRY,UNKNOWN,NOT ON SCENE (DESK REPORT),NO INJURY / DRIVE AWAY,,,Y,"$501 - $1,500",04/05/2025 14:30,UNABLE TO DETERMINE,UNABLE TO DETERMINE,1705,W,18TH ST,1234,,,,,,,2,NO INDICATION OF INJURY,0,0,0,0,0,2,0,13,7,4,2,0,13,7,4
UNKNOWN,DARKNESS,PARKED MOTOR VEHICLE,NOT DIVIDED,,STRAIGHT AND LEVEL,UNKNOWN,UNKNOWN,NOT ON SCENE (DESK REPORT),NO INJURY / DRIVE AWAY,,,,"OVER $1,500",04/08/2025 18:30,UNABLE TO DETERMINE,UNABLE TO DETERMINE,2437,N,MILWAUKEE AVE,1414,,,,,,,2,NO INDICATION OF INJURY,0,0,0,0,0,1,0,23,7,4,1,0,23,7,4
CLEAR,DAYLIGHT,TURNING,DIVIDED - W/MEDIAN (NOT RAISED),,STRAIGHT AND LEVEL,WET,NO DEFECTS,NOT ON SCENE (DESK REPORT),NO INJURY / DRIVE AWAY,,,,"OVER $1,500",03/16/2025 14:50,NOT APPLICABLE,NOT APPLICABLE,3208,W,26TH ST,1024,,,,,,,2,NO INDICATION OF INJURY,0,0,0,0,0,3,0,14,1,3,3,0,14,1,3
CLEAR,DAYLIGHT,ANGLE,DIVIDED - W/MEDIAN (NOT RAISED),,STRAIGHT AND LEVEL,DRY,NO DEFECTS,NOT ON SCENE (DESK REPORT),NO INJURY / DRIVE AWAY,,,Y,"OVER $1,500",12/04/2024 9:10,FAILING TO YIELD RIGHT-OF-WAY,FAILING TO YIELD RIGHT-OF-WAY,2407,W,103RD ST,2211,,,,,,,2,NO INDICATION OF INJURY,0,0,0,0,0,2,0,8,4,12,2,0,8,4,12
CLEAR,DAYLIGHT,SIDESWIPE SAME DIRECTION,NOT DIVIDED,,STRAIGHT AND LEVEL,DRY,NO DEFECTS,NOT ON SCENE (DESK REPORT),NO INJURY / DRIVE AWAY,Y,,,"OVER $1,500",12/04/2024 7:50,IMPROPER LANE USAGE,IMPROPER LANE USAGE,104,N,CICERO AVE,1532,Y,,,,,,2,NO INDICATION OF INJURY,0,0,0,0,0,2,0,7,4,12,2,0,7,4,12
CLEAR,DAWN,SIDESWIPE SAME DIRECTION,DIVIDED - W/MEDIAN BARRIER,,STRAIGHT AND LEVEL,UNKNOWN,UNKNOWN,NOT ON SCENE (DESK REPORT),NO INJURY / DRIVE AWAY,,,,"OVER $1,500",12/04/2024 6:30,IMPROPER LANE USAGE,IMPROPER LANE USAGE,44,E,WACKER DR,111,,,,,,,2,NO INDICATION OF INJURY,0,0,0,0,0,2,0,6,4,12,2,0,6,4,12
RAIN,"DARKNESS, LIGHTED ROAD",REAR END,DIVIDED - W/MEDIAN BARRIER,,STRAIGHT AND LEVEL,WET,UNKNOWN,,NO INJURY / DRIVE AWAY,,,,"$501 - $1,500",11/18/2024 22:24,FOLLOWING TOO CLOSELY,UNABLE TO DETERMINE,997,N,LAKE SHORE DR NB,1833,Y,,,,,,2,NO INDICATION OF INJURY,0,0,0,0,0,3,0,20,2,11,3,0,20,2,11
UNKNOWN,UNKNOWN,PARKED MOTOR VEHICLE,DRIVEWAY,,STRAIGHT AND LEVEL,UNKNOWN,UNKNOWN,NOT ON SCENE (DESK REPORT),NO INJURY / DRIVE AWAY,,,,"OVER $1,500",05/23/2025 14:20,DRIVING SKILLS/KNOWLEDGE/EXPERIENCE,NOT APPLICABLE,3800,W,59TH PL,822,,,,,,,2,NO INDICATION OF INJURY,0,0,0,0,0,1,0,6,6,5,1,0,6,6,5
CLEAR,DAYLIGHT,PARKED MOTOR VEHICLE,ONE-WAY,,STRAIGHT AND LEVEL,WET,NO DEFECTS,ON SCENE,NO INJURY / DRIVE AWAY,,,,"$501 - $1,500",03/16/2025 7:58,IMPROPER OVERTAKING/PASSING,NOT APPLICABLE,950,N,LAVERGNE AVE,1531,,,,,,,2,NO INDICATION OF INJURY,0,0,0,0,0,1,0,7,1,3,1,0,7,1,3
CLEAR,DAYLIGHT,REAR END,DIVIDED - W/MEDIAN BARRIER,,STRAIGHT AND LEVEL,DRY,NO DEFECTS,NOT ON SCENE (DESK REPORT),NO INJURY / DRIVE AWAY,,,Y,"$501 - $1,500",05/23/2025 18:45,UNABLE TO DETERMINE,UNABLE TO DETERMINE,3838,W,IRVING PARK RD,1723,,,,,,,3,NO INDICATION OF INJURY,0,0,0,0,0,3,0,18,6,5,3,0,18,6,5
CLEAR,DAYLIGHT,REAR END,NOT DIVIDED,,STRAIGHT AND LEVEL,SNOW OR SLUSH,UNKNOWN,NOT ON SCENE (DESK REPORT),NO INJURY / DRIVE AWAY,,,,"OVER $1,500",01/14/2025 10:20,FOLLOWING TOO CLOSELY,FAILING TO REDUCE SPEED TO AVOID CRASH,3209,W,CORTLAND ST,1421,,,,,,,2,NO INDICATION OF INJURY,0,0,0,0,0,4,0,8,3,1,4,0,8,3,1
CLEAR,DAYLIGHT,TURNING,DIVIDED - W/MEDIAN BARRIER,,STRAIGHT AND LEVEL,DRY,UNKNOWN,ON SCENE,NO INJURY / DRIVE AWAY,Y,,,"OVER $1,500",10/05/2024 14:20,IMPROPER TURNING/NO SIGNAL,NOT APPLICABLE,398,E,JACKSON DR,114,,,,,,,2,NO INDICATION OF INJURY,0,0,0,0,0,3,0,14,7,10,3,0,14,7,10
CLEAR,DAYLIGHT,PARKED MOTOR VEHICLE,PARKING LOT,,STRAIGHT AND LEVEL,DRY,NO DEFECTS,NOT ON SCENE (DESK REPORT),NO INJURY / DRIVE AWAY,,,Y,"OVER $1,500",10/08/2024 17:15,UNABLE TO DETERMINE,UNABLE TO DETERMINE,170,W,OAK ST,1824,,,,,,,2,NO INDICATION OF INJURY,0,0,0,0,0,1,0,9,7,10,1,0,9,7,10
CLEAR,DAYLIGHT,REAR END,FOUR WAY,,STRAIGHT AND LEVEL,DRY,UNKNOWN,NOT ON SCENE (DESK REPORT),NO INJURY / DRIVE AWAY,Y,,,$500 OR LESS,08/28/2024 22:00,UNABLE TO DETERMINE,NOT APPLICABLE,2601,W,LOGAN BLVD,1431,,,,,,,2,NO INDICATION OF INJURY,0,0,0,0,0,2,0,14,3,8,2,0,14,3,8
CLOUDY/OVERCAST,DAYLIGHT,REAR END,NOT DIVIDED,,STRAIGHT AND LEVEL,UNKNOWN,UNKNOWN,ON SCENE,INJURY AND / OR TOW DUE TO CRASH,,,,"OVER $1,500",04/05/2025 14:45,UNABLE TO DETERMINE,NOT APPLICABLE,3216,N,CICERO AVE,1634,,,,,,,2,NONINCAPACITATING INJURY,1,0,0,1,0,1,0,14,7,4,1,0,14,7,4
CLEAR,DAYLIGHT,TURNING,FOUR WAY,,STRAIGHT AND LEVEL,WET,NO DEFECTS,NOT ON SCENE (DESK REPORT),NO INJURY / DRIVE AWAY,Y,,,"$501 - $1,500",01/14/2025 9:50,IMPROPER LANE USAGE,UNABLE TO DETERMINE,5532,N,NAGLE AVE,1613,,,,,,,2,NO INDICATION OF INJURY,0,0,0,0,0,2,0,9,3,1,2,0,9,3,1
CLEAR,DAYLIGHT,TURNING,NOT DIVIDED,,STRAIGHT AND LEVEL,DRY,NO DEFECTS,ON SCENE,NO INJURY / DRIVE AWAY,Y,,,"$501 - $1,500",10/05/2024 8:30,FAILING TO YIELD RIGHT-OF-WAY,DRIVING SKILLS/KNOWLEDGE/EXPERIENCE,5157,N,CENTRAL AVE,1623,,,,,,,2,NO INDICATION OF INJURY,0,0,0,0,0,2,0,8,7,10,2,0,8,7,10
CLEAR,DAYLIGHT,PARKED MOTOR VEHICLE,PARKING LOT,,STRAIGHT AND LEVEL,DRY,NO DEFECTS,NOT ON SCENE (DESK REPORT),NO INJURY / DRIVE AWAY,,,Y,"$501 - $1,500",10/05/2024 18:45,UNABLE TO DETERMINE,NOT APPLICABLE,1101,S,CANAL ST,124,,,,,,,2,NO INDICATION OF INJURY,0,0,0,0,0,1,0,16,7,10,1,0,16,7,10
CLEAR,DAYLIGHT,SIDESWIPE SAME DIRECTION,NOT DIVIDED,,STRAIGHT AND LEVEL,DRY,NO DEFECTS,NOT ON SCENE (DESK REPORT),NO INJURY / DRIVE AWAY,Y,,,"OVER $1,500",01/07/2025 17:15,UNABLE TO DETERMINE,NOT APPLICABLE,445,S,WESTERN AVE,1225,,,,,,,2,NO INDICATION OF INJURY,0,0,0,0,0,2,0,15,3,1,2,0,15,3,1
CLEAR,DAYLIGHT,PARKED MOTOR VEHICLE,ONE-WAY,,STRAIGHT AND LEVEL,DRY,UNKNOWN,NOT ON SCENE (DESK REPORT),INJURY AND / OR TOW DUE TO CRASH,,,Y,"OVER $1,500",08/12/2024 21:40,NOT APPLICABLE,NOT APPLICABLE,621,S,SPAULDING AVE,1134,,,,,,,2,NO INDICATION OF INJURY,0,0,0,0,0,1,0,18,2,8,1,0,18,2,8
SNOW,DAYLIGHT,REAR END,DIVIDED - W/MEDIAN (NOT RAISED),,STRAIGHT AND LEVEL,WET,NO DEFECTS,NOT ON SCENE (DESK REPORT),INJURY AND / OR TOW DUE TO CRASH,,,Y,"OVER $1,500",03/16/2025 14:30,FOLLOWING TOO CLOSELY,FAILING TO REDUCE SPEED TO AVOID CRASH,3714,W,LAWRENCE AVE,1712,,,,,,,2,"REPORTED, NOT EVIDENT",1,0,0,0,1,3,0,14,1,3,3,0,14,1,3
CLEAR,DAYLIGHT,PARKED MOTOR VEHICLE,ONE-WAY,,STRAIGHT AND LEVEL,DRY,NO DEFECTS,NOT ON SCENE (DESK REPORT),NO INJURY / DRIVE AWAY,,,,"$501 - $1,500",01/15/2025 11:50,IMPROPER BACKING,NOT APPLICABLE,1214,W,CARMEN AVE,2033,,,,,,,2,NO INDICATION OF INJURY,0,0,0,0,0,1,0,16,3,1,1,0,16,3,1
CLEAR,DAYLIGHT,REAR END,DIVIDED - W/MEDIAN (NOT RAISED),,STRAIGHT AND LEVEL,DRY,NO DEFECTS,ON SCENE,INJURY AND / OR TOW DUE TO CRASH,,,,$500 OR LESS,05/23/2025 16:53,FOLLOWING TOO CLOSELY,FOLLOWING TOO CLOSELY,7244,N,CALIFORNIA AVE,2411,,,,,,,2,NONINCAPACITATING INJURY,3,0,0,3,0,0,0,16,6,5,0,0,16,6,5
CLEAR,DAYLIGHT,REAR END,NOT DIVIDED,,STRAIGHT AND LEVEL,DRY,NO DEFECTS,ON SCENE,NO INJURY / DRIVE AWAY,Y,,,"$501 - $1,500",10/05/2024 15:55,FAILING TO REDUCE SPEED TO AVOID CRASH,UNABLE TO DETERMINE,5758,W,MONTROSE AVE,1622,,,,,,,2,NO INDICATION OF INJURY,0,0,0,0,0,5,0,15,7,10,5,0,15,7,10
CLEAR,"DARKNESS, LIGHTED ROAD",FIXED OBJECT,NOT DIVIDED,,STRAIGHT AND LEVEL,DRY,NO DEFECTS,ON SCENE,INJURY AND / OR TOW DUE TO CRASH,,,,"OVER $1,500",08/12/2024 1:38,PHYSICAL CONDITION OF DRIVER,UNABLE TO DETERMINE,12670,S,CARONDOLET AVE,433,,,,,,,1,NONINCAPACITATING INJURY,2,0,0,2,0,0,0,1,2,8,0,0,1,2,8
CLEAR,"DARKNESS, LIGHTED ROAD",PARKED MOTOR VEHICLE,ONE-WAY,,STRAIGHT AND LEVEL,DRY,NO DEFECTS,NOT ON SCENE (DESK REPORT),NO INJURY / DRIVE AWAY,,,Y,"OVER $1,500",08/28/2024 9:00,UNABLE TO DETERMINE,UNABLE TO DETERMINE,2712,W,POPE JOHN PAUL II DR,921,,,,,,,2,NO INDICATION OF INJURY,0,0,0,0,0,1,0,21,1,8,1,0,21,1,8
CLEAR,DAYLIGHT,ANGLE,NOT DIVIDED,,STRAIGHT AND LEVEL,UNKNOWN,UNKNOWN,NOT ON SCENE (DESK REPORT),NO INJURY / DRIVE AWAY,Y,,Y,"OVER $1,500",04/11/2025 15:25,UNABLE TO DETERMINE,UNABLE TO DETERMINE,4600,S,EVANS AVE,221,,,,,,,2,NO INDICATION OF INJURY,0,0,0,0,0,2,0,6,7,4,2,0,6,7,4
UNKNOWN,UNKNOWN,ANGLE,FOUR WAY,,STRAIGHT AND LEVEL,UNKNOWN,UNKNOWN,ON SCENE,INJURY AND / OR TOW DUE TO CRASH,Y,,,"OVER $1,500",01/14/2025 8:27,DISREGARDING TRAFFIC SIGNALS,NOT APPLICABLE,101,E,51ST ST,231,,,,,,,2,NO INDICATION OF INJURY,0,0,0,0,0,2,0,8,3,1,2,0,8,3,1
CLEAR,DAYLIGHT,REAR END,NOT DIVIDED,,STRAIGHT AND LEVEL,DRY,UNKNOWN,NOT ON SCENE (DESK REPORT),NO INJURY / DRIVE AWAY,Y,,Y,"OVER $1,500",04/05/2025 14:15,UNABLE TO DETERMINE,UNABLE TO DETERMINE,3904,W,OGDEN AVE,1014,,,,,,,2,NO INDICATION OF INJURY,0,0,0,0,0,3,0,13,7,4,3,0,13,7,4
CLEAR,DAYLIGHT,PARKED MOTOR VEHICLE,ONE-WAY,,STRAIGHT AND LEVEL,SNOW OR SLUSH,NO DEFECTS,NOT ON SCENE (DESK REPORT),NO INJURY / DRIVE AWAY,,,,$500 OR LESS,01/07/2025 8:50,IMPROPER OVERTAKING/PASSING,UNABLE TO DETERMINE,6221,N,NATOMA AVE,1611,,,,,,,2,NO INDICATION OF INJURY,0,0,0,0,0,10,0,7,3,1,10,0,7,3,1
CLEAR,DAYLIGHT,REAR END,UNKNOWN INTERSECTION TYPE,,STRAIGHT AND LEVEL,UNKNOWN,UNKNOWN,NOT ON SCENE (DESK REPORT),NO INJURY / DRIVE AWAY,Y,,,"OVER $1,500",10/05/2024 13:05,UNABLE TO DETERMINE,UNABLE TO DETERMINE,3231,N,LAKE SHORE DR,1925,,,,,,,2,NO INDICATION OF INJURY,0,0,0,0,0,5,0,11,7,10,5,0,11,7,10
RAIN,DARKNESS,PARKED MOTOR VEHICLE,ALLEY,,STRAIGHT AND LEVEL,WET,NO DEFECTS,ON SCENE,NO INJURY / DRIVE AWAY,,,Y,"OVER $1,500",11/04/2024 18:21,UNABLE TO DETERMINE,UNABLE TO DETERMINE,7425,S,YATES BLVD,334,,,,,,,2,NO INDICATION OF INJURY,0,0,0,0,0,1,0,18,2,11,1,0,18,2,11
CLOUDY/OVERCAST,DAYLIGHT,REAR END,FOUR WAY,,STRAIGHT AND LEVEL,DRY,NO DEFECTS,NOT ON SCENE (DESK REPORT),NO INJURY / DRIVE AWAY,,,,"OVER $1,500",11/04/2024 15:40,UNABLE TO DETERMINE,UNABLE TO DETERMINE,735,W,115TH ST,524,,,,,,,2,NO INDICATION OF INJURY,0,0,0,0,0,4,0,15,2,11,4,0,15,2,11
UNKNOWN,DUSK,ANGLE,NOT DIVIDED,,STRAIGHT AND LEVEL,UNKNOWN,UNKNOWN,NOT ON SCENE (DESK REPORT),NO INJURY / DRIVE AWAY,,,,"$501 - $1,500",10/17/2023 19:50,UNABLE TO DETERMINE,NOT APPLICABLE,400,S,LARAMIE AVE,1522,,,,,,,2,NO INDICATION OF INJURY,0,0,0,0,0,2,0,18,3,10,2,0,18,3,10
SNOW,DAYLIGHT,REAR END,NOT DIVIDED,,STRAIGHT AND LEVEL,DRY,NO DEFECTS,NOT ON SCENE (DESK REPORT),INJURY AND / OR TOW DUE TO CRASH,,,,"$501 - $1,500",01/14/2025 19:45,EQUIPMENT - VEHICLE CONDITION,NOT APPLICABLE,2523,N,KIMBALL AVE,1413,,,,,,,2,NONINCAPACITATING INJURY,1,0,0,1,0,1,0,17,3,1,1,0,17,3,1
SNOW,DAYLIGHT,REAR END,FOUR WAY,,STRAIGHT AND LEVEL,SNOW OR SLUSH,NO DEFECTS,ON SCENE,NO INJURY / DRIVE AWAY,Y,,Y,"$501 - $1,500",01/14/2025 8:07,UNABLE TO DETERMINE,NOT APPLICABLE,6401,W,BRYN MAWR AVE,1612,,,,,,,2,NO INDICATION OF INJURY,0,0,0,0,0,2,0,8,3,1,2,0,8,3,1
SNOW,DAYLIGHT,FIXED OBJECT,UNKNOWN,,STRAIGHT AND LEVEL,UNKNOWN,WORN SURFACE,ON SCENE,NO INJURY / DRIVE AWAY,,,N,"OVER $1,500",01/14/2025 16:40,UNABLE TO DETERMINE,NOT APPLICABLE,1725,W,HARRISON ST,1231,,,,,,,1,NO INDICATION OF INJURY,0,0,0,0,0,1,0,15,3,1,1,0,15,3,1
RAIN,"DARKNESS, LIGHTED ROAD",SIDESWIPE SAME DIRECTION,NOT DIVIDED,,STRAIGHT AND LEVEL,WET,UNKNOWN,ON SCENE,NO INJURY / DRIVE AWAY,,,,"OVER $1,500",08/27/2024 23:11,UNABLE TO DETERMINE,UNABLE TO DETERMINE,1300,S,WESTERN AVE,1023,,,,,,,2,NO INDICATION OF INJURY,0,0,0,0,0,2,0,22,3,8,2,0,22,3,8
CLEAR,DAYLIGHT,PARKED MOTOR VEHICLE,DIVIDED - W/MEDIAN (NOT RAISED),,STRAIGHT AND LEVEL,DRY,NO DEFECTS,ON SCENE,NO INJURY / DRIVE AWAY,,,Y,$500 OR LESS,08/28/2024 16:33,UNABLE TO DETERMINE,UNABLE TO DETERMINE,3953,N,NEENAH AVE,1632,,,,,,,2,NO INDICATION OF INJURY,0,0,0,0,0,1,0,16,4,8,1,0,16,4,8
UNKNOWN,DARKNESS,REAR END,Y-INTERSECTION,,STRAIGHT AND LEVEL,DRY,NO DEFECTS,NOT ON SCENE (DESK REPORT),NO INJURY / DRIVE AWAY,,,Y,$500 OR LESS,08/28/2024 20:46,FOLLOWING TOO CLOSELY,NOT APPLICABLE,8307,S,SOUTH CHICAGO AVE,412,,,,,,,2,NO INDICATION OF INJURY,0,0,0,0,0,2,0,21,1,8,2,0,21,1,8
CLEAR,"DARKNESS, LIGHTED ROAD",REAR END,NOT DIVIDED,2,STRAIGHT AND LEVEL,UNKNOWN,UNKNOWN,NOT ON SCENE (DESK REPORT),NO INJURY / DRIVE AWAY,,,,"OVER $1,500",09/16/2017 3:30,UNABLE TO DETERMINE,NOT APPLICABLE,3208,N,HALSTED ST,1924,,,,,,,2,NO INDICATION OF INJURY,0,0,0,0,0,3,0,2,7,9,3,0,2,7,9
CLEAR,DAYLIGHT,REAR END,NOT DIVIDED,,STRAIGHT AND LEVEL,DRY,UNKNOWN,NOT ON SCENE (DESK REPORT),NO INJURY / DRIVE AWAY,,,,"$501 - $1,500",05/23/2025 15:50,UNABLE TO DETERMINE,NOT APPLICABLE,4002,N,NARRAGANSETT AVE,1632,,,,,,,2,NO INDICATION OF INJURY,0,0,0,0,0,2,0,15,6,5,2,0,15,6,5
SNOW,"DARKNESS, LIGHTED ROAD",FIXED OBJECT,T-INTERSECTION,,STRAIGHT ON GRADE,SNOW OR SLUSH,NO DEFECTS,ON SCENE,NO INJURY / DRIVE AWAY,,Y,Y,"OVER $1,500",01/14/2025 20:51,UNABLE TO DETERMINE,NOT APPLICABLE,2801,W,SHAKESPEARE AVE,1414,,,,,,,1,NO INDICATION OF INJURY,0,0,0,0,0,1,0,20,3,1,1,0,20,3,1
CLEAR,"DARKNESS, LIGHTED ROAD",SIDESWIPE OPPOSITE DIRECTION,NOT DIVIDED,,STRAIGHT AND LEVEL,DRY,NO DEFECTS,ON SCENE,NO INJURY / DRIVE AWAY,,,Y,"OVER $1,500",02/08/2025 19:51,UNABLE TO DETERMINE,NOT APPLICABLE,6141,W,ADDISON ST,1633,,,,,,,2,NO INDICATION OF INJURY,0,0,0,0,0,2,0,19,7,2,2,0,19,7,2
CLEAR,"DARKNESS, LIGHTED ROAD",ANGLE,FOUR WAY,,STRAIGHT AND LEVEL,DRY,NO DEFECTS,ON SCENE,INJURY AND / OR TOW DUE TO CRASH,Y,,,"OVER $1,500",01/07/2025 19:25,DISREGARDING STOP SIGN,DISREGARDING STOP SIGN,8800,S,EAST END AVE,412,,,,,,,2,NO INDICATION OF INJURY,0,0,0,0,0,2,0,19,3,1,2,0,19,3,1
CLEAR,DAYLIGHT,REAR END,ONE-WAY,,STRAIGHT AND LEVEL,DRY,UNKNOWN,ON SCENE,INJURY AND / OR TOW DUE TO CRASH,,,,"$501 - $1,500",08/27/2024 12:50,FOLLOWING TOO CLOSELY,NOT APPLICABLE,13,W,I190 EXPY,1654,,,,,,,2,NONINCAPACITATING INJURY,1,0,0,1,0,1,0,12,3,8,1,0,12,3,8
CLEAR,"DARKNESS, LIGHTED ROAD",PARKED MOTOR VEHICLE,PARKING LOT,,"CURVE, LEVEL",DRY,NO DEFECTS,ON SCENE,INJURY AND / OR TOW DUE TO CRASH,,Y,,"OVER $1,500",12/04/2024 19:33,UNDER THE INFLUENCE OF ALCOHOL/DRUGS (USE WHEN ARREST IS EFFECTED),UNDER THE INFLUENCE OF ALCOHOL/DRUGS (USE WHEN ARREST IS EFFECTED),355,E,OHIO ST,1834,,Y,,,,,3,NONINCAPACITATING INJURY,1,0,0,1,0,0,0,18,4,12,0,0,18,4,12
CLEAR,DAYLIGHT,PARKED MOTOR VEHICLE,FOUR WAY,,STRAIGHT AND LEVEL,DRY,NO DEFECTS,NOT ON SCENE (DESK REPORT),NO INJURY / DRIVE AWAY,,,,"$501 - $1,500",08/28/2024 10:42,UNABLE TO DETERMINE,UNABLE TO DETERMINE,153,W,NORTH AVE,1821,,,,,,,2,NO INDICATION OF INJURY,0,0,0,0,0,1,0,10,4,8,1,0,10,4,8
CLEAR,DAYLIGHT,TURNING,ONE-WAY,,STRAIGHT AND LEVEL,DRY,NO DEFECTS,ON SCENE,NO INJURY / DRIVE AWAY,,,Y,"$501 - $1,500",08/28/2024 16:34,DRIVING ON WRONG SIDE/WRONG WAY,UNABLE TO DETERMINE,1982,N,KEELER AVE,2534,,,,,,,2,NO INDICATION OF INJURY,0,0,0,0,0,3,0,16,4,8,3,0,16,4,8
CLEAR,DAYLIGHT,PARKED MOTOR VEHICLE,ONE-WAY,,STRAIGHT AND LEVEL,DRY,NO DEFECTS,NOT ON SCENE (DESK REPORT),NO INJURY / DRIVE AWAY,,,,"OVER $1,500",08/28/2024 11:00,NOT APPLICABLE,UNABLE TO DETERMINE,1052,E,73RD ST,324,,,,,,,2,NO INDICATION OF INJURY,0,0,0,0,0,1,0,6,2,8,1,0,6,2,8