WEATHER_CONDITION,LIGHTING_CONDITION,FIRST_CRASH_TYPE,TRAFFICWAY_TYPE,LANE_CNT,ALIGNMENT,ROADWAY_SURFACE_COND,ROAD_DEFECT,REPORT_TYPE,CRASH_TYPE,INTERSECTION_RELATED_I,NOT_RIGHT_OF_WAY_I,HIT_AND_RUN_I,DAMAGE,DATE_POLICE_NOTIFIED,PRIM_CONTRIBUTORY_CAUSE,SEC_CONTRIBUTORY_CAUSE,STREET_NO,STREET_DIRECTION,STREET_NAME,BEAT_OF_OCCURRENCE,PHOTOS_TAKEN_I,STATEMENTS_TAKEN_I,DOORING_I,WORK_ZONE_I,WORK_ZONE_TYPE,WORKERS_PRESENT_I,NUM_UNITS,MOST_SEVERE_INJURY,INJURIES_TOTAL,INJURIES_FATAL,INJURIES_INCAPACITATING,INJURIES_NON_INCAPACITATING,INJURIES_REPORTED_NOT_EVIDENT,INJURIES_NO_INDICATION,INJURIES_UNKNOWN,CRASH_HOUR,CRASH_DAY_OF_WEEK,CRASH_MONTH,INJURIES_NO_INDICATION,INJURIES_UNKNOWN,CRASH_HOUR,CRASH_DAY_OF_WEEK,CRASH_MONTH
CLEAR,DAYLIGHT,REAR END,NOT DIVIDED,,STRAIGHT AND LEVEL,DRY,NO DEFECTS,ON SCENE,INJURY AND / OR TOW DUE TO CRASH,Y,,,"OVER $1,500",05/23/2025 12:45,DISREGARDING STOP SIGN,FOLLOWING TOO CLOSELY,1865,W,107TH ST,2212,,,,,,,2,NONINCAPACITATING INJURY,1,0,0,1,0,2,0,12,6,5,2,0,12,6,5
CLEAR,DAYLIGHT,PARKED MOTOR VEHICLE,PARKING LOT,,STRAIGHT AND LEVEL,DRY,NO DEFECTS,NOT ON SCENE (DESK REPORT),NO INJURY / DRIVE AWAY,,,Y,"OVER $1,500",04/16/2025 7:30,UNABLE TO DETERMINE,UNABLE TO DETERMINE,3737,W,99TH ST,2211,,,,,,,2,NO INDICATION OF INJURY,0,0,0,0,0,1,0,17,7,4,1,0,17,7,4
CLEAR,DAYLIGHT,REAR END,FOUR WAY,,STRAIGHT AND LEVEL,DRY,NO DEFECTS,NOT ON SCENE (DESK REPORT),NO INJURY / DRIVE AWAY,Y,,,"$501 - $1,500",12/04/2024 9:15,FOLLOWING TOO CLOSELY,FAILING TO YIELD RIGHT-OF-WAY,3632,N,CICERO AVE,1634,,,,,,,2,NO INDICATION OF INJURY,0,0,0,0,0,2,0,8,4,12,2,0,8,4,12
UNKNOWN,UNKNOWN,REAR END,T-INTERSECTION,,STRAIGHT AND LEVEL,UNKNOWN,UNKNOWN,,NO INJURY / DRIVE AWAY,Y,,,"OVER $1,500",01/15/2025 16:25,UNABLE TO DETERMINE,UNABLE TO DETERMINE,8100,S,DR MARTIN LUTHER KING JR DR,631,,,,,,,3,NO INDICATION OF INJURY,0,0,0,0,0,3,0,15,3,1,3,0,15,3,1
UNKNOWN,UNKNOWN,PARKED MOTOR VEHICLE,OTHER,,STRAIGHT AND LEVEL,UNKNOWN,UNKNOWN,NOT ON SCENE (DESK REPORT),NO INJURY / DRIVE AWAY,,,Y,"OVER $1,500",08/27/2024 11:00,NOT APPLICABLE,NOT APPLICABLE,4823,N,WINCHESTER AVE,2032,,,,,,,3,NO INDICATION OF INJURY,0,0,0,0,0,1,0,8,3,8,1,0,8,3,8
CLEAR,DAYLIGHT,SIDESWIPE SAME DIRECTION,NOT DIVIDED,,STRAIGHT AND LEVEL,DRY,NO DEFECTS,ON SCENE,NO INJURY / DRIVE AWAY,,,,$500 OR LESS,12/04/2024 9:20,FOLLOWING TOO CLOSELY,NOT APPLICABLE,299,E,WACKER DR,114,,,,,,,2,NO INDICATION OF INJURY,0,0,0,0,0,2,0,9,4,12,2,0,9,4,12
CLEAR,DARKNESS,SIDESWIPE SAME DIRECTION,NOT DIVIDED,,STRAIGHT AND LEVEL,DRY,NO DEFECTS,ON SCENE,NO INJURY / DRIVE AWAY,,,,"OVER $1,500",11/04/2024 17:10,UNABLE TO DETERMINE,UNABLE TO DETERMINE,806,W,63RD ST,712,,,,,,,2,NO INDICATION OF INJURY,0,0,0,0,0,2,0,17,2,11,2,0,17,2,11
CLEAR,DAYLIGHT,PARKED MOTOR VEHICLE,NOT DIVIDED,,STRAIGHT AND LEVEL,DRY,NO DEFECTS,ON SCENE,NO INJURY / DRIVE AWAY,,,Y,$500 OR LESS,08/28/2024 7:12,UNABLE TO DETERMINE,UNABLE TO DETERMINE,1720,W,CHICAGO AVE,1213,,,,,,,2,NO INDICATION OF INJURY,0,0,0,0,0,7,0,7,4,8,7,0,7,4,8
CLEAR,DAYLIGHT,SIDESWIPE SAME DIRECTION,UNKNOWN,,STRAIGHT AND LEVEL,UNKNOWN,UNKNOWN,NOT ON SCENE (DESK REPORT),NO INJURY / DRIVE AWAY,,,Y,"OVER $1,500",08/28/2024 18:20,FAILING TO YIELD RIGHT-OF-WAY,NOT APPLICABLE,7300,S,COTTAGE GROVE AVE,323,,,,,,,2,NO INDICATION OF INJURY,0,0,0,0,0,2,0,17,4,8,2,0,17,4,8
CLEAR,"DARKNESS, LIGHTED ROAD",PARKED MOTOR VEHICLE,NOT DIVIDED,,STRAIGHT AND LEVEL,DRY,NO DEFECTS,NOT ON SCENE (DESK REPORT),NO INJURY / DRIVE AWAY,,,Y,"OVER $1,500",08/28/2024 19:25,UNABLE TO DETERMINE,NOT APPLICABLE,4850,S,WOOD ST,931,,,,,,,2,NO INDICATION OF INJURY,0,0,0,0,0,1,0,22,2,8,1,0,22,2,8
SNOW,DAYLIGHT,ANGLE,NOT DIVIDED,,STRAIGHT AND LEVEL,SNOW OR SLUSH,NO DEFECTS,ON SCENE,INJURY AND / OR TOW DUE TO CRASH,,,,"OVER $1,500",01/14/2025 7:25,UNABLE TO DETERMINE,NOT APPLICABLE,7301,S,SACRAMENTO AVE,835,,,,,,,2,NO INDICATION OF INJURY,0,0,0,0,0,5,0,7,3,1,5,0,7,3,1
CLEAR,DAYLIGHT,PEDESTRIAN,NOT DIVIDED,,STRAIGHT AND LEVEL,DRY,NO DEFECTS,ON SCENE,NO INJURY / DRIVE AWAY,,,Y,$500 OR LESS,05/23/2025 11:35,UNABLE TO DETERMINE,UNABLE TO DETERMINE,5,W,TERMINAL ST,1655,,,,,,,2,NO INDICATION OF INJURY,0,0,0,0,0,2,0,11,6,5,2,0,11,6,5
SNOW,DAYLIGHT,HEAD ON,NOT DIVIDED,,STRAIGHT AND LEVEL,ICE,NO DEFECTS,ON SCENE,INJURY AND / OR TOW DUE TO CRASH,,,,"OVER $1,500",01/14/2025 17:16,DRIVING ON WRONG SIDE/WRONG WAY,NOT APPLICABLE,1250,W,ERIE ST,1215,,,,,,,2,"REPORTED, NOT EVIDENT",3,0,0,0,3,1,0,14,3,1,1,0,14,3,1
CLEAR,DAYLIGHT,REAR END,NOT DIVIDED,,STRAIGHT AND LEVEL,WET,NO DEFECTS,ON SCENE,NO INJURY / DRIVE AWAY,,,,"$501 - $1,500",01/14/2025 10:01,FOLLOWING TOO CLOSELY,UNABLE TO DETERMINE,400,N,HOMAN AVE,1123,,Y,,,,,2,NO INDICATION OF INJURY,0,0,0,0,0,2,0,9,3,1,2,0,9,3,1
CLEAR,DAYLIGHT,REAR END,UNKNOWN,,STRAIGHT AND LEVEL,DRY,UNKNOWN,NOT ON SCENE (DESK REPORT),NO INJURY / DRIVE AWAY,,,Y,"OVER $1,500",01/14/2025 17:30,UNABLE TO DETERMINE,UNABLE TO DETERMINE,4300,S,WABASH AVE,215,,,,,,,2,NO INDICATION OF INJURY,0,0,0,0,0,2,0,16,3,1,2,0,16,3,1
UNKNOWN,DARKNESS,REAR END,DIVIDED - W/MEDIAN (NOT RAISED),,STRAIGHT AND LEVEL,UNKNOWN,UNKNOWN,NOT ON SCENE (DESK REPORT),NO INJURY / DRIVE AWAY,,,,"$501 - $1,500",01/22/2025 15:30,UNABLE TO DETERMINE,NOT APPLICABLE,2024,E,95TH ST,413,,,,,,,2,NO INDICATION OF INJURY,0,0,0,0,0,2,0,17,3,1,2,0,17,3,1
UNKNOWN,UNKNOWN,PARKED MOTOR VEHICLE,NOT DIVIDED,,STRAIGHT AND LEVEL,UNKNOWN,NO DEFECTS,ON SCENE,NO INJURY / DRIVE AWAY,,,Y,"OVER $1,500",01/07/2025 13:40,FAILING TO REDUCE SPEED TO AVOID CRASH,UNABLE TO DETERMINE,1343,W,GRAND AVE,1215,,,,,,,2,NO INDICATION OF INJURY,0,0,0,0,0,1,0,13,3,1,1,0,13,3,1
CLEAR,"DARKNESS, LIGHTED ROAD",REAR END,NOT DIVIDED,,STRAIGHT ON GRADE,DRY,NO DEFECTS,NOT ON SCENE (DESK REPORT),INJURY AND / OR TOW DUE TO CRASH,,,,"OVER $1,500",10/07/2024 11:40,FOLLOWING TOO CLOSELY,NOT APPLICABLE,2720,N,CLARK ST,1935,,,,,,,2,NONINCAPACITATING INJURY,1,0,0,1,0,2,0,20,7,10,2,0,20,7,10
SNOW,"DARKNESS, LIGHTED ROAD",REAR END,FOUR WAY,,STRAIGHT ON GRADE,SNOW OR SLUSH,NO DEFECTS,NOT ON SCENE (DESK REPORT),NO INJURY / DRIVE AWAY,Y,,,"OVER $1,500",01/14/2025 7:45,FOLLOWING TOO CLOSELY,UNABLE TO DETERMINE,156,W,IDA B WELLS DR,122,,,,,,,2,NO INDICATION OF INJURY,0,0,0,0,0,2,0,6,3,1,2,0,6,3,1
RAIN,"DARKNESS, LIGHTED ROAD",PEDESTRIAN,NOT DIVIDED,,STRAIGHT AND LEVEL,WET,NO DEFECTS,ON SCENE,INJURY AND / OR TOW DUE TO CRASH,Y,,,$500 OR LESS,04/05/2025 0:43,UNABLE TO DETERMINE,UNABLE TO DETERMINE,800,S,CLARK ST,123,,,,,,,2,NONINCAPACITATING INJURY,1,0,0,1,0,1,0,0,7,4,1,0,0,7,4
CLEAR,DAYLIGHT,REAR END,NOT DIVIDED,,STRAIGHT AND LEVEL,DRY,UNKNOWN,NOT ON SCENE (DESK REPORT),NO INJURY / DRIVE AWAY,Y,,,"OVER $1,500",05/23/2025 17:50,FOLLOWING TOO CLOSELY,UNABLE TO DETERMINE,4601,W,DIVERSEY AVE,2521,,,,,,,2,NO INDICATION OF INJURY,0,0,0,0,0,2,0,17,6,5,2,0,17,6,5
UNKNOWN,UNKNOWN,REAR END,NOT DIVIDED,,STRAIGHT AND LEVEL,UNKNOWN,UNKNOWN,NOT ON SCENE (DESK REPORT),NO INJURY / DRIVE AWAY,,,,"$501 - $1,500",12/14/2024 11:00,FAILING TO REDUCE SPEED TO AVOID CRASH,FAILING TO REDUCE SPEED TO AVOID CRASH,7150,N,SHERIDAN RD,2423,,,,,,,2,NO INDICATION OF INJURY,0,0,0,0,0,2,0,17,4,12,2,0,17,4,12
CLEAR,"DARKNESS, LIGHTED ROAD",SIDESWIPE SAME DIRECTION,NOT DIVIDED,,STRAIGHT AND LEVEL,DRY,NO DEFECTS,ON SCENE,INJURY AND / OR TOW DUE TO CRASH,,,,"OVER $1,500",04/05/2025 23:11,UNABLE TO DETERMINE,NOT APPLICABLE,4100,S,KEDZIE AVE,821,,,,,,,6,"REPORTED, NOT EVIDENT",1,0,0,0,1,1,0,23,7,4,1,0,23,7,4
CLEAR,DAYLIGHT,PARKED MOTOR VEHICLE,NOT DIVIDED,,STRAIGHT AND LEVEL,DRY,NO DEFECTS,ON SCENE,INJURY AND / OR TOW DUE TO CRASH,,,Y,"OVER $1,500",05/23/2025 19:13,UNABLE TO DETERMINE,NOT APPLICABLE,4417,W,GLADYS AVE,1131,,,,,,,4,"REPORTED, NOT EVIDENT",1,0,0,0,1,1,0,19,6,5,1,0,19,6,5
CLEAR,DAYLIGHT,REAR END,UNKNOWN,,STRAIGHT AND LEVEL,DRY,UNKNOWN,NOT ON SCENE (DESK REPORT),NO INJURY / DRIVE AWAY,,,,"OVER $1,500",05/23/2025 15:30,UNABLE TO DETERMINE,NOT APPLICABLE,6700,S,PRAIRIE AVE,322,,,,,,,2,NO INDICATION OF INJURY,0,0,0,0,0,2,0,11,6,5,2,0,11,6,5
CLOUDY/OVERCAST,DAYLIGHT,SIDESWIPE SAME DIRECTION,NOT DIVIDED,,STRAIGHT AND LEVEL,DRY,NO DEFECTS,NOT ON SCENE (DESK REPORT),NO INJURY / DRIVE AWAY,Y,,Y,"$501 - $1,500",11/04/2024 15:14,NOT APPLICABLE,NOT APPLICABLE,300,S,KOSTNER AVE,1131,,,,,,,2,NO INDICATION OF INJURY,0,0,0,0,0,2,0,13,2,11,2,0,13,2,11
CLEAR,DAYLIGHT,REAR END,DIVIDED - W/MEDIAN (NOT RAISED),,STRAIGHT AND LEVEL,DRY,NO DEFECTS,ON SCENE,INJURY AND / OR TOW DUE TO CRASH,,,,"OVER $1,500",08/28/2024 13:25,FOLLOWING TOO CLOSELY,NOT APPLICABLE,500,N,KEDZIE AVE,1121,,,,,,,2,"REPORTED, NOT EVIDENT",1,0,0,0,1,2,0,13,4,8,2,0,13,4,8
UNKNOWN,"DARKNESS, LIGHTED ROAD",OTHER OBJECT,ALLEY,,STRAIGHT AND LEVEL,UNKNOWN,UNKNOWN,NOT ON SCENE (DESK REPORT),NO INJURY / DRIVE AWAY,,,,"OVER $1,500",08/28/2024 13:30,UNABLE TO DETERMINE,NOT APPLICABLE,2369,W,HOWARD ST,2411,,,,,,,1,NO INDICATION OF INJURY,0,0,0,0,0,1,0,22,4,8,1,0,22,4,8
CLEAR,DAYLIGHT,PARKED MOTOR VEHICLE,NOT DIVIDED,,STRAIGHT AND LEVEL,DRY,NO DEFECTS,ON SCENE,NO INJURY / DRIVE AWAY,,,Y,$500 OR LESS,05/23/2025 17:00,UNABLE TO DETERMINE,UNABLE TO DETERMINE,2627,N,SEMINARY AVE,1932,,,,,,,2,NO INDICATION OF INJURY,0,0,0,0,0,1,0,10,6,5,1,0,10,6,5
RAIN,DUSK,SIDESWIPE SAME DIRECTION,NOT DIVIDED,,STRAIGHT AND LEVEL,WET,NO DEFECTS,NOT ON SCENE (DESK REPORT),NO INJURY / DRIVE AWAY,,,Y,"OVER $1,500",11/04/2024 18:09,FAILING TO YIELD RIGHT-OF-WAY,NOT APPLICABLE,3930,W,87TH ST,834,,,,,,,2,NO INDICATION OF INJURY,0,0,0,0,0,2,0,16,2,11,2,0,16,2,11
CLEAR,DAYLIGHT,REAR END,FOUR WAY,,STRAIGHT AND LEVEL,DRY,NO DEFECTS,NOT ON SCENE (DESK REPORT),NO INJURY / DRIVE AWAY,,,Y,"OVER $1,500",06/14/2024 16:30,UNABLE TO DETERMINE,UNABLE TO DETERMINE,7458,S,LAFAYETTE AVE,731,Y,,,,,,2,NO INDICATION OF INJURY,0,0,0,0,0,2,0,15,6,6,2,0,15,6,6
CLEAR,DAYLIGHT,SIDESWIPE SAME DIRECTION,NOT DIVIDED,,STRAIGHT AND LEVEL,DRY,NO DEFECTS,NOT ON SCENE (DESK REPORT),NO INJURY / DRIVE AWAY,,,,"$501 - $1,500",08/28/2024 11:40,UNABLE TO DETERMINE,UNABLE TO DETERMINE,4301,S,UNION AVE,925,,,,,,,2,NO INDICATION OF INJURY,0,0,0,0,0,2,0,10,4,8,2,0,10,4,8
CLEAR,DAYLIGHT,REAR END,DIVIDED - W/MEDIAN (NOT RAISED),,STRAIGHT AND LEVEL,DRY,NO DEFECTS,NOT ON SCENE (DESK REPORT),NO INJURY / DRIVE AWAY,,,N,"OVER $1,500",08/28/2024 16:10,UNABLE TO DETERMINE,NOT APPLICABLE,836,E,95TH ST,413,,,,,,,2,NO INDICATION OF INJURY,0,0,0,0,0,2,0,12,4,8,2,0,12,4,8
CLEAR,DAYLIGHT,PEDESTRIAN,NOT DIVIDED,,STRAIGHT AND LEVEL,DRY,NO DEFECTS,ON SCENE,INJURY AND / OR TOW DUE TO CRASH,Y,,,$500 OR LESS,08/25/2024 16:12,UNABLE TO DETERMINE,NOT APPLICABLE,6000,S,COTTAGE GROVE AVE,313,,,,,,,2,NONINCAPACITATING INJURY,1,0,0,1,0,1,0,14,1,8,1,0,14,1,8
CLEAR,DAYLIGHT,SIDESWIPE SAME DIRECTION,NOT DIVIDED,,STRAIGHT AND LEVEL,DRY,NO DEFECTS,NOT ON SCENE (DESK REPORT),NO INJURY / DRIVE AWAY,,,,"OVER $1,500",08/28/2024 8:15,IMPROPER LANE USAGE,UNABLE TO DETERMINE,7901,S,KEDZIE AVE,835,,,,,,,2,NO INDICATION OF INJURY,0,0,0,0,0,2,0,7,3,8,2,0,7,3,8
CLEAR,DAYLIGHT,PARKED MOTOR VEHICLE,NOT DIVIDED,,STRAIGHT AND LEVEL,DRY,NO DEFECTS,ON SCENE,NO INJURY / DRIVE AWAY,,,Y,"$501 - $1,500",05/23/2025 16:32,IMPROPER LANE USAGE,IMPROPER LANE USAGE,5755,N,WESTERN AVE,2012,,,,,,,2,NO INDICATION OF INJURY,0,0,0,0,0,2,0,16,6,5,2,0,16,6,5
CLEAR,DAYLIGHT,PARKED MOTOR VEHICLE,NOT DIVIDED,,STRAIGHT AND LEVEL,DRY,NO DEFECTS,NOT ON SCENE (DESK REPORT),NO INJURY / DRIVE AWAY,,,,"$501 - $1,500",04/05/2025 12:33,UNABLE TO DETERMINE,NOT APPLICABLE,2535,W,ARMITAGE AVE,1434,,,,,,,2,NO INDICATION OF INJURY,0,0,0,0,0,1,0,8,7,4,1,0,8,7,4
SNOW,DAYLIGHT,PARKED MOTOR VEHICLE,DIVIDED - W/MEDIAN (NOT RAISED),,STRAIGHT AND LEVEL,WET,NO DEFECTS,ON SCENE,INJURY AND / OR TOW DUE TO CRASH,,,Y,"OVER $1,500",03/16/2025 7:55,UNABLE TO DETERMINE,UNABLE TO DETERMINE,9931,S,COMMERCIAL AVE,431,,,,,,,3,NO INDICATION OF INJURY,0,0,0,0,0,1,0,7,1,3,1,0,7,1,3
CLEAR,DAYLIGHT,PARKED MOTOR VEHICLE,DIVIDED - W/MEDIAN (NOT RAISED),,STRAIGHT AND LEVEL,DRY,NO DEFECTS,ON SCENE,NO INJURY / DRIVE AWAY,,,Y,"OVER $1,500",07/29/2023 14:45,FAILING TO REDUCE SPEED TO AVOID CRASH,"OPERATING VEHICLE IN ERRATIC, RECKLESS, CARELESS, NEGLIGENT OR AGGRESSIVE MANNER",2101,S,ASHLAND AVE,1235,,,,,,,4,NO INDICATION OF INJURY,0,0,0,0,0,1,0,14,7,7,1,0,14,7,7
CLEAR,DAYLIGHT,TURNING,NOT DIVIDED,,STRAIGHT AND LEVEL,DRY,UNKNOWN,ON SCENE,INJURY AND / OR TOW DUE TO CRASH,,,,"OVER $1,500",05/23/2025 16:50,UNABLE TO DETERMINE,NOT APPLICABLE,1499,E,49TH ST,222,,,,,,,2,NONINCAPACITATING INJURY,2,0,0,2,0,1,0,16,6,5,1,0,16,6,5
CLEAR,"DARKNESS, LIGHTED ROAD",TURNING,DIVIDED - W/MEDIAN BARRIER,,STRAIGHT AND LEVEL,DRY,NO DEFECTS,NOT ON SCENE (DESK REPORT),NO INJURY / DRIVE AWAY,Y,,Y,"OVER $1,500",04/05/2025 23:45,UNABLE TO DETERMINE,UNABLE TO DETERMINE,800,N,LAKE SHORE DR NB,1833,,,,,,,2,NO INDICATION OF INJURY,0,0,0,0,0,2,0,22,7,4,2,0,22,7,4
CLEAR,DAYLIGHT,REAR TO FRONT,OTHER,,STRAIGHT AND LEVEL,DRY,UNKNOWN,NOT ON SCENE (DESK REPORT),NO INJURY / DRIVE AWAY,,,Y,"OVER $1,500",01/07/2025 15:15,IMPROPER BACKING,UNABLE TO DETERMINE,716,W,69TH ST,723,,,,,,,2,NO INDICATION OF INJURY,0,0,0,0,0,2,0,14,3,1,2,0,14,3,1
CLEAR,DARKNESS,FIXED OBJECT,ALLEY,,STRAIGHT AND LEVEL,SNOW OR SLUSH,NO DEFECTS,NOT ON SCENE (DESK REPORT),NO INJURY / DRIVE AWAY,,Y,,"$501 - $1,500",01/07/2025 20:50,UNABLE TO DETERMINE,NOT APPLICABLE,10328,S,TORRENCE AVE,434,,,,,,,1,NO INDICATION OF INJURY,0,0,0,0,0,2,0,20,3,1,2,0,20,3,1
CLEAR,DARKNESS,REAR END,DIVIDED - W/MEDIAN (NOT RAISED),,STRAIGHT AND LEVEL,DRY,NO DEFECTS,ON SCENE,NO INJURY / DRIVE AWAY,,,Y,"$501 - $1,500",12/04/2024 16:57,NOT APPLICABLE,NOT APPLICABLE,740,W,DIVISION ST,1822,,,,,,,2,NO INDICATION OF INJURY,0,0,0,0,0,2,0,16,4,12,2,0,16,4,12
UNKNOWN,UNKNOWN,REAR END,NOT DIVIDED,,STRAIGHT AND LEVEL,UNKNOWN,UNKNOWN,NOT ON SCENE (DESK REPORT),NO INJURY / DRIVE AWAY,,,,"OVER $1,500",11/04/2024 16:15,UNABLE TO DETERMINE,UNABLE TO DETERMINE,2466,N,LINCOLN AVE,1932,,,,,,,2,NO INDICATION OF INJURY,0,0,0,0,0,4,0,15,2,11,4,0,15,2,11
CLEAR,DAYLIGHT,TURNING,NOT DIVIDED,,STRAIGHT AND LEVEL,DRY,NO DEFECTS,ON SCENE,INJURY AND / OR TOW DUE TO CRASH,Y,,,"OVER $1,500",05/23/2025 19:38,FAILING TO YIELD RIGHT-OF-WAY,NOT APPLICABLE,5219,W,FULLERTON AVE,2515,,,,,,,4,NO INDICATION OF INJURY,0,0,0,0,0,2,0,19,6,5,2,0,19,6,5
CLEAR,DAYLIGHT,OTHER OBJECT,NOT DIVIDED,,STRAIGHT AND LEVEL,DRY,NO DEFECTS,ON SCENE,INJURY AND / OR TOW DUE TO CRASH,Y,,,"OVER $1,500",03/16/2025 18:14,DRIVING SKILLS/KNOWLEDGE/EXPERIENCE,NOT APPLICABLE,6564,W,GRAND AVE,2512,,,,,,,1,NO INDICATION OF INJURY,0,0,0,0,0,2,0,18,1,3,2,0,18,1,3
CLEAR,"DARKNESS, LIGHTED ROAD",FIXED OBJECT,DIVIDED - W/MEDIAN BARRIER,,STRAIGHT AND LEVEL,DRY,NO DEFECTS,ON SCENE,NO INJURY / DRIVE AWAY,,,,"OVER $1,500",03/16/2025 1:01,UNDER THE INFLUENCE OF ALCOHOL/DRUGS (USE WHEN ARREST IS EFFECTED),FAILING TO REDUCE SPEED TO AVOID CRASH,5200,N,BROADWAY,2013,,,,,,,1,NO INDICATION OF INJURY,0,0,0,0,0,1,0,1,1,3,1,0,1,1,3
CLEAR,DAYLIGHT,FIXED OBJECT,NOT DIVIDED,,STRAIGHT AND LEVEL,DRY,UNKNOWN,ON SCENE,INJURY AND / OR TOW DUE TO CRASH,Y,,,"OVER $1,500",10/05/2024 15:16,UNABLE TO DETERMINE,UNABLE TO DETERMINE,2622,W,DIVERSEY AVE,1411,,,,,,,1,"REPORTED, NOT EVIDENT",1,0,0,0,1,0,0,15,7,10,0,0,15,7,10
CLEAR,DAYLIGHT,PARKED MOTOR VEHICLE,ONE-WAY,,STRAIGHT AND LEVEL,DRY,NO DEFECTS,NOT ON SCENE (DESK REPORT),NO INJURY / DRIVE AWAY,,,Y,"OVER $1,500",01/20/2025 16:00,UNABLE TO DETERMINE,UNABLE TO DETERMINE,3200,W,WARREN BLVD,1123,,,,,,,2,NO INDICATION OF INJURY,0,0,0,0,0,1,0,14,3,1,1,0,14,3,1
CLEAR,DAYLIGHT,SIDESWIPE SAME DIRECTION,FOUR WAY,,STRAIGHT AND LEVEL,DRY,NO DEFECTS,NOT ON SCENE (DESK REPORT),NO INJURY / DRIVE AWAY,Y,,,"OVER $1,500",10/05/2024 17:00,UNABLE TO DETERMINE,NOT APPLICABLE,3601,W,FOSTER AVE,1712,,,,,,,2,NO INDICATION OF INJURY,0,0,0,0,0,2,0,16,7,10,2,0,16,7,10
CLEAR,"DARKNESS, LIGHTED ROAD",REAR END,DIVIDED - W/MEDIAN (NOT RAISED),,STRAIGHT AND LEVEL,SNOW OR SLUSH,NO DEFECTS,NOT ON SCENE (DESK REPORT),NO INJURY / DRIVE AWAY,,,,"OVER $1,500",12/04/2024 22:50,UNABLE TO DETERMINE,NOT APPLICABLE,5900,S,PULASKI RD,813,,,,,,,2,NO INDICATION OF INJURY,0,0,0,0,0,2,0,22,4,12,2,0,22,4,12
FREEZING RAIN/DRIZZLE,"DARKNESS, LIGHTED ROAD",PARKED MOTOR VEHICLE,ONE-WAY,,STRAIGHT AND LEVEL,WET,NO DEFECTS,ON SCENE,NO INJURY / DRIVE AWAY,,,Y,"OVER $1,500",11/04/2024 0:58,UNABLE TO DETERMINE,UNABLE TO DETERMINE,1613,W,BEACH AVE,1433,,,,,,,2,NO INDICATION OF INJURY,0,0,0,0,0,1,0,0,2,11,1,0,0,2,11
CLEAR,DAYLIGHT,TURNING,FOUR WAY,,STRAIGHT AND LEVEL,DRY,NO DEFECTS,NOT ON SCENE (DESK REPORT),NO INJURY / DRIVE AWAY,,,Y,"OVER $1,500",05/23/2025 13:30,UNABLE TO DETERMINE,UNABLE TO DETERMINE,4700,S,WENTWORTH AVE,224,,,,,,,2,NO INDICATION OF INJURY,0,0,0,0,0,2,0,10,6,5,2,0,10,6,5
CLEAR,DAYLIGHT,PARKED MOTOR VEHICLE,DIVIDED - W/MEDIAN (NOT RAISED),,STRAIGHT AND LEVEL,DRY,NO DEFECTS,ON SCENE,INJURY AND / OR TOW DUE TO CRASH,,,,"$501 - $1,500",04/18/2024 8:28,DRIVING ON WRONG SIDE/WRONG WAY,IMPROPER OVERTAKING/PASSING,4132,W,FULLERTON AVE,2524,,,,,,,2,NO INDICATION OF INJURY,0,0,0,0,0,1,0,8,5,4,1,0,8,5,4
CLEAR,"DARKNESS, LIGHTED ROAD",REAR TO FRONT,ONE-WAY,,STRAIGHT AND LEVEL,DRY,NO DEFECTS,ON SCENE,NO INJURY / DRIVE AWAY,,,,"$501 - $1,500",02/08/2025 23:37,IMPROPER BACKING,UNABLE TO DETERMINE,1111,W,EDDY ST,1924,Y,,,,,,2,NO INDICATION OF INJURY,0,0,0,0,0,2,0,23,7,2,2,0,23,7,2
CLEAR,DAYLIGHT,SIDESWIPE SAME DIRECTION,DIVIDED - W/MEDIAN (NOT RAISED),,STRAIGHT AND LEVEL,DRY,NO DEFECTS,NOT ON SCENE (DESK REPORT),NO INJURY / DRIVE AWAY,,,,"OVER $1,500",05/23/2025 13:07,UNABLE TO DETERMINE,NOT APPLICABLE,2511,N,PULASKI RD,2524,,,,,,,2,NO INDICATION OF INJURY,0,0,0,0,0,2,0,12,6,5,2,0,12,6,5
CLEAR,DAYLIGHT,PARKED MOTOR VEHICLE,NOT DIVIDED,,STRAIGHT AND LEVEL,DRY,NO DEFECTS,NOT ON SCENE (DESK REPORT),NO INJURY / DRIVE AWAY,,,,"OVER $1,500",05/23/2025 17:04,IMPROPER BACKING,NOT APPLICABLE,150,E,114TH PL,531,,,,,,,2,NO INDICATION OF INJURY,0,0,0,0,0,1,0,15,6,5,1,0,15,6,5
CLEAR,DARKNESS,PARKED MOTOR VEHICLE,NOT DIVIDED,,STRAIGHT AND LEVEL,DRY,UNKNOWN,ON SCENE,INJURY AND / OR TOW DUE TO CRASH,,,,"OVER $1,500",05/23/2025 23:54,IMPROPER LANE USAGE,UNABLE TO DETERMINE,2708,W,BIRCHWOOD AVE,2411,,,,,,,4,NO INDICATION OF INJURY,0,0,0,0,0,1,0,23,6,5,1,0,23,6,5