WEATHER_CONDITION,LIGHTING_CONDITION,FIRST_CRASH_TYPE,TRAFFICWAY_TYPE,LANE_CNT,ALIGNMENT,ROADWAY_SURFACE_COND,ROAD_DEFECT,REPORT_TYPE,CRASH_TYPE,INTERSECTION_RELATED_I,NOT_RIGHT_OF_WAY_I,HIT_AND_RUN_I,DAMAGE,DATE_POLICE_NOTIFIED,PRIM_CONTRIBUTORY_CAUSE,SEC_CONTRIBUTORY_CAUSE,STREET_NO,STREET_DIRECTION,STREET_NAME,BEAT_OF_OCCURRENCE,PHOTOS_TAKEN_I,STATEMENTS_TAKEN_I,DOORING_I,WORK_ZONE_I,WORK_ZONE_TYPE,WORKERS_PRESENT_I,NUM_UNITS,MOST_SEVERE_INJURY,INJURIES_TOTAL,INJURIES_FATAL,INJURIES_INCAPACITATING,INJURIES_NON_INCAPACITATING,INJURIES_REPORTED_NOT_EVIDENT,INJURIES_NO_INDICATION,INJURIES_UNKNOWN,CRASH_HOUR,CRASH_DAY_OF_WEEK,CRASH_MONTH,INJURIES_NO_INDICATION,INJURIES_UNKNOWN,CRASH_HOUR,CRASH_DAY_OF_WEEK,CRASH_MONTH
CLEAR,DAYLIGHT,FIXED OBJECT,ALLEY,,STRAIGHT AND LEVEL,DRY,NO DEFECTS,NOT ON SCENE (DESK REPORT),NO INJURY / DRIVE AWAY,,,,"OVER $1,500",05/23/2025 10:14,UNABLE TO DETERMINE,NOT APPLICABLE,815,N,KEELER AVE,1111,,,,,,,1,NO INDICATION OF INJURY,0,0,0,0,0,1,0,8,6,5,1,0,8,6,5
CLEAR,DAYLIGHT,REAR END,NOT DIVIDED,,STRAIGHT AND LEVEL,DRY,NO DEFECTS,NOT ON SCENE (DESK REPORT),NO INJURY / DRIVE AWAY,,,,"OVER $1,500",05/23/2025 12:10,FOLLOWING TOO CLOSELY,FAILING TO REDUCE SPEED TO AVOID CRASH,6701,S,PULASKI RD,833,,,,,,,2,NO INDICATION OF INJURY,0,0,0,0,0,4,0,11,6,5,4,0,11,6,5
CLEAR,DAYLIGHT,PEDESTRIAN,FOUR WAY,,STRAIGHT AND LEVEL,DRY,UNKNOWN,ON SCENE,INJURY AND / OR TOW DUE TO CRASH,Y,,Y,"OVER $1,500",10/05/2024 17:17,FAILING TO YIELD RIGHT-OF-WAY,IMPROPER TURNING/NO SIGNAL,4198,N,PULASKI RD,1722,,,,,,,2,NONINCAPACITATING INJURY,1,0,0,1,0,1,0,17,7,10,1,0,17,7,10
CLEAR,DAYLIGHT,ANGLE,DIVIDED - W/MEDIAN (NOT RAISED),,STRAIGHT AND LEVEL,DRY,NO DEFECTS,ON SCENE,INJURY AND / OR TOW DUE TO CRASH,,,,"OVER $1,500",05/23/2025 17:57,UNABLE TO DETERMINE,NOT APPLICABLE,6300,S,CHAMPLAIN AVE,312,,,,,,,3,NONINCAPACITATING INJURY,2,0,0,1,1,5,0,17,6,5,5,0,17,6,5
CLOUDY/OVERCAST,DAYLIGHT,REAR END,DIVIDED - W/MEDIAN BARRIER,,STRAIGHT AND LEVEL,DRY,NO DEFECTS,ON SCENE,INJURY AND / OR TOW DUE TO CRASH,Y,,,"OVER $1,500",12/04/2024 14:24,UNABLE TO DETERMINE,UNABLE TO DETERMINE,100,W,LA SALLE DR,1814,,,,,,,2,NO INDICATION OF INJURY,0,0,0,0,0,3,0,14,4,12,3,0,14,4,12
CLEAR,UNKNOWN,TURNING,NOT DIVIDED,,STRAIGHT AND LEVEL,UNKNOWN,UNKNOWN,NOT ON SCENE (DESK REPORT),NO INJURY / DRIVE AWAY,Y,,,"OVER $1,500",08/26/2024 7:27,NOT APPLICABLE,NOT APPLICABLE,10600,S,SANGAMON ST,2232,,,,,,,2,NO INDICATION OF INJURY,0,0,0,0,0,2,0,9,1,8,2,0,9,1,8
CLEAR,DAYLIGHT,TURNING,FOUR WAY,,STRAIGHT AND LEVEL,DRY,UNKNOWN,ON SCENE,NO INJURY / DRIVE AWAY,Y,,,"$501 - $1,500",05/23/2025 12:20,IMPROPER TURNING/NO SIGNAL,IMPROPER TURNING/NO SIGNAL,9449,S,WESTERN AVE,2221,,,,,,,2,NO INDICATION OF INJURY,0,0,0,0,0,4,0,12,6,5,4,0,12,6,5
UNKNOWN,UNKNOWN,PARKED MOTOR VEHICLE,NOT DIVIDED,,STRAIGHT AND LEVEL,DRY,NO DEFECTS,NOT ON SCENE (DESK REPORT),NO INJURY / DRIVE AWAY,,,Y,"OVER $1,500",05/23/2025 22:30,UNABLE TO DETERMINE,NOT APPLICABLE,12351,S,EMERALD AVE,523,,,,,,,2,NO INDICATION OF INJURY,0,0,0,0,0,1,0,15,6,5,1,0,15,6,5
CLEAR,DAYLIGHT,PEDESTRIAN,FOUR WAY,,STRAIGHT AND LEVEL,DRY,NO DEFECTS,NOT ON SCENE (DESK REPORT),NO INJURY / DRIVE AWAY,,,N,"OVER $1,500",05/23/2025 19:15,UNABLE TO DETERMINE,NOT APPLICABLE,2958,W,NORTH AVE,1421,,,,,,,2,NO INDICATION OF INJURY,0,0,0,0,0,2,0,18,6,5,2,0,18,6,5
CLEAR,DAYLIGHT,SIDESWIPE SAME DIRECTION,DIVIDED - W/MEDIAN (NOT RAISED),,STRAIGHT AND LEVEL,DRY,NO DEFECTS,NOT ON SCENE (DESK REPORT),NO INJURY / DRIVE AWAY,,,Y,"OVER $1,500",05/23/2025 12:50,UNABLE TO DETERMINE,UNABLE TO DETERMINE,4769,W,CHICAGO AVE,1111,,,,,,,2,NO INDICATION OF INJURY,0,0,0,0,0,2,0,12,6,5,2,0,12,6,5
UNKNOWN,UNKNOWN,REAR END,NOT DIVIDED,,STRAIGHT AND LEVEL,UNKNOWN,UNKNOWN,,NO INJURY / DRIVE AWAY,,,,$500 OR LESS,05/23/2025 14:10,UNABLE TO DETERMINE,UNABLE TO DETERMINE,5969,N,CLARK ST,2013,,,,,,,2,NO INDICATION OF INJURY,0,0,0,0,0,2,0,13,6,5,2,0,13,6,5
CLEAR,"DARKNESS, LIGHTED ROAD",TURNING,T-INTERSECTION,,STRAIGHT AND LEVEL,DRY,NO DEFECTS,NOT ON SCENE (DESK REPORT),NO INJURY / DRIVE AWAY,,,,"OVER $1,500",05/24/2025 8:15,UNABLE TO DETERMINE,NOT APPLICABLE,1316,W,MORSE AVE,2431,,,,,,,2,NO INDICATION OF INJURY,0,0,0,0,0,2,0,22,6,5,2,0,22,6,5
CLOUDY/OVERCAST,DAYLIGHT,PARKED MOTOR VEHICLE,PARKING LOT,,STRAIGHT AND LEVEL,DRY,NO DEFECTS,NOT ON SCENE (DESK REPORT),NO INJURY / DRIVE AWAY,,Y,,"OVER $1,500",04/05/2025 15:15,IMPROPER OVERTAKING/PASSING,UNABLE TO DETERMINE,6601,W,IRVING PARK RD,1632,,,,,,,2,NO INDICATION OF INJURY,0,0,0,0,0,1,0,13,7,4,1,0,13,7,4
CLEAR,DARKNESS,FIXED OBJECT,ALLEY,,STRAIGHT AND LEVEL,SNOW OR SLUSH,NO DEFECTS,NOT ON SCENE (DESK REPORT),NO INJURY / DRIVE AWAY,,Y,Y,"OVER $1,500",01/07/2025 8:49,UNABLE TO DETERMINE,UNABLE TO DETERMINE,2205,N,MAJOR AVE,2515,,,,,,,1,NO INDICATION OF INJURY,0,0,0,0,0,1,0,2,3,1,1,0,2,3,1
CLEAR,DAYLIGHT,FIXED OBJECT,NOT DIVIDED,,STRAIGHT AND LEVEL,ICE,NO DEFECTS,ON SCENE,NO INJURY / DRIVE AWAY,,Y,,"$501 - $1,500",01/07/2025 7:50,WEATHER,DRIVING SKILLS/KNOWLEDGE/EXPERIENCE,1301,E,75TH ST,411,,,,,,,1,NO INDICATION OF INJURY,0,0,0,0,0,1,0,7,3,1,1,0,7,3,1
SLEET/HAIL,DAYLIGHT,PEDALCYCLIST,ONE-WAY,,STRAIGHT AND LEVEL,ICE,"RUT, HOLES",ON SCENE,INJURY AND / OR TOW DUE TO CRASH,,,,"OVER $1,500",01/07/2025 15:21,FAILING TO REDUCE SPEED TO AVOID CRASH,FAILING TO YIELD RIGHT-OF-WAY,2054,N,LATROBE AVE,2515,,,,,,,2,NONINCAPACITATING INJURY,1,0,0,1,0,1,0,15,3,1,1,0,15,3,1
CLEAR,DAYLIGHT,SIDESWIPE SAME DIRECTION,FOUR WAY,,STRAIGHT AND LEVEL,DRY,NO DEFECTS,NOT ON SCENE (DESK REPORT),NO INJURY / DRIVE AWAY,,,,"OVER $1,500",03/16/2025 17:30,IMPROPER OVERTAKING/PASSING,NOT APPLICABLE,99,W,DIVISION ST,1824,,,,,,,2,NO INDICATION OF INJURY,0,0,0,0,0,2,0,17,1,3,2,0,17,1,3
RAIN,DARKNESS,REAR END,DIVIDED - W/MEDIAN (NOT RAISED),,STRAIGHT AND LEVEL,WET,NO DEFECTS,NOT ON SCENE (DESK REPORT),INJURY AND / OR TOW DUE TO CRASH,Y,,Y,"OVER $1,500",04/05/2025 11:45,FAILING TO REDUCE SPEED TO AVOID CRASH,UNABLE TO DETERMINE,5801,W,NORTH AVE,2531,,,,,,,2,NONINCAPACITATING INJURY,1,0,0,1,0,2,0,3,7,4,2,0,3,7,4
CLEAR,DAYLIGHT,REAR END,NOT DIVIDED,,STRAIGHT AND LEVEL,UNKNOWN,UNKNOWN,NOT ON SCENE (DESK REPORT),NO INJURY / DRIVE AWAY,,,,"OVER $1,500",04/05/2025 14:30,FOLLOWING TOO CLOSELY,UNABLE TO DETERMINE,3899,N,CUMBERLAND AVE,1631,,,,,,,2,NO INDICATION OF INJURY,0,0,0,0,0,2,0,14,7,4,2,0,14,7,4
CLEAR,"DARKNESS, LIGHTED ROAD",FIXED OBJECT,PARKING LOT,,STRAIGHT AND LEVEL,DRY,NO DEFECTS,ON SCENE,NO INJURY / DRIVE AWAY,,Y,Y,"OVER $1,500",04/05/2025 22:56,UNABLE TO DETERMINE,DRIVING SKILLS/KNOWLEDGE/EXPERIENCE,250,W,47TH ST,925,N,,,,,,1,NO INDICATION OF INJURY,0,0,0,0,0,1,0,22,7,4,1,0,22,7,4
RAIN,"DARKNESS, LIGHTED ROAD",FIXED OBJECT,DIVIDED - W/MEDIAN BARRIER,,STRAIGHT AND LEVEL,WET,UNKNOWN,ON SCENE,INJURY AND / OR TOW DUE TO CRASH,,,,"OVER $1,500",04/05/2025 3:45,UNABLE TO DETERMINE,NOT APPLICABLE,1135,W,SHERIDAN RD,2433,,,,,,,1,NO INDICATION OF INJURY,0,0,0,0,0,2,0,3,7,4,2,0,3,7,4
UNKNOWN,UNKNOWN,REAR END,FOUR WAY,,STRAIGHT AND LEVEL,UNKNOWN,UNKNOWN,NOT ON SCENE (DESK REPORT),NO INJURY / DRIVE AWAY,Y,,,"OVER $1,500",04/05/2025 17:42,FAILING TO REDUCE SPEED TO AVOID CRASH,DRIVING SKILLS/KNOWLEDGE/EXPERIENCE,125,S,FRANKLIN ST,122,,,,,,,2,NO INDICATION OF INJURY,0,0,0,0,0,3,0,14,7,4,3,0,14,7,4
RAIN,DAYLIGHT,SIDESWIPE SAME DIRECTION,NOT DIVIDED,,STRAIGHT AND LEVEL,WET,NO DEFECTS,NOT ON SCENE (DESK REPORT),NO INJURY / DRIVE AWAY,,,,"OVER $1,500",11/04/2024 18:28,FAILING TO REDUCE SPEED TO AVOID CRASH,NOT APPLICABLE,6301,S,PULASKI RD,823,,,,,,,2,NO INDICATION OF INJURY,0,0,0,0,0,4,0,17,2,11,4,0,17,2,11
CLEAR,DAYLIGHT,FIXED OBJECT,FOUR WAY,,STRAIGHT AND LEVEL,DRY,UNKNOWN,ON SCENE,NO INJURY / DRIVE AWAY,Y,,,"OVER $1,500",02/21/2024 17:32,UNABLE TO DETERMINE,UNABLE TO DETERMINE,5201,W,MADISON ST,1522,,,,,,,1,NO INDICATION OF INJURY,0,0,0,0,0,1,0,17,4,2,1,0,17,4,2
CLOUDY/OVERCAST,DAYLIGHT,TURNING,NOT DIVIDED,,STRAIGHT AND LEVEL,WET,UNKNOWN,,NO INJURY / DRIVE AWAY,,,,"OVER $1,500",11/14/2024 8:20,UNABLE TO DETERMINE,NOT APPLICABLE,2147,W,POLK ST,1225,,,,,,,2,NO INDICATION OF INJURY,0,0,0,0,0,2,0,7,5,11,2,0,7,5,11
RAIN,DAYLIGHT,REAR END,DIVIDED - W/MEDIAN (NOT RAISED),,STRAIGHT AND LEVEL,WET,UNKNOWN,NOT ON SCENE (DESK REPORT),NO INJURY / DRIVE AWAY,,,Y,"OVER $1,500",08/15/2024 8:50,FOLLOWING TOO CLOSELY,NOT APPLICABLE,4357,N,PULASKI RD,1723,,,,,,,2,NO INDICATION OF INJURY,0,0,0,0,0,2,0,8,5,8,2,0,8,5,8
CLEAR,DAYLIGHT,REAR END,FOUR WAY,,STRAIGHT AND LEVEL,DRY,UNKNOWN,,NO INJURY / DRIVE AWAY,Y,,,"$501 - $1,500",08/15/2024 18:30,UNABLE TO DETERMINE,UNABLE TO DETERMINE,100,E,100TH ST,511,,,,,,,2,NO INDICATION OF INJURY,0,0,0,0,0,2,0,17,5,8,2,0,17,5,8
RAIN,"DARKNESS, LIGHTED ROAD",REAR END,ONE-WAY,,STRAIGHT AND LEVEL,WET,"RUT, HOLES",ON SCENE,NO INJURY / DRIVE AWAY,,,Y,"OVER $1,500",07/29/2023 2:01,IMPROPER OVERTAKING/PASSING,NOT APPLICABLE,5007,W,IOWA ST,1531,,,,,,,2,NO INDICATION OF INJURY,0,0,0,0,0,2,0,1,7,7,2,0,1,7,7
CLOUDY/OVERCAST,DAWN,PARKED MOTOR VEHICLE,NOT DIVIDED,,STRAIGHT AND LEVEL,UNKNOWN,UNKNOWN,NOT ON SCENE (DESK REPORT),NO INJURY / DRIVE AWAY,,,,"OVER $1,500",04/05/2025 13:50,IMPROPER TURNING/NO SIGNAL,FAILING TO REDUCE SPEED TO AVOID CRASH,2423,N,LONG AVE,2515,,,,,,,2,NO INDICATION OF INJURY,0,0,0,0,0,1,0,12,7,4,1,0,12,7,4
CLEAR,DAYLIGHT,PARKED MOTOR VEHICLE,OTHER,,STRAIGHT AND LEVEL,DRY,NO DEFECTS,ON SCENE,NO INJURY / DRIVE AWAY,,,,$500 OR LESS,06/14/2024 15:18,IMPROPER BACKING,DRIVING SKILLS/KNOWLEDGE/EXPERIENCE,5,W,TERMINAL ST,1655,,,,,,,2,NO INDICATION OF INJURY,0,0,0,0,0,2,0,15,6,6,2,0,15,6,6
CLEAR,DAYLIGHT,SIDESWIPE SAME DIRECTION,NOT DIVIDED,,STRAIGHT AND LEVEL,DRY,NO DEFECTS,ON SCENE,NO INJURY / DRIVE AWAY,,,,"OVER $1,500",04/05/2025 15:48,FAILING TO REDUCE SPEED TO AVOID CRASH,NOT APPLICABLE,298,N,UNION AVE,1214,,,,,,,2,NO INDICATION OF INJURY,0,0,0,0,0,2,0,14,7,4,2,0,14,7,4
CLEAR,DAYLIGHT,PARKED MOTOR VEHICLE,NOT DIVIDED,,STRAIGHT AND LEVEL,DRY,NO DEFECTS,NOT ON SCENE (DESK REPORT),NO INJURY / DRIVE AWAY,,,Y,"OVER $1,500",04/05/2025 11:50,NOT APPLICABLE,NOT APPLICABLE,1200,W,CHASE AVE,2423,,,,,,,2,NO INDICATION OF INJURY,0,0,0,0,0,1,0,11,7,4,1,0,11,7,4
RAIN,DAYLIGHT,PARKED MOTOR VEHICLE,ONE-WAY,,STRAIGHT AND LEVEL,WET,NO DEFECTS,ON SCENE,NO INJURY / DRIVE AWAY,,,,"$501 - $1,500",04/05/2025 8:38,UNABLE TO DETERMINE,UNABLE TO DETERMINE,3104,W,62ND ST,823,,,,,,,2,NO INDICATION OF INJURY,0,0,0,0,0,1,0,8,7,4,1,0,8,7,4
CLEAR,DAYLIGHT,PEDALCYCLIST,ONE-WAY,,STRAIGHT AND LEVEL,WET,NO DEFECTS,ON SCENE,INJURY AND / OR TOW DUE TO CRASH,,,,"OVER $1,500",11/04/2024 15:21,DISREGARDING ROAD MARKINGS,IMPROPER OVERTAKING/PASSING,127,E,GRAND AVE,1834,,,,,,,2,NONINCAPACITATING INJURY,1,0,0,1,0,1,0,14,2,11,1,0,14,2,11
CLEAR,DAYLIGHT,ANGLE,NOT DIVIDED,,STRAIGHT AND LEVEL,DRY,UNKNOWN,NOT ON SCENE (DESK REPORT),NO INJURY / DRIVE AWAY,Y,,,"$501 - $1,500",01/07/2025 8:40,UNABLE TO DETERMINE,UNABLE TO DETERMINE,3600,W,109TH ST,2211,,,,,,,2,NO INDICATION OF INJURY,0,0,0,0,0,2,0,8,3,1,2,0,8,3,1
CLEAR,DAYLIGHT,TURNING,T-INTERSECTION,,STRAIGHT AND LEVEL,DRY,UNKNOWN,ON SCENE,INJURY AND / OR TOW DUE TO CRASH,Y,,,"OVER $1,500",12/04/2024 14:53,IMPROPER TURNING/NO SIGNAL,FAILING TO REDUCE SPEED TO AVOID CRASH,2501,E,95TH ST,431,,,,,,,2,NONINCAPACITATING INJURY,1,0,0,1,0,1,0,14,4,12,1,0,14,4,12
CLOUDY/OVERCAST,DAYLIGHT,REAR END,FOUR WAY,,STRAIGHT AND LEVEL,OTHER,NO DEFECTS,ON SCENE,INJURY AND / OR TOW DUE TO CRASH,Y,,,"$501 - $1,500",04/05/2025 9:53,UNABLE TO DETERMINE,UNABLE TO DETERMINE,381,E,95TH ST,511,,N,,,,,2,NONINCAPACITATING INJURY,2,0,0,2,0,2,0,9,7,4,2,0,9,7,4
CLEAR,"DARKNESS, LIGHTED ROAD",ANGLE,FOUR WAY,,STRAIGHT AND LEVEL,DRY,NO DEFECTS,ON SCENE,NO INJURY / DRIVE AWAY,Y,,Y,"OVER $1,500",05/23/2025 23:05,DISREGARDING TRAFFIC SIGNALS,FAILING TO YIELD RIGHT-OF-WAY,396,E,47TH ST,221,,,,,,,2,NO INDICATION OF INJURY,0,0,0,0,0,3,0,22,6,5,3,0,22,6,5
CLEAR,"DARKNESS, LIGHTED ROAD",ANGLE,FOUR WAY,,STRAIGHT AND LEVEL,DRY,NO DEFECTS,,INJURY AND / OR TOW DUE TO CRASH,Y,,,"OVER $1,500",04/19/2025 22:47,DISREGARDING TRAFFIC SIGNALS,UNABLE TO DETERMINE,10299,S,PULASKI RD,2211,Y,Y,,,,,5,NO INDICATION OF INJURY,0,0,0,0,0,11,0,22,7,4,11,0,22,7,4
UNKNOWN,UNKNOWN,SIDESWIPE SAME DIRECTION,NOT DIVIDED,,STRAIGHT AND LEVEL,UNKNOWN,UNKNOWN,NOT ON SCENE (DESK REPORT),NO INJURY / DRIVE AWAY,,,,"OVER $1,500",04/05/2025 13:20,IMPROPER OVERTAKING/PASSING,NOT APPLICABLE,4349,S,KEDZIE AVE,922,,,,,,,2,NO INDICATION OF INJURY,0,0,0,0,0,7,0,13,7,4,7,0,13,7,4
CLOUDY/OVERCAST,DAYLIGHT,PARKED MOTOR VEHICLE,NOT DIVIDED,,STRAIGHT AND LEVEL,DRY,NO DEFECTS,NOT ON SCENE (DESK REPORT),NO INJURY / DRIVE AWAY,,,Y,"OVER $1,500",03/16/2025 17:05,NOT APPLICABLE,NOT APPLICABLE,6000,W,57TH ST,811,,,,,,,2,NO INDICATION OF INJURY,0,0,0,0,0,1,0,15,1,3,1,0,15,1,3
CLEAR,DAYLIGHT,REAR END,DIVIDED - W/MEDIAN BARRIER,,STRAIGHT AND LEVEL,WET,UNKNOWN,ON SCENE,INJURY AND / OR TOW DUE TO CRASH,,N,Y,"OVER $1,500",04/05/2025 7:35,UNABLE TO DETERMINE,UNABLE TO DETERMINE,5700,S,LAKE SHORE DR,331,,,,,,,2,NO INDICATION OF INJURY,0,0,0,0,0,2,0,7,7,4,2,0,7,7,4
UNKNOWN,DAYLIGHT,REAR END,UNKNOWN,,STRAIGHT AND LEVEL,UNKNOWN,UNKNOWN,NOT ON SCENE (DESK REPORT),NO INJURY / DRIVE AWAY,,,,"OVER $1,500",01/14/2025 10:45,UNABLE TO DETERMINE,UNABLE TO DETERMINE,320,E,GARFIELD BLVD,231,,,,,,,2,NO INDICATION OF INJURY,0,0,0,0,0,2,0,9,3,1,2,0,9,3,1
CLEAR,DAYLIGHT,PARKED MOTOR VEHICLE,DIVIDED - W/MEDIAN (NOT RAISED),,STRAIGHT AND LEVEL,DRY,NO DEFECTS,NOT ON SCENE (DESK REPORT),INJURY AND / OR TOW DUE TO CRASH,,,Y,"OVER $1,500",04/05/2025 5:30,UNABLE TO DETERMINE,NOT APPLICABLE,7071,N,SHERIDAN RD,2423,,,,,,,2,NO INDICATION OF INJURY,0,0,0,0,0,1,0,5,7,4,1,0,5,7,4
CLEAR,DAYLIGHT,REAR END,NOT DIVIDED,,STRAIGHT AND LEVEL,DRY,UNKNOWN,NOT ON SCENE (DESK REPORT),NO INJURY / DRIVE AWAY,,,,"OVER $1,500",10/05/2024 11:54,FOLLOWING TOO CLOSELY,DRIVING SKILLS/KNOWLEDGE/EXPERIENCE,3946,S,DR MARTIN LUTHER KING JR DR,213,,,,,,,2,NO INDICATION OF INJURY,0,0,0,0,0,2,0,11,7,10,2,0,11,7,10
CLEAR,"DARKNESS, LIGHTED ROAD",TURNING,DIVIDED - W/MEDIAN (NOT RAISED),,STRAIGHT AND LEVEL,DRY,NO DEFECTS,ON SCENE,NO INJURY / DRIVE AWAY,,,Y,"OVER $1,500",10/05/2024 21:07,IMPROPER OVERTAKING/PASSING,IMPROPER OVERTAKING/PASSING,8020,S,STONY ISLAND AVE,411,,,,,,,2,NO INDICATION OF INJURY,0,0,0,0,0,3,0,21,7,10,3,0,21,7,10
CLEAR,DAYLIGHT,ANGLE,ONE-WAY,,STRAIGHT AND LEVEL,DRY,NO DEFECTS,ON SCENE,INJURY AND / OR TOW DUE TO CRASH,Y,,,"OVER $1,500",10/05/2024 13:01,DISREGARDING TRAFFIC SIGNALS,NOT APPLICABLE,1632,W,111TH ST,2234,,,,,,,2,"REPORTED, NOT EVIDENT",3,0,0,0,3,0,0,12,7,10,0,0,12,7,10
CLEAR,DAYLIGHT,SIDESWIPE SAME DIRECTION,DIVIDED - W/MEDIAN (NOT RAISED),,STRAIGHT AND LEVEL,DRY,NO DEFECTS,ON SCENE,NO INJURY / DRIVE AWAY,,,,"OVER $1,500",10/05/2024 15:40,IMPROPER OVERTAKING/PASSING,FAILING TO YIELD RIGHT-OF-WAY,3741,S,KEDZIE AVE,911,,,,,,,2,NO INDICATION OF INJURY,0,0,0,0,0,4,0,15,7,10,4,0,15,7,10
CLEAR,"DARKNESS, LIGHTED ROAD",REAR END,DIVIDED - W/MEDIAN BARRIER,,STRAIGHT AND LEVEL,DRY,NO DEFECTS,ON SCENE,INJURY AND / OR TOW DUE TO CRASH,,,,"OVER $1,500",10/05/2024 0:30,FOLLOWING TOO CLOSELY,UNABLE TO DETERMINE,1808,S,LAKE SHORE DR SB,132,,,,Y,CONSTRUCTION,,4,NO INDICATION OF INJURY,0,0,0,0,0,8,0,0,7,10,8,0,0,7,10
CLEAR,DAYLIGHT,TURNING,FOUR WAY,,STRAIGHT AND LEVEL,DRY,NO DEFECTS,,INJURY AND / OR TOW DUE TO CRASH,Y,,,"OVER $1,500",04/15/2025 12:04,IMPROPER TURNING/NO SIGNAL,DRIVING SKILLS/KNOWLEDGE/EXPERIENCE,8300,S,SOUTH CHICAGO AVE,412,,,,,,,2,NONINCAPACITATING INJURY,3,0,0,2,1,0,0,12,3,4,0,0,12,3,4
SNOW,DUSK,SIDESWIPE SAME DIRECTION,NOT DIVIDED,,STRAIGHT AND LEVEL,WET,NO DEFECTS,ON SCENE,INJURY AND / OR TOW DUE TO CRASH,,,,"OVER $1,500",02/08/2025 16:54,FAILING TO YIELD RIGHT-OF-WAY,NOT APPLICABLE,1810,S,CANAL ST,1235,,Y,,,,,2,NO INDICATION OF INJURY,0,0,0,0,0,5,0,16,7,2,5,0,16,7,2
CLEAR,DARKNESS,SIDESWIPE SAME DIRECTION,OTHER,,STRAIGHT AND LEVEL,DRY,NO DEFECTS,NOT ON SCENE (DESK REPORT),NO INJURY / DRIVE AWAY,Y,,,"OVER $1,500",05/23/2025 22:40,FAILING TO YIELD RIGHT-OF-WAY,NOT APPLICABLE,235,W,LAKE ST,122,,,,,,,2,NO INDICATION OF INJURY,0,0,0,0,0,3,0,22,6,5,3,0,22,6,5
CLEAR,DAYLIGHT,REAR END,NOT DIVIDED,,STRAIGHT AND LEVEL,DRY,NO DEFECTS,NOT ON SCENE (DESK REPORT),NO INJURY / DRIVE AWAY,,,,"OVER $1,500",05/23/2025 17:30,FOLLOWING TOO CLOSELY,UNABLE TO DETERMINE,5514,W,GETTYSBURG ST,1623,,,,,,,2,NO INDICATION OF INJURY,0,0,0,0,0,3,0,17,6,5,3,0,17,6,5
CLEAR,DAYLIGHT,PARKED MOTOR VEHICLE,DIVIDED - W/MEDIAN (NOT RAISED),,STRAIGHT AND LEVEL,DRY,NO DEFECTS,NOT ON SCENE (DESK REPORT),NO INJURY / DRIVE AWAY,,Y,,"OVER $1,500",04/05/2025 14:00,"EVASIVE ACTION DUE TO ANIMAL, OBJECT, NONMOTORIST",NOT APPLICABLE,6527,S,DR MARTIN LUTHER KING JR DR,312,,,,,,,2,NO INDICATION OF INJURY,0,0,0,0,0,1,0,13,7,4,1,0,13,7,4
CLEAR,DAYLIGHT,TURNING,DIVIDED - W/MEDIAN (NOT RAISED),,STRAIGHT AND LEVEL,DRY,NO DEFECTS,NOT ON SCENE (DESK REPORT),NO INJURY / DRIVE AWAY,,,,"OVER $1,500",04/13/2025 18:15,UNABLE TO DETERMINE,NOT APPLICABLE,400,W,BELMONT AVE,1925,,,,,,,2,NO INDICATION OF INJURY,0,0,0,0,0,3,0,17,7,4,3,0,17,7,4
CLEAR,DAYLIGHT,PARKED MOTOR VEHICLE,ONE-WAY,,STRAIGHT AND LEVEL,DRY,NO DEFECTS,ON SCENE,NO INJURY / DRIVE AWAY,,,,"OVER $1,500",05/23/2025 12:54,IMPROPER LANE USAGE,DRIVING SKILLS/KNOWLEDGE/EXPERIENCE,300,S,RIVERSIDE PLZ,121,,,,,,,2,NO INDICATION OF INJURY,0,0,0,0,0,1,0,12,6,5,1,0,12,6,5
CLEAR,DAYLIGHT,PARKED MOTOR VEHICLE,DIVIDED - W/MEDIAN (NOT RAISED),,STRAIGHT AND LEVEL,DRY,NO DEFECTS,NOT ON SCENE (DESK REPORT),NO INJURY / DRIVE AWAY,,,,"OVER $1,500",04/05/2025 16:00,UNABLE TO DETERMINE,UNABLE TO DETERMINE,611,W,63RD ST,723,,,,,,,2,NO INDICATION OF INJURY,0,0,0,0,0,1,0,15,7,4,1,0,15,7,4
CLEAR,"DARKNESS, LIGHTED ROAD",TURNING,DIVIDED - W/MEDIAN BARRIER,,STRAIGHT AND LEVEL,DRY,UNKNOWN,NOT ON SCENE (DESK REPORT),NO INJURY / DRIVE AWAY,,,,"$501 - $1,500",10/05/2024 22:40,IMPROPER TURNING/NO SIGNAL,NOT APPLICABLE,198,S,MICHIGAN AVE,112,,,,,,,2,NO INDICATION OF INJURY,0,0,0,0,0,2,0,21,7,10,2,0,21,7,10
CLEAR,DAYLIGHT,REAR END,DIVIDED - W/MEDIAN (NOT RAISED),,STRAIGHT AND LEVEL,DRY,NO DEFECTS,NOT ON SCENE (DESK REPORT),NO INJURY / DRIVE AWAY,,,,"$501 - $1,500",12/04/2024 17:30,FOLLOWING TOO CLOSELY,FAILING TO REDUCE SPEED TO AVOID CRASH,6526,W,DIVERSEY AVE,2511,,,,,,,2,NO INDICATION OF INJURY,0,0,0,0,0,2,0,16,4,12,2,0,16,4,12