WEATHER_CONDITION,LIGHTING_CONDITION,FIRST_CRASH_TYPE,TRAFFICWAY_TYPE,LANE_CNT,ALIGNMENT,ROADWAY_SURFACE_COND,ROAD_DEFECT,REPORT_TYPE,CRASH_TYPE,INTERSECTION_RELATED_I,NOT_RIGHT_OF_WAY_I,HIT_AND_RUN_I,DAMAGE,DATE_POLICE_NOTIFIED,PRIM_CONTRIBUTORY_CAUSE,SEC_CONTRIBUTORY_CAUSE,STREET_NO,STREET_DIRECTION,STREET_NAME,BEAT_OF_OCCURRENCE,PHOTOS_TAKEN_I,STATEMENTS_TAKEN_I,DOORING_I,WORK_ZONE_I,WORK_ZONE_TYPE,WORKERS_PRESENT_I,NUM_UNITS,MOST_SEVERE_INJURY,INJURIES_TOTAL,INJURIES_FATAL,INJURIES_INCAPACITATING,INJURIES_NON_INCAPACITATING,INJURIES_REPORTED_NOT_EVIDENT,INJURIES_NO_INDICATION,INJURIES_UNKNOWN,CRASH_HOUR,CRASH_DAY_OF_WEEK,CRASH_MONTH,INJURIES_NO_INDICATION,INJURIES_UNKNOWN,CRASH_HOUR,CRASH_DAY_OF_WEEK,CRASH_MONTH
SNOW,DARKNESS,FIXED OBJECT,NOT DIVIDED,,STRAIGHT AND LEVEL,SNOW OR SLUSH,NO DEFECTS,NOT ON SCENE (DESK REPORT),INJURY AND / OR TOW DUE TO CRASH,,,Y,"OVER $1,500",12/04/2024 22:09,DRIVING SKILLS/KNOWLEDGE/EXPERIENCE,WEATHER,9359,S,KENWOOD AVE,413,,,,,,,1,"REPORTED, NOT EVIDENT",1,0,0,0,1,2,0,22,4,12,2,0,22,4,12
CLEAR,DAYLIGHT,SIDESWIPE SAME DIRECTION,NOT DIVIDED,,STRAIGHT AND LEVEL,DRY,NO DEFECTS,NOT ON SCENE (DESK REPORT),NO INJURY / DRIVE AWAY,,,,"OVER $1,500",09/07/2024 17:17,IMPROPER LANE USAGE,FAILING TO YIELD RIGHT-OF-WAY,3832,W,FOSTER AVE,1712,,,,,,,2,NO INDICATION OF INJURY,0,0,0,0,0,2,0,17,7,9,2,0,17,7,9
CLEAR,DAYLIGHT,TURNING,"FIVE POINT, OR MORE",,STRAIGHT AND LEVEL,DRY,NO DEFECTS,ON SCENE,INJURY AND / OR TOW DUE TO CRASH,Y,,,"$501 - $1,500",10/05/2024 12:52,FOLLOWING TOO CLOSELY,UNABLE TO DETERMINE,2324,N,CLYBOURN AVE,1811,,,,,,,2,NO INDICATION OF INJURY,0,0,0,0,0,3,0,12,7,10,3,0,12,7,10
CLEAR,DAYLIGHT,ANGLE,NOT DIVIDED,,STRAIGHT AND LEVEL,DRY,NO DEFECTS,NOT ON SCENE (DESK REPORT),NO INJURY / DRIVE AWAY,,,Y,"OVER $1,500",05/23/2025 14:55,FOLLOWING TOO CLOSELY,FAILING TO REDUCE SPEED TO AVOID CRASH,4700,S,PAULINA ST,931,,,,,,,2,NO INDICATION OF INJURY,0,0,0,0,0,2,0,13,6,5,2,0,13,6,5
CLOUDY/OVERCAST,DAYLIGHT,SIDESWIPE SAME DIRECTION,DIVIDED - W/MEDIAN BARRIER,,STRAIGHT AND LEVEL,DRY,NO DEFECTS,ON SCENE,NO INJURY / DRIVE AWAY,Y,,,$500 OR LESS,05/23/2025 7:22,UNABLE TO DETERMINE,NOT APPLICABLE,5501,S,HARLEM AVE,811,,,,,,,2,NO INDICATION OF INJURY,0,0,0,0,0,2,0,7,6,5,2,0,7,6,5
CLEAR,DAYLIGHT,REAR END,ONE-WAY,,STRAIGHT AND LEVEL,DRY,NO DEFECTS,NOT ON SCENE (DESK REPORT),NO INJURY / DRIVE AWAY,,,,"$501 - $1,500",05/23/2025 14:40,FAILING TO REDUCE SPEED TO AVOID CRASH,UNABLE TO DETERMINE,21,W,ELM ST,1824,,,,,,,2,NO INDICATION OF INJURY,0,0,0,0,0,2,0,12,6,5,2,0,12,6,5
CLEAR,DAYLIGHT,ANGLE,PARKING LOT,,STRAIGHT AND LEVEL,DRY,NO DEFECTS,ON SCENE,NO INJURY / DRIVE AWAY,,,,"OVER $1,500",05/23/2025 14:21,UNABLE TO DETERMINE,NOT APPLICABLE,574,W,OHARE ST,1654,,,,,,,2,NO INDICATION OF INJURY,0,0,0,0,0,2,0,13,6,5,2,0,13,6,5
CLEAR,DAYLIGHT,PARKED MOTOR VEHICLE,ALLEY,,STRAIGHT AND LEVEL,UNKNOWN,NO DEFECTS,NOT ON SCENE (DESK REPORT),NO INJURY / DRIVE AWAY,,,,"OVER $1,500",05/23/2025 20:30,DRIVING SKILLS/KNOWLEDGE/EXPERIENCE,NOT APPLICABLE,7915,S,ALBANY AVE,835,,,,,,,2,NO INDICATION OF INJURY,0,0,0,0,0,2,0,18,6,5,2,0,18,6,5
CLEAR,DAYLIGHT,ANGLE,DIVIDED - W/MEDIAN (NOT RAISED),,STRAIGHT AND LEVEL,DRY,NO DEFECTS,NOT ON SCENE (DESK REPORT),INJURY AND / OR TOW DUE TO CRASH,,,,"OVER $1,500",05/23/2025 14:00,FAILING TO YIELD RIGHT-OF-WAY,NOT APPLICABLE,4506,W,LAWRENCE AVE,1712,,,,,,,2,"REPORTED, NOT EVIDENT",1,0,0,0,1,1,0,12,6,5,1,0,12,6,5
CLEAR,DAYLIGHT,REAR END,DIVIDED - W/MEDIAN (NOT RAISED),,STRAIGHT AND LEVEL,DRY,NO DEFECTS,NOT ON SCENE (DESK REPORT),NO INJURY / DRIVE AWAY,Y,,,"OVER $1,500",05/27/2025 13:00,UNABLE TO DETERMINE,UNABLE TO DETERMINE,5884,S,WELLS ST,711,Y,,,,,,2,NO INDICATION OF INJURY,0,0,0,0,0,2,0,12,6,5,2,0,12,6,5
CLEAR,DAYLIGHT,SIDESWIPE SAME DIRECTION,ONE-WAY,,STRAIGHT AND LEVEL,UNKNOWN,UNKNOWN,NOT ON SCENE (DESK REPORT),NO INJURY / DRIVE AWAY,,,,"OVER $1,500",05/23/2025 18:35,IMPROPER LANE USAGE,FAILING TO REDUCE SPEED TO AVOID CRASH,455,N,CLARK ST,1831,,,,,,,2,NO INDICATION OF INJURY,0,0,0,0,0,2,0,17,6,5,2,0,17,6,5
CLEAR,"DARKNESS, LIGHTED ROAD",PEDALCYCLIST,NOT DIVIDED,,STRAIGHT AND LEVEL,DRY,NO DEFECTS,ON SCENE,INJURY AND / OR TOW DUE TO CRASH,Y,,Y,$500 OR LESS,01/07/2025 19:17,FAILING TO YIELD RIGHT-OF-WAY,UNABLE TO DETERMINE,499,E,MARQUETTE RD,321,,,,,,,2,"REPORTED, NOT EVIDENT",1,0,0,0,1,1,0,19,3,1,1,0,19,3,1
UNKNOWN,UNKNOWN,PARKED MOTOR VEHICLE,DIVIDED - W/MEDIAN (NOT RAISED),,STRAIGHT AND LEVEL,UNKNOWN,UNKNOWN,NOT ON SCENE (DESK REPORT),NO INJURY / DRIVE AWAY,,,,"$501 - $1,500",01/07/2025 15:21,IMPROPER BACKING,IMPROPER BACKING,2801,W,HARRISON ST,1135,,,,,,,2,NO INDICATION OF INJURY,0,0,0,0,0,1,0,12,3,1,1,0,12,3,1
CLEAR,DAYLIGHT,OTHER NONCOLLISION,FOUR WAY,,STRAIGHT AND LEVEL,DRY,"RUT, HOLES",NOT ON SCENE (DESK REPORT),NO INJURY / DRIVE AWAY,Y,Y,,$500 OR LESS,10/05/2024 10:30,ROAD ENGINEERING/SURFACE/MARKING DEFECTS,ROAD CONSTRUCTION/MAINTENANCE,6400,S,COTTAGE GROVE AVE,312,,,,,,,1,NO INDICATION OF INJURY,0,0,0,0,0,1,0,7,7,10,1,0,7,7,10
CLEAR,DAYLIGHT,TURNING,NOT DIVIDED,,STRAIGHT AND LEVEL,DRY,NO DEFECTS,ON SCENE,INJURY AND / OR TOW DUE TO CRASH,,,,"OVER $1,500",12/04/2024 14:56,IMPROPER OVERTAKING/PASSING,DRIVING ON WRONG SIDE/WRONG WAY,3950,N,HARLEM AVE,1631,,,,,,,2,NO INDICATION OF INJURY,0,0,0,0,0,3,0,14,4,12,3,0,14,4,12
CLEAR,DAYLIGHT,REAR END,DIVIDED - W/MEDIAN (NOT RAISED),,STRAIGHT AND LEVEL,DRY,NO DEFECTS,ON SCENE,INJURY AND / OR TOW DUE TO CRASH,,,,"OVER $1,500",05/23/2025 15:10,FAILING TO REDUCE SPEED TO AVOID CRASH,NOT APPLICABLE,6499,N,CALDWELL AVE,1621,,,,,,,2,NONINCAPACITATING INJURY,1,0,0,1,0,1,0,15,6,5,1,0,15,6,5
CLEAR,DAYLIGHT,TURNING,NOT DIVIDED,,STRAIGHT AND LEVEL,DRY,NO DEFECTS,ON SCENE,INJURY AND / OR TOW DUE TO CRASH,,,,"OVER $1,500",05/23/2025 15:56,IMPROPER TURNING/NO SIGNAL,IMPROPER TURNING/NO SIGNAL,1503,S,MICHIGAN AVE,132,,,,,,,2,NO INDICATION OF INJURY,0,0,0,0,0,3,0,15,6,5,3,0,15,6,5
CLEAR,DAYLIGHT,PARKED MOTOR VEHICLE,NOT DIVIDED,,STRAIGHT AND LEVEL,DRY,NO DEFECTS,ON SCENE,INJURY AND / OR TOW DUE TO CRASH,,,,"OVER $1,500",02/08/2025 10:44,UNABLE TO DETERMINE,UNABLE TO DETERMINE,3516,W,ROSEMONT AVE,1711,,,,,,,3,NO INDICATION OF INJURY,0,0,0,0,0,1,0,10,7,2,1,0,10,7,2
CLEAR,"DARKNESS, LIGHTED ROAD",PARKED MOTOR VEHICLE,ONE-WAY,,STRAIGHT AND LEVEL,UNKNOWN,NO DEFECTS,ON SCENE,NO INJURY / DRIVE AWAY,,,Y,"OVER $1,500",05/23/2025 15:20,FAILING TO REDUCE SPEED TO AVOID CRASH,DRIVING SKILLS/KNOWLEDGE/EXPERIENCE,850,N,KEDVALE AVE,1111,,,,,,,2,NO INDICATION OF INJURY,0,0,0,0,0,1,0,3,6,5,1,0,3,6,5
OTHER,"DARKNESS, LIGHTED ROAD",PARKED MOTOR VEHICLE,ONE-WAY,,STRAIGHT AND LEVEL,ICE,NO DEFECTS,ON SCENE,NO INJURY / DRIVE AWAY,,,,"OVER $1,500",01/07/2025 4:22,WEATHER,NOT APPLICABLE,3900,W,GEORGE ST,2523,,,,,,,4,NO INDICATION OF INJURY,0,0,0,0,0,1,0,4,3,1,1,0,4,3,1
UNKNOWN,UNKNOWN,PARKED MOTOR VEHICLE,NOT DIVIDED,,STRAIGHT AND LEVEL,UNKNOWN,UNKNOWN,NOT ON SCENE (DESK REPORT),NO INJURY / DRIVE AWAY,,,Y,"OVER $1,500",10/05/2024 18:30,UNABLE TO DETERMINE,NOT APPLICABLE,3321,W,FLOURNOY ST,1134,,,,,,,2,NO INDICATION OF INJURY,0,0,0,0,0,1,0,18,7,10,1,0,18,7,10
CLEAR,DAYLIGHT,PARKED MOTOR VEHICLE,DIVIDED - W/MEDIAN (NOT RAISED),,STRAIGHT AND LEVEL,DRY,UNKNOWN,NOT ON SCENE (DESK REPORT),NO INJURY / DRIVE AWAY,,,,"OVER $1,500",10/05/2024 15:30,UNABLE TO DETERMINE,NOT APPLICABLE,1751,N,CENTRAL PARK AVE,1422,,,,,,,2,NO INDICATION OF INJURY,0,0,0,0,0,1,0,13,7,10,1,0,13,7,10
CLEAR,"DARKNESS, LIGHTED ROAD",REAR END,NOT DIVIDED,,STRAIGHT AND LEVEL,DRY,NO DEFECTS,NOT ON SCENE (DESK REPORT),NO INJURY / DRIVE AWAY,,,,"OVER $1,500",10/08/2024 10:30,UNABLE TO DETERMINE,UNABLE TO DETERMINE,3300,N,CENTRAL AVE,1633,,,,,,,2,NO INDICATION OF INJURY,0,0,0,0,0,2,0,22,7,10,2,0,22,7,10
CLEAR,DAYLIGHT,ANGLE,NOT DIVIDED,,STRAIGHT AND LEVEL,DRY,NO DEFECTS,ON SCENE,INJURY AND / OR TOW DUE TO CRASH,Y,,N,"OVER $1,500",12/04/2024 9:33,DISREGARDING TRAFFIC SIGNALS,FAILING TO YIELD RIGHT-OF-WAY,3198,W,WASHINGTON BLVD,1222,,,,,,,2,NO INDICATION OF INJURY,0,0,0,0,0,2,0,9,4,12,2,0,9,4,12
UNKNOWN,DARKNESS,PARKED MOTOR VEHICLE,ONE-WAY,,STRAIGHT AND LEVEL,UNKNOWN,UNKNOWN,NOT ON SCENE (DESK REPORT),INJURY AND / OR TOW DUE TO CRASH,,,,"OVER $1,500",01/08/2025 16:00,UNABLE TO DETERMINE,NOT APPLICABLE,4072,W,WAVELAND AVE,1732,,,,,,,2,NO INDICATION OF INJURY,0,0,0,0,0,3,0,19,3,1,3,0,19,3,1
CLEAR,DAYLIGHT,PEDALCYCLIST,NOT DIVIDED,,STRAIGHT AND LEVEL,DRY,NO DEFECTS,ON SCENE,INJURY AND / OR TOW DUE TO CRASH,,,Y,"OVER $1,500",05/23/2025 11:36,FAILING TO YIELD RIGHT-OF-WAY,UNABLE TO DETERMINE,1286,N,MILWAUKEE AVE,1424,,,,,,,2,NONINCAPACITATING INJURY,1,0,0,1,0,1,0,11,6,5,1,0,11,6,5
CLEAR,DAYLIGHT,ANGLE,ALLEY,,STRAIGHT AND LEVEL,UNKNOWN,NO DEFECTS,ON SCENE,NO INJURY / DRIVE AWAY,,,,"OVER $1,500",05/23/2025 10:30,UNABLE TO DETERMINE,NOT APPLICABLE,1050,W,WINONA ST,2024,,,,,,,2,NO INDICATION OF INJURY,0,0,0,0,0,2,0,10,6,5,2,0,10,6,5
CLEAR,"DARKNESS, LIGHTED ROAD",PARKED MOTOR VEHICLE,ONE-WAY,,STRAIGHT AND LEVEL,DRY,NO DEFECTS,ON SCENE,NO INJURY / DRIVE AWAY,,,,$500 OR LESS,05/23/2025 20:40,PHYSICAL CONDITION OF DRIVER,NOT APPLICABLE,4832,W,CORNELIA AVE,1634,,,,,,,2,NO INDICATION OF INJURY,0,0,0,0,0,1,0,20,6,5,1,0,20,6,5
CLEAR,DAYLIGHT,PARKED MOTOR VEHICLE,NOT DIVIDED,,STRAIGHT AND LEVEL,DRY,NO DEFECTS,NOT ON SCENE (DESK REPORT),NO INJURY / DRIVE AWAY,,,,"$501 - $1,500",04/05/2025 18:52,UNABLE TO DETERMINE,UNABLE TO DETERMINE,1401,S,STATE ST,131,,,,,,,2,NO INDICATION OF INJURY,0,0,0,0,0,1,0,14,7,4,1,0,14,7,4
CLEAR,DAYLIGHT,SIDESWIPE SAME DIRECTION,FOUR WAY,,STRAIGHT AND LEVEL,DRY,NO DEFECTS,ON SCENE,NO INJURY / DRIVE AWAY,Y,,,"OVER $1,500",12/04/2024 11:18,IMPROPER OVERTAKING/PASSING,IMPROPER LANE USAGE,3157,N,WESTERN AVE,1931,,,,,,,2,NO INDICATION OF INJURY,0,0,0,0,0,2,0,11,4,12,2,0,11,4,12
SNOW,DAYLIGHT,SIDESWIPE SAME DIRECTION,DIVIDED - W/MEDIAN BARRIER,,STRAIGHT AND LEVEL,WET,NO DEFECTS,ON SCENE,INJURY AND / OR TOW DUE TO CRASH,,,Y,"OVER $1,500",03/16/2025 14:10,IMPROPER LANE USAGE,NOT APPLICABLE,5536,S,LAKE SHORE DR SB,235,N,,,,,,2,NO INDICATION OF INJURY,0,0,0,0,0,2,0,14,1,3,2,0,14,1,3
CLEAR,"DARKNESS, LIGHTED ROAD",REAR END,NOT DIVIDED,,STRAIGHT AND LEVEL,DRY,NO DEFECTS,NOT ON SCENE (DESK REPORT),NO INJURY / DRIVE AWAY,,,,"OVER $1,500",08/12/2024 23:00,UNABLE TO DETERMINE,UNABLE TO DETERMINE,3100,W,DEVON AVE,2412,,,,,,,2,NO INDICATION OF INJURY,0,0,0,0,0,2,0,21,2,8,2,0,21,2,8
RAIN,DAYLIGHT,PARKED MOTOR VEHICLE,PARKING LOT,,STRAIGHT AND LEVEL,WET,NO DEFECTS,ON SCENE,INJURY AND / OR TOW DUE TO CRASH,,Y,,"OVER $1,500",03/16/2025 11:34,UNABLE TO DETERMINE,NOT APPLICABLE,32,S,JEFFERSON ST,121,,,,,,,2,NO INDICATION OF INJURY,0,0,0,0,0,1,0,10,1,3,1,0,10,1,3
SNOW,DAYLIGHT,TURNING,T-INTERSECTION,,STRAIGHT AND LEVEL,SNOW OR SLUSH,NO DEFECTS,,NO INJURY / DRIVE AWAY,,,Y,"OVER $1,500",01/14/2025 8:15,UNABLE TO DETERMINE,UNABLE TO DETERMINE,1600,S,THROOP ST,1233,,,,,,,3,NO INDICATION OF INJURY,0,0,0,0,0,3,0,8,3,1,3,0,8,3,1
RAIN,"DARKNESS, LIGHTED ROAD",FIXED OBJECT,DIVIDED - W/MEDIAN (NOT RAISED),,STRAIGHT AND LEVEL,WET,NO DEFECTS,ON SCENE,INJURY AND / OR TOW DUE TO CRASH,,,,"OVER $1,500",03/16/2025 2:36,UNDER THE INFLUENCE OF ALCOHOL/DRUGS (USE WHEN ARREST IS EFFECTED),"OPERATING VEHICLE IN ERRATIC, RECKLESS, CARELESS, NEGLIGENT OR AGGRESSIVE MANNER",4808,S,ARCHER AVE,821,,,,,,,1,NO INDICATION OF INJURY,0,0,0,0,0,1,0,2,1,3,1,0,2,1,3
CLOUDY/OVERCAST,DAYLIGHT,ANGLE,NOT DIVIDED,,STRAIGHT AND LEVEL,DRY,NO DEFECTS,NOT ON SCENE (DESK REPORT),NO INJURY / DRIVE AWAY,,,,"OVER $1,500",04/05/2025 14:00,FAILING TO YIELD RIGHT-OF-WAY,UNABLE TO DETERMINE,8631,W,FOSTER AVE,1614,,,,,,,2,NO INDICATION OF INJURY,0,0,0,0,0,2,0,13,7,4,2,0,13,7,4
RAIN,"DARKNESS, LIGHTED ROAD",PARKED MOTOR VEHICLE,NOT DIVIDED,,STRAIGHT AND LEVEL,WET,NO DEFECTS,ON SCENE,INJURY AND / OR TOW DUE TO CRASH,,,,"OVER $1,500",03/16/2025 4:47,UNABLE TO DETERMINE,UNABLE TO DETERMINE,740,E,43RD ST,214,,,,,,,2,NO INDICATION OF INJURY,0,0,0,0,0,1,0,4,1,3,1,0,4,1,3
CLEAR,DAYLIGHT,REAR END,NOT DIVIDED,,STRAIGHT AND LEVEL,DRY,NO DEFECTS,NOT ON SCENE (DESK REPORT),NO INJURY / DRIVE AWAY,,,,"OVER $1,500",09/07/2024 14:19,FOLLOWING TOO CLOSELY,DRIVING SKILLS/KNOWLEDGE/EXPERIENCE,3927,W,ADDISON ST,1732,,,,,,,2,NO INDICATION OF INJURY,0,0,0,0,0,2,0,14,7,9,2,0,14,7,9
CLEAR,DAYLIGHT,TURNING,NOT DIVIDED,,STRAIGHT AND LEVEL,DRY,UNKNOWN,ON SCENE,NO INJURY / DRIVE AWAY,,,,"OVER $1,500",01/07/2025 14:52,UNABLE TO DETERMINE,UNABLE TO DETERMINE,4398,N,MONTICELLO AVE,1723,,,,,,,2,NO INDICATION OF INJURY,0,0,0,0,0,4,0,14,3,1,4,0,14,3,1
CLEAR,DAYLIGHT,TURNING,NOT DIVIDED,,STRAIGHT AND LEVEL,DRY,NO DEFECTS,ON SCENE,INJURY AND / OR TOW DUE TO CRASH,,,,"OVER $1,500",10/05/2024 7:20,IMPROPER OVERTAKING/PASSING,IMPROPER TURNING/NO SIGNAL,3401,N,CALIFORNIA AVE,1733,,,,,,,2,NONINCAPACITATING INJURY,1,0,0,1,0,1,0,7,7,10,1,0,7,7,10
UNKNOWN,UNKNOWN,PARKED MOTOR VEHICLE,ONE-WAY,,STRAIGHT AND LEVEL,UNKNOWN,OTHER,NOT ON SCENE (DESK REPORT),NO INJURY / DRIVE AWAY,,,Y,"$501 - $1,500",10/07/2024 11:40,UNABLE TO DETERMINE,NOT APPLICABLE,5112,S,PARKSIDE AVE,811,,,,,,,2,NO INDICATION OF INJURY,0,0,0,0,0,1,0,14,7,10,1,0,14,7,10
CLEAR,DAYLIGHT,TURNING,FOUR WAY,,STRAIGHT AND LEVEL,DRY,NO DEFECTS,NOT ON SCENE (DESK REPORT),NO INJURY / DRIVE AWAY,Y,,,"OVER $1,500",10/05/2024 9:40,IMPROPER OVERTAKING/PASSING,NOT APPLICABLE,2001,N,ASHLAND AVE,1432,,,,,,,2,NO INDICATION OF INJURY,0,0,0,0,0,2,0,7,7,10,2,0,7,7,10
CLEAR,DAYLIGHT,SIDESWIPE SAME DIRECTION,T-INTERSECTION,,STRAIGHT AND LEVEL,UNKNOWN,UNKNOWN,NOT ON SCENE (DESK REPORT),NO INJURY / DRIVE AWAY,Y,,,"$501 - $1,500",12/04/2024 17:00,UNABLE TO DETERMINE,UNABLE TO DETERMINE,6877,N,KEDZIE AVE,2411,,,,,,,2,NO INDICATION OF INJURY,0,0,0,0,0,2,0,15,4,12,2,0,15,4,12
CLEAR,DAYLIGHT,SIDESWIPE SAME DIRECTION,DIVIDED - W/MEDIAN (NOT RAISED),,STRAIGHT AND LEVEL,DRY,NO DEFECTS,ON SCENE,NO INJURY / DRIVE AWAY,,,Y,"OVER $1,500",01/14/2025 16:56,IMPROPER OVERTAKING/PASSING,NOT APPLICABLE,1404,N,ASHLAND AVE,1433,N,N,,,,,2,NO INDICATION OF INJURY,0,0,0,0,0,2,0,16,3,1,2,0,16,3,1
CLEAR,DAYLIGHT,REAR END,DIVIDED - W/MEDIAN (NOT RAISED),,STRAIGHT AND LEVEL,DRY,NO DEFECTS,NOT ON SCENE (DESK REPORT),NO INJURY / DRIVE AWAY,,,Y,"$501 - $1,500",01/15/2025 10:00,FOLLOWING TOO CLOSELY,FAILING TO YIELD RIGHT-OF-WAY,7209,W,BELMONT AVE,2511,,,,,,,2,NO INDICATION OF INJURY,0,0,0,0,0,4,0,12,3,1,4,0,12,3,1
CLEAR,DAYLIGHT,TURNING,OTHER,,STRAIGHT AND LEVEL,DRY,NO DEFECTS,ON SCENE,NO INJURY / DRIVE AWAY,,,,"OVER $1,500",12/04/2024 7:10,UNABLE TO DETERMINE,UNABLE TO DETERMINE,3,W,TERMINAL ST,1653,,,,,,,2,NO INDICATION OF INJURY,0,0,0,0,0,2,0,7,4,12,2,0,7,4,12
CLEAR,DAYLIGHT,SIDESWIPE SAME DIRECTION,ONE-WAY,,STRAIGHT ON GRADE,DRY,NO DEFECTS,NOT ON SCENE (DESK REPORT),NO INJURY / DRIVE AWAY,,,,"$501 - $1,500",01/14/2025 16:55,IMPROPER OVERTAKING/PASSING,IMPROPER OVERTAKING/PASSING,2641,S,HARDING AVE,1031,,,,,,,2,NO INDICATION OF INJURY,0,0,0,0,0,2,0,16,3,1,2,0,16,3,1
CLEAR,DAYLIGHT,SIDESWIPE SAME DIRECTION,NOT DIVIDED,,STRAIGHT AND LEVEL,SNOW OR SLUSH,NO DEFECTS,NOT ON SCENE (DESK REPORT),NO INJURY / DRIVE AWAY,,,,"$501 - $1,500",01/14/2025 11:05,IMPROPER OVERTAKING/PASSING,NOT APPLICABLE,2008,W,119TH ST,2234,,,,,,,2,NO INDICATION OF INJURY,0,0,0,0,0,2,0,10,3,1,2,0,10,3,1
SNOW,DAWN,REAR END,DIVIDED - W/MEDIAN (NOT RAISED),,STRAIGHT AND LEVEL,WET,NO DEFECTS,NOT ON SCENE (DESK REPORT),INJURY AND / OR TOW DUE TO CRASH,,,,"OVER $1,500",01/14/2025 23:27,FAILING TO REDUCE SPEED TO AVOID CRASH,FOLLOWING TOO CLOSELY,4902,N,PULASKI RD,1712,,,,,,,2,"REPORTED, NOT EVIDENT",1,0,0,0,1,1,0,17,3,1,1,0,17,3,1
CLOUDY/OVERCAST,DAYLIGHT,PEDALCYCLIST,ALLEY,,STRAIGHT AND LEVEL,DRY,UNKNOWN,ON SCENE,INJURY AND / OR TOW DUE TO CRASH,Y,,,$500 OR LESS,12/04/2024 14:40,FAILING TO YIELD RIGHT-OF-WAY,UNABLE TO DETERMINE,2621,W,39TH PL,921,,,,,,,2,"REPORTED, NOT EVIDENT",1,0,0,0,1,1,0,14,4,12,1,0,14,4,12
CLEAR,"DARKNESS, LIGHTED ROAD",OTHER OBJECT,ALLEY,,STRAIGHT AND LEVEL,DRY,NO DEFECTS,ON SCENE,NO INJURY / DRIVE AWAY,,,Y,"OVER $1,500",04/06/2025 13:36,UNABLE TO DETERMINE,UNABLE TO DETERMINE,3714,W,PALMER ST,2525,,,,,,,1,NO INDICATION OF INJURY,0,0,0,0,0,1,0,0,1,4,1,0,0,1,4
SNOW,DAYLIGHT,SIDESWIPE SAME DIRECTION,OTHER,,STRAIGHT AND LEVEL,WET,UNKNOWN,ON SCENE,NO INJURY / DRIVE AWAY,Y,,Y,"$501 - $1,500",03/16/2025 14:16,FOLLOWING TOO CLOSELY,NOT APPLICABLE,368,E,24TH PL,132,,,,,,,2,NO INDICATION OF INJURY,0,0,0,0,0,2,0,13,1,3,2,0,13,1,3
CLEAR,DAYLIGHT,PARKED MOTOR VEHICLE,NOT DIVIDED,,STRAIGHT AND LEVEL,DRY,NO DEFECTS,ON SCENE,NO INJURY / DRIVE AWAY,,,Y,"OVER $1,500",03/16/2025 20:25,UNABLE TO DETERMINE,NOT APPLICABLE,3705,N,SOUTHPORT AVE,1923,,,,,,,2,NO INDICATION OF INJURY,0,0,0,0,0,1,0,20,1,3,1,0,20,1,3
CLEAR,DAYLIGHT,TURNING,NOT DIVIDED,,STRAIGHT AND LEVEL,DRY,NO DEFECTS,NOT ON SCENE (DESK REPORT),NO INJURY / DRIVE AWAY,,,,"$501 - $1,500",03/16/2025 17:13,IMPROPER OVERTAKING/PASSING,IMPROPER OVERTAKING/PASSING,1318,W,63RD ST,713,,,,,,,2,NO INDICATION OF INJURY,0,0,0,0,0,2,0,17,1,3,2,0,17,1,3
CLEAR,DAWN,REAR END,DIVIDED - W/MEDIAN (NOT RAISED),,STRAIGHT AND LEVEL,DRY,NO DEFECTS,ON SCENE,INJURY AND / OR TOW DUE TO CRASH,,,Y,"OVER $1,500",03/16/2025 17:57,FOLLOWING TOO CLOSELY,NOT APPLICABLE,2601,S,PULASKI RD,1031,,,,,,,2,"REPORTED, NOT EVIDENT",1,0,0,0,1,2,0,17,1,3,2,0,17,1,3
UNKNOWN,DAYLIGHT,ANGLE,ONE-WAY,,STRAIGHT AND LEVEL,UNKNOWN,UNKNOWN,NOT ON SCENE (DESK REPORT),NO INJURY / DRIVE AWAY,,,Y,"OVER $1,500",03/16/2025 17:23,"OPERATING VEHICLE IN ERRATIC, RECKLESS, CARELESS, NEGLIGENT OR AGGRESSIVE MANNER",NOT APPLICABLE,6010,N,WASHTENAW AVE,2413,,,,,,,2,NO INDICATION OF INJURY,0,0,0,0,0,2,0,16,1,3,2,0,16,1,3
CLEAR,DAYLIGHT,REAR END,NOT DIVIDED,,STRAIGHT AND LEVEL,DRY,NO DEFECTS,ON SCENE,INJURY AND / OR TOW DUE TO CRASH,,,Y,"OVER $1,500",09/26/2023 17:05,UNABLE TO DETERMINE,NOT APPLICABLE,4909,W,DIVISION ST,1531,,,,,,,3,NONINCAPACITATING INJURY,1,0,0,1,0,4,0,17,3,9,4,0,17,3,9
SNOW,DAYLIGHT,ANGLE,NOT DIVIDED,,STRAIGHT AND LEVEL,WET,NO DEFECTS,NOT ON SCENE (DESK REPORT),NO INJURY / DRIVE AWAY,N,,Y,"OVER $1,500",03/16/2025 13:00,UNABLE TO DETERMINE,UNABLE TO DETERMINE,10600,S,VINCENNES AVE,2212,,,,,,,2,NO INDICATION OF INJURY,0,0,0,0,0,2,0,10,1,3,2,0,10,1,3