WEATHER_CONDITION,LIGHTING_CONDITION,FIRST_CRASH_TYPE,TRAFFICWAY_TYPE,LANE_CNT,ALIGNMENT,ROADWAY_SURFACE_COND,ROAD_DEFECT,REPORT_TYPE,CRASH_TYPE,INTERSECTION_RELATED_I,NOT_RIGHT_OF_WAY_I,HIT_AND_RUN_I,DAMAGE,DATE_POLICE_NOTIFIED,PRIM_CONTRIBUTORY_CAUSE,SEC_CONTRIBUTORY_CAUSE,STREET_NO,STREET_DIRECTION,STREET_NAME,BEAT_OF_OCCURRENCE,PHOTOS_TAKEN_I,STATEMENTS_TAKEN_I,DOORING_I,WORK_ZONE_I,WORK_ZONE_TYPE,WORKERS_PRESENT_I,NUM_UNITS,MOST_SEVERE_INJURY,INJURIES_TOTAL,INJURIES_FATAL,INJURIES_INCAPACITATING,INJURIES_NON_INCAPACITATING,INJURIES_REPORTED_NOT_EVIDENT,INJURIES_NO_INDICATION,INJURIES_UNKNOWN,CRASH_HOUR,CRASH_DAY_OF_WEEK,CRASH_MONTH,INJURIES_NO_INDICATION,INJURIES_UNKNOWN,CRASH_HOUR,CRASH_DAY_OF_WEEK,CRASH_MONTH
CLEAR,DAYLIGHT,PARKED MOTOR VEHICLE,ONE-WAY,,STRAIGHT AND LEVEL,DRY,NO DEFECTS,ON SCENE,NO INJURY / DRIVE AWAY,,,,"$501 - $1,500",08/14/2024 13:12,DRIVING SKILLS/KNOWLEDGE/EXPERIENCE,UNABLE TO DETERMINE,3410,W,SUNNYSIDE AVE,1723,,,,,,,2,NO INDICATION OF INJURY,0,0,0,0,0,1,0,13,4,8,1,0,13,4,8
UNKNOWN,UNKNOWN,PARKED MOTOR VEHICLE,ONE-WAY,,STRAIGHT AND LEVEL,UNKNOWN,UNKNOWN,NOT ON SCENE (DESK REPORT),NO INJURY / DRIVE AWAY,,,Y,"OVER $1,500",09/07/2024 9:22,UNABLE TO DETERMINE,UNABLE TO DETERMINE,9036,S,LOOMIS ST,2222,,,,,,,2,NO INDICATION OF INJURY,0,0,0,0,0,1,0,9,7,9,1,0,9,7,9
CLEAR,"DARKNESS, LIGHTED ROAD",TURNING,NOT DIVIDED,,STRAIGHT AND LEVEL,DRY,NO DEFECTS,ON SCENE,INJURY AND / OR TOW DUE TO CRASH,Y,,,"OVER $1,500",10/05/2024 1:49,DRIVING ON WRONG SIDE/WRONG WAY,UNDER THE INFLUENCE OF ALCOHOL/DRUGS (USE WHEN ARREST IS EFFECTED),2000,W,CERMAK RD,1234,,,,,,,2,"REPORTED, NOT EVIDENT",2,0,0,0,2,1,0,1,7,10,1,0,1,7,10
CLEAR,DUSK,PARKED MOTOR VEHICLE,ONE-WAY,,STRAIGHT AND LEVEL,DRY,NO DEFECTS,NOT ON SCENE (DESK REPORT),NO INJURY / DRIVE AWAY,,,Y,$500 OR LESS,04/05/2025 21:15,FOLLOWING TOO CLOSELY,UNABLE TO DETERMINE,6937,S,WOLCOTT AVE,735,,,,,,,2,NO INDICATION OF INJURY,0,0,0,0,0,3,0,20,7,4,3,0,20,7,4
CLEAR,"DARKNESS, LIGHTED ROAD",PARKED MOTOR VEHICLE,NOT DIVIDED,,STRAIGHT AND LEVEL,DRY,UNKNOWN,NOT ON SCENE (DESK REPORT),NO INJURY / DRIVE AWAY,,,Y,"$501 - $1,500",03/16/2025 19:50,UNABLE TO DETERMINE,UNABLE TO DETERMINE,3443,S,ARCHER AVE,912,,,,,,,2,NO INDICATION OF INJURY,0,0,0,0,0,1,0,19,1,3,1,0,19,1,3
CLEAR,DAYLIGHT,SIDESWIPE SAME DIRECTION,OTHER,,STRAIGHT AND LEVEL,DRY,NO DEFECTS,ON SCENE,NO INJURY / DRIVE AWAY,,,,"OVER $1,500",05/17/2024 9:28,UNABLE TO DETERMINE,NOT APPLICABLE,1,W,TERMINAL ST,1651,,,,,,,2,NO INDICATION OF INJURY,0,0,0,0,0,2,0,9,6,5,2,0,9,6,5
CLEAR,"DARKNESS, LIGHTED ROAD",FIXED OBJECT,ONE-WAY,,STRAIGHT AND LEVEL,DRY,NO DEFECTS,ON SCENE,INJURY AND / OR TOW DUE TO CRASH,,,N,"OVER $1,500",02/08/2025 3:57,UNABLE TO DETERMINE,UNABLE TO DETERMINE,7853,S,STATE ST,623,,,,,,,1,NO INDICATION OF INJURY,0,0,0,0,0,1,0,3,7,2,1,0,3,7,2
CLEAR,"DARKNESS, LIGHTED ROAD",PARKED MOTOR VEHICLE,NOT DIVIDED,,STRAIGHT AND LEVEL,DRY,NO DEFECTS,,INJURY AND / OR TOW DUE TO CRASH,,,,"OVER $1,500",03/07/2025 23:59,NOT APPLICABLE,NOT APPLICABLE,108,E,21ST ST,132,,,,,,,2,NONINCAPACITATING INJURY,1,0,0,1,0,1,0,23,6,3,1,0,23,6,3
CLEAR,DUSK,REAR END,NOT DIVIDED,,STRAIGHT AND LEVEL,UNKNOWN,UNKNOWN,,NO INJURY / DRIVE AWAY,Y,,,"$501 - $1,500",02/21/2023 16:05,UNABLE TO DETERMINE,NOT APPLICABLE,520,N,DEARBORN ST,1831,,,,,,,2,NO INDICATION OF INJURY,0,0,0,0,0,2,0,18,1,2,2,0,18,1,2
CLEAR,DAYLIGHT,ANGLE,FOUR WAY,,STRAIGHT AND LEVEL,DRY,NO DEFECTS,NOT ON SCENE (DESK REPORT),NO INJURY / DRIVE AWAY,Y,,,"OVER $1,500",08/14/2024 11:00,FAILING TO YIELD RIGHT-OF-WAY,FAILING TO YIELD RIGHT-OF-WAY,1602,E,72ND ST,324,,,,,,,2,NO INDICATION OF INJURY,0,0,0,0,0,2,0,9,4,8,2,0,9,4,8
CLEAR,DAYLIGHT,PEDESTRIAN,NOT DIVIDED,,STRAIGHT AND LEVEL,DRY,NO DEFECTS,ON SCENE,INJURY AND / OR TOW DUE TO CRASH,,,,$500 OR LESS,01/07/2025 8:25,UNABLE TO DETERMINE,NOT APPLICABLE,5780,S,ARCHER AVE,814,,,,,,,2,NONINCAPACITATING INJURY,1,0,0,1,0,1,0,8,3,1,1,0,8,3,1
CLEAR,DAYLIGHT,REAR END,DIVIDED - W/MEDIAN (NOT RAISED),,STRAIGHT AND LEVEL,DRY,NO DEFECTS,NOT ON SCENE (DESK REPORT),NO INJURY / DRIVE AWAY,,,,"OVER $1,500",09/07/2024 17:00,FAILING TO REDUCE SPEED TO AVOID CRASH,FAILING TO REDUCE SPEED TO AVOID CRASH,7601,S,CICERO AVE,833,,,,,,,2,NO INDICATION OF INJURY,0,0,0,0,0,2,0,16,7,9,2,0,16,7,9
CLEAR,DAYLIGHT,ANGLE,ONE-WAY,,STRAIGHT AND LEVEL,DRY,NO DEFECTS,NOT ON SCENE (DESK REPORT),NO INJURY / DRIVE AWAY,Y,,,"OVER $1,500",03/08/2025 9:55,FAILING TO YIELD RIGHT-OF-WAY,NOT APPLICABLE,5798,W,DAKIN ST,1633,,,,,,,2,NO INDICATION OF INJURY,0,0,0,0,0,2,0,9,7,3,2,0,9,7,3
CLEAR,DAYLIGHT,TURNING,NOT DIVIDED,,STRAIGHT AND LEVEL,DRY,NO DEFECTS,NOT ON SCENE (DESK REPORT),NO INJURY / DRIVE AWAY,,,,"$501 - $1,500",03/08/2025 13:38,NOT APPLICABLE,NOT APPLICABLE,146,W,ROOSEVELT RD,123,,,,,,,2,NO INDICATION OF INJURY,0,0,0,0,0,3,0,11,7,3,3,0,11,7,3
CLEAR,DAYLIGHT,SIDESWIPE SAME DIRECTION,DIVIDED - W/MEDIAN (NOT RAISED),,STRAIGHT AND LEVEL,DRY,UNKNOWN,NOT ON SCENE (DESK REPORT),NO INJURY / DRIVE AWAY,,,,"OVER $1,500",05/23/2025 13:00,DRIVING SKILLS/KNOWLEDGE/EXPERIENCE,UNABLE TO DETERMINE,5724,S,KEDZIE AVE,822,,,,,,,2,NO INDICATION OF INJURY,0,0,0,0,0,3,0,12,6,5,3,0,12,6,5
SNOW,DAYLIGHT,SIDESWIPE SAME DIRECTION,DIVIDED - W/MEDIAN (NOT RAISED),,STRAIGHT AND LEVEL,SNOW OR SLUSH,NO DEFECTS,NOT ON SCENE (DESK REPORT),NO INJURY / DRIVE AWAY,,,,"OVER $1,500",01/15/2025 10:00,UNABLE TO DETERMINE,UNABLE TO DETERMINE,4803,W,MONTROSE AVE,1624,,,,,,,2,NO INDICATION OF INJURY,0,0,0,0,0,2,0,8,3,1,2,0,8,3,1
FREEZING RAIN/DRIZZLE,DAYLIGHT,REAR END,FOUR WAY,,STRAIGHT AND LEVEL,WET,UNKNOWN,,NO INJURY / DRIVE AWAY,Y,,,"OVER $1,500",02/08/2025 14:00,FAILING TO REDUCE SPEED TO AVOID CRASH,NOT APPLICABLE,6500,S,COTTAGE GROVE AVE,321,,,,,,,2,NO INDICATION OF INJURY,0,0,0,0,0,6,0,13,7,2,6,0,13,7,2
CLEAR,DAYLIGHT,FIXED OBJECT,PARKING LOT,,STRAIGHT AND LEVEL,DRY,NO DEFECTS,ON SCENE,INJURY AND / OR TOW DUE TO CRASH,,Y,,"$501 - $1,500",02/08/2025 9:09,NOT APPLICABLE,NOT APPLICABLE,1641,W,HARRISON ST,1231,,,,,,,1,NONINCAPACITATING INJURY,1,0,0,1,0,0,0,9,7,2,0,0,9,7,2
RAIN,"DARKNESS, LIGHTED ROAD",PARKED MOTOR VEHICLE,UNKNOWN,,STRAIGHT AND LEVEL,WET,UNKNOWN,NOT ON SCENE (DESK REPORT),INJURY AND / OR TOW DUE TO CRASH,,,Y,"OVER $1,500",02/08/2025 21:30,UNABLE TO DETERMINE,NOT APPLICABLE,5233,N,MILWAUKEE AVE,1623,,,,,,,2,NO INDICATION OF INJURY,0,0,0,0,0,1,0,18,7,2,1,0,18,7,2
OTHER,DUSK,TURNING,FOUR WAY,,STRAIGHT AND LEVEL,UNKNOWN,UNKNOWN,ON SCENE,INJURY AND / OR TOW DUE TO CRASH,Y,,,"OVER $1,500",01/14/2025 17:09,FAILING TO YIELD RIGHT-OF-WAY,IMPROPER TURNING/NO SIGNAL,11100,S,TALMAN AVE,2212,,,,,,,2,"REPORTED, NOT EVIDENT",1,0,0,0,1,1,0,17,3,1,1,0,17,3,1
RAIN,DAYLIGHT,ANGLE,NOT DIVIDED,,STRAIGHT AND LEVEL,WET,UNKNOWN,ON SCENE,NO INJURY / DRIVE AWAY,,,,"$501 - $1,500",05/21/2018 15:48,DISREGARDING STOP SIGN,NOT APPLICABLE,732,W,69TH ST,723,,,,,,,2,NO INDICATION OF INJURY,0,0,0,0,0,2,0,15,2,5,2,0,15,2,5
CLEAR,DAYLIGHT,PARKED MOTOR VEHICLE,ONE-WAY,,STRAIGHT AND LEVEL,DRY,NO DEFECTS,ON SCENE,NO INJURY / DRIVE AWAY,,,Y,"$501 - $1,500",08/14/2024 9:26,IMPROPER BACKING,IMPROPER BACKING,3731,N,FRANCISCO AVE,1733,,,,,,,2,NO INDICATION OF INJURY,0,0,0,0,0,1,0,9,4,8,1,0,9,4,8
CLOUDY/OVERCAST,DAYLIGHT,REAR TO REAR,PARKING LOT,,STRAIGHT AND LEVEL,UNKNOWN,UNKNOWN,NOT ON SCENE (DESK REPORT),NO INJURY / DRIVE AWAY,,Y,,"OVER $1,500",03/16/2025 17:00,UNABLE TO DETERMINE,UNABLE TO DETERMINE,424,W,DIVISION ST,1821,,,,,,,2,NO INDICATION OF INJURY,0,0,0,0,0,2,0,17,1,3,2,0,17,1,3
RAIN,"DARKNESS, LIGHTED ROAD",SIDESWIPE OPPOSITE DIRECTION,NOT DIVIDED,,STRAIGHT AND LEVEL,WET,NO DEFECTS,ON SCENE,INJURY AND / OR TOW DUE TO CRASH,,,Y,"$501 - $1,500",03/16/2025 4:09,DRIVING ON WRONG SIDE/WRONG WAY,UNABLE TO DETERMINE,8816,S,LOOMIS ST,2222,N,,,,,,2,NONINCAPACITATING INJURY,1,0,0,1,0,3,0,3,1,3,3,0,3,1,3
CLEAR,"DARKNESS, LIGHTED ROAD",PEDESTRIAN,OTHER,,STRAIGHT AND LEVEL,DRY,NO DEFECTS,ON SCENE,INJURY AND / OR TOW DUE TO CRASH,,,,"OVER $1,500",04/05/2025 20:00,FAILING TO REDUCE SPEED TO AVOID CRASH,FAILING TO REDUCE SPEED TO AVOID CRASH,831,E,95TH ST,511,,,,,,,2,INCAPACITATING INJURY,2,0,1,0,1,0,0,19,7,4,0,0,19,7,4
CLEAR,DAYLIGHT,SIDESWIPE SAME DIRECTION,ONE-WAY,,STRAIGHT AND LEVEL,DRY,NO DEFECTS,NOT ON SCENE (DESK REPORT),NO INJURY / DRIVE AWAY,,,,"OVER $1,500",09/07/2024 13:15,UNABLE TO DETERMINE,UNABLE TO DETERMINE,1533,S,TRUMBULL AVE,1021,,,,,,,2,NO INDICATION OF INJURY,0,0,0,0,0,2,0,12,7,9,2,0,12,7,9
CLEAR,"DARKNESS, LIGHTED ROAD",SIDESWIPE OPPOSITE DIRECTION,FOUR WAY,,STRAIGHT AND LEVEL,DRY,NO DEFECTS,ON SCENE,INJURY AND / OR TOW DUE TO CRASH,,,,"OVER $1,500",10/05/2024 22:50,DISREGARDING TRAFFIC SIGNALS,NOT APPLICABLE,2600,N,KIMBALL AVE,1412,,,,,,,2,NO INDICATION OF INJURY,0,0,0,0,0,2,0,10,7,10,2,0,10,7,10
CLEAR,DAYLIGHT,REAR END,OTHER,,STRAIGHT AND LEVEL,DRY,UNKNOWN,ON SCENE,INJURY AND / OR TOW DUE TO CRASH,,,,"OVER $1,500",08/12/2024 19:02,EQUIPMENT - VEHICLE CONDITION,NOT APPLICABLE,4300,S,LA SALLE ST,215,,,,,,,2,NO INDICATION OF INJURY,0,0,0,0,0,2,0,18,2,8,2,0,18,2,8
CLEAR,DAYLIGHT,FIXED OBJECT,ALLEY,,STRAIGHT AND LEVEL,DRY,NO DEFECTS,ON SCENE,NO INJURY / DRIVE AWAY,,Y,,"OVER $1,500",08/12/2024 9:50,UNABLE TO DETERMINE,UNABLE TO DETERMINE,2845,N,WHIPPLE ST,1411,,,,,,,1,NO INDICATION OF INJURY,0,0,0,0,0,1,0,8,2,8,1,0,8,2,8
CLEAR,DAYLIGHT,ANGLE,ONE-WAY,,STRAIGHT AND LEVEL,DRY,NO DEFECTS,NOT ON SCENE (DESK REPORT),INJURY AND / OR TOW DUE TO CRASH,Y,,,"OVER $1,500",08/12/2024 16:55,UNABLE TO DETERMINE,UNABLE TO DETERMINE,7500,S,DOBSON AVE,624,,,,,,,2,NO INDICATION OF INJURY,0,0,0,0,0,2,0,14,2,8,2,0,14,2,8
UNKNOWN,DAYLIGHT,SIDESWIPE SAME DIRECTION,NOT DIVIDED,,STRAIGHT AND LEVEL,UNKNOWN,UNKNOWN,NOT ON SCENE (DESK REPORT),NO INJURY / DRIVE AWAY,,,,"OVER $1,500",11/04/2024 14:30,UNABLE TO DETERMINE,NOT APPLICABLE,4739,W,FULLERTON AVE,2522,,,,,,,2,NO INDICATION OF INJURY,0,0,0,0,0,2,0,13,2,11,2,0,13,2,11
CLEAR,DAYLIGHT,SIDESWIPE SAME DIRECTION,DIVIDED - W/MEDIAN (NOT RAISED),,STRAIGHT AND LEVEL,DRY,NO DEFECTS,ON SCENE,NO INJURY / DRIVE AWAY,,,,$500 OR LESS,05/23/2025 7:12,NOT APPLICABLE,NOT APPLICABLE,3743,S,KEDZIE AVE,911,,,,,,,2,NO INDICATION OF INJURY,0,0,0,0,0,5,0,6,6,5,5,0,6,6,5
CLEAR,DAYLIGHT,TURNING,NOT DIVIDED,,STRAIGHT AND LEVEL,DRY,NO DEFECTS,NOT ON SCENE (DESK REPORT),NO INJURY / DRIVE AWAY,Y,,,"$501 - $1,500",05/23/2025 14:51,UNABLE TO DETERMINE,UNABLE TO DETERMINE,1200,S,COLUMBUS DR,132,,,,,,,3,NO INDICATION OF INJURY,0,0,0,0,0,3,0,14,6,5,3,0,14,6,5
CLEAR,"DARKNESS, LIGHTED ROAD",SIDESWIPE SAME DIRECTION,ONE-WAY,,STRAIGHT AND LEVEL,DRY,NO DEFECTS,NOT ON SCENE (DESK REPORT),NO INJURY / DRIVE AWAY,,,,"OVER $1,500",06/01/2024 12:20,UNABLE TO DETERMINE,NOT APPLICABLE,10000,W,BALMORAL AVE,1654,,,,,,,2,NO INDICATION OF INJURY,0,0,0,0,0,3,0,22,6,5,3,0,22,6,5
CLEAR,DAYLIGHT,PARKED MOTOR VEHICLE,NOT DIVIDED,,STRAIGHT AND LEVEL,DRY,NO DEFECTS,NOT ON SCENE (DESK REPORT),NO INJURY / DRIVE AWAY,,,Y,"OVER $1,500",08/14/2024 18:30,UNABLE TO DETERMINE,UNABLE TO DETERMINE,1300,S,CLINTON ST,124,,,,,,,2,NO INDICATION OF INJURY,0,0,0,0,0,1,0,17,4,8,1,0,17,4,8
CLEAR,DAYLIGHT,TURNING,NOT DIVIDED,,STRAIGHT AND LEVEL,DRY,NO DEFECTS,NOT ON SCENE (DESK REPORT),NO INJURY / DRIVE AWAY,,,Y,"OVER $1,500",08/14/2024 20:20,IMPROPER TURNING/NO SIGNAL,NOT APPLICABLE,1699,W,OGDEN AVE,1224,,,,,,,2,NO INDICATION OF INJURY,0,0,0,0,0,2,0,20,4,8,2,0,20,4,8
CLEAR,DAYLIGHT,TURNING,DIVIDED - W/MEDIAN (NOT RAISED),,STRAIGHT AND LEVEL,DRY,NO DEFECTS,NOT ON SCENE (DESK REPORT),NO INJURY / DRIVE AWAY,Y,,,"OVER $1,500",01/07/2025 13:08,UNABLE TO DETERMINE,UNABLE TO DETERMINE,1532,W,LAWRENCE AVE,2032,,,,,,,2,NO INDICATION OF INJURY,0,0,0,0,0,2,0,12,3,1,2,0,12,3,1
CLEAR,DAYLIGHT,FIXED OBJECT,NOT DIVIDED,,STRAIGHT AND LEVEL,DRY,WORN SURFACE,ON SCENE,INJURY AND / OR TOW DUE TO CRASH,,,,"OVER $1,500",09/07/2024 18:53,PHYSICAL CONDITION OF DRIVER,NOT APPLICABLE,2300,W,43RD ST,924,,,,,,,1,NONINCAPACITATING INJURY,1,0,0,1,0,0,0,18,7,9,0,0,18,7,9
CLOUDY/OVERCAST,DAYLIGHT,PARKED MOTOR VEHICLE,ONE-WAY,,STRAIGHT AND LEVEL,DRY,NO DEFECTS,ON SCENE,NO INJURY / DRIVE AWAY,,,Y,"$501 - $1,500",12/04/2024 15:56,FAILING TO YIELD RIGHT-OF-WAY,NOT APPLICABLE,3150,N,ODELL AVE,2511,,,,,,,2,NO INDICATION OF INJURY,0,0,0,0,0,2,0,15,4,12,2,0,15,4,12
UNKNOWN,DARKNESS,PARKED MOTOR VEHICLE,PARKING LOT,,STRAIGHT AND LEVEL,UNKNOWN,UNKNOWN,NOT ON SCENE (DESK REPORT),NO INJURY / DRIVE AWAY,,,Y,"$501 - $1,500",04/05/2025 12:50,UNABLE TO DETERMINE,NOT APPLICABLE,305,W,ONTARIO ST,1831,,,,,,,2,NO INDICATION OF INJURY,0,0,0,0,0,1,0,2,7,4,1,0,2,7,4
CLEAR,DAYLIGHT,FIXED OBJECT,DIVIDED - W/MEDIAN BARRIER,,STRAIGHT AND LEVEL,DRY,UNKNOWN,ON SCENE,NO INJURY / DRIVE AWAY,,,,"OVER $1,500",03/21/2024 16:17,DRIVING SKILLS/KNOWLEDGE/EXPERIENCE,NOT APPLICABLE,600,E,RANDOLPH ST,114,,,,Y,UNKNOWN,,1,NO INDICATION OF INJURY,0,0,0,0,0,1,0,16,5,3,1,0,16,5,3
CLEAR,DARKNESS,PARKED MOTOR VEHICLE,DIVIDED - W/MEDIAN (NOT RAISED),,STRAIGHT AND LEVEL,DRY,NO DEFECTS,NOT ON SCENE (DESK REPORT),NO INJURY / DRIVE AWAY,,,Y,"OVER $1,500",05/23/2025 22:04,FOLLOWING TOO CLOSELY,IMPROPER OVERTAKING/PASSING,216,W,22ND PL,914,,,,,,,2,NO INDICATION OF INJURY,0,0,0,0,0,1,0,21,6,5,1,0,21,6,5
CLEAR,DAWN,REAR END,ONE-WAY,,STRAIGHT AND LEVEL,DRY,UNKNOWN,NOT ON SCENE (DESK REPORT),NO INJURY / DRIVE AWAY,,,,"OVER $1,500",05/23/2025 5:39,FOLLOWING TOO CLOSELY,DRIVING SKILLS/KNOWLEDGE/EXPERIENCE,34,E,WASHINGTON ST,111,,,,,,,2,NO INDICATION OF INJURY,0,0,0,0,0,2,0,5,6,5,2,0,5,6,5
CLEAR,DAYLIGHT,TURNING,FOUR WAY,,STRAIGHT AND LEVEL,DRY,NO DEFECTS,,INJURY AND / OR TOW DUE TO CRASH,Y,,Y,"OVER $1,500",01/14/2025 10:28,UNABLE TO DETERMINE,NOT APPLICABLE,3100,S,ROBINSON ST,912,,,,,,,2,NONINCAPACITATING INJURY,2,0,0,2,0,1,0,10,3,1,1,0,10,3,1
CLEAR,DAYLIGHT,SIDESWIPE SAME DIRECTION,DIVIDED - W/MEDIAN (NOT RAISED),,STRAIGHT AND LEVEL,UNKNOWN,UNKNOWN,NOT ON SCENE (DESK REPORT),NO INJURY / DRIVE AWAY,Y,,Y,"$501 - $1,500",05/29/2025 9:00,UNABLE TO DETERMINE,UNABLE TO DETERMINE,100,S,DEARBORN ST,112,,,,,,,2,NO INDICATION OF INJURY,0,0,0,0,0,2,0,7,6,5,2,0,7,6,5
CLEAR,"DARKNESS, LIGHTED ROAD",PARKED MOTOR VEHICLE,ONE-WAY,,STRAIGHT AND LEVEL,DRY,NO DEFECTS,NOT ON SCENE (DESK REPORT),NO INJURY / DRIVE AWAY,,,Y,"$501 - $1,500",09/07/2024 20:25,UNABLE TO DETERMINE,UNABLE TO DETERMINE,1547,S,ST LOUIS AVE,1021,,,,,,,2,NO INDICATION OF INJURY,0,0,0,0,0,1,0,20,7,9,1,0,20,7,9
CLEAR,DARKNESS,SIDESWIPE SAME DIRECTION,ONE-WAY,,STRAIGHT AND LEVEL,DRY,NO DEFECTS,NOT ON SCENE (DESK REPORT),NO INJURY / DRIVE AWAY,,,,"OVER $1,500",12/04/2024 21:17,IMPROPER OVERTAKING/PASSING,IMPROPER OVERTAKING/PASSING,11101,S,ST LAWRENCE AVE,531,,,,,,,2,NO INDICATION OF INJURY,0,0,0,0,0,2,0,18,4,12,2,0,18,4,12
SNOW,"DARKNESS, LIGHTED ROAD",TURNING,NOT DIVIDED,,STRAIGHT AND LEVEL,ICE,NO DEFECTS,ON SCENE,INJURY AND / OR TOW DUE TO CRASH,,,,"OVER $1,500",12/05/2024 0:00,UNABLE TO DETERMINE,NOT APPLICABLE,6526,W,ARCHER AVE,811,,,,,,,2,NO INDICATION OF INJURY,0,0,0,0,0,3,0,0,5,12,3,0,0,5,12
CLEAR,UNKNOWN,REAR TO SIDE,NOT DIVIDED,,STRAIGHT AND LEVEL,UNKNOWN,UNKNOWN,,NO INJURY / DRIVE AWAY,,,,"OVER $1,500",08/13/2024 15:50,UNABLE TO DETERMINE,NOT APPLICABLE,2550,N,CLYBOURN AVE,1931,,,,,,,2,NO INDICATION OF INJURY,0,0,0,0,0,2,0,15,3,8,2,0,15,3,8
CLEAR,DAYLIGHT,PARKED MOTOR VEHICLE,NOT DIVIDED,,STRAIGHT AND LEVEL,DRY,UNKNOWN,ON SCENE,NO INJURY / DRIVE AWAY,,,,"$501 - $1,500",08/12/2024 15:40,NOT APPLICABLE,NOT APPLICABLE,66,W,OAK ST,1824,,,,,,,2,NO INDICATION OF INJURY,0,0,0,0,0,2,0,15,2,8,2,0,15,2,8
CLEAR,DAYLIGHT,TURNING,FOUR WAY,,STRAIGHT AND LEVEL,DRY,UNKNOWN,NOT ON SCENE (DESK REPORT),NO INJURY / DRIVE AWAY,Y,,,"OVER $1,500",05/27/2025 13:33,FAILING TO YIELD RIGHT-OF-WAY,NOT APPLICABLE,3330,N,MENARD AVE,1633,,,,,,,2,NO INDICATION OF INJURY,0,0,0,0,0,2,0,15,6,5,2,0,15,6,5
RAIN,"DARKNESS, LIGHTED ROAD",PARKED MOTOR VEHICLE,ONE-WAY,,STRAIGHT AND LEVEL,WET,UNKNOWN,ON SCENE,NO INJURY / DRIVE AWAY,,,,"$501 - $1,500",03/16/2025 3:33,UNABLE TO DETERMINE,UNABLE TO DETERMINE,1743,E,78TH ST,414,,,,,,,2,NO INDICATION OF INJURY,0,0,0,0,0,1,0,3,1,3,1,0,3,1,3
CLEAR,DAYLIGHT,REAR END,NOT DIVIDED,,STRAIGHT AND LEVEL,DRY,NO DEFECTS,ON SCENE,NO INJURY / DRIVE AWAY,,,,"$501 - $1,500",06/14/2024 7:47,UNABLE TO DETERMINE,NOT APPLICABLE,130,N,BESSIE COLEMAN DR,1654,,,,,,,2,NO INDICATION OF INJURY,0,0,0,0,0,2,0,7,6,6,2,0,7,6,6
CLEAR,DAYLIGHT,SIDESWIPE SAME DIRECTION,NOT DIVIDED,,STRAIGHT AND LEVEL,DRY,UNKNOWN,ON SCENE,INJURY AND / OR TOW DUE TO CRASH,,,,"OVER $1,500",12/04/2024 10:33,FAILING TO YIELD RIGHT-OF-WAY,UNABLE TO DETERMINE,5400,S,HYDE PARK BLVD,234,,,,,,,2,"REPORTED, NOT EVIDENT",1,0,0,0,1,2,0,10,4,12,2,0,10,4,12
CLEAR,DAYLIGHT,ANGLE,OTHER,,STRAIGHT AND LEVEL,DRY,NO DEFECTS,NOT ON SCENE (DESK REPORT),NO INJURY / DRIVE AWAY,,,,"OVER $1,500",08/13/2023 19:40,IMPROPER BACKING,UNABLE TO DETERMINE,9000,S,PROSPECT AVE,2221,,,,,,,2,NO INDICATION OF INJURY,0,0,0,0,0,2,0,13,1,8,2,0,13,1,8
RAIN,"DARKNESS, LIGHTED ROAD",REAR END,NOT DIVIDED,,STRAIGHT AND LEVEL,WET,NO DEFECTS,ON SCENE,INJURY AND / OR TOW DUE TO CRASH,Y,,,"OVER $1,500",04/05/2025 3:36,FAILING TO REDUCE SPEED TO AVOID CRASH,WEATHER,8699,S,WESTERN AVE,614,Y,,,,,,2,"REPORTED, NOT EVIDENT",1,0,0,0,1,1,0,3,7,4,1,0,3,7,4
SNOW,DAYLIGHT,PARKED MOTOR VEHICLE,NOT DIVIDED,,STRAIGHT AND LEVEL,SNOW OR SLUSH,NO DEFECTS,ON SCENE,INJURY AND / OR TOW DUE TO CRASH,,,,"OVER $1,500",01/14/2025 10:57,DRIVING SKILLS/KNOWLEDGE/EXPERIENCE,FAILING TO REDUCE SPEED TO AVOID CRASH,142,S,CENTRAL AVE,1513,,,,,,,5,NO INDICATION OF INJURY,0,0,0,0,0,1,0,10,3,1,1,0,10,3,1
CLEAR,DAYLIGHT,SIDESWIPE SAME DIRECTION,NOT DIVIDED,,STRAIGHT AND LEVEL,DRY,NO DEFECTS,NOT ON SCENE (DESK REPORT),NO INJURY / DRIVE AWAY,Y,,,"OVER $1,500",08/14/2024 17:52,FAILING TO YIELD RIGHT-OF-WAY,NOT APPLICABLE,1999,N,ASHLAND AVE,1433,Y,,,,,,2,NO INDICATION OF INJURY,0,0,0,0,0,2,0,17,4,8,2,0,17,4,8
CLEAR,DAYLIGHT,PARKED MOTOR VEHICLE,ONE-WAY,,STRAIGHT AND LEVEL,DRY,NO DEFECTS,NOT ON SCENE (DESK REPORT),NO INJURY / DRIVE AWAY,,,Y,"OVER $1,500",09/13/2024 10:35,UNABLE TO DETERMINE,NOT APPLICABLE,1454,W,RANDOLPH ST,1224,,,,,,,2,NO INDICATION OF INJURY,0,0,0,0,0,1,0,13,7,9,1,0,13,7,9