WEATHER_CONDITION,LIGHTING_CONDITION,FIRST_CRASH_TYPE,TRAFFICWAY_TYPE,LANE_CNT,ALIGNMENT,ROADWAY_SURFACE_COND,ROAD_DEFECT,REPORT_TYPE,CRASH_TYPE,INTERSECTION_RELATED_I,NOT_RIGHT_OF_WAY_I,HIT_AND_RUN_I,DAMAGE,DATE_POLICE_NOTIFIED,PRIM_CONTRIBUTORY_CAUSE,SEC_CONTRIBUTORY_CAUSE,STREET_NO,STREET_DIRECTION,STREET_NAME,BEAT_OF_OCCURRENCE,PHOTOS_TAKEN_I,STATEMENTS_TAKEN_I,DOORING_I,WORK_ZONE_I,WORK_ZONE_TYPE,WORKERS_PRESENT_I,NUM_UNITS,MOST_SEVERE_INJURY,INJURIES_TOTAL,INJURIES_FATAL,INJURIES_INCAPACITATING,INJURIES_NON_INCAPACITATING,INJURIES_REPORTED_NOT_EVIDENT,INJURIES_NO_INDICATION,INJURIES_UNKNOWN,CRASH_HOUR,CRASH_DAY_OF_WEEK,CRASH_MONTH,INJURIES_NO_INDICATION,INJURIES_UNKNOWN,CRASH_HOUR,CRASH_DAY_OF_WEEK,CRASH_MONTH
CLEAR,DAYLIGHT,TURNING,DIVIDED - W/MEDIAN BARRIER,,STRAIGHT AND LEVEL,DRY,UNKNOWN,ON SCENE,INJURY AND / OR TOW DUE TO CRASH,Y,,,"OVER $1,500",08/14/2024 12:51,FAILING TO YIELD RIGHT-OF-WAY,DISREGARDING TRAFFIC SIGNALS,8700,S,STONY ISLAND AVE,412,,,,,,,2,NO INDICATION OF INJURY,0,0,0,0,0,2,0,12,4,8,2,0,12,4,8
CLEAR,DAYLIGHT,REAR END,FOUR WAY,,STRAIGHT AND LEVEL,DRY,NO DEFECTS,ON SCENE,INJURY AND / OR TOW DUE TO CRASH,Y,,,"OVER $1,500",08/14/2024 14:29,FOLLOWING TOO CLOSELY,DRIVING SKILLS/KNOWLEDGE/EXPERIENCE,100,W,LA SALLE DR,1814,,Y,,,,,2,NO INDICATION OF INJURY,0,0,0,0,0,3,0,14,4,8,3,0,14,4,8
CLEAR,DAYLIGHT,REAR END,ONE-WAY,,STRAIGHT AND LEVEL,DRY,UNKNOWN,NOT ON SCENE (DESK REPORT),NO INJURY / DRIVE AWAY,,,,"OVER $1,500",08/14/2024 17:25,NOT APPLICABLE,FAILING TO REDUCE SPEED TO AVOID CRASH,1217,S,TRIPP AVE,1011,,,,,,,2,NO INDICATION OF INJURY,0,0,0,0,0,2,0,13,4,8,2,0,13,4,8
CLEAR,DAYLIGHT,PARKED MOTOR VEHICLE,PARKING LOT,,STRAIGHT AND LEVEL,DRY,NO DEFECTS,ON SCENE,NO INJURY / DRIVE AWAY,,Y,,"$501 - $1,500",09/07/2024 7:43,"OPERATING VEHICLE IN ERRATIC, RECKLESS, CARELESS, NEGLIGENT OR AGGRESSIVE MANNER",UNABLE TO DETERMINE,2500,N,CLARK ST,1935,,,,,,,2,NO INDICATION OF INJURY,0,0,0,0,0,1,0,7,7,9,1,0,7,7,9
CLEAR,"DARKNESS, LIGHTED ROAD",PARKED MOTOR VEHICLE,NOT DIVIDED,,STRAIGHT AND LEVEL,DRY,NO DEFECTS,ON SCENE,NO INJURY / DRIVE AWAY,,,Y,"OVER $1,500",09/07/2024 23:20,IMPROPER BACKING,NOT APPLICABLE,2444,W,34TH PL,911,,,,,,,2,NO INDICATION OF INJURY,0,0,0,0,0,1,0,23,7,9,1,0,23,7,9
CLEAR,"DARKNESS, LIGHTED ROAD",REAR TO SIDE,ONE-WAY,,STRAIGHT AND LEVEL,DRY,NO DEFECTS,ON SCENE,NO INJURY / DRIVE AWAY,,,,"$501 - $1,500",05/23/2025 23:53,UNABLE TO DETERMINE,UNABLE TO DETERMINE,4302,W,POTOMAC AVE,2534,,,,,,,2,NO INDICATION OF INJURY,0,0,0,0,0,3,0,23,6,5,3,0,23,6,5
CLOUDY/OVERCAST,DAYLIGHT,TURNING,NOT DIVIDED,,STRAIGHT AND LEVEL,DRY,NO DEFECTS,ON SCENE,INJURY AND / OR TOW DUE TO CRASH,Y,,,"OVER $1,500",04/05/2025 11:41,IMPROPER TURNING/NO SIGNAL,IMPROPER TURNING/NO SIGNAL,7604,S,EVANS AVE,624,,,,,,,2,NO INDICATION OF INJURY,0,0,0,0,0,2,0,11,7,4,2,0,11,7,4
CLEAR,"DARKNESS, LIGHTED ROAD",ANGLE,PARKING LOT,,STRAIGHT AND LEVEL,SNOW OR SLUSH,UNKNOWN,ON SCENE,INJURY AND / OR TOW DUE TO CRASH,Y,Y,,"OVER $1,500",01/14/2025 19:28,FAILING TO YIELD RIGHT-OF-WAY,ROAD ENGINEERING/SURFACE/MARKING DEFECTS,8900,S,LAFAYETTE AVE,634,,,,,,,2,"REPORTED, NOT EVIDENT",1,0,0,0,1,5,0,19,3,1,5,0,19,3,1
CLEAR,"DARKNESS, LIGHTED ROAD",SIDESWIPE SAME DIRECTION,NOT DIVIDED,,STRAIGHT AND LEVEL,DRY,UNKNOWN,ON SCENE,NO INJURY / DRIVE AWAY,,,Y,"OVER $1,500",04/05/2025 19:08,UNABLE TO DETERMINE,UNABLE TO DETERMINE,15,S,CICERO AVE,1113,,,,,,,2,NO INDICATION OF INJURY,0,0,0,0,0,2,0,19,7,4,2,0,19,7,4
CLEAR,DAYLIGHT,PARKED MOTOR VEHICLE,DIVIDED - W/MEDIAN (NOT RAISED),,STRAIGHT AND LEVEL,DRY,NO DEFECTS,ON SCENE,NO INJURY / DRIVE AWAY,,,Y,$500 OR LESS,01/14/2025 15:00,UNABLE TO DETERMINE,UNABLE TO DETERMINE,5141,S,HYDE PARK BLVD,234,,,,,,,2,NO INDICATION OF INJURY,0,0,0,0,0,1,0,14,3,1,1,0,14,3,1
CLEAR,DAYLIGHT,ANGLE,FOUR WAY,,STRAIGHT AND LEVEL,DRY,NO DEFECTS,NOT ON SCENE (DESK REPORT),NO INJURY / DRIVE AWAY,,,,"$501 - $1,500",06/01/2025 18:30,IMPROPER OVERTAKING/PASSING,NOT APPLICABLE,601,N,CLARK ST,1832,,,,,,,2,NO INDICATION OF INJURY,0,0,0,0,0,2,0,16,6,5,2,0,16,6,5
UNKNOWN,UNKNOWN,ANGLE,T-INTERSECTION,,STRAIGHT AND LEVEL,UNKNOWN,UNKNOWN,NOT ON SCENE (DESK REPORT),NO INJURY / DRIVE AWAY,Y,,Y,"OVER $1,500",04/05/2025 11:51,UNABLE TO DETERMINE,UNABLE TO DETERMINE,875,N,LAKE SHORE DR NB,1833,,,,,,,2,NO INDICATION OF INJURY,0,0,0,0,0,2,0,11,7,4,2,0,11,7,4
CLEAR,DAYLIGHT,REAR END,NOT DIVIDED,,STRAIGHT AND LEVEL,DRY,NO DEFECTS,ON SCENE,INJURY AND / OR TOW DUE TO CRASH,,,,"OVER $1,500",08/14/2024 8:30,FOLLOWING TOO CLOSELY,FAILING TO REDUCE SPEED TO AVOID CRASH,3539,W,BELMONT AVE,1412,,,,,,,4,NONINCAPACITATING INJURY,1,0,0,1,0,4,0,8,4,8,4,0,8,4,8
RAIN,"DARKNESS, LIGHTED ROAD",SIDESWIPE SAME DIRECTION,NOT DIVIDED,,STRAIGHT AND LEVEL,WET,NO DEFECTS,NOT ON SCENE (DESK REPORT),NO INJURY / DRIVE AWAY,,,Y,"OVER $1,500",03/16/2025 3:30,HAD BEEN DRINKING (USE WHEN ARREST IS NOT MADE),"OPERATING VEHICLE IN ERRATIC, RECKLESS, CARELESS, NEGLIGENT OR AGGRESSIVE MANNER",5610,W,FULLERTON AVE,2515,,,,,,,2,NO INDICATION OF INJURY,0,0,0,0,0,2,0,3,1,3,2,0,3,1,3
CLEAR,DAYLIGHT,TURNING,DIVIDED - W/MEDIAN (NOT RAISED),,STRAIGHT AND LEVEL,WET,NO DEFECTS,NOT ON SCENE (DESK REPORT),NO INJURY / DRIVE AWAY,Y,,,"OVER $1,500",03/16/2025 10:20,DISREGARDING STOP SIGN,DISREGARDING STOP SIGN,11800,S,MICHIGAN AVE,532,,,,,,,2,NO INDICATION OF INJURY,0,0,0,0,0,2,0,1,1,3,2,0,1,1,3
CLEAR,DAYLIGHT,REAR END,NOT DIVIDED,,STRAIGHT AND LEVEL,DRY,NO DEFECTS,ON SCENE,NO INJURY / DRIVE AWAY,,,,"OVER $1,500",01/14/2025 15:50,FAILING TO REDUCE SPEED TO AVOID CRASH,TEXTING,1830,W,103RD ST,2213,,,,,,,2,NO INDICATION OF INJURY,0,0,0,0,0,3,0,15,3,1,3,0,15,3,1
FREEZING RAIN/DRIZZLE,UNKNOWN,OTHER OBJECT,NOT DIVIDED,,STRAIGHT AND LEVEL,WET,UNKNOWN,NOT ON SCENE (DESK REPORT),NO INJURY / DRIVE AWAY,,,,"OVER $1,500",02/09/2025 10:20,UNABLE TO DETERMINE,UNABLE TO DETERMINE,10300,S,DOTY AVE E,434,,,,,,,1,NO INDICATION OF INJURY,0,0,0,0,0,1,0,17,7,2,1,0,17,7,2
SNOW,DAYLIGHT,TURNING,NOT DIVIDED,,STRAIGHT AND LEVEL,SNOW OR SLUSH,NO DEFECTS,ON SCENE,NO INJURY / DRIVE AWAY,,,Y,"OVER $1,500",02/08/2025 17:01,IMPROPER TURNING/NO SIGNAL,NOT APPLICABLE,4755,S,ASHLAND AVE,933,,,,,,,2,NO INDICATION OF INJURY,0,0,0,0,0,2,0,16,7,2,2,0,16,7,2
CLEAR,DAYLIGHT,PARKED MOTOR VEHICLE,ONE-WAY,,STRAIGHT AND LEVEL,DRY,UNKNOWN,NOT ON SCENE (DESK REPORT),NO INJURY / DRIVE AWAY,,,,"OVER $1,500",04/05/2025 14:00,UNABLE TO DETERMINE,UNABLE TO DETERMINE,3219,N,NEWCASTLE AVE,1632,,,,,,,2,NO INDICATION OF INJURY,0,0,0,0,0,1,0,13,7,4,1,0,13,7,4
CLEAR,DAYLIGHT,FIXED OBJECT,NOT DIVIDED,,STRAIGHT AND LEVEL,DRY,UNKNOWN,ON SCENE,NO INJURY / DRIVE AWAY,,,,"OVER $1,500",08/14/2024 18:38,NOT APPLICABLE,NOT APPLICABLE,1945,N,ELSTON AVE,1433,,,,,,,1,NO INDICATION OF INJURY,0,0,0,0,0,2,0,18,4,8,2,0,18,4,8
CLEAR,DAYLIGHT,ANGLE,NOT DIVIDED,,STRAIGHT AND LEVEL,DRY,NO DEFECTS,ON SCENE,INJURY AND / OR TOW DUE TO CRASH,Y,,,"OVER $1,500",08/14/2024 8:35,DISREGARDING TRAFFIC SIGNALS,NOT APPLICABLE,6200,N,RAVENSWOOD AVE,2413,,,,,,,2,NONINCAPACITATING INJURY,1,0,0,1,0,1,0,8,4,8,1,0,8,4,8
CLEAR,DAYLIGHT,PEDALCYCLIST,DIVIDED - W/MEDIAN (NOT RAISED),,STRAIGHT AND LEVEL,DRY,UNKNOWN,ON SCENE,INJURY AND / OR TOW DUE TO CRASH,,,,"OVER $1,500",08/14/2024 15:59,UNABLE TO DETERMINE,NOT APPLICABLE,1765,N,ELSTON AVE,1433,,,,,,,2,INCAPACITATING INJURY,1,0,1,0,0,1,0,15,4,8,1,0,15,4,8
CLEAR,DAYLIGHT,REAR END,DIVIDED - W/MEDIAN (NOT RAISED),,STRAIGHT AND LEVEL,DRY,NO DEFECTS,ON SCENE,INJURY AND / OR TOW DUE TO CRASH,,,,"OVER $1,500",08/14/2024 8:19,UNABLE TO DETERMINE,UNABLE TO DETERMINE,2836,N,CENTRAL AVE,2514,,,,,,,3,"REPORTED, NOT EVIDENT",1,0,0,0,1,3,0,8,4,8,3,0,8,4,8
CLEAR,DAYLIGHT,SIDESWIPE SAME DIRECTION,CENTER TURN LANE,,STRAIGHT AND LEVEL,DRY,NO DEFECTS,NOT ON SCENE (DESK REPORT),NO INJURY / DRIVE AWAY,,,,"OVER $1,500",01/14/2025 19:00,UNABLE TO DETERMINE,NOT APPLICABLE,3400,N,WESTERN AVE,1921,,,,,,,2,NO INDICATION OF INJURY,0,0,0,0,0,2,0,12,3,1,2,0,12,3,1
CLEAR,DAYLIGHT,SIDESWIPE SAME DIRECTION,NOT DIVIDED,,STRAIGHT AND LEVEL,WET,NO DEFECTS,ON SCENE,INJURY AND / OR TOW DUE TO CRASH,,,,"OVER $1,500",03/16/2025 16:05,DISTRACTION - FROM OUTSIDE VEHICLE,NOT APPLICABLE,8312,S,COTTAGE GROVE AVE,632,,,,,,,2,NO INDICATION OF INJURY,0,0,0,0,0,2,0,16,1,3,2,0,16,1,3
CLEAR,"DARKNESS, LIGHTED ROAD",PARKED MOTOR VEHICLE,NOT DIVIDED,,STRAIGHT AND LEVEL,DRY,NO DEFECTS,NOT ON SCENE (DESK REPORT),NO INJURY / DRIVE AWAY,,,Y,"OVER $1,500",02/08/2025 8:50,UNABLE TO DETERMINE,UNABLE TO DETERMINE,4131,W,69TH ST,833,,,,,,,2,NO INDICATION OF INJURY,0,0,0,0,0,1,0,3,7,2,1,0,3,7,2
CLEAR,DUSK,TURNING,FOUR WAY,,STRAIGHT AND LEVEL,DRY,NO DEFECTS,ON SCENE,INJURY AND / OR TOW DUE TO CRASH,Y,,,"OVER $1,500",01/14/2025 17:09,FAILING TO YIELD RIGHT-OF-WAY,UNABLE TO DETERMINE,1000,N,HOMAN AVE,1121,,,,,,,2,NONINCAPACITATING INJURY,3,0,0,1,2,0,0,17,3,1,0,0,17,3,1
FREEZING RAIN/DRIZZLE,DUSK,HEAD ON,NOT DIVIDED,,STRAIGHT AND LEVEL,WET,NO DEFECTS,ON SCENE,INJURY AND / OR TOW DUE TO CRASH,,,,"OVER $1,500",02/08/2025 19:00,DRIVING SKILLS/KNOWLEDGE/EXPERIENCE,DRIVING SKILLS/KNOWLEDGE/EXPERIENCE,10300,S,CALUMET AVE,512,,,,,,,2,INCAPACITATING INJURY,3,0,2,0,1,1,0,18,7,2,1,0,18,7,2
CLEAR,DAYLIGHT,TURNING,NOT DIVIDED,,STRAIGHT AND LEVEL,DRY,NO DEFECTS,NOT ON SCENE (DESK REPORT),NO INJURY / DRIVE AWAY,,,,"OVER $1,500",03/17/2025 10:22,FOLLOWING TOO CLOSELY,FOLLOWING TOO CLOSELY,169,N,FRANCISCO AVE,1222,,,,,,,2,NO INDICATION OF INJURY,0,0,0,0,0,2,0,13,1,3,2,0,13,1,3
CLEAR,DAYLIGHT,ANGLE,T-INTERSECTION,,STRAIGHT AND LEVEL,DRY,NO DEFECTS,ON SCENE,INJURY AND / OR TOW DUE TO CRASH,Y,,,"OVER $1,500",04/19/2025 16:38,FAILING TO YIELD RIGHT-OF-WAY,NOT APPLICABLE,7800,S,DR MARTIN LUTHER KING JR DR,623,,,,,,,2,INCAPACITATING INJURY,2,0,2,0,0,0,0,16,7,4,0,0,16,7,4
CLEAR,DAYLIGHT,SIDESWIPE SAME DIRECTION,UNKNOWN,,STRAIGHT AND LEVEL,DRY,NO DEFECTS,NOT ON SCENE (DESK REPORT),NO INJURY / DRIVE AWAY,,,,"OVER $1,500",08/14/2024 16:05,FAILING TO YIELD RIGHT-OF-WAY,NOT APPLICABLE,455,N,PARK DR,1834,,,,,,,2,NO INDICATION OF INJURY,0,0,0,0,0,2,0,15,4,8,2,0,15,4,8
CLEAR,DUSK,PARKED MOTOR VEHICLE,ONE-WAY,,STRAIGHT AND LEVEL,DRY,NO DEFECTS,ON SCENE,NO INJURY / DRIVE AWAY,,,Y,"OVER $1,500",08/14/2024 20:46,UNABLE TO DETERMINE,UNABLE TO DETERMINE,2011,N,KILDARE AVE,2522,,,,,,,2,NO INDICATION OF INJURY,0,0,0,0,0,1,0,20,4,8,1,0,20,4,8
CLEAR,DAYLIGHT,PARKED MOTOR VEHICLE,NOT DIVIDED,,STRAIGHT AND LEVEL,DRY,NO DEFECTS,ON SCENE,INJURY AND / OR TOW DUE TO CRASH,,,,"OVER $1,500",08/14/2024 7:39,DISTRACTION - FROM INSIDE VEHICLE,NOT APPLICABLE,1506,N,KOSTNER AVE,2533,,,,,,,2,NO INDICATION OF INJURY,0,0,0,0,0,1,0,7,4,8,1,0,7,4,8
CLEAR,DAYLIGHT,REAR END,ONE-WAY,,STRAIGHT AND LEVEL,ICE,NO DEFECTS,ON SCENE,NO INJURY / DRIVE AWAY,Y,,,"OVER $1,500",01/07/2025 8:45,WEATHER,NOT APPLICABLE,8758,W,BERWYN AVE,1614,,,,,,,2,NO INDICATION OF INJURY,0,0,0,0,0,3,0,8,3,1,3,0,8,3,1
UNKNOWN,DUSK,REAR END,NOT DIVIDED,,STRAIGHT AND LEVEL,SNOW OR SLUSH,UNKNOWN,ON SCENE,INJURY AND / OR TOW DUE TO CRASH,,,,"OVER $1,500",01/14/2025 21:07,UNABLE TO DETERMINE,NOT APPLICABLE,7601,S,CICERO AVE,833,,,,,,,2,NO INDICATION OF INJURY,0,0,0,0,0,2,0,20,3,1,2,0,20,3,1
CLEAR,DAYLIGHT,SIDESWIPE SAME DIRECTION,DIVIDED - W/MEDIAN (NOT RAISED),,STRAIGHT AND LEVEL,DRY,NO DEFECTS,NOT ON SCENE (DESK REPORT),NO INJURY / DRIVE AWAY,,,,"$501 - $1,500",04/05/2025 14:50,IMPROPER LANE USAGE,NOT APPLICABLE,5626,W,55TH ST,811,,,,,,,2,NO INDICATION OF INJURY,0,0,0,0,0,2,0,14,7,4,2,0,14,7,4
CLEAR,DAYLIGHT,REAR END,NOT DIVIDED,,STRAIGHT AND LEVEL,DRY,NO DEFECTS,NOT ON SCENE (DESK REPORT),NO INJURY / DRIVE AWAY,,,,"OVER $1,500",02/10/2025 10:45,FOLLOWING TOO CLOSELY,FOLLOWING TOO CLOSELY,4432,W,LAWRENCE AVE,1712,,,,,,,2,NO INDICATION OF INJURY,0,0,0,0,0,3,0,16,7,2,3,0,16,7,2
CLEAR,DARKNESS,SIDESWIPE SAME DIRECTION,NOT DIVIDED,,STRAIGHT AND LEVEL,DRY,NO DEFECTS,NOT ON SCENE (DESK REPORT),NO INJURY / DRIVE AWAY,,,Y,"OVER $1,500",05/23/2025 22:30,UNABLE TO DETERMINE,UNABLE TO DETERMINE,1560,N,DAMEN AVE,1424,,,,,,,2,NO INDICATION OF INJURY,0,0,0,0,0,2,0,21,6,5,2,0,21,6,5
CLEAR,"DARKNESS, LIGHTED ROAD",TURNING,NOT DIVIDED,,STRAIGHT AND LEVEL,DRY,NO DEFECTS,ON SCENE,INJURY AND / OR TOW DUE TO CRASH,Y,,,"OVER $1,500",01/07/2025 20:01,TURNING RIGHT ON RED,TURNING RIGHT ON RED,3700,W,31ST ST,1031,,,,,,,2,"REPORTED, NOT EVIDENT",2,0,0,0,2,0,0,19,3,1,0,0,19,3,1
CLEAR,DAYLIGHT,PEDESTRIAN,FOUR WAY,,STRAIGHT AND LEVEL,DRY,NO DEFECTS,ON SCENE,INJURY AND / OR TOW DUE TO CRASH,N,,Y,$500 OR LESS,01/07/2025 12:10,UNABLE TO DETERMINE,UNABLE TO DETERMINE,107,S,FRANKLIN ST,122,,,,,,,2,NONINCAPACITATING INJURY,1,0,0,1,0,1,0,12,3,1,1,0,12,3,1
CLEAR,"DARKNESS, LIGHTED ROAD",TURNING,ONE-WAY,,STRAIGHT AND LEVEL,DRY,NO DEFECTS,NOT ON SCENE (DESK REPORT),NO INJURY / DRIVE AWAY,Y,,,"OVER $1,500",09/08/2024 8:40,IMPROPER LANE USAGE,IMPROPER LANE USAGE,315,S,MICHIGAN AVE,114,,,,,,,2,NO INDICATION OF INJURY,0,0,0,0,0,2,0,22,7,9,2,0,22,7,9
CLEAR,DAWN,SIDESWIPE SAME DIRECTION,ONE-WAY,,STRAIGHT AND LEVEL,DRY,NO DEFECTS,ON SCENE,NO INJURY / DRIVE AWAY,,,,"OVER $1,500",12/04/2024 17:08,UNABLE TO DETERMINE,NOT APPLICABLE,8646,S,LAFAYETTE AVE,622,,,,,,,2,NO INDICATION OF INJURY,0,0,0,0,0,2,0,17,4,12,2,0,17,4,12
CLEAR,DAYLIGHT,ANGLE,FOUR WAY,,STRAIGHT AND LEVEL,DRY,NO DEFECTS,NOT ON SCENE (DESK REPORT),NO INJURY / DRIVE AWAY,,,,"OVER $1,500",05/23/2025 19:23,UNABLE TO DETERMINE,IMPROPER OVERTAKING/PASSING,7498,S,YATES BLVD,334,,,,,,,2,NO INDICATION OF INJURY,0,0,0,0,0,2,0,16,6,5,2,0,16,6,5
SNOW,"DARKNESS, LIGHTED ROAD",REAR END,DIVIDED - W/MEDIAN (NOT RAISED),,STRAIGHT AND LEVEL,SNOW OR SLUSH,UNKNOWN,ON SCENE,NO INJURY / DRIVE AWAY,,,,"OVER $1,500",01/14/2025 6:45,WEATHER,WEATHER,4800,W,ARMITAGE AVE,2522,,,,,,,2,NO INDICATION OF INJURY,0,0,0,0,0,2,0,6,3,1,2,0,6,3,1
CLEAR,DAYLIGHT,FIXED OBJECT,NOT DIVIDED,,STRAIGHT AND LEVEL,DRY,NO DEFECTS,ON SCENE,INJURY AND / OR TOW DUE TO CRASH,N,,,"OVER $1,500",02/08/2025 11:09,UNABLE TO DETERMINE,UNABLE TO DETERMINE,9300,S,VINCENNES AVE,2222,,,,,,,1,INCAPACITATING INJURY,1,0,1,0,0,0,0,11,7,2,0,0,11,7,2
RAIN,"DARKNESS, LIGHTED ROAD",SIDESWIPE SAME DIRECTION,NOT DIVIDED,,STRAIGHT AND LEVEL,WET,NO DEFECTS,ON SCENE,NO INJURY / DRIVE AWAY,,,,"OVER $1,500",03/16/2025 3:46,FAILING TO YIELD RIGHT-OF-WAY,WEATHER,3732,W,LELAND AVE,1723,,,,,,,2,NO INDICATION OF INJURY,0,0,0,0,0,2,0,3,1,3,2,0,3,1,3
CLEAR,"DARKNESS, LIGHTED ROAD",SIDESWIPE SAME DIRECTION,NOT DIVIDED,,STRAIGHT AND LEVEL,DRY,NO DEFECTS,ON SCENE,INJURY AND / OR TOW DUE TO CRASH,Y,,N,"OVER $1,500",04/05/2025 19:49,PHYSICAL CONDITION OF DRIVER,UNDER THE INFLUENCE OF ALCOHOL/DRUGS (USE WHEN ARREST IS EFFECTED),2700,W,NORTH AVE,1421,,,,,,,4,NO INDICATION OF INJURY,0,0,0,0,0,5,0,19,7,4,5,0,19,7,4
CLEAR,DAYLIGHT,PARKED MOTOR VEHICLE,ALLEY,,STRAIGHT AND LEVEL,DRY,NO DEFECTS,NOT ON SCENE (DESK REPORT),NO INJURY / DRIVE AWAY,,,Y,"OVER $1,500",08/14/2024 13:45,UNABLE TO DETERMINE,NOT APPLICABLE,1503,S,HOMAN AVE,1021,,,,,,,2,NO INDICATION OF INJURY,0,0,0,0,0,1,0,12,4,8,1,0,12,4,8
CLEAR,DAYLIGHT,TURNING,DIVIDED - W/MEDIAN (NOT RAISED),,STRAIGHT AND LEVEL,DRY,NO DEFECTS,ON SCENE,INJURY AND / OR TOW DUE TO CRASH,Y,,,"OVER $1,500",09/07/2024 10:03,UNABLE TO DETERMINE,UNABLE TO DETERMINE,4700,S,KNOX AVE,815,,,,,,,2,NO INDICATION OF INJURY,0,0,0,0,0,2,0,9,7,9,2,0,9,7,9
CLEAR,DAYLIGHT,PARKED MOTOR VEHICLE,DIVIDED - W/MEDIAN (NOT RAISED),,STRAIGHT AND LEVEL,UNKNOWN,UNKNOWN,NOT ON SCENE (DESK REPORT),NO INJURY / DRIVE AWAY,,,Y,"$501 - $1,500",09/15/2024 7:45,IMPROPER LANE USAGE,UNABLE TO DETERMINE,5155,N,EAST RIVER RD,1614,,,,,,,2,NO INDICATION OF INJURY,0,0,0,0,0,1,0,19,7,9,1,0,19,7,9
CLEAR,"DARKNESS, LIGHTED ROAD",SIDESWIPE SAME DIRECTION,NOT DIVIDED,,STRAIGHT AND LEVEL,DRY,UNKNOWN,ON SCENE,NO INJURY / DRIVE AWAY,,,,"OVER $1,500",12/04/2024 18:26,UNABLE TO DETERMINE,UNABLE TO DETERMINE,5241,W,MADISON ST,1522,,,,,,,2,NO INDICATION OF INJURY,0,0,0,0,0,2,0,18,4,12,2,0,18,4,12
CLEAR,DAYLIGHT,PARKED MOTOR VEHICLE,NOT DIVIDED,,STRAIGHT AND LEVEL,DRY,UNKNOWN,ON SCENE,NO INJURY / DRIVE AWAY,,,,"OVER $1,500",05/23/2025 16:32,NOT APPLICABLE,NOT APPLICABLE,4631,N,BROADWAY,1914,,,,,,,2,NO INDICATION OF INJURY,0,0,0,0,0,1,0,16,6,5,1,0,16,6,5
CLEAR,DAYLIGHT,REAR END,NOT DIVIDED,,STRAIGHT AND LEVEL,DRY,NO DEFECTS,NOT ON SCENE (DESK REPORT),NO INJURY / DRIVE AWAY,Y,,,"OVER $1,500",01/14/2025 10:09,FOLLOWING TOO CLOSELY,NOT APPLICABLE,1,N,DEARBORN ST,112,,,,,,,2,NO INDICATION OF INJURY,0,0,0,0,0,2,0,8,3,1,2,0,8,3,1
CLEAR,"DARKNESS, LIGHTED ROAD",TURNING,OTHER,,STRAIGHT AND LEVEL,UNKNOWN,UNKNOWN,NOT ON SCENE (DESK REPORT),NO INJURY / DRIVE AWAY,,,Y,"OVER $1,500",03/16/2025 19:55,UNABLE TO DETERMINE,NOT APPLICABLE,1656,S,CENTRAL PARK AVE,1014,,,,,,,2,NO INDICATION OF INJURY,0,0,0,0,0,2,0,19,1,3,2,0,19,1,3
CLEAR,DAYLIGHT,REAR END,DIVIDED - W/MEDIAN (NOT RAISED),,STRAIGHT AND LEVEL,DRY,UNKNOWN,ON SCENE,NO INJURY / DRIVE AWAY,N,,,"$501 - $1,500",08/14/2024 12:27,FOLLOWING TOO CLOSELY,FOLLOWING TOO CLOSELY,4800,W,DIVERSEY AVE,2521,,,,,,,2,NO INDICATION OF INJURY,0,0,0,0,0,3,0,12,4,8,3,0,12,4,8
CLEAR,DAYLIGHT,REAR END,NOT DIVIDED,,STRAIGHT AND LEVEL,ICE,NO DEFECTS,NOT ON SCENE (DESK REPORT),NO INJURY / DRIVE AWAY,,,,"$501 - $1,500",01/07/2025 9:30,WEATHER,FOLLOWING TOO CLOSELY,3537,N,WESTERN AVE,1921,,,,,,,3,NO INDICATION OF INJURY,0,0,0,0,0,3,0,8,3,1,3,0,8,3,1
CLEAR,UNKNOWN,PARKED MOTOR VEHICLE,NOT DIVIDED,,STRAIGHT AND LEVEL,DRY,NO DEFECTS,ON SCENE,INJURY AND / OR TOW DUE TO CRASH,,,Y,"OVER $1,500",09/07/2024 7:40,UNABLE TO DETERMINE,UNABLE TO DETERMINE,4333,W,66TH ST,833,,,,,,,3,NO INDICATION OF INJURY,0,0,0,0,0,1,0,2,7,9,1,0,2,7,9
CLEAR,DAYLIGHT,TURNING,ONE-WAY,,STRAIGHT AND LEVEL,DRY,NO DEFECTS,NOT ON SCENE (DESK REPORT),NO INJURY / DRIVE AWAY,,,Y,"$501 - $1,500",12/04/2024 18:45,IMPROPER TURNING/NO SIGNAL,IMPROPER TURNING/NO SIGNAL,34,W,RANDOLPH ST,111,,,,,,,2,NO INDICATION OF INJURY,0,0,0,0,0,2,0,17,4,12,2,0,17,4,12
CLEAR,DAYLIGHT,REAR END,NOT DIVIDED,,STRAIGHT AND LEVEL,DRY,NO DEFECTS,NOT ON SCENE (DESK REPORT),NO INJURY / DRIVE AWAY,,,,"OVER $1,500",10/05/2024 15:00,FAILING TO REDUCE SPEED TO AVOID CRASH,NOT APPLICABLE,4459,W,ARMITAGE AVE,2533,,,,,,,2,NO INDICATION OF INJURY,0,0,0,0,0,3,0,13,7,10,3,0,13,7,10