WEATHER_CONDITION,LIGHTING_CONDITION,FIRST_CRASH_TYPE,TRAFFICWAY_TYPE,LANE_CNT,ALIGNMENT,ROADWAY_SURFACE_COND,ROAD_DEFECT,REPORT_TYPE,CRASH_TYPE,INTERSECTION_RELATED_I,NOT_RIGHT_OF_WAY_I,HIT_AND_RUN_I,DAMAGE,DATE_POLICE_NOTIFIED,PRIM_CONTRIBUTORY_CAUSE,SEC_CONTRIBUTORY_CAUSE,STREET_NO,STREET_DIRECTION,STREET_NAME,BEAT_OF_OCCURRENCE,PHOTOS_TAKEN_I,STATEMENTS_TAKEN_I,DOORING_I,WORK_ZONE_I,WORK_ZONE_TYPE,WORKERS_PRESENT_I,NUM_UNITS,MOST_SEVERE_INJURY,INJURIES_TOTAL,INJURIES_FATAL,INJURIES_INCAPACITATING,INJURIES_NON_INCAPACITATING,INJURIES_REPORTED_NOT_EVIDENT,INJURIES_NO_INDICATION,INJURIES_UNKNOWN,CRASH_HOUR,CRASH_DAY_OF_WEEK,CRASH_MONTH,INJURIES_NO_INDICATION,INJURIES_UNKNOWN,CRASH_HOUR,CRASH_DAY_OF_WEEK,CRASH_MONTH
UNKNOWN,UNKNOWN,PARKED MOTOR VEHICLE,ONE-WAY,,STRAIGHT AND LEVEL,UNKNOWN,UNKNOWN,NOT ON SCENE (DESK REPORT),NO INJURY / DRIVE AWAY,,,Y,"OVER $1,500",05/23/2025 21:00,UNABLE TO DETERMINE,NOT APPLICABLE,341,N,KARLOV AVE,1114,,,,,,,2,NO INDICATION OF INJURY,0,0,0,0,0,1,0,10,6,5,1,0,10,6,5
SNOW,DAYLIGHT,TURNING,NOT DIVIDED,,STRAIGHT AND LEVEL,SNOW OR SLUSH,NO DEFECTS,NOT ON SCENE (DESK REPORT),NO INJURY / DRIVE AWAY,,,,"OVER $1,500",01/14/2025 8:35,WEATHER,UNABLE TO DETERMINE,7900,S,KEDZIE AVE,834,,,,,,,2,NO INDICATION OF INJURY,0,0,0,0,0,2,0,8,3,1,2,0,8,3,1
SNOW,DAYLIGHT,SIDESWIPE SAME DIRECTION,NOT DIVIDED,,STRAIGHT AND LEVEL,SNOW OR SLUSH,UNKNOWN,ON SCENE,NO INJURY / DRIVE AWAY,,,Y,"OVER $1,500",01/14/2025 13:55,UNABLE TO DETERMINE,UNABLE TO DETERMINE,6152,N,CENTRAL AVE,1621,,,,,,,2,NO INDICATION OF INJURY,0,0,0,0,0,2,0,13,3,1,2,0,13,3,1
CLEAR,DAYLIGHT,REAR END,NOT DIVIDED,,STRAIGHT AND LEVEL,DRY,NO DEFECTS,NOT ON SCENE (DESK REPORT),NO INJURY / DRIVE AWAY,,,,"OVER $1,500",05/24/2025 10:40,FOLLOWING TOO CLOSELY,UNABLE TO DETERMINE,4851,S,PULASKI RD,821,,,,,,,2,NO INDICATION OF INJURY,0,0,0,0,0,2,0,17,6,5,2,0,17,6,5
CLEAR,DAYLIGHT,REAR END,NOT DIVIDED,,STRAIGHT AND LEVEL,DRY,NO DEFECTS,ON SCENE,INJURY AND / OR TOW DUE TO CRASH,,,,"OVER $1,500",11/04/2024 11:25,UNABLE TO DETERMINE,NOT APPLICABLE,2968,W,111TH ST,2211,,,,,,,2,NO INDICATION OF INJURY,0,0,0,0,0,3,0,11,2,11,3,0,11,2,11
UNKNOWN,DAYLIGHT,PARKED MOTOR VEHICLE,NOT DIVIDED,,STRAIGHT AND LEVEL,UNKNOWN,UNKNOWN,NOT ON SCENE (DESK REPORT),NO INJURY / DRIVE AWAY,,,Y,"$501 - $1,500",11/04/2024 16:05,UNABLE TO DETERMINE,UNABLE TO DETERMINE,519,N,LARAMIE AVE,1532,,,,,,,2,NO INDICATION OF INJURY,0,0,0,0,0,1,0,15,2,11,1,0,15,2,11
UNKNOWN,UNKNOWN,PEDESTRIAN,UNKNOWN,,STRAIGHT AND LEVEL,UNKNOWN,UNKNOWN,NOT ON SCENE (DESK REPORT),INJURY AND / OR TOW DUE TO CRASH,,,Y,$500 OR LESS,10/07/2024 16:11,UNABLE TO DETERMINE,UNABLE TO DETERMINE,4700,S,GREENWOOD AVE,222,,,,,,,2,NONINCAPACITATING INJURY,1,0,0,1,0,1,0,0,7,10,1,0,0,7,10
CLEAR,DAYLIGHT,SIDESWIPE SAME DIRECTION,DIVIDED - W/MEDIAN (NOT RAISED),,STRAIGHT AND LEVEL,UNKNOWN,UNKNOWN,,NO INJURY / DRIVE AWAY,,,,"OVER $1,500",02/21/2025 15:26,UNABLE TO DETERMINE,NOT APPLICABLE,5979,N,RIDGE AVE,2012,,,,,,,2,NO INDICATION OF INJURY,0,0,0,0,0,2,0,14,6,2,2,0,14,6,2
CLEAR,DAYLIGHT,REAR END,OTHER,,STRAIGHT ON HILLCREST,DRY,UNKNOWN,NOT ON SCENE (DESK REPORT),NO INJURY / DRIVE AWAY,,,,"OVER $1,500",01/07/2025 7:55,UNABLE TO DETERMINE,UNABLE TO DETERMINE,7115,S,PULASKI RD,833,,,,,,,2,NO INDICATION OF INJURY,0,0,0,0,0,2,0,7,3,1,2,0,7,3,1
CLEAR,"DARKNESS, LIGHTED ROAD",REAR TO FRONT,PARKING LOT,,STRAIGHT AND LEVEL,UNKNOWN,UNKNOWN,NOT ON SCENE (DESK REPORT),NO INJURY / DRIVE AWAY,,,,"OVER $1,500",12/04/2024 18:40,IMPROPER BACKING,UNABLE TO DETERMINE,5601,W,LAWRENCE AVE,1622,,,,,,,2,NO INDICATION OF INJURY,0,0,0,0,0,2,0,18,4,12,2,0,18,4,12
RAIN,DUSK,REAR END,DIVIDED - W/MEDIAN (NOT RAISED),,STRAIGHT AND LEVEL,WET,NO DEFECTS,ON SCENE,INJURY AND / OR TOW DUE TO CRASH,,,,"$501 - $1,500",09/26/2023 9:20,WEATHER,NOT APPLICABLE,3441,W,GRAND AVE,1121,,,,,,,2,"REPORTED, NOT EVIDENT",3,0,0,0,3,0,0,8,3,9,0,0,8,3,9
CLEAR,"DARKNESS, LIGHTED ROAD",REAR END,DIVIDED - W/MEDIAN BARRIER,,STRAIGHT AND LEVEL,DRY,UNKNOWN,ON SCENE,NO INJURY / DRIVE AWAY,,,,"$501 - $1,500",03/16/2025 19:35,FOLLOWING TOO CLOSELY,NOT APPLICABLE,800,W,ROOSEVELT RD,1232,,,,,,,3,NO INDICATION OF INJURY,0,0,0,0,0,3,0,19,1,3,3,0,19,1,3
CLEAR,DAYLIGHT,TURNING,FOUR WAY,,STRAIGHT AND LEVEL,DRY,NO DEFECTS,ON SCENE,INJURY AND / OR TOW DUE TO CRASH,Y,,,"OVER $1,500",05/23/2025 18:06,UNABLE TO DETERMINE,UNABLE TO DETERMINE,6801,W,FOREST PRESERVE AVE,1632,,,,,,,2,NONINCAPACITATING INJURY,1,0,0,1,0,1,0,18,6,5,1,0,18,6,5
CLEAR,DAYLIGHT,TURNING,FOUR WAY,,STRAIGHT AND LEVEL,SNOW OR SLUSH,UNKNOWN,ON SCENE,NO INJURY / DRIVE AWAY,Y,,,"OVER $1,500",01/14/2025 16:18,FAILING TO YIELD RIGHT-OF-WAY,IMPROPER BACKING,1450,E,130TH ST,434,,,,,,,2,NO INDICATION OF INJURY,0,0,0,0,0,2,0,16,3,1,2,0,16,3,1
CLEAR,"DARKNESS, LIGHTED ROAD",PARKED MOTOR VEHICLE,DIVIDED - W/MEDIAN (NOT RAISED),,STRAIGHT ON GRADE,DRY,NO DEFECTS,ON SCENE,NO INJURY / DRIVE AWAY,,,Y,"$501 - $1,500",01/14/2025 21:12,IMPROPER BACKING,FAILING TO REDUCE SPEED TO AVOID CRASH,2238,S,CANAL ST,914,,,,,,,2,NO INDICATION OF INJURY,0,0,0,0,0,2,0,21,3,1,2,0,21,3,1
CLEAR,DAYLIGHT,ANGLE,NOT DIVIDED,,STRAIGHT AND LEVEL,DRY,NO DEFECTS,,INJURY AND / OR TOW DUE TO CRASH,Y,,,"OVER $1,500",08/28/2024 16:33,FAILING TO YIELD RIGHT-OF-WAY,NOT APPLICABLE,3756,W,MARQUETTE RD,833,,,,,,,2,NONINCAPACITATING INJURY,2,0,0,2,0,1,0,16,4,8,1,0,16,4,8
CLEAR,DAYLIGHT,TURNING,DIVIDED - W/MEDIAN BARRIER,,STRAIGHT AND LEVEL,DRY,UNKNOWN,ON SCENE,NO INJURY / DRIVE AWAY,,,,"OVER $1,500",08/14/2024 16:39,IMPROPER TURNING/NO SIGNAL,IMPROPER OVERTAKING/PASSING,4003,N,CUMBERLAND AVE,1614,,,,,,,2,NO INDICATION OF INJURY,0,0,0,0,0,2,0,16,4,8,2,0,16,4,8
CLEAR,DAYLIGHT,REAR END,FOUR WAY,,STRAIGHT AND LEVEL,DRY,NO DEFECTS,ON SCENE,NO INJURY / DRIVE AWAY,,,,"$501 - $1,500",08/14/2024 13:34,UNABLE TO DETERMINE,NOT APPLICABLE,2759,N,OAK PARK AVE,2512,,,,,,,2,NO INDICATION OF INJURY,0,0,0,0,0,2,0,13,4,8,2,0,13,4,8
CLEAR,"DARKNESS, LIGHTED ROAD",TURNING,NOT DIVIDED,,STRAIGHT AND LEVEL,WET,NO DEFECTS,NOT ON SCENE (DESK REPORT),NO INJURY / DRIVE AWAY,,,,"OVER $1,500",01/23/2024 18:30,FAILING TO YIELD RIGHT-OF-WAY,UNABLE TO DETERMINE,2828,N,PULASKI RD,2523,,,,,,,2,NO INDICATION OF INJURY,0,0,0,0,0,2,0,17,3,1,2,0,17,3,1
CLOUDY/OVERCAST,DUSK,ANGLE,NOT DIVIDED,,STRAIGHT AND LEVEL,WET,UNKNOWN,NOT ON SCENE (DESK REPORT),INJURY AND / OR TOW DUE TO CRASH,Y,,,"OVER $1,500",03/16/2025 18:44,DISREGARDING TRAFFIC SIGNALS,DRIVING SKILLS/KNOWLEDGE/EXPERIENCE,5201,W,ADDISON ST,1634,,,,,,,2,"REPORTED, NOT EVIDENT",1,0,0,0,1,4,0,18,1,3,4,0,18,1,3
CLEAR,DAYLIGHT,TURNING,NOT DIVIDED,,STRAIGHT AND LEVEL,WET,NO DEFECTS,NOT ON SCENE (DESK REPORT),NO INJURY / DRIVE AWAY,,,Y,"OVER $1,500",01/14/2025 16:56,NOT APPLICABLE,NOT APPLICABLE,5602,S,OAKLEY AVE,824,,,,,,,2,NO INDICATION OF INJURY,0,0,0,0,0,2,0,15,3,1,2,0,15,3,1
UNKNOWN,DAYLIGHT,REAR END,DIVIDED - W/MEDIAN (NOT RAISED),,STRAIGHT AND LEVEL,UNKNOWN,UNKNOWN,NOT ON SCENE (DESK REPORT),NO INJURY / DRIVE AWAY,,,,"$501 - $1,500",04/05/2025 16:30,UNABLE TO DETERMINE,NOT APPLICABLE,1700,W,PETERSON AVE,2433,,,,,,,2,NO INDICATION OF INJURY,0,0,0,0,0,2,0,15,7,4,2,0,15,7,4
CLEAR,DAYLIGHT,PARKED MOTOR VEHICLE,PARKING LOT,,STRAIGHT AND LEVEL,SNOW OR SLUSH,NO DEFECTS,NOT ON SCENE (DESK REPORT),NO INJURY / DRIVE AWAY,,Y,,$500 OR LESS,01/15/2025 9:50,"VISION OBSCURED (SIGNS, TREE LIMBS, BUILDINGS, ETC.)",UNABLE TO DETERMINE,2150,S,CHINA PL,914,,,,,,,2,NO INDICATION OF INJURY,0,0,0,0,0,2,0,10,3,1,2,0,10,3,1
CLEAR,DAYLIGHT,PARKED MOTOR VEHICLE,ONE-WAY,,STRAIGHT AND LEVEL,DRY,NO DEFECTS,ON SCENE,INJURY AND / OR TOW DUE TO CRASH,,,Y,"OVER $1,500",09/08/2024 15:09,UNABLE TO DETERMINE,UNABLE TO DETERMINE,3102,W,ARGYLE ST,1713,,,,,,,2,NO INDICATION OF INJURY,0,0,0,0,0,1,0,13,7,9,1,0,13,7,9
CLOUDY/OVERCAST,"DARKNESS, LIGHTED ROAD",TURNING,NOT DIVIDED,,STRAIGHT AND LEVEL,WET,NO DEFECTS,ON SCENE,NO INJURY / DRIVE AWAY,,,,"$501 - $1,500",11/04/2024 18:30,UNABLE TO DETERMINE,UNABLE TO DETERMINE,4359,W,CONGRESS PKWY,1131,,,,,,,2,NO INDICATION OF INJURY,0,0,0,0,0,2,0,18,2,11,2,0,18,2,11
CLEAR,DUSK,REAR END,DIVIDED - W/MEDIAN BARRIER,,STRAIGHT AND LEVEL,UNKNOWN,UNKNOWN,NOT ON SCENE (DESK REPORT),NO INJURY / DRIVE AWAY,,,Y,"OVER $1,500",11/04/2024 17:45,UNABLE TO DETERMINE,NOT APPLICABLE,701,N,LAKE SHORE DR NB,1834,,,,,,,2,NO INDICATION OF INJURY,0,0,0,0,0,2,0,17,2,11,2,0,17,2,11
CLEAR,DAYLIGHT,PARKED MOTOR VEHICLE,NOT DIVIDED,,STRAIGHT AND LEVEL,DRY,NO DEFECTS,NOT ON SCENE (DESK REPORT),NO INJURY / DRIVE AWAY,,,,$500 OR LESS,08/14/2024 9:10,UNABLE TO DETERMINE,NOT APPLICABLE,409,E,111TH ST,531,,,,,,,2,NO INDICATION OF INJURY,0,0,0,0,0,1,0,8,4,8,1,0,8,4,8
UNKNOWN,UNKNOWN,ANGLE,PARKING LOT,,STRAIGHT AND LEVEL,UNKNOWN,UNKNOWN,NOT ON SCENE (DESK REPORT),NO INJURY / DRIVE AWAY,,,Y,"$501 - $1,500",08/03/2023 13:55,UNABLE TO DETERMINE,NOT APPLICABLE,1320,E,47TH ST,222,,,,,,,2,NO INDICATION OF INJURY,0,0,0,0,0,2,0,14,7,7,2,0,14,7,7
RAIN,DAYLIGHT,TURNING,NOT DIVIDED,,STRAIGHT AND LEVEL,WET,UNKNOWN,NOT ON SCENE (DESK REPORT),NO INJURY / DRIVE AWAY,,,Y,"OVER $1,500",03/16/2025 14:30,IMPROPER TURNING/NO SIGNAL,UNABLE TO DETERMINE,6100,S,DAMEN AVE,714,,,,,,,2,NO INDICATION OF INJURY,0,0,0,0,0,5,0,14,1,3,5,0,14,1,3
CLEAR,DAYLIGHT,FIXED OBJECT,PARKING LOT,,STRAIGHT AND LEVEL,DRY,NO DEFECTS,ON SCENE,NO INJURY / DRIVE AWAY,,Y,,"OVER $1,500",08/26/2023 18:05,DRIVING SKILLS/KNOWLEDGE/EXPERIENCE,UNABLE TO DETERMINE,524,W,OHARE ST,1654,,,,,,,1,NO INDICATION OF INJURY,0,0,0,0,0,1,0,18,7,8,1,0,18,7,8
CLEAR,DARKNESS,SIDESWIPE OPPOSITE DIRECTION,NOT DIVIDED,,STRAIGHT AND LEVEL,UNKNOWN,UNKNOWN,,NO INJURY / DRIVE AWAY,,,Y,"OVER $1,500",07/29/2023 19:00,UNABLE TO DETERMINE,NOT APPLICABLE,999,N,CALIFORNIA AVE,1211,,,,,,,2,NO INDICATION OF INJURY,0,0,0,0,0,2,0,0,7,7,2,0,0,7,7
CLEAR,DAYLIGHT,REAR TO FRONT,PARKING LOT,,STRAIGHT AND LEVEL,DRY,NO DEFECTS,NOT ON SCENE (DESK REPORT),NO INJURY / DRIVE AWAY,,,Y,"OVER $1,500",03/16/2025 19:07,NOT APPLICABLE,NOT APPLICABLE,7921,S,WESTERN AVE,835,,,,,,,2,NO INDICATION OF INJURY,0,0,0,0,0,2,0,18,1,3,2,0,18,1,3
SNOW,DAYLIGHT,TURNING,ONE-WAY,,STRAIGHT AND LEVEL,WET,NO DEFECTS,NOT ON SCENE (DESK REPORT),NO INJURY / DRIVE AWAY,Y,,,"OVER $1,500",03/16/2025 15:00,FAILING TO YIELD RIGHT-OF-WAY,UNABLE TO DETERMINE,1600,E,78TH ST,411,,,,,,,2,NO INDICATION OF INJURY,0,0,0,0,0,3,0,14,1,3,3,0,14,1,3
CLEAR,DAYLIGHT,PARKED MOTOR VEHICLE,ONE-WAY,,STRAIGHT AND LEVEL,DRY,NO DEFECTS,NOT ON SCENE (DESK REPORT),NO INJURY / DRIVE AWAY,,,,"$501 - $1,500",09/07/2024 19:40,UNABLE TO DETERMINE,UNABLE TO DETERMINE,919,N,DEARBORN ST,1832,,,,,,,2,NO INDICATION OF INJURY,0,0,0,0,0,1,0,16,7,9,1,0,16,7,9
CLEAR,DARKNESS,TURNING,NOT DIVIDED,,STRAIGHT AND LEVEL,DRY,NO DEFECTS,NOT ON SCENE (DESK REPORT),NO INJURY / DRIVE AWAY,,,Y,"OVER $1,500",12/10/2024 11:30,DRIVING SKILLS/KNOWLEDGE/EXPERIENCE,UNABLE TO DETERMINE,1500,W,FULLERTON AVE,1932,,,,,,,2,NO INDICATION OF INJURY,0,0,0,0,0,2,0,17,4,12,2,0,17,4,12
CLEAR,DAYLIGHT,SIDESWIPE SAME DIRECTION,NOT DIVIDED,,STRAIGHT AND LEVEL,DRY,NO DEFECTS,ON SCENE,NO INJURY / DRIVE AWAY,Y,,,"$501 - $1,500",12/04/2024 9:43,EQUIPMENT - VEHICLE CONDITION,UNABLE TO DETERMINE,2326,W,79TH ST,835,,,,,,,2,NO INDICATION OF INJURY,0,0,0,0,0,2,0,9,4,12,2,0,9,4,12
RAIN,"DARKNESS, LIGHTED ROAD",ANGLE,FOUR WAY,,STRAIGHT AND LEVEL,WET,NO DEFECTS,ON SCENE,INJURY AND / OR TOW DUE TO CRASH,Y,,,"OVER $1,500",11/04/2024 4:44,WEATHER,NOT APPLICABLE,2200,N,KILBOURN AVE,2522,,,,,,,2,NONINCAPACITATING INJURY,1,0,0,1,0,1,0,4,2,11,1,0,4,2,11
CLEAR,DAYLIGHT,PARKED MOTOR VEHICLE,NOT DIVIDED,,STRAIGHT AND LEVEL,DRY,NO DEFECTS,NOT ON SCENE (DESK REPORT),NO INJURY / DRIVE AWAY,,,Y,"OVER $1,500",05/23/2025 16:10,UNABLE TO DETERMINE,UNABLE TO DETERMINE,318,S,FEDERAL ST,113,,,,,,,2,NO INDICATION OF INJURY,0,0,0,0,0,1,0,11,6,5,1,0,11,6,5
CLEAR,DAYLIGHT,OTHER OBJECT,NOT DIVIDED,,STRAIGHT AND LEVEL,UNKNOWN,UNKNOWN,ON SCENE,NO INJURY / DRIVE AWAY,,,,"OVER $1,500",01/14/2025 23:20,ROAD ENGINEERING/SURFACE/MARKING DEFECTS,ROAD ENGINEERING/SURFACE/MARKING DEFECTS,5334,N,HARLEM AVE,1613,,,,,,,1,NO INDICATION OF INJURY,0,0,0,0,0,1,0,12,3,1,1,0,12,3,1
CLEAR,DAYLIGHT,TURNING,DIVIDED - W/MEDIAN (NOT RAISED),,STRAIGHT AND LEVEL,DRY,NO DEFECTS,ON SCENE,NO INJURY / DRIVE AWAY,,,,"OVER $1,500",12/04/2024 11:00,UNABLE TO DETERMINE,UNABLE TO DETERMINE,5718,W,DIVERSEY AVE,2514,,Y,,,,,2,NO INDICATION OF INJURY,0,0,0,0,0,3,0,10,4,12,3,0,10,4,12
CLEAR,DAYLIGHT,PARKED MOTOR VEHICLE,NOT DIVIDED,,STRAIGHT AND LEVEL,DRY,NO DEFECTS,NOT ON SCENE (DESK REPORT),NO INJURY / DRIVE AWAY,,,,$500 OR LESS,01/14/2025 13:33,UNABLE TO DETERMINE,NOT APPLICABLE,1009,S,WOOD ST,1231,,,,,,,2,NO INDICATION OF INJURY,0,0,0,0,0,2,0,12,3,1,2,0,12,3,1
CLEAR,DARKNESS,ANGLE,FOUR WAY,,STRAIGHT AND LEVEL,DRY,NO DEFECTS,,NO INJURY / DRIVE AWAY,,,,"OVER $1,500",01/25/2025 2:40,DISREGARDING TRAFFIC SIGNALS,NOT APPLICABLE,43,E,GARFIELD BLVD,225,,,,,,,2,NO INDICATION OF INJURY,0,0,0,0,0,2,0,2,7,1,2,0,2,7,1
UNKNOWN,DAYLIGHT,REAR END,NOT DIVIDED,,STRAIGHT AND LEVEL,DRY,NO DEFECTS,NOT ON SCENE (DESK REPORT),INJURY AND / OR TOW DUE TO CRASH,,,,"OVER $1,500",08/19/2024 9:35,UNABLE TO DETERMINE,UNABLE TO DETERMINE,325,W,OHIO ST,1831,,,,,,,2,"REPORTED, NOT EVIDENT",1,0,0,0,1,1,0,18,4,8,1,0,18,4,8
CLEAR,DUSK,REAR END,DIVIDED - W/MEDIAN (NOT RAISED),,STRAIGHT AND LEVEL,DRY,NO DEFECTS,,NO INJURY / DRIVE AWAY,,,,"$501 - $1,500",12/11/2024 16:30,UNABLE TO DETERMINE,UNABLE TO DETERMINE,3100,S,WESTERN BLVD,911,,,,,,,2,NO INDICATION OF INJURY,0,0,0,0,0,2,0,16,4,12,2,0,16,4,12
CLEAR,DARKNESS,TURNING,DIVIDED - W/MEDIAN BARRIER,,STRAIGHT AND LEVEL,DRY,NO DEFECTS,NOT ON SCENE (DESK REPORT),INJURY AND / OR TOW DUE TO CRASH,,,,"OVER $1,500",12/04/2024 14:14,DRIVING ON WRONG SIDE/WRONG WAY,NOT APPLICABLE,1227,E,76TH ST,411,N,,,,,,2,"REPORTED, NOT EVIDENT",1,0,0,0,1,1,0,14,4,12,1,0,14,4,12
CLEAR,DAYLIGHT,SIDESWIPE SAME DIRECTION,DIVIDED - W/MEDIAN BARRIER,,STRAIGHT AND LEVEL,DRY,NO DEFECTS,NOT ON SCENE (DESK REPORT),NO INJURY / DRIVE AWAY,,,,"OVER $1,500",11/04/2024 15:00,ROAD CONSTRUCTION/MAINTENANCE,NOT APPLICABLE,800,N,LAKE SHORE DR,1833,,,,Y,CONSTRUCTION,,2,NO INDICATION OF INJURY,0,0,0,0,0,2,0,14,2,11,2,0,14,2,11
CLEAR,DAYLIGHT,PARKED MOTOR VEHICLE,NOT DIVIDED,,STRAIGHT AND LEVEL,UNKNOWN,UNKNOWN,ON SCENE,INJURY AND / OR TOW DUE TO CRASH,,,,"$501 - $1,500",11/04/2024 14:23,DRIVING SKILLS/KNOWLEDGE/EXPERIENCE,DRIVING SKILLS/KNOWLEDGE/EXPERIENCE,4101,N,RAVENSWOOD AVE,1912,,,,,,,2,NO INDICATION OF INJURY,0,0,0,0,0,1,0,13,2,11,1,0,13,2,11
CLEAR,DAYLIGHT,ANGLE,DIVIDED - W/MEDIAN (NOT RAISED),,STRAIGHT AND LEVEL,DRY,NO DEFECTS,NOT ON SCENE (DESK REPORT),NO INJURY / DRIVE AWAY,,,,"OVER $1,500",01/15/2025 19:40,IMPROPER BACKING,NOT APPLICABLE,10000,W,OHARE ST,1651,,,,,,,2,NO INDICATION OF INJURY,0,0,0,0,0,2,0,16,3,1,2,0,16,3,1
CLEAR,DARKNESS,TURNING,T-INTERSECTION,,STRAIGHT AND LEVEL,DRY,NO DEFECTS,NOT ON SCENE (DESK REPORT),NO INJURY / DRIVE AWAY,,,,"$501 - $1,500",01/14/2025 19:32,IMPROPER OVERTAKING/PASSING,IMPROPER OVERTAKING/PASSING,5486,S,LA SALLE ST,225,,,,,,,2,NO INDICATION OF INJURY,0,0,0,0,0,2,0,18,3,1,2,0,18,3,1
CLEAR,DAYLIGHT,ANGLE,FOUR WAY,,STRAIGHT AND LEVEL,DRY,NO DEFECTS,NOT ON SCENE (DESK REPORT),NO INJURY / DRIVE AWAY,Y,,,"OVER $1,500",05/23/2025 17:21,FAILING TO YIELD RIGHT-OF-WAY,NOT APPLICABLE,7900,S,EMERALD AVE,621,,,,,,,2,NO INDICATION OF INJURY,0,0,0,0,0,3,0,17,6,5,3,0,17,6,5
UNKNOWN,UNKNOWN,SIDESWIPE SAME DIRECTION,PARKING LOT,,STRAIGHT AND LEVEL,UNKNOWN,UNKNOWN,NOT ON SCENE (DESK REPORT),NO INJURY / DRIVE AWAY,,,,"$501 - $1,500",02/10/2025 17:45,UNABLE TO DETERMINE,NOT APPLICABLE,401,N,STATE ST,1834,,,,,,,2,NO INDICATION OF INJURY,0,0,0,0,0,2,0,19,7,2,2,0,19,7,2
CLEAR,DAYLIGHT,FIXED OBJECT,NOT DIVIDED,,STRAIGHT AND LEVEL,WET,NO DEFECTS,ON SCENE,NO INJURY / DRIVE AWAY,,,,"$501 - $1,500",01/14/2025 11:49,UNABLE TO DETERMINE,UNABLE TO DETERMINE,6344,N,NAGLE AVE,1611,,,,,,,1,NO INDICATION OF INJURY,0,0,0,0,0,1,0,11,3,1,1,0,11,3,1
UNKNOWN,DARKNESS,TURNING,FOUR WAY,,STRAIGHT AND LEVEL,UNKNOWN,UNKNOWN,NOT ON SCENE (DESK REPORT),INJURY AND / OR TOW DUE TO CRASH,Y,,,"OVER $1,500",08/16/2024 17:25,UNABLE TO DETERMINE,UNABLE TO DETERMINE,5043,N,CICERO AVE,1712,,,,,,,2,NO INDICATION OF INJURY,0,0,0,0,0,2,0,20,4,8,2,0,20,4,8
CLEAR,DAYLIGHT,ANGLE,NOT DIVIDED,,STRAIGHT AND LEVEL,DRY,NO DEFECTS,NOT ON SCENE (DESK REPORT),NO INJURY / DRIVE AWAY,,,,"OVER $1,500",08/14/2024 11:25,UNABLE TO DETERMINE,UNABLE TO DETERMINE,4334,N,HAZEL ST,1915,,,,,,,2,NO INDICATION OF INJURY,0,0,0,0,0,2,0,10,4,8,2,0,10,4,8
CLOUDY/OVERCAST,DAYLIGHT,TURNING,FOUR WAY,,STRAIGHT AND LEVEL,UNKNOWN,UNKNOWN,ON SCENE,NO INJURY / DRIVE AWAY,Y,,,"OVER $1,500",01/07/2025 16:29,IMPROPER TURNING/NO SIGNAL,FAILING TO REDUCE SPEED TO AVOID CRASH,530,E,GRAND AVE,1834,,,,,,,2,NO INDICATION OF INJURY,0,0,0,0,0,3,0,16,3,1,3,0,16,3,1
CLEAR,DAYLIGHT,SIDESWIPE SAME DIRECTION,ONE-WAY,,STRAIGHT AND LEVEL,DRY,NO DEFECTS,ON SCENE,NO INJURY / DRIVE AWAY,,,,"OVER $1,500",05/23/2025 16:52,IMPROPER OVERTAKING/PASSING,UNABLE TO DETERMINE,4113,N,HAMLIN AVE,1723,,,,,,,2,NO INDICATION OF INJURY,0,0,0,0,0,2,0,16,6,5,2,0,16,6,5
CLOUDY/OVERCAST,DAYLIGHT,TURNING,FOUR WAY,,STRAIGHT AND LEVEL,WET,UNKNOWN,NOT ON SCENE (DESK REPORT),NO INJURY / DRIVE AWAY,Y,,Y,"OVER $1,500",03/16/2025 20:30,UNABLE TO DETERMINE,UNABLE TO DETERMINE,8600,S,JEFFERY BLVD,412,,,,,,,2,NO INDICATION OF INJURY,0,0,0,0,0,2,0,12,1,3,2,0,12,1,3
CLOUDY/OVERCAST,DAYLIGHT,SIDESWIPE SAME DIRECTION,OTHER,,"CURVE, LEVEL",WET,NO DEFECTS,ON SCENE,NO INJURY / DRIVE AWAY,,,,"$501 - $1,500",11/04/2024 15:23,FAILING TO YIELD RIGHT-OF-WAY,DRIVING SKILLS/KNOWLEDGE/EXPERIENCE,1,W,TERMINAL ST,1651,,,,,,,2,NO INDICATION OF INJURY,0,0,0,0,0,2,0,15,2,11,2,0,15,2,11
CLEAR,UNKNOWN,ANGLE,ONE-WAY,,STRAIGHT AND LEVEL,DRY,NO DEFECTS,NOT ON SCENE (DESK REPORT),NO INJURY / DRIVE AWAY,,,,"OVER $1,500",05/31/2025 10:23,UNABLE TO DETERMINE,UNABLE TO DETERMINE,2600,N,HAMLIN AVE,2524,,,,,,,2,NO INDICATION OF INJURY,0,0,0,0,0,4,0,22,6,5,4,0,22,6,5
CLEAR,DAYLIGHT,TURNING,DIVIDED - W/MEDIAN (NOT RAISED),,STRAIGHT AND LEVEL,DRY,NO DEFECTS,ON SCENE,NO INJURY / DRIVE AWAY,,,,"OVER $1,500",05/23/2025 13:34,IMPROPER TURNING/NO SIGNAL,NOT APPLICABLE,3040,S,KEDZIE AVE,1032,,,,,,,2,NO INDICATION OF INJURY,0,0,0,0,0,2,0,13,6,5,2,0,13,6,5