WEATHER_CONDITION,LIGHTING_CONDITION,FIRST_CRASH_TYPE,TRAFFICWAY_TYPE,LANE_CNT,ALIGNMENT,ROADWAY_SURFACE_COND,ROAD_DEFECT,REPORT_TYPE,CRASH_TYPE,INTERSECTION_RELATED_I,NOT_RIGHT_OF_WAY_I,HIT_AND_RUN_I,DAMAGE,DATE_POLICE_NOTIFIED,PRIM_CONTRIBUTORY_CAUSE,SEC_CONTRIBUTORY_CAUSE,STREET_NO,STREET_DIRECTION,STREET_NAME,BEAT_OF_OCCURRENCE,PHOTOS_TAKEN_I,STATEMENTS_TAKEN_I,DOORING_I,WORK_ZONE_I,WORK_ZONE_TYPE,WORKERS_PRESENT_I,NUM_UNITS,MOST_SEVERE_INJURY,INJURIES_TOTAL,INJURIES_FATAL,INJURIES_INCAPACITATING,INJURIES_NON_INCAPACITATING,INJURIES_REPORTED_NOT_EVIDENT,INJURIES_NO_INDICATION,INJURIES_UNKNOWN,CRASH_HOUR,CRASH_DAY_OF_WEEK,CRASH_MONTH,INJURIES_NO_INDICATION,INJURIES_UNKNOWN,CRASH_HOUR,CRASH_DAY_OF_WEEK,CRASH_MONTH
SNOW,DAYLIGHT,ANGLE,NOT DIVIDED,,STRAIGHT AND LEVEL,SNOW OR SLUSH,OTHER,ON SCENE,INJURY AND / OR TOW DUE TO CRASH,Y,,,"OVER $1,500",01/07/2025 8:10,UNABLE TO DETERMINE,NOT APPLICABLE,2800,W,FITCH AVE,2411,,,,,,,2,NO INDICATION OF INJURY,0,0,0,0,0,2,0,8,3,1,2,0,8,3,1
CLEAR,DAYLIGHT,PARKED MOTOR VEHICLE,NOT DIVIDED,,STRAIGHT AND LEVEL,ICE,NO DEFECTS,ON SCENE,NO INJURY / DRIVE AWAY,,,Y,"OVER $1,500",01/07/2025 13:45,UNABLE TO DETERMINE,DRIVING SKILLS/KNOWLEDGE/EXPERIENCE,125,N,ABERDEEN ST,1224,,,,,,,2,NO INDICATION OF INJURY,0,0,0,0,0,1,0,13,3,1,1,0,13,3,1
CLEAR,DAYLIGHT,REAR END,ALLEY,,STRAIGHT AND LEVEL,DRY,NO DEFECTS,ON SCENE,NO INJURY / DRIVE AWAY,,,,$500 OR LESS,12/04/2024 12:50,DRIVING SKILLS/KNOWLEDGE/EXPERIENCE,"VISION OBSCURED (SIGNS, TREE LIMBS, BUILDINGS, ETC.)",4801,N,KENMORE AVE,2024,,,,,,,2,NO INDICATION OF INJURY,0,0,0,0,0,2,0,12,4,12,2,0,12,4,12
CLEAR,DAYLIGHT,PARKED MOTOR VEHICLE,NOT DIVIDED,,STRAIGHT AND LEVEL,DRY,NO DEFECTS,NOT ON SCENE (DESK REPORT),NO INJURY / DRIVE AWAY,,,Y,"OVER $1,500",12/04/2024 13:30,UNABLE TO DETERMINE,UNABLE TO DETERMINE,8649,S,COTTAGE GROVE AVE,632,,,,,,,3,NO INDICATION OF INJURY,0,0,0,0,0,1,0,12,4,12,1,0,12,4,12
RAIN,DAYLIGHT,ANGLE,FOUR WAY,,STRAIGHT AND LEVEL,WET,NO DEFECTS,ON SCENE,INJURY AND / OR TOW DUE TO CRASH,Y,,Y,"OVER $1,500",11/04/2024 10:12,WEATHER,WEATHER,1800,S,KOMENSKY AVE,1012,,,,,,,2,NONINCAPACITATING INJURY,1,0,0,1,0,2,0,10,2,11,2,0,10,2,11
UNKNOWN,UNKNOWN,REAR END,FOUR WAY,,STRAIGHT AND LEVEL,UNKNOWN,UNKNOWN,NOT ON SCENE (DESK REPORT),NO INJURY / DRIVE AWAY,Y,,,"OVER $1,500",01/14/2025 16:50,UNABLE TO DETERMINE,UNABLE TO DETERMINE,1613,W,ADDISON ST,1922,,,,,,,3,NO INDICATION OF INJURY,0,0,0,0,0,3,0,16,3,1,3,0,16,3,1
CLEAR,DAYLIGHT,TURNING,NOT DIVIDED,,STRAIGHT AND LEVEL,DRY,NO DEFECTS,NOT ON SCENE (DESK REPORT),NO INJURY / DRIVE AWAY,Y,,,"OVER $1,500",08/14/2024 15:15,IMPROPER TURNING/NO SIGNAL,NOT APPLICABLE,800,E,57TH ST,235,,,,,,,2,NO INDICATION OF INJURY,0,0,0,0,0,2,0,8,4,8,2,0,8,4,8
CLEAR,DARKNESS,REAR END,FOUR WAY,,STRAIGHT AND LEVEL,WET,NO DEFECTS,NOT ON SCENE (DESK REPORT),NO INJURY / DRIVE AWAY,Y,,,"OVER $1,500",01/07/2025 7:00,DISTRACTION - FROM OUTSIDE VEHICLE,UNABLE TO DETERMINE,1401,S,LAKE SHORE DR NB,132,,,,,,,2,NO INDICATION OF INJURY,0,0,0,0,0,2,0,6,3,1,2,0,6,3,1
CLEAR,DARKNESS,FIXED OBJECT,PARKING LOT,,STRAIGHT AND LEVEL,DRY,NO DEFECTS,ON SCENE,NO INJURY / DRIVE AWAY,,,,"OVER $1,500",09/07/2024 4:30,IMPROPER BACKING,IMPROPER BACKING,2272,S,ARCHER AVE,914,,,,,,,1,NO INDICATION OF INJURY,0,0,0,0,0,2,0,4,7,9,2,0,4,7,9
CLEAR,DAYLIGHT,PARKED MOTOR VEHICLE,NOT DIVIDED,,STRAIGHT AND LEVEL,DRY,NO DEFECTS,ON SCENE,NO INJURY / DRIVE AWAY,,,Y,"OVER $1,500",09/07/2024 16:04,UNABLE TO DETERMINE,UNABLE TO DETERMINE,1484,N,HONORE ST,1424,,,,,,,2,NO INDICATION OF INJURY,0,0,0,0,0,1,0,16,7,9,1,0,16,7,9
UNKNOWN,UNKNOWN,PARKED MOTOR VEHICLE,ONE-WAY,,STRAIGHT AND LEVEL,UNKNOWN,NO DEFECTS,NOT ON SCENE (DESK REPORT),NO INJURY / DRIVE AWAY,,,Y,"OVER $1,500",09/08/2024 13:38,UNABLE TO DETERMINE,NOT APPLICABLE,5412,W,FERDINAND ST,1523,,,,,,,2,NO INDICATION OF INJURY,0,0,0,0,0,1,0,22,7,9,1,0,22,7,9
RAIN,DAYLIGHT,ANGLE,FOUR WAY,,STRAIGHT AND LEVEL,WET,NO DEFECTS,ON SCENE,NO INJURY / DRIVE AWAY,Y,,Y,"OVER $1,500",02/08/2025 16:23,UNABLE TO DETERMINE,NOT APPLICABLE,7300,S,PAXTON AVE,333,,,,,,,2,NO INDICATION OF INJURY,0,0,0,0,0,2,0,16,7,2,2,0,16,7,2
CLEAR,DAYLIGHT,PARKED MOTOR VEHICLE,ONE-WAY,,STRAIGHT AND LEVEL,ICE,UNKNOWN,ON SCENE,NO INJURY / DRIVE AWAY,,,Y,"$501 - $1,500",01/15/2025 9:55,DRIVING ON WRONG SIDE/WRONG WAY,WEATHER,8454,S,BENNETT AVE,412,,,,,,,2,NO INDICATION OF INJURY,0,0,0,0,0,1,0,12,3,1,1,0,12,3,1
CLEAR,DAYLIGHT,REAR END,DIVIDED - W/MEDIAN (NOT RAISED),,STRAIGHT AND LEVEL,DRY,NO DEFECTS,ON SCENE,INJURY AND / OR TOW DUE TO CRASH,,,,"OVER $1,500",08/14/2024 16:03,FAILING TO REDUCE SPEED TO AVOID CRASH,FOLLOWING TOO CLOSELY,3259,N,CICERO AVE,1731,,,,,,,2,NO INDICATION OF INJURY,0,0,0,0,0,3,0,16,4,8,3,0,16,4,8
CLEAR,DAYLIGHT,PARKED MOTOR VEHICLE,PARKING LOT,,STRAIGHT AND LEVEL,DRY,NO DEFECTS,NOT ON SCENE (DESK REPORT),NO INJURY / DRIVE AWAY,,,Y,"$501 - $1,500",01/10/2025 16:17,FOLLOWING TOO CLOSELY,FOLLOWING TOO CLOSELY,1528,E,55TH ST,234,,,,,,,2,NO INDICATION OF INJURY,0,0,0,0,0,1,0,16,3,1,1,0,16,3,1
UNKNOWN,UNKNOWN,PARKED MOTOR VEHICLE,ONE-WAY,,STRAIGHT AND LEVEL,ICE,UNKNOWN,ON SCENE,NO INJURY / DRIVE AWAY,,,Y,"OVER $1,500",01/07/2025 11:42,UNABLE TO DETERMINE,UNABLE TO DETERMINE,1957,N,LOWELL AVE,2534,,,,,,,2,NO INDICATION OF INJURY,0,0,0,0,0,1,0,8,3,1,1,0,8,3,1
CLEAR,DAYLIGHT,TURNING,FOUR WAY,,STRAIGHT AND LEVEL,DRY,NO DEFECTS,NOT ON SCENE (DESK REPORT),NO INJURY / DRIVE AWAY,Y,,,"OVER $1,500",01/07/2025 14:48,UNABLE TO DETERMINE,UNABLE TO DETERMINE,5700,S,MORGAN ST,712,,,,,,,2,NO INDICATION OF INJURY,0,0,0,0,0,2,0,13,3,1,2,0,13,3,1
CLEAR,DARKNESS,REAR END,DIVIDED - W/MEDIAN (NOT RAISED),,STRAIGHT AND LEVEL,DRY,NO DEFECTS,NOT ON SCENE (DESK REPORT),NO INJURY / DRIVE AWAY,,,,"$501 - $1,500",01/07/2025 17:48,FOLLOWING TOO CLOSELY,DRIVING SKILLS/KNOWLEDGE/EXPERIENCE,65,E,LOWER WACKER DR,111,,,,,,,3,NO INDICATION OF INJURY,0,0,0,0,0,3,0,17,3,1,3,0,17,3,1
SNOW,DAYLIGHT,ANGLE,ONE-WAY,,STRAIGHT AND LEVEL,SNOW OR SLUSH,UNKNOWN,NOT ON SCENE (DESK REPORT),NO INJURY / DRIVE AWAY,,,,"OVER $1,500",01/14/2025 10:30,UNABLE TO DETERMINE,UNABLE TO DETERMINE,5619,N,CAMPBELL AVE,2011,,,,,,,2,NO INDICATION OF INJURY,0,0,0,0,0,2,0,9,3,1,2,0,9,3,1
RAIN,DAYLIGHT,REAR END,NOT DIVIDED,,STRAIGHT AND LEVEL,WET,NO DEFECTS,ON SCENE,NO INJURY / DRIVE AWAY,Y,,Y,$500 OR LESS,02/08/2025 14:21,FOLLOWING TOO CLOSELY,IMPROPER TURNING/NO SIGNAL,4,S,MORGAN ST,1232,,,,,,,2,NO INDICATION OF INJURY,0,0,0,0,0,2,0,14,7,2,2,0,14,7,2
SNOW,DAWN,FIXED OBJECT,ONE-WAY,,STRAIGHT AND LEVEL,SNOW OR SLUSH,UNKNOWN,ON SCENE,INJURY AND / OR TOW DUE TO CRASH,,,,"OVER $1,500",01/14/2025 7:42,WEATHER,NOT APPLICABLE,7000,S,STATE ST,322,,,,,,,1,NONINCAPACITATING INJURY,2,0,0,2,0,0,0,7,3,1,0,0,7,3,1
UNKNOWN,"DARKNESS, LIGHTED ROAD",REAR END,DIVIDED - W/MEDIAN (NOT RAISED),,STRAIGHT AND LEVEL,UNKNOWN,UNKNOWN,,NO INJURY / DRIVE AWAY,,,Y,"OVER $1,500",01/24/2025 20:05,FOLLOWING TOO CLOSELY,NOT APPLICABLE,411,N,DESPLAINES ST,1214,,,,,,,2,NO INDICATION OF INJURY,0,0,0,0,0,2,0,19,6,1,2,0,19,6,1
CLEAR,DAYLIGHT,REAR END,NOT DIVIDED,,STRAIGHT AND LEVEL,UNKNOWN,UNKNOWN,NOT ON SCENE (DESK REPORT),NO INJURY / DRIVE AWAY,,,,"OVER $1,500",08/14/2024 7:20,FOLLOWING TOO CLOSELY,FOLLOWING TOO CLOSELY,66,E,BALBO AVE,123,,,,,,,2,NO INDICATION OF INJURY,0,0,0,0,0,2,0,6,4,8,2,0,6,4,8
CLEAR,DAYLIGHT,TURNING,DIVIDED - W/MEDIAN (NOT RAISED),,STRAIGHT AND LEVEL,DRY,NO DEFECTS,NOT ON SCENE (DESK REPORT),NO INJURY / DRIVE AWAY,,,,"OVER $1,500",08/14/2024 13:30,FOLLOWING TOO CLOSELY,UNABLE TO DETERMINE,2098,W,NORTH AVE,1434,,,,,,,2,NO INDICATION OF INJURY,0,0,0,0,0,3,0,12,4,8,3,0,12,4,8
SNOW,"DARKNESS, LIGHTED ROAD",PARKED MOTOR VEHICLE,DIVIDED - W/MEDIAN BARRIER,,STRAIGHT AND LEVEL,SNOW OR SLUSH,NO DEFECTS,ON SCENE,NO INJURY / DRIVE AWAY,,,,"OVER $1,500",01/14/2025 23:31,UNABLE TO DETERMINE,UNABLE TO DETERMINE,614,S,WESTERN AVE,1135,,,,,,,2,NO INDICATION OF INJURY,0,0,0,0,0,1,0,23,3,1,1,0,23,3,1
CLEAR,DAYLIGHT,SIDESWIPE OPPOSITE DIRECTION,ALLEY,,STRAIGHT AND LEVEL,DRY,NO DEFECTS,NOT ON SCENE (DESK REPORT),INJURY AND / OR TOW DUE TO CRASH,,,N,"OVER $1,500",08/14/2024 15:10,"OPERATING VEHICLE IN ERRATIC, RECKLESS, CARELESS, NEGLIGENT OR AGGRESSIVE MANNER",NOT APPLICABLE,4424,W,VAN BUREN ST,1131,,,,,,,2,NO INDICATION OF INJURY,0,0,0,0,0,3,0,15,4,8,3,0,15,4,8
CLEAR,DAYLIGHT,SIDESWIPE SAME DIRECTION,DIVIDED - W/MEDIAN (NOT RAISED),,STRAIGHT AND LEVEL,DRY,NO DEFECTS,,NO INJURY / DRIVE AWAY,,,,"OVER $1,500",01/07/2025 16:35,UNABLE TO DETERMINE,UNABLE TO DETERMINE,8250,S,COTTAGE GROVE AVE,631,,,,,,,2,NO INDICATION OF INJURY,0,0,0,0,0,3,0,15,3,1,3,0,15,3,1
UNKNOWN,UNKNOWN,TURNING,DIVIDED - W/MEDIAN (NOT RAISED),,STRAIGHT AND LEVEL,UNKNOWN,UNKNOWN,NOT ON SCENE (DESK REPORT),NO INJURY / DRIVE AWAY,,,,"$501 - $1,500",01/07/2025 14:35,UNABLE TO DETERMINE,NOT APPLICABLE,157,N,WESTERN AVE,1223,,,,,,,2,NO INDICATION OF INJURY,0,0,0,0,0,2,0,14,3,1,2,0,14,3,1
CLEAR,DAYLIGHT,SIDESWIPE SAME DIRECTION,ONE-WAY,,STRAIGHT AND LEVEL,DRY,NO DEFECTS,NOT ON SCENE (DESK REPORT),NO INJURY / DRIVE AWAY,,,Y,"OVER $1,500",09/07/2024 17:00,UNABLE TO DETERMINE,UNABLE TO DETERMINE,1125,N,LAKE SHORE DR,1824,,,,,,,2,NO INDICATION OF INJURY,0,0,0,0,0,8,0,14,7,9,8,0,14,7,9
CLEAR,"DARKNESS, LIGHTED ROAD",PARKED MOTOR VEHICLE,ONE-WAY,,STRAIGHT AND LEVEL,DRY,NO DEFECTS,ON SCENE,INJURY AND / OR TOW DUE TO CRASH,,,,"OVER $1,500",08/12/2024 2:55,UNABLE TO DETERMINE,NOT APPLICABLE,3638,N,KEELER AVE,1731,,,,,,,3,NO INDICATION OF INJURY,0,0,0,0,0,1,0,2,2,8,1,0,2,2,8
CLEAR,"DARKNESS, LIGHTED ROAD",SIDESWIPE SAME DIRECTION,Y-INTERSECTION,,STRAIGHT AND LEVEL,WET,UNKNOWN,ON SCENE,NO INJURY / DRIVE AWAY,Y,,,"$501 - $1,500",01/14/2025 17:48,UNABLE TO DETERMINE,NOT APPLICABLE,30,E,BALBO AVE,123,,,,,,,2,NO INDICATION OF INJURY,0,0,0,0,0,2,0,17,3,1,2,0,17,3,1
UNKNOWN,"DARKNESS, LIGHTED ROAD",REAR TO FRONT,DIVIDED - W/MEDIAN (NOT RAISED),,STRAIGHT AND LEVEL,UNKNOWN,UNKNOWN,NOT ON SCENE (DESK REPORT),NO INJURY / DRIVE AWAY,,,N,"$501 - $1,500",02/08/2025 18:35,UNABLE TO DETERMINE,NOT APPLICABLE,2902,W,FULLERTON AVE,1414,,,,,,,2,NO INDICATION OF INJURY,0,0,0,0,0,2,0,18,7,2,2,0,18,7,2
CLEAR,"DARKNESS, LIGHTED ROAD",TURNING,Y-INTERSECTION,,STRAIGHT AND LEVEL,DRY,NO DEFECTS,NOT ON SCENE (DESK REPORT),NO INJURY / DRIVE AWAY,Y,,Y,"OVER $1,500",02/08/2025 1:50,UNABLE TO DETERMINE,NOT APPLICABLE,900,N,HALSTED ST,1822,,,,,,,2,NO INDICATION OF INJURY,0,0,0,0,0,5,0,1,7,2,5,0,1,7,2
CLEAR,DAYLIGHT,SIDESWIPE SAME DIRECTION,NOT DIVIDED,,STRAIGHT AND LEVEL,DRY,NO DEFECTS,ON SCENE,NO INJURY / DRIVE AWAY,,,,"OVER $1,500",10/05/2024 10:10,IMPROPER TURNING/NO SIGNAL,IMPROPER TURNING/NO SIGNAL,4329,W,FLOURNOY ST,1131,,,,,,,2,NO INDICATION OF INJURY,0,0,0,0,0,2,0,10,7,10,2,0,10,7,10
CLEAR,DUSK,SIDESWIPE SAME DIRECTION,NOT DIVIDED,,STRAIGHT AND LEVEL,DRY,NO DEFECTS,NOT ON SCENE (DESK REPORT),NO INJURY / DRIVE AWAY,,,Y,$500 OR LESS,08/12/2024 1:45,IMPROPER LANE USAGE,UNABLE TO DETERMINE,6244,S,DR MARTIN LUTHER KING JR DR,311,,,,,,,2,NO INDICATION OF INJURY,0,0,0,0,0,2,0,1,2,8,2,0,1,2,8
CLEAR,DAYLIGHT,SIDESWIPE SAME DIRECTION,NOT DIVIDED,,STRAIGHT AND LEVEL,DRY,NO DEFECTS,ON SCENE,NO INJURY / DRIVE AWAY,,,,"OVER $1,500",08/12/2024 14:00,FAILING TO YIELD RIGHT-OF-WAY,UNABLE TO DETERMINE,3923,W,NORTH AVE,2535,,,,,,,2,NO INDICATION OF INJURY,0,0,0,0,0,2,0,10,2,8,2,0,10,2,8
CLEAR,DAYLIGHT,PARKED MOTOR VEHICLE,ALLEY,,STRAIGHT AND LEVEL,DRY,NO DEFECTS,NOT ON SCENE (DESK REPORT),NO INJURY / DRIVE AWAY,,,,"OVER $1,500",11/04/2024 17:00,UNABLE TO DETERMINE,UNABLE TO DETERMINE,1533,W,MONTANA ST,1932,,,,,,,2,NO INDICATION OF INJURY,0,0,0,0,0,1,0,10,2,11,1,0,10,2,11
CLEAR,DAYLIGHT,PARKED MOTOR VEHICLE,NOT DIVIDED,,STRAIGHT AND LEVEL,DRY,NO DEFECTS,ON SCENE,NO INJURY / DRIVE AWAY,,,,$500 OR LESS,07/22/2024 15:45,IMPROPER BACKING,IMPROPER BACKING,4931,S,LANGLEY AVE,223,,,,,,,2,NO INDICATION OF INJURY,0,0,0,0,0,2,0,15,2,7,2,0,15,2,7
UNKNOWN,DARKNESS,PARKED MOTOR VEHICLE,NOT DIVIDED,,STRAIGHT AND LEVEL,ICE,NO DEFECTS,ON SCENE,NO INJURY / DRIVE AWAY,,,Y,"OVER $1,500",01/07/2025 7:15,"OPERATING VEHICLE IN ERRATIC, RECKLESS, CARELESS, NEGLIGENT OR AGGRESSIVE MANNER",UNABLE TO DETERMINE,2856,W,46TH ST,922,,,,,,,2,NO INDICATION OF INJURY,0,0,0,0,0,1,0,2,3,1,1,0,2,3,1
CLEAR,DAYLIGHT,REAR END,DIVIDED - W/MEDIAN (NOT RAISED),,STRAIGHT AND LEVEL,DRY,UNKNOWN,NOT ON SCENE (DESK REPORT),NO INJURY / DRIVE AWAY,,,,"OVER $1,500",10/05/2024 8:34,UNABLE TO DETERMINE,UNABLE TO DETERMINE,244,W,CERMAK RD,914,,,,,,,2,NO INDICATION OF INJURY,0,0,0,0,0,2,0,7,7,10,2,0,7,7,10
CLEAR,DAYLIGHT,PARKED MOTOR VEHICLE,ONE-WAY,,STRAIGHT AND LEVEL,DRY,NO DEFECTS,ON SCENE,NO INJURY / DRIVE AWAY,,,Y,"OVER $1,500",08/12/2024 14:57,UNABLE TO DETERMINE,UNABLE TO DETERMINE,10700,S,AVENUE H,432,,,,,,,2,NO INDICATION OF INJURY,0,0,0,0,0,1,0,6,2,8,1,0,6,2,8
CLEAR,DAYLIGHT,TURNING,FOUR WAY,,STRAIGHT AND LEVEL,DRY,NO DEFECTS,ON SCENE,INJURY AND / OR TOW DUE TO CRASH,Y,,,"OVER $1,500",08/14/2024 17:56,UNABLE TO DETERMINE,UNABLE TO DETERMINE,3599,W,NORTH AVE,1422,,N,,,,,3,"REPORTED, NOT EVIDENT",2,0,0,0,2,2,0,17,4,8,2,0,17,4,8
CLEAR,DAYLIGHT,HEAD ON,FOUR WAY,,STRAIGHT AND LEVEL,DRY,NO DEFECTS,ON SCENE,INJURY AND / OR TOW DUE TO CRASH,Y,,Y,"OVER $1,500",08/14/2024 18:40,DRIVING ON WRONG SIDE/WRONG WAY,IMPROPER OVERTAKING/PASSING,6300,S,PULASKI RD,813,Y,Y,,,,,4,NONINCAPACITATING INJURY,2,0,0,2,0,3,0,18,4,8,3,0,18,4,8
CLEAR,DAYLIGHT,ANGLE,FOUR WAY,,STRAIGHT AND LEVEL,DRY,UNKNOWN,ON SCENE,INJURY AND / OR TOW DUE TO CRASH,Y,,,"OVER $1,500",08/12/2024 17:11,UNABLE TO DETERMINE,NOT APPLICABLE,6600,S,ST LAWRENCE AVE,321,,,,,,,2,"REPORTED, NOT EVIDENT",1,0,0,0,1,2,0,17,2,8,2,0,17,2,8
CLEAR,DAYLIGHT,FIXED OBJECT,OTHER,,STRAIGHT AND LEVEL,ICE,NO DEFECTS,ON SCENE,INJURY AND / OR TOW DUE TO CRASH,,,N,"OVER $1,500",01/14/2025 15:41,NOT APPLICABLE,NOT APPLICABLE,500,W,WASHINGTON BLVD,121,,,,,,,1,"REPORTED, NOT EVIDENT",1,0,0,0,1,0,0,15,3,1,0,0,15,3,1
CLEAR,"DARKNESS, LIGHTED ROAD",PARKED MOTOR VEHICLE,PARKING LOT,,STRAIGHT AND LEVEL,UNKNOWN,UNKNOWN,,NO INJURY / DRIVE AWAY,,Y,Y,"OVER $1,500",02/10/2025 18:00,UNABLE TO DETERMINE,NOT APPLICABLE,2218,N,NEWLAND AVE,2512,,,,,,,2,NO INDICATION OF INJURY,0,0,0,0,0,1,0,17,7,2,1,0,17,7,2
UNKNOWN,UNKNOWN,SIDESWIPE SAME DIRECTION,UNKNOWN,,STRAIGHT AND LEVEL,UNKNOWN,UNKNOWN,NOT ON SCENE (DESK REPORT),NO INJURY / DRIVE AWAY,,,Y,$500 OR LESS,08/15/2024 15:14,UNABLE TO DETERMINE,UNABLE TO DETERMINE,5973,N,CLARK ST,2013,,,,,,,2,NO INDICATION OF INJURY,0,0,0,0,0,2,0,17,4,8,2,0,17,4,8
CLEAR,DAYLIGHT,PARKED MOTOR VEHICLE,NOT DIVIDED,,STRAIGHT AND LEVEL,DRY,NO DEFECTS,ON SCENE,NO INJURY / DRIVE AWAY,,,Y,"$501 - $1,500",10/05/2024 15:48,FAILING TO REDUCE SPEED TO AVOID CRASH,DRIVING SKILLS/KNOWLEDGE/EXPERIENCE,4936,S,ASHLAND AVE,931,,,,,,,2,NO INDICATION OF INJURY,0,0,0,0,0,2,0,15,7,10,2,0,15,7,10
CLEAR,DAYLIGHT,PARKED MOTOR VEHICLE,NOT DIVIDED,,STRAIGHT AND LEVEL,DRY,NO DEFECTS,NOT ON SCENE (DESK REPORT),NO INJURY / DRIVE AWAY,,,,"OVER $1,500",10/05/2024 12:15,DRIVING SKILLS/KNOWLEDGE/EXPERIENCE,UNABLE TO DETERMINE,5101,S,WENTWORTH AVE,225,,,,,,,2,NO INDICATION OF INJURY,0,0,0,0,0,1,0,11,7,10,1,0,11,7,10
CLEAR,"DARKNESS, LIGHTED ROAD",ANGLE,DIVIDED - W/MEDIAN (NOT RAISED),,STRAIGHT AND LEVEL,DRY,NO DEFECTS,ON SCENE,INJURY AND / OR TOW DUE TO CRASH,,,Y,"OVER $1,500",08/12/2024 0:08,FAILING TO YIELD RIGHT-OF-WAY,NOT APPLICABLE,11647,S,HALSTED ST,524,,,,,,,2,NO INDICATION OF INJURY,0,0,0,0,0,4,0,0,2,8,4,0,0,2,8
CLEAR,DAYLIGHT,TURNING,NOT DIVIDED,,STRAIGHT AND LEVEL,DRY,NO DEFECTS,ON SCENE,INJURY AND / OR TOW DUE TO CRASH,Y,,,"OVER $1,500",08/12/2024 21:44,FAILING TO YIELD RIGHT-OF-WAY,NOT APPLICABLE,4009,N,ALBANY AVE,1724,,,,,,,2,INCAPACITATING INJURY,3,0,1,0,2,1,0,21,2,8,1,0,21,2,8
CLOUDY/OVERCAST,DUSK,PEDESTRIAN,PARKING LOT,,STRAIGHT AND LEVEL,WET,NO DEFECTS,ON SCENE,NO INJURY / DRIVE AWAY,,Y,,$500 OR LESS,11/04/2024 15:05,UNABLE TO DETERMINE,UNABLE TO DETERMINE,10900,S,DOTY AVE W,513,,,,,,,2,NO INDICATION OF INJURY,0,0,0,0,0,2,0,14,2,11,2,0,14,2,11
FREEZING RAIN/DRIZZLE,"DARKNESS, LIGHTED ROAD",PARKED MOTOR VEHICLE,NOT DIVIDED,,STRAIGHT AND LEVEL,WET,NO DEFECTS,ON SCENE,NO INJURY / DRIVE AWAY,,,,"OVER $1,500",01/14/2025 17:47,DISTRACTION - FROM OUTSIDE VEHICLE,RELATED TO BUS STOP,6250,S,COTTAGE GROVE AVE,313,,,,,,,2,NO INDICATION OF INJURY,0,0,0,0,0,2,0,17,3,1,2,0,17,3,1
UNKNOWN,UNKNOWN,REAR END,T-INTERSECTION,,STRAIGHT AND LEVEL,UNKNOWN,UNKNOWN,NOT ON SCENE (DESK REPORT),NO INJURY / DRIVE AWAY,Y,,,"OVER $1,500",01/14/2025 12:50,UNABLE TO DETERMINE,UNABLE TO DETERMINE,138,W,CERMAK RD,914,,,,,,,2,NO INDICATION OF INJURY,0,0,0,0,0,2,0,12,3,1,2,0,12,3,1
CLEAR,DAYLIGHT,PARKED MOTOR VEHICLE,PARKING LOT,,STRAIGHT AND LEVEL,DRY,NO DEFECTS,NOT ON SCENE (DESK REPORT),NO INJURY / DRIVE AWAY,,Y,,"$501 - $1,500",04/05/2025 13:59,NOT APPLICABLE,NOT APPLICABLE,4555,S,WESTERN AVE,922,,,,,,,2,NO INDICATION OF INJURY,0,0,0,0,0,3,0,13,7,4,3,0,13,7,4
CLEAR,DAYLIGHT,SIDESWIPE SAME DIRECTION,DIVIDED - W/MEDIAN (NOT RAISED),,STRAIGHT AND LEVEL,DRY,NO DEFECTS,ON SCENE,NO INJURY / DRIVE AWAY,N,,,$500 OR LESS,08/12/2024 11:34,IMPROPER OVERTAKING/PASSING,UNABLE TO DETERMINE,757,N,CICERO AVE,1111,,,,,,,2,NO INDICATION OF INJURY,0,0,0,0,0,2,0,11,2,8,2,0,11,2,8
UNKNOWN,"DARKNESS, LIGHTED ROAD",ANGLE,FOUR WAY,,STRAIGHT AND LEVEL,UNKNOWN,UNKNOWN,ON SCENE,INJURY AND / OR TOW DUE TO CRASH,Y,Y,,"OVER $1,500",11/04/2024 18:42,UNABLE TO DETERMINE,UNABLE TO DETERMINE,799,W,88TH ST,2223,,,,,,,2,NONINCAPACITATING INJURY,1,0,0,1,0,1,0,18,2,11,1,0,18,2,11
RAIN,DAYLIGHT,REAR END,DIVIDED - W/MEDIAN (NOT RAISED),,STRAIGHT AND LEVEL,WET,NO DEFECTS,NOT ON SCENE (DESK REPORT),NO INJURY / DRIVE AWAY,,,,"$501 - $1,500",09/22/2024 8:40,FOLLOWING TOO CLOSELY,FOLLOWING TOO CLOSELY,13,E,79TH ST,623,,,,,,,2,NO INDICATION OF INJURY,0,0,0,0,0,2,0,8,1,9,2,0,8,1,9
CLEAR,"DARKNESS, LIGHTED ROAD",TURNING,FOUR WAY,,STRAIGHT AND LEVEL,DRY,NO DEFECTS,ON SCENE,INJURY AND / OR TOW DUE TO CRASH,,,Y,"OVER $1,500",10/05/2024 1:30,FAILING TO YIELD RIGHT-OF-WAY,NOT APPLICABLE,2400,N,CENTRAL AVE,2515,,,,,,,2,NO INDICATION OF INJURY,0,0,0,0,0,2,0,1,7,10,2,0,1,7,10
CLEAR,DAYLIGHT,TURNING,NOT DIVIDED,,STRAIGHT AND LEVEL,DRY,UNKNOWN,ON SCENE,INJURY AND / OR TOW DUE TO CRASH,,,,"OVER $1,500",08/12/2024 9:45,UNABLE TO DETERMINE,UNABLE TO DETERMINE,6331,S,CICERO AVE,813,,,,,,,2,"REPORTED, NOT EVIDENT",1,0,0,0,1,1,0,9,2,8,1,0,9,2,8