WEATHER_CONDITION,LIGHTING_CONDITION,FIRST_CRASH_TYPE,TRAFFICWAY_TYPE,LANE_CNT,ALIGNMENT,ROADWAY_SURFACE_COND,ROAD_DEFECT,REPORT_TYPE,CRASH_TYPE,INTERSECTION_RELATED_I,NOT_RIGHT_OF_WAY_I,HIT_AND_RUN_I,DAMAGE,DATE_POLICE_NOTIFIED,PRIM_CONTRIBUTORY_CAUSE,SEC_CONTRIBUTORY_CAUSE,STREET_NO,STREET_DIRECTION,STREET_NAME,BEAT_OF_OCCURRENCE,PHOTOS_TAKEN_I,STATEMENTS_TAKEN_I,DOORING_I,WORK_ZONE_I,WORK_ZONE_TYPE,WORKERS_PRESENT_I,NUM_UNITS,MOST_SEVERE_INJURY,INJURIES_TOTAL,INJURIES_FATAL,INJURIES_INCAPACITATING,INJURIES_NON_INCAPACITATING,INJURIES_REPORTED_NOT_EVIDENT,INJURIES_NO_INDICATION,INJURIES_UNKNOWN,CRASH_HOUR,CRASH_DAY_OF_WEEK,CRASH_MONTH,INJURIES_NO_INDICATION,INJURIES_UNKNOWN,CRASH_HOUR,CRASH_DAY_OF_WEEK,CRASH_MONTH
CLEAR,DAYLIGHT,TURNING,DIVIDED - W/MEDIAN (NOT RAISED),,STRAIGHT AND LEVEL,DRY,NO DEFECTS,,NO INJURY / DRIVE AWAY,,,,"OVER $1,500",04/05/2025 14:41,UNABLE TO DETERMINE,NOT APPLICABLE,2501,W,CERMAK RD,1034,,,,,,,2,NO INDICATION OF INJURY,0,0,0,0,0,6,0,14,7,4,6,0,14,7,4
CLEAR,DAYLIGHT,ANGLE,FOUR WAY,,STRAIGHT AND LEVEL,WET,NO DEFECTS,ON SCENE,NO INJURY / DRIVE AWAY,Y,,,"OVER $1,500",01/14/2025 12:28,FAILING TO YIELD RIGHT-OF-WAY,FAILING TO YIELD RIGHT-OF-WAY,8300,S,PAULINA ST,614,,,,,,,2,NO INDICATION OF INJURY,0,0,0,0,0,2,0,12,3,1,2,0,12,3,1
CLEAR,DAYLIGHT,REAR TO SIDE,FOUR WAY,,STRAIGHT AND LEVEL,DRY,UNKNOWN,NOT ON SCENE (DESK REPORT),NO INJURY / DRIVE AWAY,Y,,,"OVER $1,500",04/05/2025 15:50,IMPROPER BACKING,PHYSICAL CONDITION OF DRIVER,1644,E,77TH ST,414,,,,,,,2,NO INDICATION OF INJURY,0,0,0,0,0,3,0,15,7,4,3,0,15,7,4
CLEAR,DAYLIGHT,PARKED MOTOR VEHICLE,DRIVEWAY,,STRAIGHT AND LEVEL,DRY,NO DEFECTS,ON SCENE,NO INJURY / DRIVE AWAY,,,Y,$500 OR LESS,01/07/2025 11:13,NOT APPLICABLE,NOT APPLICABLE,2600,S,PRAIRIE AVE,133,,,,,,,2,NO INDICATION OF INJURY,0,0,0,0,0,1,0,11,3,1,1,0,11,3,1
CLEAR,DAYLIGHT,ANGLE,FOUR WAY,,STRAIGHT AND LEVEL,DRY,NO DEFECTS,ON SCENE,INJURY AND / OR TOW DUE TO CRASH,Y,,,"OVER $1,500",08/12/2024 13:44,FAILING TO YIELD RIGHT-OF-WAY,DISREGARDING STOP SIGN,2158,W,FLETCHER ST,1931,,,,,,,2,NO INDICATION OF INJURY,0,0,0,0,0,4,0,13,2,8,4,0,13,2,8
UNKNOWN,"DARKNESS, LIGHTED ROAD",PARKED MOTOR VEHICLE,NOT DIVIDED,,STRAIGHT AND LEVEL,UNKNOWN,UNKNOWN,,INJURY AND / OR TOW DUE TO CRASH,,,Y,"OVER $1,500",08/25/2024 10:45,UNABLE TO DETERMINE,UNABLE TO DETERMINE,6827,W,56TH ST,811,,,,,,,2,NO INDICATION OF INJURY,0,0,0,0,0,1,0,1,1,8,1,0,1,1,8
CLEAR,DAYLIGHT,FIXED OBJECT,PARKING LOT,,STRAIGHT AND LEVEL,DRY,NO DEFECTS,ON SCENE,NO INJURY / DRIVE AWAY,,Y,,"OVER $1,500",08/12/2024 15:44,EQUIPMENT - VEHICLE CONDITION,UNABLE TO DETERMINE,6250,N,CLARK ST,2433,,,,,,,1,NO INDICATION OF INJURY,0,0,0,0,0,2,0,15,2,8,2,0,15,2,8
CLEAR,DAYLIGHT,SIDESWIPE SAME DIRECTION,NOT DIVIDED,,STRAIGHT AND LEVEL,DRY,NO DEFECTS,NOT ON SCENE (DESK REPORT),NO INJURY / DRIVE AWAY,,,,"OVER $1,500",08/18/2024 17:25,IMPROPER OVERTAKING/PASSING,IMPROPER OVERTAKING/PASSING,6100,S,COTTAGE GROVE AVE,313,,,,,,,2,NO INDICATION OF INJURY,0,0,0,0,0,2,0,10,2,8,2,0,10,2,8
CLEAR,DAYLIGHT,PARKED MOTOR VEHICLE,NOT DIVIDED,,STRAIGHT AND LEVEL,UNKNOWN,NO DEFECTS,NOT ON SCENE (DESK REPORT),NO INJURY / DRIVE AWAY,,,,"OVER $1,500",02/10/2025 13:50,UNABLE TO DETERMINE,UNABLE TO DETERMINE,5707,N,CENTRAL AVE,1623,,,,,,,2,NO INDICATION OF INJURY,0,0,0,0,0,1,0,17,7,2,1,0,17,7,2
RAIN,DARKNESS,PARKED MOTOR VEHICLE,FOUR WAY,,STRAIGHT AND LEVEL,WET,NO DEFECTS,ON SCENE,NO INJURY / DRIVE AWAY,N,,Y,"$501 - $1,500",04/05/2025 0:56,UNABLE TO DETERMINE,NOT APPLICABLE,8501,S,DORCHESTER AVE,412,,Y,,,,,2,NO INDICATION OF INJURY,0,0,0,0,0,1,0,0,7,4,1,0,0,7,4
CLEAR,"DARKNESS, LIGHTED ROAD",TURNING,PARKING LOT,,STRAIGHT AND LEVEL,DRY,UNKNOWN,ON SCENE,INJURY AND / OR TOW DUE TO CRASH,,Y,,"OVER $1,500",08/14/2024 4:30,IMPROPER OVERTAKING/PASSING,UNABLE TO DETERMINE,3400,E,126TH ST,433,,,,,,,2,NO INDICATION OF INJURY,0,0,0,0,0,2,0,4,4,8,2,0,4,4,8
CLEAR,DAYLIGHT,FIXED OBJECT,PARKING LOT,,STRAIGHT AND LEVEL,DRY,NO DEFECTS,ON SCENE,NO INJURY / DRIVE AWAY,,,,$500 OR LESS,08/14/2024 11:56,UNABLE TO DETERMINE,UNABLE TO DETERMINE,2714,N,HALSTED ST,1935,,,,,,,1,NO INDICATION OF INJURY,0,0,0,0,0,1,0,11,4,8,1,0,11,4,8
CLEAR,DAYLIGHT,REAR END,FOUR WAY,,STRAIGHT AND LEVEL,DRY,UNKNOWN,ON SCENE,NO INJURY / DRIVE AWAY,Y,,,"OVER $1,500",01/07/2025 8:03,FAILING TO REDUCE SPEED TO AVOID CRASH,UNABLE TO DETERMINE,7100,S,STONY ISLAND AVE,324,,,,,,,2,NO INDICATION OF INJURY,0,0,0,0,0,3,0,8,3,1,3,0,8,3,1
UNKNOWN,DAYLIGHT,ANGLE,NOT DIVIDED,,STRAIGHT AND LEVEL,UNKNOWN,UNKNOWN,NOT ON SCENE (DESK REPORT),NO INJURY / DRIVE AWAY,,,,"OVER $1,500",01/14/2025 14:30,UNABLE TO DETERMINE,NOT APPLICABLE,3046,N,HALSTED ST,1933,,,,,,,2,NO INDICATION OF INJURY,0,0,0,0,0,2,0,9,3,1,2,0,9,3,1
CLEAR,"DARKNESS, LIGHTED ROAD",SIDESWIPE SAME DIRECTION,ONE-WAY,,STRAIGHT AND LEVEL,DRY,UNKNOWN,NOT ON SCENE (DESK REPORT),NO INJURY / DRIVE AWAY,,,,"OVER $1,500",01/14/2025 18:15,IMPROPER OVERTAKING/PASSING,FAILING TO YIELD RIGHT-OF-WAY,533,N,ORLEANS ST,1831,,,,,,,2,NO INDICATION OF INJURY,0,0,0,0,0,2,0,16,3,1,2,0,16,3,1
CLEAR,DAYLIGHT,SIDESWIPE OPPOSITE DIRECTION,NOT DIVIDED,,STRAIGHT AND LEVEL,DRY,UNKNOWN,ON SCENE,INJURY AND / OR TOW DUE TO CRASH,,,,"$501 - $1,500",01/07/2025 16:09,UNABLE TO DETERMINE,UNABLE TO DETERMINE,2839,N,LARAMIE AVE,2521,,,,,,,2,NO INDICATION OF INJURY,0,0,0,0,0,3,0,16,3,1,3,0,16,3,1
CLEAR,UNKNOWN,PARKED MOTOR VEHICLE,OTHER,,STRAIGHT AND LEVEL,DRY,NO DEFECTS,ON SCENE,NO INJURY / DRIVE AWAY,,Y,Y,"OVER $1,500",10/05/2024 20:50,UNABLE TO DETERMINE,UNABLE TO DETERMINE,642,N,PULASKI RD,1111,,,,,,,2,NO INDICATION OF INJURY,0,0,0,0,0,1,0,15,7,10,1,0,15,7,10
CLEAR,"DARKNESS, LIGHTED ROAD",REAR END,FOUR WAY,,STRAIGHT AND LEVEL,DRY,UNKNOWN,NOT ON SCENE (DESK REPORT),NO INJURY / DRIVE AWAY,,,Y,"OVER $1,500",10/05/2024 21:58,UNABLE TO DETERMINE,NOT APPLICABLE,1202,S,INDEPENDENCE BLVD,1011,,,,,,,2,NO INDICATION OF INJURY,0,0,0,0,0,2,0,21,7,10,2,0,21,7,10
CLEAR,DAYLIGHT,REAR END,NOT DIVIDED,,STRAIGHT AND LEVEL,DRY,UNKNOWN,NOT ON SCENE (DESK REPORT),NO INJURY / DRIVE AWAY,,,N,$500 OR LESS,10/05/2024 14:58,NOT APPLICABLE,NOT APPLICABLE,2420,N,CICERO AVE,2521,,,,,,,2,NO INDICATION OF INJURY,0,0,0,0,0,2,0,14,7,10,2,0,14,7,10
CLEAR,DAYLIGHT,PARKED MOTOR VEHICLE,ONE-WAY,,STRAIGHT AND LEVEL,DRY,NO DEFECTS,ON SCENE,NO INJURY / DRIVE AWAY,Y,,,"OVER $1,500",02/08/2025 8:39,"VISION OBSCURED (SIGNS, TREE LIMBS, BUILDINGS, ETC.)",UNABLE TO DETERMINE,7724,S,HONORE ST,611,,,,,,,3,NO INDICATION OF INJURY,0,0,0,0,0,4,0,8,7,2,4,0,8,7,2
CLEAR,DAYLIGHT,PARKED MOTOR VEHICLE,NOT DIVIDED,,STRAIGHT AND LEVEL,DRY,NO DEFECTS,NOT ON SCENE (DESK REPORT),NO INJURY / DRIVE AWAY,,,Y,"$501 - $1,500",04/06/2025 11:40,UNABLE TO DETERMINE,UNABLE TO DETERMINE,1316,W,BRYN MAWR AVE,2013,,,,,,,2,NO INDICATION OF INJURY,0,0,0,0,0,1,0,16,7,4,1,0,16,7,4
CLEAR,"DARKNESS, LIGHTED ROAD",PARKED MOTOR VEHICLE,ONE-WAY,,STRAIGHT AND LEVEL,DRY,NO DEFECTS,NOT ON SCENE (DESK REPORT),INJURY AND / OR TOW DUE TO CRASH,,,Y,"OVER $1,500",03/17/2025 11:40,UNABLE TO DETERMINE,UNABLE TO DETERMINE,1937,W,RACE AVE,1221,,,,,,,2,NO INDICATION OF INJURY,0,0,0,0,0,1,0,22,1,3,1,0,22,1,3
RAIN,"DARKNESS, LIGHTED ROAD",SIDESWIPE SAME DIRECTION,ONE-WAY,,STRAIGHT AND LEVEL,WET,NO DEFECTS,NOT ON SCENE (DESK REPORT),NO INJURY / DRIVE AWAY,,,,"OVER $1,500",04/19/2024 10:15,UNABLE TO DETERMINE,NOT APPLICABLE,10000,W,BALMORAL AVE,1654,,,,,,,2,NO INDICATION OF INJURY,0,0,0,0,0,2,0,20,5,4,2,0,20,5,4
CLEAR,"DARKNESS, LIGHTED ROAD",TURNING,NOT DIVIDED,,STRAIGHT AND LEVEL,DRY,NO DEFECTS,ON SCENE,INJURY AND / OR TOW DUE TO CRASH,,,,"OVER $1,500",10/05/2024 2:19,FAILING TO YIELD RIGHT-OF-WAY,NOT APPLICABLE,1310,N,ELSTON AVE,1433,,,,,,,2,NO INDICATION OF INJURY,0,0,0,0,0,6,0,2,7,10,6,0,2,7,10
CLEAR,"DARKNESS, LIGHTED ROAD",PEDALCYCLIST,DIVIDED - W/MEDIAN (NOT RAISED),,STRAIGHT AND LEVEL,UNKNOWN,UNKNOWN,ON SCENE,INJURY AND / OR TOW DUE TO CRASH,,,,"OVER $1,500",08/14/2024 19:50,NOT APPLICABLE,NOT APPLICABLE,2427,N,MILWAUKEE AVE,1414,,,Y,,,,2,NONINCAPACITATING INJURY,1,0,0,1,0,1,0,19,4,8,1,0,19,4,8
CLEAR,DAYLIGHT,PARKED MOTOR VEHICLE,T-INTERSECTION,,STRAIGHT AND LEVEL,DRY,NO DEFECTS,ON SCENE,INJURY AND / OR TOW DUE TO CRASH,,,Y,"OVER $1,500",08/12/2024 12:40,UNABLE TO DETERMINE,IMPROPER LANE USAGE,255,W,26TH ST,914,,,,,,,2,NO INDICATION OF INJURY,0,0,0,0,0,1,0,10,2,8,1,0,10,2,8
CLEAR,DAYLIGHT,FIXED OBJECT,PARKING LOT,,STRAIGHT AND LEVEL,DRY,NO DEFECTS,NOT ON SCENE (DESK REPORT),NO INJURY / DRIVE AWAY,,Y,,"OVER $1,500",01/07/2025 14:40,UNABLE TO DETERMINE,UNABLE TO DETERMINE,5310,N,HARLEM AVE,1613,,,,,,,1,NO INDICATION OF INJURY,0,0,0,0,0,1,0,13,3,1,1,0,13,3,1
UNKNOWN,UNKNOWN,SIDESWIPE SAME DIRECTION,NOT DIVIDED,,STRAIGHT AND LEVEL,UNKNOWN,UNKNOWN,NOT ON SCENE (DESK REPORT),NO INJURY / DRIVE AWAY,,,,$500 OR LESS,04/05/2025 16:50,UNABLE TO DETERMINE,UNABLE TO DETERMINE,6121,N,BROADWAY,2433,,,,,,,2,NO INDICATION OF INJURY,0,0,0,0,0,2,0,15,7,4,2,0,15,7,4
CLEAR,"DARKNESS, LIGHTED ROAD",SIDESWIPE SAME DIRECTION,DIVIDED - W/MEDIAN BARRIER,,STRAIGHT AND LEVEL,WET,NO DEFECTS,ON SCENE,NO INJURY / DRIVE AWAY,,,Y,"OVER $1,500",03/16/2025 1:24,IMPROPER OVERTAKING/PASSING,NOT APPLICABLE,2251,E,71ST ST,333,,,,,,,2,NO INDICATION OF INJURY,0,0,0,0,0,2,0,0,1,3,2,0,0,1,3
CLOUDY/OVERCAST,DAYLIGHT,REAR END,NOT DIVIDED,,STRAIGHT AND LEVEL,DRY,NO DEFECTS,ON SCENE,NO INJURY / DRIVE AWAY,Y,,,$500 OR LESS,04/05/2025 17:03,FOLLOWING TOO CLOSELY,FAILING TO REDUCE SPEED TO AVOID CRASH,2148,W,FOSTER AVE,2012,,,,,,,2,NO INDICATION OF INJURY,0,0,0,0,0,6,0,17,7,4,6,0,17,7,4
CLEAR,"DARKNESS, LIGHTED ROAD",FIXED OBJECT,NOT DIVIDED,,STRAIGHT AND LEVEL,WET,NO DEFECTS,ON SCENE,INJURY AND / OR TOW DUE TO CRASH,,,,"OVER $1,500",04/19/2024 0:00,UNDER THE INFLUENCE OF ALCOHOL/DRUGS (USE WHEN ARREST IS EFFECTED),UNDER THE INFLUENCE OF ALCOHOL/DRUGS (USE WHEN ARREST IS EFFECTED),2412,W,21ST ST,1023,,,,,,,1,NO INDICATION OF INJURY,0,0,0,0,0,1,0,0,6,4,1,0,0,6,4
CLEAR,DAYLIGHT,TURNING,FOUR WAY,,STRAIGHT AND LEVEL,DRY,NO DEFECTS,ON SCENE,INJURY AND / OR TOW DUE TO CRASH,,,,"OVER $1,500",08/12/2024 6:49,IMPROPER TURNING/NO SIGNAL,UNABLE TO DETERMINE,798,W,PERSHING RD,915,,,,,,,2,NO INDICATION OF INJURY,0,0,0,0,0,3,0,6,2,8,3,0,6,2,8
CLEAR,DAYLIGHT,PARKED MOTOR VEHICLE,ONE-WAY,,STRAIGHT AND LEVEL,DRY,UNKNOWN,ON SCENE,INJURY AND / OR TOW DUE TO CRASH,,,,$500 OR LESS,08/12/2024 16:56,UNABLE TO DETERMINE,NOT APPLICABLE,3503,W,PIERCE AVE,1422,,,,,,,2,NO INDICATION OF INJURY,0,0,0,0,0,1,0,13,2,8,1,0,13,2,8
CLEAR,"DARKNESS, LIGHTED ROAD",PARKED MOTOR VEHICLE,ONE-WAY,,STRAIGHT AND LEVEL,DRY,NO DEFECTS,ON SCENE,INJURY AND / OR TOW DUE TO CRASH,,,Y,"OVER $1,500",01/08/2025 13:35,UNABLE TO DETERMINE,UNABLE TO DETERMINE,7947,S,GREEN ST,621,,,,,,,3,NO INDICATION OF INJURY,0,0,0,0,0,1,0,23,3,1,1,0,23,3,1
CLEAR,DAYLIGHT,SIDESWIPE SAME DIRECTION,ONE-WAY,,STRAIGHT AND LEVEL,DRY,NO DEFECTS,ON SCENE,INJURY AND / OR TOW DUE TO CRASH,,,,"OVER $1,500",10/05/2024 12:39,UNABLE TO DETERMINE,UNABLE TO DETERMINE,5714,S,WASHTENAW AVE,824,,,,,,,2,NO INDICATION OF INJURY,0,0,0,0,0,2,0,12,7,10,2,0,12,7,10
CLEAR,DAYLIGHT,REAR END,ONE-WAY,,STRAIGHT AND LEVEL,DRY,NO DEFECTS,ON SCENE,INJURY AND / OR TOW DUE TO CRASH,,,,$500 OR LESS,10/05/2024 17:37,UNABLE TO DETERMINE,UNABLE TO DETERMINE,759,W,ROSCOE ST,1925,,,,,,,2,NONINCAPACITATING INJURY,2,0,0,1,1,1,0,17,7,10,1,0,17,7,10
SNOW,DAYLIGHT,ANGLE,NOT DIVIDED,,STRAIGHT AND LEVEL,WET,NO DEFECTS,ON SCENE,INJURY AND / OR TOW DUE TO CRASH,Y,,,"OVER $1,500",03/16/2025 11:13,IMPROPER TURNING/NO SIGNAL,NOT APPLICABLE,1316,W,63RD ST,713,,,,,,,2,NONINCAPACITATING INJURY,4,0,0,4,0,1,0,11,1,3,1,0,11,1,3
CLEAR,"DARKNESS, LIGHTED ROAD",REAR END,DIVIDED - W/MEDIAN BARRIER,,STRAIGHT AND LEVEL,DRY,NO DEFECTS,NOT ON SCENE (DESK REPORT),NO INJURY / DRIVE AWAY,,,,"OVER $1,500",03/16/2025 16:00,FOLLOWING TOO CLOSELY,FAILING TO REDUCE SPEED TO AVOID CRASH,1198,S,LAKE SHORE DR NB,114,,,,,,,3,NO INDICATION OF INJURY,0,0,0,0,0,3,0,12,1,3,3,0,12,1,3
SNOW,DAYLIGHT,PARKED MOTOR VEHICLE,NOT DIVIDED,,STRAIGHT AND LEVEL,WET,NO DEFECTS,ON SCENE,NO INJURY / DRIVE AWAY,,,,"OVER $1,500",02/08/2025 15:01,FAILING TO REDUCE SPEED TO AVOID CRASH,NOT APPLICABLE,847,W,MONROE ST,1232,,Y,,,,,2,NO INDICATION OF INJURY,0,0,0,0,0,2,0,14,7,2,2,0,14,7,2
RAIN,"DARKNESS, LIGHTED ROAD",ANGLE,DIVIDED - W/MEDIAN (NOT RAISED),,STRAIGHT AND LEVEL,WET,NO DEFECTS,ON SCENE,INJURY AND / OR TOW DUE TO CRASH,Y,,,"OVER $1,500",03/16/2025 4:01,FAILING TO YIELD RIGHT-OF-WAY,FAILING TO YIELD RIGHT-OF-WAY,4799,W,WASHINGTON BLVD,1113,,,,,,,2,NONINCAPACITATING INJURY,1,0,0,1,0,2,0,3,1,3,2,0,3,1,3
UNKNOWN,"DARKNESS, LIGHTED ROAD",SIDESWIPE SAME DIRECTION,DIVIDED - W/MEDIAN (NOT RAISED),,STRAIGHT AND LEVEL,UNKNOWN,UNKNOWN,NOT ON SCENE (DESK REPORT),NO INJURY / DRIVE AWAY,Y,,,"OVER $1,500",01/14/2025 19:45,DRIVING SKILLS/KNOWLEDGE/EXPERIENCE,UNABLE TO DETERMINE,7208,N,WESTERN AVE,2411,,,,,,,2,NO INDICATION OF INJURY,0,0,0,0,0,3,0,19,3,1,3,0,19,3,1
CLEAR,"DARKNESS, LIGHTED ROAD",ANGLE,ONE-WAY,,STRAIGHT AND LEVEL,WET,NO DEFECTS,,NO INJURY / DRIVE AWAY,Y,,,"OVER $1,500",01/17/2025 21:38,FAILING TO YIELD RIGHT-OF-WAY,NOT APPLICABLE,299,W,WASHINGTON ST,122,,,,,,,2,NO INDICATION OF INJURY,0,0,0,0,0,2,0,21,6,1,2,0,21,6,1
CLEAR,DAYLIGHT,ANGLE,NOT DIVIDED,,STRAIGHT AND LEVEL,DRY,NO DEFECTS,NOT ON SCENE (DESK REPORT),NO INJURY / DRIVE AWAY,,,,"OVER $1,500",08/14/2024 14:46,NOT APPLICABLE,NOT APPLICABLE,5101,S,ARCHER AVE,815,,,,,,,2,NO INDICATION OF INJURY,0,0,0,0,0,2,0,14,4,8,2,0,14,4,8
CLEAR,DARKNESS,REAR END,FOUR WAY,,STRAIGHT AND LEVEL,DRY,WORN SURFACE,ON SCENE,INJURY AND / OR TOW DUE TO CRASH,Y,,,"OVER $1,500",08/14/2024 21:29,DISREGARDING TRAFFIC SIGNALS,NOT APPLICABLE,8300,S,LAFAYETTE AVE,622,,,,,,,2,NONINCAPACITATING INJURY,2,0,0,2,0,1,0,21,4,8,1,0,21,4,8
CLEAR,"DARKNESS, LIGHTED ROAD",FIXED OBJECT,NOT DIVIDED,,STRAIGHT AND LEVEL,ICE,NO DEFECTS,ON SCENE,INJURY AND / OR TOW DUE TO CRASH,,,,"OVER $1,500",01/07/2025 2:14,UNABLE TO DETERMINE,UNABLE TO DETERMINE,214,W,INSTITUTE PL,1823,,,,,,,1,NO INDICATION OF INJURY,0,0,0,0,0,1,0,1,3,1,1,0,1,3,1
CLOUDY/OVERCAST,DAYLIGHT,SIDESWIPE OPPOSITE DIRECTION,PARKING LOT,,STRAIGHT AND LEVEL,DRY,NO DEFECTS,NOT ON SCENE (DESK REPORT),NO INJURY / DRIVE AWAY,,Y,,$500 OR LESS,04/05/2025 13:30,UNABLE TO DETERMINE,UNABLE TO DETERMINE,6356,S,CALUMET AVE,312,,,,,,,2,NO INDICATION OF INJURY,0,0,0,0,0,2,0,12,7,4,2,0,12,7,4
CLEAR,DAYLIGHT,PARKED MOTOR VEHICLE,ONE-WAY,,STRAIGHT AND LEVEL,DRY,NO DEFECTS,ON SCENE,NO INJURY / DRIVE AWAY,Y,,,"OVER $1,500",02/08/2025 14:17,NOT APPLICABLE,NOT APPLICABLE,3829,N,MENARD AVE,1633,,,,,,,2,NO INDICATION OF INJURY,0,0,0,0,0,1,0,14,7,2,1,0,14,7,2
CLEAR,DAYLIGHT,HEAD ON,NOT DIVIDED,,STRAIGHT AND LEVEL,DRY,NO DEFECTS,NOT ON SCENE (DESK REPORT),NO INJURY / DRIVE AWAY,,,,"OVER $1,500",01/14/2025 15:54,FAILING TO YIELD RIGHT-OF-WAY,FAILING TO YIELD RIGHT-OF-WAY,4700,S,WESTERN AVE,922,,,,,,,2,NO INDICATION OF INJURY,0,0,0,0,0,2,0,15,3,1,2,0,15,3,1
RAIN,"DARKNESS, LIGHTED ROAD",PARKED MOTOR VEHICLE,ONE-WAY,,STRAIGHT AND LEVEL,WET,WORN SURFACE,ON SCENE,INJURY AND / OR TOW DUE TO CRASH,,,,"OVER $1,500",03/16/2025 1:18,FAILING TO REDUCE SPEED TO AVOID CRASH,UNABLE TO DETERMINE,1122,N,CENTRAL PARK AVE,1112,,,,,,,3,NONINCAPACITATING INJURY,1,0,0,1,0,0,0,1,1,3,0,0,1,1,3
RAIN,DAYLIGHT,FIXED OBJECT,OTHER,,"CURVE, LEVEL",WET,NO DEFECTS,ON SCENE,NO INJURY / DRIVE AWAY,,Y,,"OVER $1,500",09/22/2024 16:15,FAILING TO REDUCE SPEED TO AVOID CRASH,DRIVING SKILLS/KNOWLEDGE/EXPERIENCE,5451,N,EAST RIVER RD,1614,,,,,,,1,NO INDICATION OF INJURY,0,0,0,0,0,1,0,16,1,9,1,0,16,1,9
CLEAR,DAYLIGHT,REAR END,NOT DIVIDED,,STRAIGHT AND LEVEL,DRY,NO DEFECTS,ON SCENE,INJURY AND / OR TOW DUE TO CRASH,,,,"OVER $1,500",08/14/2024 18:40,NOT APPLICABLE,NOT APPLICABLE,6420,W,FOSTER AVE,1613,,,,,,,2,NO INDICATION OF INJURY,0,0,0,0,0,2,0,18,4,8,2,0,18,4,8
SNOW,"DARKNESS, LIGHTED ROAD",PARKED MOTOR VEHICLE,NOT DIVIDED,,STRAIGHT AND LEVEL,SNOW OR SLUSH,NO DEFECTS,ON SCENE,NO INJURY / DRIVE AWAY,,,Y,"OVER $1,500",12/04/2024 23:05,UNABLE TO DETERMINE,UNABLE TO DETERMINE,1120,W,76TH ST,612,,,,N,,,2,NO INDICATION OF INJURY,0,0,0,0,0,1,0,23,4,12,1,0,23,4,12
CLEAR,DAYLIGHT,PEDALCYCLIST,NOT DIVIDED,,STRAIGHT AND LEVEL,UNKNOWN,UNKNOWN,NOT ON SCENE (DESK REPORT),INJURY AND / OR TOW DUE TO CRASH,,,Y,"OVER $1,500",08/12/2024 16:30,UNABLE TO DETERMINE,UNABLE TO DETERMINE,530,N,WABASH AVE,1834,,,,,,,2,NONINCAPACITATING INJURY,1,0,0,1,0,1,0,13,2,8,1,0,13,2,8
CLEAR,"DARKNESS, LIGHTED ROAD",PARKED MOTOR VEHICLE,NOT DIVIDED,,STRAIGHT AND LEVEL,SNOW OR SLUSH,UNKNOWN,ON SCENE,NO INJURY / DRIVE AWAY,,,,"OVER $1,500",01/14/2025 17:15,UNABLE TO DETERMINE,NOT APPLICABLE,108,N,STATE ST,111,,,,,,,2,NO INDICATION OF INJURY,0,0,0,0,0,1,0,17,3,1,1,0,17,3,1
CLEAR,DAYLIGHT,PARKED MOTOR VEHICLE,ONE-WAY,,STRAIGHT AND LEVEL,DRY,NO DEFECTS,ON SCENE,INJURY AND / OR TOW DUE TO CRASH,N,,Y,"OVER $1,500",04/05/2025 10:15,DRIVING ON WRONG SIDE/WRONG WAY,DRIVING ON WRONG SIDE/WRONG WAY,5599,W,LE MOYNE ST,2532,,,,,,,2,NO INDICATION OF INJURY,0,0,0,0,0,1,0,10,7,4,1,0,10,7,4
SNOW,DAYLIGHT,ANGLE,NOT DIVIDED,,STRAIGHT AND LEVEL,SNOW OR SLUSH,NO DEFECTS,ON SCENE,INJURY AND / OR TOW DUE TO CRASH,,,,"OVER $1,500",01/14/2025 9:45,WEATHER,DRIVING SKILLS/KNOWLEDGE/EXPERIENCE,6499,S,WINCHESTER AVE,726,,,,,,,2,NO INDICATION OF INJURY,0,0,0,0,0,2,0,9,3,1,2,0,9,3,1
RAIN,"DARKNESS, LIGHTED ROAD",FIXED OBJECT,DIVIDED - W/MEDIAN BARRIER,,STRAIGHT AND LEVEL,WET,UNKNOWN,NOT ON SCENE (DESK REPORT),INJURY AND / OR TOW DUE TO CRASH,,,,"OVER $1,500",03/16/2025 2:20,DRIVING SKILLS/KNOWLEDGE/EXPERIENCE,NOT APPLICABLE,5500,N,MANNHEIM RD,1654,,,,,,,1,NO INDICATION OF INJURY,0,0,0,0,0,1,0,2,1,3,1,0,2,1,3
FREEZING RAIN/DRIZZLE,DAYLIGHT,ANGLE,FOUR WAY,,STRAIGHT AND LEVEL,WET,NO DEFECTS,ON SCENE,INJURY AND / OR TOW DUE TO CRASH,Y,,,"OVER $1,500",02/08/2025 14:53,FAILING TO YIELD RIGHT-OF-WAY,NOT APPLICABLE,1800,W,BRYN MAWR AVE,2012,,,,,,,2,NO INDICATION OF INJURY,0,0,0,0,0,3,0,14,7,2,3,0,14,7,2