WEATHER_CONDITION,LIGHTING_CONDITION,FIRST_CRASH_TYPE,TRAFFICWAY_TYPE,LANE_CNT,ALIGNMENT,ROADWAY_SURFACE_COND,ROAD_DEFECT,REPORT_TYPE,CRASH_TYPE,INTERSECTION_RELATED_I,NOT_RIGHT_OF_WAY_I,HIT_AND_RUN_I,DAMAGE,DATE_POLICE_NOTIFIED,PRIM_CONTRIBUTORY_CAUSE,SEC_CONTRIBUTORY_CAUSE,STREET_NO,STREET_DIRECTION,STREET_NAME,BEAT_OF_OCCURRENCE,PHOTOS_TAKEN_I,STATEMENTS_TAKEN_I,DOORING_I,WORK_ZONE_I,WORK_ZONE_TYPE,WORKERS_PRESENT_I,NUM_UNITS,MOST_SEVERE_INJURY,INJURIES_TOTAL,INJURIES_FATAL,INJURIES_INCAPACITATING,INJURIES_NON_INCAPACITATING,INJURIES_REPORTED_NOT_EVIDENT,INJURIES_NO_INDICATION,INJURIES_UNKNOWN,CRASH_HOUR,CRASH_DAY_OF_WEEK,CRASH_MONTH,INJURIES_NO_INDICATION,INJURIES_UNKNOWN,CRASH_HOUR,CRASH_DAY_OF_WEEK,CRASH_MONTH
CLEAR,DAYLIGHT,PARKED MOTOR VEHICLE,ONE-WAY,,STRAIGHT AND LEVEL,DRY,NO DEFECTS,ON SCENE,INJURY AND / OR TOW DUE TO CRASH,,,,"OVER $1,500",09/07/2024 8:43,UNDER THE INFLUENCE OF ALCOHOL/DRUGS (USE WHEN ARREST IS EFFECTED),UNDER THE INFLUENCE OF ALCOHOL/DRUGS (USE WHEN ARREST IS EFFECTED),4430,W,CONGRESS PKWY,1131,,,,,,,3,NO INDICATION OF INJURY,0,0,0,0,0,1,0,8,7,9,1,0,8,7,9
SNOW,DAYLIGHT,REAR END,ONE-WAY,,STRAIGHT AND LEVEL,WET,NO DEFECTS,NOT ON SCENE (DESK REPORT),NO INJURY / DRIVE AWAY,,,,"OVER $1,500",03/17/2025 13:30,IMPROPER TURNING/NO SIGNAL,UNABLE TO DETERMINE,8300,S,STATE ST,632,,,,,,,2,NO INDICATION OF INJURY,0,0,0,0,0,2,0,16,1,3,2,0,16,1,3
CLEAR,DAYLIGHT,SIDESWIPE SAME DIRECTION,OTHER,,STRAIGHT AND LEVEL,DRY,UNKNOWN,NOT ON SCENE (DESK REPORT),NO INJURY / DRIVE AWAY,,,Y,"$501 - $1,500",05/23/2025 16:55,UNABLE TO DETERMINE,NOT APPLICABLE,9700,S,VINCENNES AVE,2213,,,,,,,2,NO INDICATION OF INJURY,0,0,0,0,0,2,0,16,6,5,2,0,16,6,5
CLEAR,DAYLIGHT,REAR END,ONE-WAY,,STRAIGHT AND LEVEL,SNOW OR SLUSH,NO DEFECTS,ON SCENE,INJURY AND / OR TOW DUE TO CRASH,,,Y,$500 OR LESS,01/14/2025 12:40,FAILING TO REDUCE SPEED TO AVOID CRASH,NOT APPLICABLE,4801,W,HIRSCH ST,2533,,,,,,,2,INCAPACITATING INJURY,2,0,2,0,0,2,0,12,3,1,2,0,12,3,1
CLEAR,DAYLIGHT,PARKED MOTOR VEHICLE,DIVIDED - W/MEDIAN (NOT RAISED),,STRAIGHT AND LEVEL,WET,NO DEFECTS,ON SCENE,NO INJURY / DRIVE AWAY,,,,"OVER $1,500",01/14/2025 9:54,DRIVING SKILLS/KNOWLEDGE/EXPERIENCE,NOT APPLICABLE,11414,S,WESTERN AVE,2212,,,,,,,2,NO INDICATION OF INJURY,0,0,0,0,0,1,0,9,3,1,1,0,9,3,1
CLEAR,DAYLIGHT,FIXED OBJECT,NOT DIVIDED,,STRAIGHT AND LEVEL,DRY,NO DEFECTS,NOT ON SCENE (DESK REPORT),NO INJURY / DRIVE AWAY,,Y,Y,"OVER $1,500",01/14/2025 13:45,UNABLE TO DETERMINE,NOT APPLICABLE,3749,E,103RD ST,432,,,,,,,1,NO INDICATION OF INJURY,0,0,0,0,0,1,0,10,3,1,1,0,10,3,1
SNOW,"DARKNESS, LIGHTED ROAD",TURNING,T-INTERSECTION,,STRAIGHT AND LEVEL,ICE,UNKNOWN,ON SCENE,NO INJURY / DRIVE AWAY,Y,,,"OVER $1,500",01/14/2025 19:39,FAILING TO YIELD RIGHT-OF-WAY,FAILING TO REDUCE SPEED TO AVOID CRASH,2529,W,PRATT BLVD,2412,,,,,,,2,NO INDICATION OF INJURY,0,0,0,0,0,2,0,19,3,1,2,0,19,3,1
CLEAR,"DARKNESS, LIGHTED ROAD",REAR END,DIVIDED - W/MEDIAN (NOT RAISED),,STRAIGHT AND LEVEL,DRY,UNKNOWN,ON SCENE,INJURY AND / OR TOW DUE TO CRASH,,,,"OVER $1,500",05/23/2025 23:47,FOLLOWING TOO CLOSELY,UNABLE TO DETERMINE,2219,N,DAMEN AVE,1432,Y,,,,,,2,NO INDICATION OF INJURY,0,0,0,0,0,2,0,23,6,5,2,0,23,6,5
CLEAR,DAYLIGHT,REAR END,DIVIDED - W/MEDIAN (NOT RAISED),,STRAIGHT AND LEVEL,ICE,NO DEFECTS,NOT ON SCENE (DESK REPORT),NO INJURY / DRIVE AWAY,,,,"OVER $1,500",01/14/2025 13:00,WEATHER,NOT APPLICABLE,1999,E,71ST ST,333,,,,,,,2,NO INDICATION OF INJURY,0,0,0,0,0,2,0,12,3,1,2,0,12,3,1
CLEAR,DAYLIGHT,REAR END,NOT DIVIDED,,STRAIGHT AND LEVEL,UNKNOWN,UNKNOWN,NOT ON SCENE (DESK REPORT),NO INJURY / DRIVE AWAY,,,,"OVER $1,500",08/14/2024 11:30,UNABLE TO DETERMINE,UNABLE TO DETERMINE,4257,W,DEVON AVE,1711,,,,,,,2,NO INDICATION OF INJURY,0,0,0,0,0,2,0,8,4,8,2,0,8,4,8
CLEAR,DAYLIGHT,SIDESWIPE SAME DIRECTION,NOT DIVIDED,,STRAIGHT AND LEVEL,DRY,UNKNOWN,NOT ON SCENE (DESK REPORT),NO INJURY / DRIVE AWAY,,,,"OVER $1,500",09/07/2024 15:50,UNABLE TO DETERMINE,NOT APPLICABLE,3140,W,111TH ST,2211,,,,,,,2,NO INDICATION OF INJURY,0,0,0,0,0,2,0,13,7,9,2,0,13,7,9
CLEAR,"DARKNESS, LIGHTED ROAD",REAR END,DIVIDED - W/MEDIAN (NOT RAISED),,STRAIGHT AND LEVEL,DRY,NO DEFECTS,ON SCENE,INJURY AND / OR TOW DUE TO CRASH,,,,"OVER $1,500",09/07/2024 23:20,FAILING TO REDUCE SPEED TO AVOID CRASH,FAILING TO REDUCE SPEED TO AVOID CRASH,7043,W,IRVING PARK RD,1632,,,,,,,2,NO INDICATION OF INJURY,0,0,0,0,0,3,0,21,7,9,3,0,21,7,9
CLEAR,DAYLIGHT,OTHER NONCOLLISION,DIVIDED - W/MEDIAN BARRIER,,"CURVE, LEVEL",WET,UNKNOWN,ON SCENE,INJURY AND / OR TOW DUE TO CRASH,,,,"OVER $1,500",04/05/2025 8:14,UNABLE TO DETERMINE,NOT APPLICABLE,952,N,LAKE SHORE DR SB,1833,,,,,,,1,"REPORTED, NOT EVIDENT",1,0,0,0,1,0,0,8,7,4,0,0,8,7,4
CLEAR,DAYLIGHT,REAR END,DIVIDED - W/MEDIAN (NOT RAISED),,STRAIGHT ON GRADE,DRY,NO DEFECTS,NOT ON SCENE (DESK REPORT),NO INJURY / DRIVE AWAY,,,,"$501 - $1,500",01/14/2025 13:35,FOLLOWING TOO CLOSELY,FOLLOWING TOO CLOSELY,1400,W,GARFIELD BLVD,934,,,,,,,2,NO INDICATION OF INJURY,0,0,0,0,0,2,0,12,3,1,2,0,12,3,1
CLOUDY/OVERCAST,DAYLIGHT,PARKED MOTOR VEHICLE,NOT DIVIDED,,STRAIGHT AND LEVEL,WET,NO DEFECTS,ON SCENE,NO INJURY / DRIVE AWAY,,,Y,"OVER $1,500",04/05/2025 9:11,UNABLE TO DETERMINE,NOT APPLICABLE,5074,W,BALMORAL AVE,1621,,,,,,,2,NO INDICATION OF INJURY,0,0,0,0,0,1,0,8,7,4,1,0,8,7,4
CLEAR,"DARKNESS, LIGHTED ROAD",ANGLE,NOT DIVIDED,,STRAIGHT AND LEVEL,DRY,NO DEFECTS,ON SCENE,INJURY AND / OR TOW DUE TO CRASH,Y,,Y,"OVER $1,500",02/08/2025 2:59,UNABLE TO DETERMINE,UNABLE TO DETERMINE,524,N,WELLS ST,1831,,,,,,,2,INCAPACITATING INJURY,1,0,1,0,0,1,0,2,7,2,1,0,2,7,2
FREEZING RAIN/DRIZZLE,DAYLIGHT,PARKED MOTOR VEHICLE,PARKING LOT,,STRAIGHT AND LEVEL,WET,NO DEFECTS,ON SCENE,NO INJURY / DRIVE AWAY,,Y,Y,"OVER $1,500",02/08/2025 12:48,UNABLE TO DETERMINE,UNABLE TO DETERMINE,3138,W,26TH ST,1033,,,,,,,2,NO INDICATION OF INJURY,0,0,0,0,0,1,0,12,7,2,1,0,12,7,2
CLEAR,DAYLIGHT,REAR END,DIVIDED - W/MEDIAN (NOT RAISED),,STRAIGHT AND LEVEL,SNOW OR SLUSH,UNKNOWN,NOT ON SCENE (DESK REPORT),NO INJURY / DRIVE AWAY,,,,"OVER $1,500",01/14/2025 14:30,UNABLE TO DETERMINE,NOT APPLICABLE,2818,S,CENTRAL PARK AVE,1032,,,,,,,2,NO INDICATION OF INJURY,0,0,0,0,0,3,0,13,3,1,3,0,13,3,1
SNOW,DAYLIGHT,ANGLE,ALLEY,,STRAIGHT AND LEVEL,SNOW OR SLUSH,NO DEFECTS,ON SCENE,INJURY AND / OR TOW DUE TO CRASH,,,,"OVER $1,500",01/14/2025 8:17,WEATHER,FAILING TO REDUCE SPEED TO AVOID CRASH,5845,S,ALBANY AVE,824,,,,,,,2,NO INDICATION OF INJURY,0,0,0,0,0,3,0,8,3,1,3,0,8,3,1
CLEAR,DAYLIGHT,REAR END,DIVIDED - W/MEDIAN (NOT RAISED),,STRAIGHT AND LEVEL,WET,UNKNOWN,NOT ON SCENE (DESK REPORT),NO INJURY / DRIVE AWAY,,,,"OVER $1,500",03/16/2025 14:20,FOLLOWING TOO CLOSELY,NOT APPLICABLE,2200,N,DAMEN AVE,1432,,,,,,,2,NO INDICATION OF INJURY,0,0,0,0,0,2,0,13,1,3,2,0,13,1,3
CLEAR,DAYLIGHT,PARKED MOTOR VEHICLE,PARKING LOT,,STRAIGHT AND LEVEL,DRY,NO DEFECTS,NOT ON SCENE (DESK REPORT),NO INJURY / DRIVE AWAY,,,Y,"$501 - $1,500",08/14/2024 15:00,UNABLE TO DETERMINE,UNABLE TO DETERMINE,3500,N,KIMBALL AVE,1732,,,,,,,2,NO INDICATION OF INJURY,0,0,0,0,0,1,0,14,4,8,1,0,14,4,8
CLEAR,DAYLIGHT,SIDESWIPE SAME DIRECTION,DIVIDED - W/MEDIAN (NOT RAISED),,STRAIGHT AND LEVEL,DRY,NO DEFECTS,ON SCENE,NO INJURY / DRIVE AWAY,Y,,Y,"OVER $1,500",12/04/2024 13:36,IMPROPER OVERTAKING/PASSING,IMPROPER LANE USAGE,1642,E,87TH ST,412,,Y,,,,,2,NO INDICATION OF INJURY,0,0,0,0,0,2,0,12,4,12,2,0,12,4,12
CLEAR,DAYLIGHT,REAR TO SIDE,ALLEY,,STRAIGHT AND LEVEL,DRY,NO DEFECTS,ON SCENE,NO INJURY / DRIVE AWAY,,,,"OVER $1,500",12/04/2024 12:28,IMPROPER BACKING,NOT APPLICABLE,3515,S,SEELEY AVE,912,,,,,,,2,NO INDICATION OF INJURY,0,0,0,0,0,2,0,12,4,12,2,0,12,4,12
CLEAR,DAYLIGHT,PARKED MOTOR VEHICLE,NOT DIVIDED,,STRAIGHT AND LEVEL,DRY,NO DEFECTS,ON SCENE,NO INJURY / DRIVE AWAY,,,Y,"OVER $1,500",10/05/2024 14:42,UNABLE TO DETERMINE,IMPROPER LANE USAGE,6132,S,EBERHART AVE,313,,,,,,,2,NO INDICATION OF INJURY,0,0,0,0,0,1,0,14,7,10,1,0,14,7,10
UNKNOWN,UNKNOWN,TURNING,NOT DIVIDED,,STRAIGHT AND LEVEL,UNKNOWN,UNKNOWN,NOT ON SCENE (DESK REPORT),NO INJURY / DRIVE AWAY,Y,,,"OVER $1,500",04/05/2025 13:30,UNABLE TO DETERMINE,NOT APPLICABLE,5700,W,MONTROSE AVE,1622,,,,,,,2,NO INDICATION OF INJURY,0,0,0,0,0,2,0,5,7,4,2,0,5,7,4
CLEAR,DAYLIGHT,TURNING,DIVIDED - W/MEDIAN (NOT RAISED),,STRAIGHT AND LEVEL,DRY,NO DEFECTS,ON SCENE,NO INJURY / DRIVE AWAY,Y,,,"OVER $1,500",05/23/2025 17:18,FAILING TO YIELD RIGHT-OF-WAY,NOT APPLICABLE,1599,W,HARRISON ST,1231,,,,,,,2,NO INDICATION OF INJURY,0,0,0,0,0,2,0,17,6,5,2,0,17,6,5
CLEAR,UNKNOWN,REAR END,NOT DIVIDED,,STRAIGHT AND LEVEL,UNKNOWN,UNKNOWN,NOT ON SCENE (DESK REPORT),NO INJURY / DRIVE AWAY,,,,"OVER $1,500",04/05/2025 20:10,FOLLOWING TOO CLOSELY,NOT APPLICABLE,2106,S,ARCHER AVE,914,,,,,,,2,NO INDICATION OF INJURY,0,0,0,0,0,3,0,18,7,4,3,0,18,7,4
CLEAR,DAYLIGHT,SIDESWIPE SAME DIRECTION,NOT DIVIDED,,STRAIGHT AND LEVEL,DRY,NO DEFECTS,NOT ON SCENE (DESK REPORT),NO INJURY / DRIVE AWAY,,,,"OVER $1,500",04/05/2025 13:20,ANIMAL,ANIMAL,1256,W,CHICAGO AVE,1213,,,,,,,2,NO INDICATION OF INJURY,0,0,0,0,0,2,0,12,7,4,2,0,12,7,4
CLEAR,DAYLIGHT,PARKED MOTOR VEHICLE,PARKING LOT,,STRAIGHT AND LEVEL,DRY,NO DEFECTS,NOT ON SCENE (DESK REPORT),NO INJURY / DRIVE AWAY,,,Y,"OVER $1,500",04/05/2025 16:00,FOLLOWING TOO CLOSELY,DRIVING SKILLS/KNOWLEDGE/EXPERIENCE,4640,S,HALSTED ST,925,,,,,,,2,NO INDICATION OF INJURY,0,0,0,0,0,3,0,15,7,4,3,0,15,7,4
CLEAR,DAYLIGHT,SIDESWIPE SAME DIRECTION,DIVIDED - W/MEDIAN (NOT RAISED),,STRAIGHT AND LEVEL,DRY,NO DEFECTS,NOT ON SCENE (DESK REPORT),NO INJURY / DRIVE AWAY,,,,"$501 - $1,500",02/08/2025 12:20,IMPROPER LANE USAGE,FAILING TO YIELD RIGHT-OF-WAY,6363,N,MILWAUKEE AVE,1611,,,,,,,2,NO INDICATION OF INJURY,0,0,0,0,0,5,0,11,7,2,5,0,11,7,2
CLEAR,DAYLIGHT,PARKED MOTOR VEHICLE,PARKING LOT,,STRAIGHT AND LEVEL,DRY,NO DEFECTS,NOT ON SCENE (DESK REPORT),NO INJURY / DRIVE AWAY,,Y,Y,"OVER $1,500",10/05/2024 17:10,UNABLE TO DETERMINE,NOT APPLICABLE,2101,E,75TH ST,414,,,,,,,2,NO INDICATION OF INJURY,0,0,0,0,0,1,0,16,7,10,1,0,16,7,10
FREEZING RAIN/DRIZZLE,DAYLIGHT,REAR END,FOUR WAY,,STRAIGHT AND LEVEL,WET,NO DEFECTS,NOT ON SCENE (DESK REPORT),NO INJURY / DRIVE AWAY,,,Y,"OVER $1,500",11/04/2024 11:15,UNABLE TO DETERMINE,UNABLE TO DETERMINE,4001,W,MADISON ST,1115,,,,,,,2,NO INDICATION OF INJURY,0,0,0,0,0,2,0,8,2,11,2,0,8,2,11
CLEAR,DAYLIGHT,TURNING,FOUR WAY,,STRAIGHT AND LEVEL,DRY,NO DEFECTS,ON SCENE,INJURY AND / OR TOW DUE TO CRASH,Y,,,"OVER $1,500",08/14/2024 14:47,FAILING TO YIELD RIGHT-OF-WAY,DRIVING SKILLS/KNOWLEDGE/EXPERIENCE,301,S,CICERO AVE,1131,,,,,,,2,NO INDICATION OF INJURY,0,0,0,0,0,2,0,14,4,8,2,0,14,4,8
CLEAR,DARKNESS,REAR END,NOT DIVIDED,,STRAIGHT AND LEVEL,DRY,NO DEFECTS,ON SCENE,INJURY AND / OR TOW DUE TO CRASH,,,,"OVER $1,500",12/04/2024 16:52,FOLLOWING TOO CLOSELY,FOLLOWING TOO CLOSELY,6824,S,JEFFERY BLVD,332,,,,,,,4,"REPORTED, NOT EVIDENT",1,0,0,0,1,7,0,16,4,12,7,0,16,4,12
RAIN,DAYLIGHT,SIDESWIPE OPPOSITE DIRECTION,NOT DIVIDED,,STRAIGHT AND LEVEL,WET,NO DEFECTS,ON SCENE,NO INJURY / DRIVE AWAY,,,,"OVER $1,500",11/04/2024 7:34,UNABLE TO DETERMINE,UNABLE TO DETERMINE,6145,N,ELSTON AVE,1611,,,,,,,2,NO INDICATION OF INJURY,0,0,0,0,0,2,0,7,2,11,2,0,7,2,11
CLEAR,DAYLIGHT,REAR END,DIVIDED - W/MEDIAN (NOT RAISED),,STRAIGHT AND LEVEL,WET,NO DEFECTS,NOT ON SCENE (DESK REPORT),NO INJURY / DRIVE AWAY,Y,,,"OVER $1,500",03/16/2025 17:10,FAILING TO YIELD RIGHT-OF-WAY,UNABLE TO DETERMINE,9500,S,HALSTED ST,2223,,,,,,,2,NO INDICATION OF INJURY,0,0,0,0,0,2,0,16,1,3,2,0,16,1,3
CLEAR,DAYLIGHT,PARKED MOTOR VEHICLE,NOT DIVIDED,,STRAIGHT AND LEVEL,DRY,NO DEFECTS,NOT ON SCENE (DESK REPORT),NO INJURY / DRIVE AWAY,,,,"$501 - $1,500",05/23/2025 19:40,UNABLE TO DETERMINE,UNABLE TO DETERMINE,3539,W,26TH ST,1032,,,,,,,2,NO INDICATION OF INJURY,0,0,0,0,0,2,0,19,6,5,2,0,19,6,5
CLEAR,DAYLIGHT,REAR END,NOT DIVIDED,,STRAIGHT AND LEVEL,DRY,NO DEFECTS,ON SCENE,NO INJURY / DRIVE AWAY,,,Y,"OVER $1,500",02/08/2025 11:05,FOLLOWING TOO CLOSELY,FOLLOWING TOO CLOSELY,913,S,WESTERN AVE,1225,,,,,,,3,NO INDICATION OF INJURY,0,0,0,0,0,2,0,10,7,2,2,0,10,7,2
CLEAR,DARKNESS,TURNING,FOUR WAY,,STRAIGHT AND LEVEL,DRY,DEBRIS ON ROADWAY,ON SCENE,INJURY AND / OR TOW DUE TO CRASH,Y,,,"OVER $1,500",05/23/2025 21:48,FAILING TO YIELD RIGHT-OF-WAY,FAILING TO YIELD RIGHT-OF-WAY,2730,W,59TH ST,824,,,,,,,2,"REPORTED, NOT EVIDENT",1,0,0,0,1,3,0,21,6,5,3,0,21,6,5
FREEZING RAIN/DRIZZLE,DAYLIGHT,ANGLE,T-INTERSECTION,,STRAIGHT AND LEVEL,WET,NO DEFECTS,ON SCENE,INJURY AND / OR TOW DUE TO CRASH,Y,,,"OVER $1,500",03/16/2025 14:00,DISREGARDING TRAFFIC SIGNALS,NOT APPLICABLE,3500,S,MICHIGAN AVE,213,,,,,,,2,NONINCAPACITATING INJURY,1,0,0,1,0,2,0,13,1,3,2,0,13,1,3
CLEAR,DAYLIGHT,PARKED MOTOR VEHICLE,ONE-WAY,,STRAIGHT AND LEVEL,DRY,NO DEFECTS,ON SCENE,NO INJURY / DRIVE AWAY,,,,"OVER $1,500",04/05/2025 10:40,IMPROPER TURNING/NO SIGNAL,NOT APPLICABLE,2458,N,GENEVA TER,1935,,,,,,,2,NO INDICATION OF INJURY,0,0,0,0,0,1,0,10,7,4,1,0,10,7,4
RAIN,"DARKNESS, LIGHTED ROAD",PARKED MOTOR VEHICLE,OTHER,,STRAIGHT AND LEVEL,WET,UNKNOWN,,NO INJURY / DRIVE AWAY,,,Y,"OVER $1,500",03/16/2025 2:18,IMPROPER LANE USAGE,UNABLE TO DETERMINE,4312,S,MOZART ST,922,,,,,,,3,NO INDICATION OF INJURY,0,0,0,0,0,1,0,1,1,3,1,0,1,1,3
RAIN,UNKNOWN,ANGLE,PARKING LOT,,STRAIGHT AND LEVEL,WET,NO DEFECTS,NOT ON SCENE (DESK REPORT),NO INJURY / DRIVE AWAY,,,,"$501 - $1,500",02/08/2025 14:56,UNABLE TO DETERMINE,UNABLE TO DETERMINE,4705,W,FOSTER AVE,1712,,,,,,,2,NO INDICATION OF INJURY,0,0,0,0,0,2,0,14,7,2,2,0,14,7,2
CLEAR,"DARKNESS, LIGHTED ROAD",SIDESWIPE SAME DIRECTION,NOT DIVIDED,,STRAIGHT AND LEVEL,DRY,NO DEFECTS,ON SCENE,NO INJURY / DRIVE AWAY,,,,"OVER $1,500",03/17/2025 0:01,IMPROPER OVERTAKING/PASSING,FAILING TO REDUCE SPEED TO AVOID CRASH,5557,W,NORTH AVE,2532,,,,,,,2,NO INDICATION OF INJURY,0,0,0,0,0,2,0,23,1,3,2,0,23,1,3
CLEAR,DAYLIGHT,ANGLE,FOUR WAY,,STRAIGHT AND LEVEL,DRY,NO DEFECTS,ON SCENE,INJURY AND / OR TOW DUE TO CRASH,Y,,,"OVER $1,500",08/14/2024 18:41,DISREGARDING TRAFFIC SIGNALS,NOT APPLICABLE,121,W,PERSHING RD,213,,,,,,,2,"REPORTED, NOT EVIDENT",2,0,0,0,2,1,0,18,4,8,1,0,18,4,8
CLEAR,DAYLIGHT,TURNING,DIVIDED - W/MEDIAN (NOT RAISED),,STRAIGHT AND LEVEL,DRY,NO DEFECTS,NOT ON SCENE (DESK REPORT),NO INJURY / DRIVE AWAY,,,,"OVER $1,500",02/08/2025 14:00,FAILING TO YIELD RIGHT-OF-WAY,NOT APPLICABLE,4014,W,BELMONT AVE,1731,,,,,,,2,NO INDICATION OF INJURY,0,0,0,0,0,2,0,13,7,2,2,0,13,7,2
CLEAR,DAYLIGHT,REAR END,FOUR WAY,,STRAIGHT AND LEVEL,DRY,NO DEFECTS,ON SCENE,INJURY AND / OR TOW DUE TO CRASH,Y,,,"OVER $1,500",04/05/2025 15:44,FAILING TO REDUCE SPEED TO AVOID CRASH,FOLLOWING TOO CLOSELY,5459,N,CENTRAL AVE,1623,,,,,,,2,"REPORTED, NOT EVIDENT",3,0,0,0,3,0,0,15,7,4,0,0,15,7,4
RAIN,DUSK,FIXED OBJECT,NOT DIVIDED,,STRAIGHT AND LEVEL,WET,NO DEFECTS,ON SCENE,INJURY AND / OR TOW DUE TO CRASH,,,,"OVER $1,500",04/05/2025 1:26,UNABLE TO DETERMINE,NOT APPLICABLE,4500,W,CHICAGO AVE,1111,,,,,,,1,NO INDICATION OF INJURY,0,0,0,0,0,1,0,1,7,4,1,0,1,7,4
CLEAR,"DARKNESS, LIGHTED ROAD",TURNING,DIVIDED - W/MEDIAN (NOT RAISED),,STRAIGHT AND LEVEL,DRY,NO DEFECTS,NOT ON SCENE (DESK REPORT),NO INJURY / DRIVE AWAY,,,,"$501 - $1,500",08/14/2024 21:45,UNABLE TO DETERMINE,NOT APPLICABLE,5312,S,PULASKI RD,815,,,,,,,2,NO INDICATION OF INJURY,0,0,0,0,0,2,0,21,4,8,2,0,21,4,8
CLEAR,DAYLIGHT,REAR END,DIVIDED - W/MEDIAN (NOT RAISED),,STRAIGHT AND LEVEL,DRY,NO DEFECTS,NOT ON SCENE (DESK REPORT),NO INJURY / DRIVE AWAY,,,,"OVER $1,500",08/14/2024 17:45,FOLLOWING TOO CLOSELY,DRIVING SKILLS/KNOWLEDGE/EXPERIENCE,3858,N,LAKE SHORE DR,1925,,,,,,,2,NO INDICATION OF INJURY,0,0,0,0,0,2,0,17,4,8,2,0,17,4,8
CLEAR,DAYLIGHT,REAR END,NOT DIVIDED,,STRAIGHT AND LEVEL,DRY,NO DEFECTS,NOT ON SCENE (DESK REPORT),NO INJURY / DRIVE AWAY,,,,"$501 - $1,500",10/05/2024 11:40,FAILING TO REDUCE SPEED TO AVOID CRASH,NOT APPLICABLE,5500,W,NORTH AVE,2532,,,,,,,2,NO INDICATION OF INJURY,0,0,0,0,0,4,0,10,7,10,4,0,10,7,10
CLEAR,DAYLIGHT,REAR END,DIVIDED - W/MEDIAN (NOT RAISED),,STRAIGHT AND LEVEL,DRY,NO DEFECTS,NOT ON SCENE (DESK REPORT),NO INJURY / DRIVE AWAY,,,,"OVER $1,500",08/14/2024 19:10,UNABLE TO DETERMINE,UNABLE TO DETERMINE,1210,W,ROOSEVELT RD,1231,,,,,,,2,NO INDICATION OF INJURY,0,0,0,0,0,2,0,18,4,8,2,0,18,4,8
CLEAR,"DARKNESS, LIGHTED ROAD",TURNING,DIVIDED - W/MEDIAN (NOT RAISED),,STRAIGHT AND LEVEL,DRY,NO DEFECTS,NOT ON SCENE (DESK REPORT),INJURY AND / OR TOW DUE TO CRASH,,,,"OVER $1,500",05/24/2025 0:07,UNABLE TO DETERMINE,UNABLE TO DETERMINE,3900,W,DIVISION ST,2535,,,,,,,3,NO INDICATION OF INJURY,0,0,0,0,0,3,0,23,6,5,3,0,23,6,5
CLEAR,DAYLIGHT,REAR END,OTHER,,STRAIGHT AND LEVEL,DRY,NO DEFECTS,ON SCENE,INJURY AND / OR TOW DUE TO CRASH,,,,"OVER $1,500",05/02/2024 15:10,IMPROPER OVERTAKING/PASSING,DRIVING SKILLS/KNOWLEDGE/EXPERIENCE,1,W,TERMINAL ST,1651,,,,,,,2,NONINCAPACITATING INJURY,1,0,0,1,0,1,0,14,5,5,1,0,14,5,5
CLEAR,"DARKNESS, LIGHTED ROAD",TURNING,PARKING LOT,,STRAIGHT AND LEVEL,DRY,NO DEFECTS,ON SCENE,NO INJURY / DRIVE AWAY,,,,"OVER $1,500",10/10/2023 20:00,UNABLE TO DETERMINE,NOT APPLICABLE,10000,W,BALMORAL AVE,1650,,,,,,,2,NO INDICATION OF INJURY,0,0,0,0,0,2,0,19,3,10,2,0,19,3,10
CLEAR,DAYLIGHT,PARKED MOTOR VEHICLE,ONE-WAY,,STRAIGHT AND LEVEL,DRY,NO DEFECTS,NOT ON SCENE (DESK REPORT),NO INJURY / DRIVE AWAY,,,,$500 OR LESS,10/05/2024 13:20,IMPROPER BACKING,NOT APPLICABLE,319,S,JEFFERSON ST,121,,,,,,,2,NO INDICATION OF INJURY,0,0,0,0,0,1,0,13,7,10,1,0,13,7,10
CLEAR,DAYLIGHT,ANGLE,PARKING LOT,,STRAIGHT AND LEVEL,DRY,NO DEFECTS,NOT ON SCENE (DESK REPORT),NO INJURY / DRIVE AWAY,,,Y,"OVER $1,500",11/04/2024 12:00,IMPROPER BACKING,NOT APPLICABLE,4640,S,HALSTED ST,925,,,,,,,2,NO INDICATION OF INJURY,0,0,0,0,0,2,0,11,2,11,2,0,11,2,11
CLEAR,DAYLIGHT,OTHER NONCOLLISION,DIVIDED - W/MEDIAN (NOT RAISED),,STRAIGHT AND LEVEL,DRY,UNKNOWN,ON SCENE,INJURY AND / OR TOW DUE TO CRASH,,,,"OVER $1,500",08/12/2024 8:35,UNABLE TO DETERMINE,UNABLE TO DETERMINE,3050,N,CALIFORNIA AVE,1411,,,,,,,2,"REPORTED, NOT EVIDENT",1,0,0,0,1,0,0,8,2,8,0,0,8,2,8