WEATHER_CONDITION,LIGHTING_CONDITION,FIRST_CRASH_TYPE,TRAFFICWAY_TYPE,LANE_CNT,ALIGNMENT,ROADWAY_SURFACE_COND,ROAD_DEFECT,REPORT_TYPE,CRASH_TYPE,INTERSECTION_RELATED_I,NOT_RIGHT_OF_WAY_I,HIT_AND_RUN_I,DAMAGE,DATE_POLICE_NOTIFIED,PRIM_CONTRIBUTORY_CAUSE,SEC_CONTRIBUTORY_CAUSE,STREET_NO,STREET_DIRECTION,STREET_NAME,BEAT_OF_OCCURRENCE,PHOTOS_TAKEN_I,STATEMENTS_TAKEN_I,DOORING_I,WORK_ZONE_I,WORK_ZONE_TYPE,WORKERS_PRESENT_I,NUM_UNITS,MOST_SEVERE_INJURY,INJURIES_TOTAL,INJURIES_FATAL,INJURIES_INCAPACITATING,INJURIES_NON_INCAPACITATING,INJURIES_REPORTED_NOT_EVIDENT,INJURIES_NO_INDICATION,INJURIES_UNKNOWN,CRASH_HOUR,CRASH_DAY_OF_WEEK,CRASH_MONTH,INJURIES_NO_INDICATION,INJURIES_UNKNOWN,CRASH_HOUR,CRASH_DAY_OF_WEEK,CRASH_MONTH
SNOW,DAYLIGHT,TURNING,FOUR WAY,,STRAIGHT AND LEVEL,WET,NO DEFECTS,ON SCENE,NO INJURY / DRIVE AWAY,Y,,Y,"$501 - $1,500",01/14/2025 8:37,UNABLE TO DETERMINE,UNABLE TO DETERMINE,2800,W,31ST ST,1033,,,,,,,2,NO INDICATION OF INJURY,0,0,0,0,0,2,0,8,3,1,2,0,8,3,1
RAIN,"DARKNESS, LIGHTED ROAD",ANGLE,DIVIDED - W/MEDIAN (NOT RAISED),,STRAIGHT AND LEVEL,WET,NO DEFECTS,,NO INJURY / DRIVE AWAY,,,Y,"OVER $1,500",04/05/2025 4:39,FAILING TO YIELD RIGHT-OF-WAY,FAILING TO YIELD RIGHT-OF-WAY,4700,S,EVANS AVE,223,,,,,,,2,NO INDICATION OF INJURY,0,0,0,0,0,3,0,4,7,4,3,0,4,7,4
SNOW,DAYLIGHT,REAR END,DIVIDED - W/MEDIAN (NOT RAISED),,STRAIGHT AND LEVEL,SNOW OR SLUSH,UNKNOWN,NOT ON SCENE (DESK REPORT),INJURY AND / OR TOW DUE TO CRASH,Y,,,"$501 - $1,500",01/14/2025 8:10,FOLLOWING TOO CLOSELY,UNABLE TO DETERMINE,615,S,CICERO AVE,1131,,,,,,,2,"REPORTED, NOT EVIDENT",1,0,0,0,1,1,0,7,3,1,1,0,7,3,1
CLEAR,DAYLIGHT,PARKED MOTOR VEHICLE,DIVIDED - W/MEDIAN (NOT RAISED),,STRAIGHT AND LEVEL,DRY,NO DEFECTS,ON SCENE,INJURY AND / OR TOW DUE TO CRASH,,,,"OVER $1,500",09/07/2024 16:49,FAILING TO REDUCE SPEED TO AVOID CRASH,IMPROPER LANE USAGE,4530,S,ARCHER AVE,821,,,,,,,2,NO INDICATION OF INJURY,0,0,0,0,0,1,0,16,7,9,1,0,16,7,9
CLEAR,DAYLIGHT,TURNING,OTHER,,STRAIGHT AND LEVEL,DRY,NO DEFECTS,ON SCENE,NO INJURY / DRIVE AWAY,,,,"OVER $1,500",10/05/2024 15:26,DRIVING ON WRONG SIDE/WRONG WAY,DRIVING SKILLS/KNOWLEDGE/EXPERIENCE,100,E,43RD ST,213,,,,,,,2,NO INDICATION OF INJURY,0,0,0,0,0,2,0,15,7,10,2,0,15,7,10
CLEAR,DAYLIGHT,REAR END,NOT DIVIDED,,STRAIGHT AND LEVEL,DRY,NO DEFECTS,NOT ON SCENE (DESK REPORT),NO INJURY / DRIVE AWAY,Y,,,"$501 - $1,500",08/12/2024 16:00,FOLLOWING TOO CLOSELY,NOT APPLICABLE,1957,W,ESTES AVE,2424,,,,,,,2,NO INDICATION OF INJURY,0,0,0,0,0,2,0,14,2,8,2,0,14,2,8
CLEAR,DAYLIGHT,OTHER OBJECT,NOT DIVIDED,,STRAIGHT AND LEVEL,DRY,NO DEFECTS,ON SCENE,NO INJURY / DRIVE AWAY,Y,,,"OVER $1,500",08/12/2024 9:27,DRIVING SKILLS/KNOWLEDGE/EXPERIENCE,NOT APPLICABLE,999,S,DESPLAINES ST,124,,,,,,,1,NO INDICATION OF INJURY,0,0,0,0,0,1,0,8,2,8,1,0,8,2,8
CLEAR,DAYLIGHT,TURNING,FOUR WAY,,STRAIGHT AND LEVEL,DRY,UNKNOWN,ON SCENE,NO INJURY / DRIVE AWAY,Y,,,"OVER $1,500",08/12/2024 14:43,UNABLE TO DETERMINE,UNABLE TO DETERMINE,2399,N,WESTERN AVE,1432,,,,,,,2,NO INDICATION OF INJURY,0,0,0,0,0,2,0,14,2,8,2,0,14,2,8
CLEAR,DAYLIGHT,PEDESTRIAN,FOUR WAY,,STRAIGHT AND LEVEL,DRY,NO DEFECTS,ON SCENE,INJURY AND / OR TOW DUE TO CRASH,Y,,,"OVER $1,500",03/16/2025 18:51,UNABLE TO DETERMINE,UNABLE TO DETERMINE,2602,W,TOUHY AVE,2411,,,,,,,2,INCAPACITATING INJURY,1,0,1,0,0,1,0,18,1,3,1,0,18,1,3
CLEAR,DAYLIGHT,PARKED MOTOR VEHICLE,UNKNOWN,,STRAIGHT AND LEVEL,DRY,UNKNOWN,NOT ON SCENE (DESK REPORT),NO INJURY / DRIVE AWAY,,,,"OVER $1,500",11/04/2024 18:00,UNABLE TO DETERMINE,UNABLE TO DETERMINE,1320,E,47TH ST,222,,,,,,,2,NO INDICATION OF INJURY,0,0,0,0,0,1,0,16,2,11,1,0,16,2,11
RAIN,DAYLIGHT,SIDESWIPE SAME DIRECTION,ONE-WAY,,STRAIGHT AND LEVEL,WET,NO DEFECTS,NOT ON SCENE (DESK REPORT),NO INJURY / DRIVE AWAY,,,,"OVER $1,500",03/16/2025 17:00,IMPROPER OVERTAKING/PASSING,NOT APPLICABLE,540,W,85TH ST,622,,,,,,,2,NO INDICATION OF INJURY,0,0,0,0,0,3,0,16,1,3,3,0,16,1,3
CLEAR,DAYLIGHT,SIDESWIPE SAME DIRECTION,NOT DIVIDED,,STRAIGHT AND LEVEL,DRY,NO DEFECTS,ON SCENE,NO INJURY / DRIVE AWAY,Y,,N,"$501 - $1,500",05/23/2025 12:49,FAILING TO YIELD RIGHT-OF-WAY,IMPROPER TURNING/NO SIGNAL,5539,N,NAGLE AVE,1622,,,,,,,2,NO INDICATION OF INJURY,0,0,0,0,0,4,0,12,6,5,4,0,12,6,5
UNKNOWN,UNKNOWN,REAR END,UNKNOWN,,STRAIGHT AND LEVEL,UNKNOWN,UNKNOWN,NOT ON SCENE (DESK REPORT),NO INJURY / DRIVE AWAY,,,,"OVER $1,500",01/15/2025 16:20,UNABLE TO DETERMINE,NOT APPLICABLE,5044,W,MONTROSE AVE,1623,,,,,,,2,NO INDICATION OF INJURY,0,0,0,0,0,2,0,10,3,1,2,0,10,3,1
CLEAR,DAYLIGHT,SIDESWIPE SAME DIRECTION,NOT DIVIDED,,STRAIGHT AND LEVEL,DRY,NO DEFECTS,ON SCENE,INJURY AND / OR TOW DUE TO CRASH,,,,"OVER $1,500",04/05/2025 13:01,FAILING TO YIELD RIGHT-OF-WAY,FAILING TO YIELD RIGHT-OF-WAY,3721,W,CHICAGO AVE,1112,,,,,,,2,NO INDICATION OF INJURY,0,0,0,0,0,3,0,12,7,4,3,0,12,7,4
RAIN,"DARKNESS, LIGHTED ROAD",FIXED OBJECT,NOT DIVIDED,,STRAIGHT AND LEVEL,WET,NO DEFECTS,ON SCENE,INJURY AND / OR TOW DUE TO CRASH,Y,,,"OVER $1,500",03/16/2025 0:58,UNABLE TO DETERMINE,UNABLE TO DETERMINE,1150,N,CICERO AVE,1531,,,,,,,1,"REPORTED, NOT EVIDENT",2,0,0,0,2,0,0,0,1,3,0,0,0,1,3
CLEAR,DAYLIGHT,OTHER OBJECT,PARKING LOT,,STRAIGHT AND LEVEL,DRY,NO DEFECTS,NOT ON SCENE (DESK REPORT),NO INJURY / DRIVE AWAY,,Y,,"$501 - $1,500",10/05/2024 14:08,DRIVING SKILLS/KNOWLEDGE/EXPERIENCE,NOT APPLICABLE,1218,N,PULASKI RD,2534,,,,,,,2,NO INDICATION OF INJURY,0,0,0,0,0,2,0,12,7,10,2,0,12,7,10
CLEAR,"DARKNESS, LIGHTED ROAD",OTHER OBJECT,OTHER,,STRAIGHT AND LEVEL,DRY,NO DEFECTS,ON SCENE,NO INJURY / DRIVE AWAY,,,,$500 OR LESS,08/29/2024 19:20,NOT APPLICABLE,NOT APPLICABLE,5,W,TERMINAL ST,1655,,,,,,,1,NO INDICATION OF INJURY,0,0,0,0,0,1,0,19,5,8,1,0,19,5,8
CLEAR,DAYLIGHT,ANGLE,ALLEY,,STRAIGHT AND LEVEL,DRY,NO DEFECTS,ON SCENE,INJURY AND / OR TOW DUE TO CRASH,,,Y,"OVER $1,500",10/05/2024 15:58,FAILING TO YIELD RIGHT-OF-WAY,NOT APPLICABLE,865,W,82ND ST,613,,,,,,,2,NO INDICATION OF INJURY,0,0,0,0,0,3,0,15,7,10,3,0,15,7,10
CLEAR,DAYLIGHT,REAR END,NOT DIVIDED,,STRAIGHT AND LEVEL,WET,NO DEFECTS,NOT ON SCENE (DESK REPORT),NO INJURY / DRIVE AWAY,,,,"OVER $1,500",11/04/2024 11:19,UNABLE TO DETERMINE,UNABLE TO DETERMINE,2601,W,63RD ST,825,,,,,,,2,NO INDICATION OF INJURY,0,0,0,0,0,2,0,10,2,11,2,0,10,2,11
CLEAR,DAYLIGHT,SIDESWIPE SAME DIRECTION,UNKNOWN,,STRAIGHT AND LEVEL,DRY,UNKNOWN,NOT ON SCENE (DESK REPORT),NO INJURY / DRIVE AWAY,,,,"OVER $1,500",11/04/2024 15:24,UNABLE TO DETERMINE,UNABLE TO DETERMINE,2800,W,OGDEN AVE,1022,,,,,,,2,NO INDICATION OF INJURY,0,0,0,0,0,2,0,14,2,11,2,0,14,2,11
SNOW,DAYLIGHT,REAR END,NOT DIVIDED,,STRAIGHT AND LEVEL,SNOW OR SLUSH,NO DEFECTS,NOT ON SCENE (DESK REPORT),NO INJURY / DRIVE AWAY,Y,,,"OVER $1,500",01/14/2025 11:12,FOLLOWING TOO CLOSELY,NOT APPLICABLE,798,S,CLARK ST,123,,,,,,,3,NO INDICATION OF INJURY,0,0,0,0,0,3,0,8,3,1,3,0,8,3,1
CLOUDY/OVERCAST,DAYLIGHT,PARKED MOTOR VEHICLE,NOT DIVIDED,,STRAIGHT AND LEVEL,WET,NO DEFECTS,ON SCENE,INJURY AND / OR TOW DUE TO CRASH,,,,"OVER $1,500",03/16/2025 16:26,PHYSICAL CONDITION OF DRIVER,PHYSICAL CONDITION OF DRIVER,1521,S,PULASKI RD,1014,,,,,,,3,NONINCAPACITATING INJURY,1,0,0,1,0,0,0,16,1,3,0,0,16,1,3
CLEAR,DAYLIGHT,TURNING,PARKING LOT,,STRAIGHT AND LEVEL,DRY,NO DEFECTS,NOT ON SCENE (DESK REPORT),NO INJURY / DRIVE AWAY,,,,"OVER $1,500",04/05/2025 16:01,FAILING TO YIELD RIGHT-OF-WAY,FAILING TO YIELD RIGHT-OF-WAY,25,N,MICHIGAN AVE,114,,,,,,,2,NO INDICATION OF INJURY,0,0,0,0,0,2,0,13,7,4,2,0,13,7,4
RAIN,"DARKNESS, LIGHTED ROAD",PARKED MOTOR VEHICLE,NOT DIVIDED,,STRAIGHT AND LEVEL,WET,NO DEFECTS,ON SCENE,INJURY AND / OR TOW DUE TO CRASH,,,Y,"OVER $1,500",03/16/2025 4:42,UNABLE TO DETERMINE,UNABLE TO DETERMINE,5747,S,HALSTED ST,711,,,,,,,2,NO INDICATION OF INJURY,0,0,0,0,0,1,0,4,1,3,1,0,4,1,3
CLEAR,"DARKNESS, LIGHTED ROAD",PARKED MOTOR VEHICLE,DIVIDED - W/MEDIAN (NOT RAISED),,STRAIGHT AND LEVEL,UNKNOWN,NO DEFECTS,NOT ON SCENE (DESK REPORT),NO INJURY / DRIVE AWAY,,,Y,"$501 - $1,500",08/13/2024 12:10,IMPROPER LANE USAGE,UNABLE TO DETERMINE,5350,N,CENTRAL AVE,1622,,,,,,,2,NO INDICATION OF INJURY,0,0,0,0,0,1,0,19,2,8,1,0,19,2,8
SNOW,DAYLIGHT,FIXED OBJECT,NOT DIVIDED,,STRAIGHT AND LEVEL,SNOW OR SLUSH,NO DEFECTS,ON SCENE,INJURY AND / OR TOW DUE TO CRASH,Y,,,"OVER $1,500",03/15/2021 18:19,FAILING TO REDUCE SPEED TO AVOID CRASH,WEATHER,532,N,LARAMIE AVE,1523,,,,,,,1,NO INDICATION OF INJURY,0,0,0,0,0,1,0,18,2,3,1,0,18,2,3
CLEAR,DAYLIGHT,REAR TO FRONT,DIVIDED - W/MEDIAN (NOT RAISED),,STRAIGHT AND LEVEL,DRY,UNKNOWN,NOT ON SCENE (DESK REPORT),NO INJURY / DRIVE AWAY,,,,$500 OR LESS,09/07/2024 18:40,UNABLE TO DETERMINE,NOT APPLICABLE,4525,N,WESTERN AVE,1911,,,,,,,2,NO INDICATION OF INJURY,0,0,0,0,0,3,0,17,7,9,3,0,17,7,9
CLEAR,DAYLIGHT,ANGLE,FOUR WAY,,STRAIGHT AND LEVEL,DRY,NO DEFECTS,ON SCENE,INJURY AND / OR TOW DUE TO CRASH,Y,,,"OVER $1,500",10/05/2024 11:08,FAILING TO YIELD RIGHT-OF-WAY,NOT APPLICABLE,2100,W,69TH ST,726,,,,,,,2,NO INDICATION OF INJURY,0,0,0,0,0,4,0,11,7,10,4,0,11,7,10
RAIN,DAYLIGHT,ANGLE,NOT DIVIDED,,STRAIGHT AND LEVEL,WET,NO DEFECTS,NOT ON SCENE (DESK REPORT),NO INJURY / DRIVE AWAY,,,,"OVER $1,500",11/04/2024 17:06,FAILING TO YIELD RIGHT-OF-WAY,NOT APPLICABLE,7801,S,CICERO AVE,834,,,,,,,2,NO INDICATION OF INJURY,0,0,0,0,0,3,0,15,2,11,3,0,15,2,11
CLEAR,"DARKNESS, LIGHTED ROAD",TURNING,DIVIDED - W/MEDIAN BARRIER,,STRAIGHT AND LEVEL,DRY,NO DEFECTS,ON SCENE,INJURY AND / OR TOW DUE TO CRASH,Y,,,"OVER $1,500",01/14/2025 21:26,FAILING TO YIELD RIGHT-OF-WAY,NOT APPLICABLE,2,S,WACKER DR,122,,,,,,,2,"REPORTED, NOT EVIDENT",1,0,0,0,1,1,0,21,3,1,1,0,21,3,1
CLEAR,DAYLIGHT,SIDESWIPE SAME DIRECTION,"FIVE POINT, OR MORE",,STRAIGHT AND LEVEL,DRY,NO DEFECTS,NOT ON SCENE (DESK REPORT),NO INJURY / DRIVE AWAY,,,,"OVER $1,500",04/05/2025 12:50,IMPROPER OVERTAKING/PASSING,NOT APPLICABLE,2004,W,NORTH AVE,1434,,,,,,,2,NO INDICATION OF INJURY,0,0,0,0,0,2,0,12,7,4,2,0,12,7,4
CLEAR,DAYLIGHT,ANGLE,DIVIDED - W/MEDIAN (NOT RAISED),,STRAIGHT AND LEVEL,DRY,NO DEFECTS,NOT ON SCENE (DESK REPORT),NO INJURY / DRIVE AWAY,,,,"OVER $1,500",06/01/2024 8:15,UNABLE TO DETERMINE,NOT APPLICABLE,7400,S,SOUTH SHORE DR,334,,,,,,,2,NO INDICATION OF INJURY,0,0,0,0,0,2,0,7,7,6,2,0,7,7,6
CLEAR,DAYLIGHT,ANGLE,NOT DIVIDED,,STRAIGHT AND LEVEL,DRY,NO DEFECTS,NOT ON SCENE (DESK REPORT),NO INJURY / DRIVE AWAY,,,,"OVER $1,500",03/05/2024 14:09,FAILING TO YIELD RIGHT-OF-WAY,NOT APPLICABLE,4339,N,KEDZIE AVE,1724,,,,,,,2,NO INDICATION OF INJURY,0,0,0,0,0,2,0,15,5,2,2,0,15,5,2
CLEAR,DAYLIGHT,PARKED MOTOR VEHICLE,OTHER,,STRAIGHT AND LEVEL,DRY,NO DEFECTS,NOT ON SCENE (DESK REPORT),NO INJURY / DRIVE AWAY,,,Y,"OVER $1,500",04/05/2025 16:50,UNABLE TO DETERMINE,NOT APPLICABLE,3919,W,FOSTER AVE,1712,,,,,,,2,NO INDICATION OF INJURY,0,0,0,0,0,1,0,16,7,4,1,0,16,7,4
UNKNOWN,"DARKNESS, LIGHTED ROAD",OTHER NONCOLLISION,NOT DIVIDED,,STRAIGHT AND LEVEL,UNKNOWN,"RUT, HOLES",NOT ON SCENE (DESK REPORT),NO INJURY / DRIVE AWAY,,,,"$501 - $1,500",04/07/2025 8:15,ROAD ENGINEERING/SURFACE/MARKING DEFECTS,ROAD ENGINEERING/SURFACE/MARKING DEFECTS,11149,S,MAPLEWOOD AVE,2212,,,,,,,1,NO INDICATION OF INJURY,0,0,0,0,0,1,0,22,7,4,1,0,22,7,4
CLEAR,DUSK,SIDESWIPE SAME DIRECTION,NOT DIVIDED,,STRAIGHT AND LEVEL,DRY,NO DEFECTS,NOT ON SCENE (DESK REPORT),NO INJURY / DRIVE AWAY,N,,Y,"$501 - $1,500",09/07/2024 21:24,IMPROPER LANE USAGE,UNABLE TO DETERMINE,456,E,66TH ST,312,,,,,,,2,NO INDICATION OF INJURY,0,0,0,0,0,2,0,20,7,9,2,0,20,7,9
CLEAR,"DARKNESS, LIGHTED ROAD",SIDESWIPE SAME DIRECTION,FOUR WAY,,STRAIGHT AND LEVEL,DRY,UNKNOWN,NOT ON SCENE (DESK REPORT),NO INJURY / DRIVE AWAY,,,Y,"OVER $1,500",10/05/2024 23:47,IMPROPER OVERTAKING/PASSING,NOT APPLICABLE,1317,W,GRAND AVE,1215,,,,,,,2,NO INDICATION OF INJURY,0,0,0,0,0,2,0,21,7,10,2,0,21,7,10
RAIN,DAYLIGHT,TURNING,T-INTERSECTION,,STRAIGHT AND LEVEL,WET,NO DEFECTS,,INJURY AND / OR TOW DUE TO CRASH,Y,,,"OVER $1,500",11/18/2024 14:20,FAILING TO YIELD RIGHT-OF-WAY,NOT APPLICABLE,1900,W,ADAMS ST,1223,,,,,,,2,NONINCAPACITATING INJURY,1,0,0,1,0,1,0,14,2,11,1,0,14,2,11
CLEAR,DAYLIGHT,TURNING,DIVIDED - W/MEDIAN (NOT RAISED),,STRAIGHT AND LEVEL,DRY,NO DEFECTS,NOT ON SCENE (DESK REPORT),NO INJURY / DRIVE AWAY,,,,"OVER $1,500",08/12/2024 16:00,IMPROPER OVERTAKING/PASSING,IMPROPER LANE USAGE,4802,N,WESTERN AVE,2031,,,,,,,2,NO INDICATION OF INJURY,0,0,0,0,0,2,0,14,2,8,2,0,14,2,8
CLEAR,DAYLIGHT,SIDESWIPE SAME DIRECTION,DIVIDED - W/MEDIAN (NOT RAISED),,STRAIGHT AND LEVEL,DRY,NO DEFECTS,NOT ON SCENE (DESK REPORT),NO INJURY / DRIVE AWAY,Y,,,"OVER $1,500",08/12/2024 8:00,IMPROPER LANE USAGE,UNABLE TO DETERMINE,3981,N,LARAMIE AVE,1634,,,,,,,2,NO INDICATION OF INJURY,0,0,0,0,0,2,0,6,2,8,2,0,6,2,8
SNOW,DAYLIGHT,PARKED MOTOR VEHICLE,OTHER,,STRAIGHT AND LEVEL,WET,"RUT, HOLES",ON SCENE,INJURY AND / OR TOW DUE TO CRASH,,,,"OVER $1,500",03/16/2025 13:34,UNABLE TO DETERMINE,UNABLE TO DETERMINE,6520,W,GREGORY ST,1613,,,,,,,2,NO INDICATION OF INJURY,0,0,0,0,0,1,0,13,1,3,1,0,13,1,3
RAIN,DAYLIGHT,PARKED MOTOR VEHICLE,OTHER,,STRAIGHT AND LEVEL,DRY,NO DEFECTS,NOT ON SCENE (DESK REPORT),NO INJURY / DRIVE AWAY,,,,"$501 - $1,500",09/07/2024 16:32,NOT APPLICABLE,NOT APPLICABLE,703,S,DAMEN AVE,1225,,,,,,,2,NO INDICATION OF INJURY,0,0,0,0,0,1,0,15,7,9,1,0,15,7,9
CLEAR,"DARKNESS, LIGHTED ROAD",ANGLE,Y-INTERSECTION,,STRAIGHT AND LEVEL,DRY,NO DEFECTS,,INJURY AND / OR TOW DUE TO CRASH,Y,,,"OVER $1,500",03/29/2025 20:00,UNABLE TO DETERMINE,UNABLE TO DETERMINE,10701,S,CENTRAL PARK AVE,2211,,,,,,,2,NO INDICATION OF INJURY,0,0,0,0,0,2,0,19,7,3,2,0,19,7,3
CLEAR,DARKNESS,SIDESWIPE SAME DIRECTION,OTHER,,STRAIGHT AND LEVEL,DRY,WORN SURFACE,ON SCENE,NO INJURY / DRIVE AWAY,,,Y,"$501 - $1,500",12/04/2024 19:07,IMPROPER OVERTAKING/PASSING,NOT APPLICABLE,4250,S,WESTERN BLVD,921,,,,,,,2,NO INDICATION OF INJURY,0,0,0,0,0,5,0,19,4,12,5,0,19,4,12
SNOW,DARKNESS,PARKED MOTOR VEHICLE,ONE-WAY,,STRAIGHT AND LEVEL,SNOW OR SLUSH,NO DEFECTS,NOT ON SCENE (DESK REPORT),NO INJURY / DRIVE AWAY,,,Y,"OVER $1,500",12/05/2024 5:45,FAILING TO REDUCE SPEED TO AVOID CRASH,UNABLE TO DETERMINE,8950,S,BLACKSTONE AVE,413,,,,,,,2,NO INDICATION OF INJURY,0,0,0,0,0,1,0,23,4,12,1,0,23,4,12
CLEAR,DAYLIGHT,REAR END,DIVIDED - W/MEDIAN (NOT RAISED),,STRAIGHT AND LEVEL,DRY,NO DEFECTS,ON SCENE,NO INJURY / DRIVE AWAY,,,,"OVER $1,500",12/04/2024 10:05,FOLLOWING TOO CLOSELY,NOT APPLICABLE,1205,S,DAMEN AVE,1233,,,,,,,2,NO INDICATION OF INJURY,0,0,0,0,0,3,0,10,4,12,3,0,10,4,12
CLEAR,"DARKNESS, LIGHTED ROAD",PARKED MOTOR VEHICLE,NOT DIVIDED,,STRAIGHT AND LEVEL,DRY,NO DEFECTS,ON SCENE,NO INJURY / DRIVE AWAY,,,Y,"$501 - $1,500",10/05/2024 3:30,UNABLE TO DETERMINE,NOT APPLICABLE,6128,S,MARSHFIELD AVE,714,,,,,,,3,NO INDICATION OF INJURY,0,0,0,0,0,1,0,3,7,10,1,0,3,7,10
CLEAR,DAYLIGHT,ANGLE,FOUR WAY,,STRAIGHT AND LEVEL,DRY,NO DEFECTS,ON SCENE,NO INJURY / DRIVE AWAY,Y,,,$500 OR LESS,04/05/2025 18:50,FAILING TO YIELD RIGHT-OF-WAY,NOT APPLICABLE,9200,S,HOUSTON AVE,424,,,,,,,2,NO INDICATION OF INJURY,0,0,0,0,0,2,0,18,7,4,2,0,18,7,4
RAIN,"DARKNESS, LIGHTED ROAD",PARKED MOTOR VEHICLE,NOT DIVIDED,,STRAIGHT AND LEVEL,WET,NO DEFECTS,ON SCENE,INJURY AND / OR TOW DUE TO CRASH,,,Y,"OVER $1,500",04/05/2025 7:00,UNABLE TO DETERMINE,UNABLE TO DETERMINE,4428,S,CALIFORNIA AVE,922,,,,,,,2,NO INDICATION OF INJURY,0,0,0,0,0,1,0,2,7,4,1,0,2,7,4
CLEAR,DAYLIGHT,FIXED OBJECT,PARKING LOT,,STRAIGHT AND LEVEL,DRY,NO DEFECTS,NOT ON SCENE (DESK REPORT),NO INJURY / DRIVE AWAY,,,,"OVER $1,500",04/06/2025 14:25,UNABLE TO DETERMINE,UNABLE TO DETERMINE,525,N,WABASH AVE,1834,,,,,,,1,NO INDICATION OF INJURY,0,0,0,0,0,1,0,14,7,4,1,0,14,7,4
CLEAR,DAYLIGHT,TURNING,"FIVE POINT, OR MORE",,STRAIGHT AND LEVEL,DRY,NO DEFECTS,NOT ON SCENE (DESK REPORT),NO INJURY / DRIVE AWAY,Y,,,"$501 - $1,500",03/05/2024 15:00,FAILING TO YIELD RIGHT-OF-WAY,FAILING TO REDUCE SPEED TO AVOID CRASH,800,W,GRAND AVE,1214,,,,,,,2,NO INDICATION OF INJURY,0,0,0,0,0,2,0,13,3,3,2,0,13,3,3
CLEAR,"DARKNESS, LIGHTED ROAD",PARKED MOTOR VEHICLE,ONE-WAY,,"CURVE, LEVEL",DRY,NO DEFECTS,,INJURY AND / OR TOW DUE TO CRASH,,,,"OVER $1,500",04/19/2025 4:40,FAILING TO REDUCE SPEED TO AVOID CRASH,FAILING TO REDUCE SPEED TO AVOID CRASH,710,N,RACINE AVE,1215,,,,,,,4,"REPORTED, NOT EVIDENT",1,0,0,0,1,0,0,4,7,4,0,0,4,7,4
CLEAR,DAYLIGHT,PARKED MOTOR VEHICLE,NOT DIVIDED,,STRAIGHT AND LEVEL,DRY,NO DEFECTS,NOT ON SCENE (DESK REPORT),NO INJURY / DRIVE AWAY,Y,,Y,"OVER $1,500",11/04/2024 17:13,UNABLE TO DETERMINE,NOT APPLICABLE,2014,S,LEAVITT ST,1234,,,,,,,2,NO INDICATION OF INJURY,0,0,0,0,0,1,0,15,2,11,1,0,15,2,11
CLEAR,DAYLIGHT,TURNING,NOT DIVIDED,,STRAIGHT AND LEVEL,DRY,NO DEFECTS,ON SCENE,NO INJURY / DRIVE AWAY,,,,"$501 - $1,500",01/16/2020 9:21,DISTRACTION - FROM OUTSIDE VEHICLE,NOT APPLICABLE,4657,S,RACINE AVE,925,,,,,,,2,NO INDICATION OF INJURY,0,0,0,0,0,2,0,9,5,1,2,0,9,5,1
CLEAR,"DARKNESS, LIGHTED ROAD",ANGLE,UNKNOWN INTERSECTION TYPE,,STRAIGHT AND LEVEL,DRY,NO DEFECTS,NOT ON SCENE (DESK REPORT),INJURY AND / OR TOW DUE TO CRASH,Y,,,"OVER $1,500",12/04/2024 21:00,UNABLE TO DETERMINE,UNABLE TO DETERMINE,2054,W,GRAND AVE,1221,,,,,,,2,NONINCAPACITATING INJURY,1,0,0,1,0,2,0,19,4,12,2,0,19,4,12
CLEAR,DAYLIGHT,PARKED MOTOR VEHICLE,ONE-WAY,,STRAIGHT AND LEVEL,DRY,UNKNOWN,NOT ON SCENE (DESK REPORT),NO INJURY / DRIVE AWAY,,,,"$501 - $1,500",12/04/2024 19:00,UNABLE TO DETERMINE,UNABLE TO DETERMINE,2328,S,TROY ST,1033,,,,,,,2,NO INDICATION OF INJURY,0,0,0,0,0,1,0,9,4,12,1,0,9,4,12
CLEAR,DAYLIGHT,PARKED MOTOR VEHICLE,NOT DIVIDED,,STRAIGHT AND LEVEL,DRY,NO DEFECTS,NOT ON SCENE (DESK REPORT),INJURY AND / OR TOW DUE TO CRASH,,,,"OVER $1,500",09/07/2024 6:55,DRIVING SKILLS/KNOWLEDGE/EXPERIENCE,DRIVING SKILLS/KNOWLEDGE/EXPERIENCE,7602,S,YATES BLVD,414,,,,,,,3,NONINCAPACITATING INJURY,1,0,0,1,0,2,0,6,7,9,2,0,6,7,9
RAIN,"DARKNESS, LIGHTED ROAD",ANGLE,NOT DIVIDED,,STRAIGHT AND LEVEL,WET,NO DEFECTS,ON SCENE,INJURY AND / OR TOW DUE TO CRASH,Y,,Y,"$501 - $1,500",03/16/2025 1:02,FAILING TO YIELD RIGHT-OF-WAY,NOT APPLICABLE,1300,S,PULASKI RD,1011,,,,,,,2,NO INDICATION OF INJURY,0,0,0,0,0,2,0,0,1,3,2,0,0,1,3