WEATHER_CONDITION,LIGHTING_CONDITION,FIRST_CRASH_TYPE,TRAFFICWAY_TYPE,LANE_CNT,ALIGNMENT,ROADWAY_SURFACE_COND,ROAD_DEFECT,REPORT_TYPE,CRASH_TYPE,INTERSECTION_RELATED_I,NOT_RIGHT_OF_WAY_I,HIT_AND_RUN_I,DAMAGE,DATE_POLICE_NOTIFIED,PRIM_CONTRIBUTORY_CAUSE,SEC_CONTRIBUTORY_CAUSE,STREET_NO,STREET_DIRECTION,STREET_NAME,BEAT_OF_OCCURRENCE,PHOTOS_TAKEN_I,STATEMENTS_TAKEN_I,DOORING_I,WORK_ZONE_I,WORK_ZONE_TYPE,WORKERS_PRESENT_I,NUM_UNITS,MOST_SEVERE_INJURY,INJURIES_TOTAL,INJURIES_FATAL,INJURIES_INCAPACITATING,INJURIES_NON_INCAPACITATING,INJURIES_REPORTED_NOT_EVIDENT,INJURIES_NO_INDICATION,INJURIES_UNKNOWN,CRASH_HOUR,CRASH_DAY_OF_WEEK,CRASH_MONTH,INJURIES_NO_INDICATION,INJURIES_UNKNOWN,CRASH_HOUR,CRASH_DAY_OF_WEEK,CRASH_MONTH
CLEAR,"DARKNESS, LIGHTED ROAD",TURNING,NOT DIVIDED,,STRAIGHT AND LEVEL,DRY,NO DEFECTS,ON SCENE,INJURY AND / OR TOW DUE TO CRASH,Y,,,"OVER $1,500",12/04/2024 19:57,FAILING TO YIELD RIGHT-OF-WAY,NOT APPLICABLE,2199,N,CLARK ST,1814,,,,,,,2,NONINCAPACITATING INJURY,1,0,0,1,0,2,0,19,4,12,2,0,19,4,12
CLEAR,DAYLIGHT,TURNING,DIVIDED - W/MEDIAN (NOT RAISED),,STRAIGHT AND LEVEL,DRY,NO DEFECTS,ON SCENE,NO INJURY / DRIVE AWAY,,,,"OVER $1,500",09/07/2024 16:20,IMPROPER LANE USAGE,DRIVING ON WRONG SIDE/WRONG WAY,3934,W,DIVERSEY AVE,2523,,,,,,,2,NO INDICATION OF INJURY,0,0,0,0,0,4,0,16,7,9,4,0,16,7,9
UNKNOWN,UNKNOWN,ANGLE,DIVIDED - W/MEDIAN (NOT RAISED),,STRAIGHT AND LEVEL,UNKNOWN,UNKNOWN,,NO INJURY / DRIVE AWAY,Y,,,"OVER $1,500",01/27/2025 12:10,UNABLE TO DETERMINE,UNABLE TO DETERMINE,100,N,ASHLAND AVE,1224,,,,,,,2,NO INDICATION OF INJURY,0,0,0,0,0,2,0,11,2,1,2,0,11,2,1
CLEAR,DAYLIGHT,TURNING,NOT DIVIDED,,STRAIGHT AND LEVEL,DRY,NO DEFECTS,ON SCENE,INJURY AND / OR TOW DUE TO CRASH,Y,,,"OVER $1,500",04/05/2025 12:01,FAILING TO YIELD RIGHT-OF-WAY,NOT APPLICABLE,4500,N,CUMBERLAND AVE,1614,,,,,,,2,NONINCAPACITATING INJURY,2,0,0,2,0,1,0,12,7,4,1,0,12,7,4
CLEAR,DAYLIGHT,SIDESWIPE SAME DIRECTION,NOT DIVIDED,,STRAIGHT AND LEVEL,DRY,NO DEFECTS,NOT ON SCENE (DESK REPORT),NO INJURY / DRIVE AWAY,,,Y,"OVER $1,500",05/23/2025 16:30,IMPROPER OVERTAKING/PASSING,IMPROPER OVERTAKING/PASSING,3641,S,WESTERN BLVD,912,,,,,,,2,NO INDICATION OF INJURY,0,0,0,0,0,2,0,15,6,5,2,0,15,6,5
CLOUDY/OVERCAST,DAYLIGHT,TURNING,DIVIDED - W/MEDIAN (NOT RAISED),,STRAIGHT AND LEVEL,DRY,UNKNOWN,NOT ON SCENE (DESK REPORT),NO INJURY / DRIVE AWAY,,,,"OVER $1,500",04/05/2025 16:20,FOLLOWING TOO CLOSELY,FAILING TO REDUCE SPEED TO AVOID CRASH,4155,W,IRVING PARK RD,1732,,,,,,,2,NO INDICATION OF INJURY,0,0,0,0,0,2,0,11,7,4,2,0,11,7,4
CLOUDY/OVERCAST,DAYLIGHT,PARKED MOTOR VEHICLE,NOT DIVIDED,,STRAIGHT AND LEVEL,WET,UNKNOWN,ON SCENE,INJURY AND / OR TOW DUE TO CRASH,,,,"OVER $1,500",04/05/2025 6:42,UNABLE TO DETERMINE,UNABLE TO DETERMINE,5345,N,KEDZIE AVE,1712,,,,,,,2,NONINCAPACITATING INJURY,1,0,0,1,0,0,0,6,7,4,0,0,6,7,4
CLEAR,DAYLIGHT,SIDESWIPE SAME DIRECTION,ONE-WAY,,STRAIGHT AND LEVEL,DRY,NO DEFECTS,NOT ON SCENE (DESK REPORT),NO INJURY / DRIVE AWAY,,,,$500 OR LESS,03/16/2025 15:30,FAILING TO YIELD RIGHT-OF-WAY,FAILING TO YIELD RIGHT-OF-WAY,339,E,CHICAGO AVE,1833,,,,,,,2,NO INDICATION OF INJURY,0,0,0,0,0,2,0,12,1,3,2,0,12,1,3
CLEAR,DUSK,SIDESWIPE SAME DIRECTION,NOT DIVIDED,,STRAIGHT AND LEVEL,DRY,NO DEFECTS,NOT ON SCENE (DESK REPORT),NO INJURY / DRIVE AWAY,,,,"OVER $1,500",08/14/2024 19:32,FAILING TO YIELD RIGHT-OF-WAY,NOT APPLICABLE,1317,S,CLARK ST,131,,,,,,,2,NO INDICATION OF INJURY,0,0,0,0,0,2,0,18,4,8,2,0,18,4,8
CLEAR,DUSK,REAR TO SIDE,PARKING LOT,,STRAIGHT AND LEVEL,DRY,NO DEFECTS,NOT ON SCENE (DESK REPORT),NO INJURY / DRIVE AWAY,,Y,,"$501 - $1,500",08/20/2024 20:17,UNABLE TO DETERMINE,UNABLE TO DETERMINE,1236,E,53RD ST,234,,,,,,,2,NO INDICATION OF INJURY,0,0,0,0,0,2,0,18,4,8,2,0,18,4,8
CLEAR,DAYLIGHT,REAR END,DIVIDED - W/MEDIAN (NOT RAISED),,STRAIGHT AND LEVEL,DRY,NO DEFECTS,NOT ON SCENE (DESK REPORT),NO INJURY / DRIVE AWAY,,,,"OVER $1,500",08/15/2024 11:15,UNABLE TO DETERMINE,UNABLE TO DETERMINE,1600,E,130TH ST,434,,,,,,,2,NO INDICATION OF INJURY,0,0,0,0,0,2,0,15,4,8,2,0,15,4,8
CLEAR,DAYLIGHT,SIDESWIPE SAME DIRECTION,DIVIDED - W/MEDIAN (NOT RAISED),,STRAIGHT AND LEVEL,DRY,NO DEFECTS,NOT ON SCENE (DESK REPORT),NO INJURY / DRIVE AWAY,Y,,,"$501 - $1,500",04/05/2025 16:17,FAILING TO REDUCE SPEED TO AVOID CRASH,DRIVING SKILLS/KNOWLEDGE/EXPERIENCE,4201,W,ADDISON ST,1731,,,,,,,2,NO INDICATION OF INJURY,0,0,0,0,0,3,0,16,7,4,3,0,16,7,4
CLEAR,"DARKNESS, LIGHTED ROAD",TURNING,NOT REPORTED,,STRAIGHT AND LEVEL,DRY,NO DEFECTS,ON SCENE,INJURY AND / OR TOW DUE TO CRASH,Y,,Y,"OVER $1,500",05/23/2025 23:10,DISREGARDING STOP SIGN,NOT APPLICABLE,450,W,CERMAK RD,914,,,,,,,2,NO INDICATION OF INJURY,0,0,0,0,0,3,0,23,6,5,3,0,23,6,5
CLEAR,DAYLIGHT,PARKED MOTOR VEHICLE,DIVIDED - W/MEDIAN (NOT RAISED),,STRAIGHT AND LEVEL,DRY,NO DEFECTS,NOT ON SCENE (DESK REPORT),NO INJURY / DRIVE AWAY,,,,"$501 - $1,500",05/23/2025 15:00,UNABLE TO DETERMINE,NOT APPLICABLE,1801,W,TAYLOR ST,1231,,,,,,,2,NO INDICATION OF INJURY,0,0,0,0,0,2,0,14,6,5,2,0,14,6,5
CLEAR,DAYLIGHT,ANGLE,NOT DIVIDED,,STRAIGHT AND LEVEL,DRY,UNKNOWN,ON SCENE,NO INJURY / DRIVE AWAY,,,,"OVER $1,500",02/08/2025 7:41,UNABLE TO DETERMINE,NOT APPLICABLE,856,E,40TH ST,214,,,,,,,3,NO INDICATION OF INJURY,0,0,0,0,0,2,0,7,7,2,2,0,7,7,2
CLEAR,DAYLIGHT,PARKED MOTOR VEHICLE,NOT DIVIDED,,STRAIGHT AND LEVEL,DRY,NO DEFECTS,ON SCENE,NO INJURY / DRIVE AWAY,,,Y,"OVER $1,500",09/07/2024 17:44,UNABLE TO DETERMINE,UNABLE TO DETERMINE,1500,N,HONORE ST,1424,,,,,,,2,NO INDICATION OF INJURY,0,0,0,0,0,1,0,17,7,9,1,0,17,7,9
CLEAR,DAYLIGHT,ANGLE,FOUR WAY,,STRAIGHT AND LEVEL,DRY,NO DEFECTS,ON SCENE,NO INJURY / DRIVE AWAY,Y,,Y,"OVER $1,500",01/07/2025 9:05,DISREGARDING TRAFFIC SIGNALS,DISREGARDING TRAFFIC SIGNALS,7600,S,SOUTH CHICAGO AVE,411,,,,,,,2,NO INDICATION OF INJURY,0,0,0,0,0,2,0,8,3,1,2,0,8,3,1
CLEAR,"DARKNESS, LIGHTED ROAD",SIDESWIPE SAME DIRECTION,NOT DIVIDED,,STRAIGHT AND LEVEL,DRY,NO DEFECTS,ON SCENE,NO INJURY / DRIVE AWAY,,,Y,"$501 - $1,500",12/04/2024 16:06,FOLLOWING TOO CLOSELY,UNABLE TO DETERMINE,2004,S,WESTERN AVE,1023,,,,,,,2,NO INDICATION OF INJURY,0,0,0,0,0,2,0,15,4,12,2,0,15,4,12
CLEAR,"DARKNESS, LIGHTED ROAD",REAR END,ONE-WAY,,STRAIGHT AND LEVEL,OTHER,OTHER,ON SCENE,INJURY AND / OR TOW DUE TO CRASH,,,,"OVER $1,500",09/07/2024 5:40,UNABLE TO DETERMINE,NOT APPLICABLE,4900,N,LAKE SHORE DR NB,2024,,,,Y,MAINTENANCE,,2,NONINCAPACITATING INJURY,2,0,0,2,0,0,0,5,7,9,0,0,5,7,9
CLEAR,"DARKNESS, LIGHTED ROAD",SIDESWIPE SAME DIRECTION,NOT DIVIDED,,STRAIGHT AND LEVEL,DRY,NO DEFECTS,NOT ON SCENE (DESK REPORT),NO INJURY / DRIVE AWAY,Y,,,"OVER $1,500",05/23/2025 22:10,FAILING TO YIELD RIGHT-OF-WAY,IMPROPER OVERTAKING/PASSING,3658,W,ADDISON ST,1732,,,,,,,2,NO INDICATION OF INJURY,0,0,0,0,0,2,0,21,6,5,2,0,21,6,5
CLEAR,DARKNESS,OTHER OBJECT,NOT DIVIDED,,STRAIGHT AND LEVEL,DRY,NO DEFECTS,ON SCENE,INJURY AND / OR TOW DUE TO CRASH,,,Y,"OVER $1,500",08/14/2024 4:35,UNABLE TO DETERMINE,UNABLE TO DETERMINE,7212,S,HALSTED ST,733,,,,,,,1,NO INDICATION OF INJURY,0,0,0,0,0,1,0,4,4,8,1,0,4,4,8
CLEAR,"DARKNESS, LIGHTED ROAD",SIDESWIPE SAME DIRECTION,ONE-WAY,,STRAIGHT AND LEVEL,DRY,NO DEFECTS,ON SCENE,INJURY AND / OR TOW DUE TO CRASH,Y,,,"OVER $1,500",09/07/2024 22:45,IMPROPER TURNING/NO SIGNAL,IMPROPER LANE USAGE,100,W,MADISON ST,122,,,,,,,2,"REPORTED, NOT EVIDENT",2,0,0,0,2,1,0,22,7,9,1,0,22,7,9
CLEAR,"DARKNESS, LIGHTED ROAD",TURNING,FOUR WAY,,STRAIGHT AND LEVEL,DRY,NO DEFECTS,NOT ON SCENE (DESK REPORT),NO INJURY / DRIVE AWAY,Y,,Y,"OVER $1,500",09/07/2024 22:50,FAILING TO YIELD RIGHT-OF-WAY,NOT APPLICABLE,440,N,HALSTED ST,1214,,,,,,,2,NO INDICATION OF INJURY,0,0,0,0,0,2,0,21,7,9,2,0,21,7,9
CLEAR,"DARKNESS, LIGHTED ROAD",SIDESWIPE SAME DIRECTION,DIVIDED - W/MEDIAN (NOT RAISED),,STRAIGHT AND LEVEL,DRY,NO DEFECTS,NOT ON SCENE (DESK REPORT),NO INJURY / DRIVE AWAY,,,Y,"$501 - $1,500",09/08/2024 0:30,UNABLE TO DETERMINE,UNABLE TO DETERMINE,1200,W,63RD ST,713,,,,,,,2,NO INDICATION OF INJURY,0,0,0,0,0,2,0,23,7,9,2,0,23,7,9
CLEAR,DAYLIGHT,HEAD ON,DIVIDED - W/MEDIAN (NOT RAISED),,STRAIGHT AND LEVEL,DRY,NO DEFECTS,ON SCENE,INJURY AND / OR TOW DUE TO CRASH,,,Y,"OVER $1,500",03/16/2025 18:41,DRIVING SKILLS/KNOWLEDGE/EXPERIENCE,DRIVING SKILLS/KNOWLEDGE/EXPERIENCE,419,S,CENTRAL PARK AVE,1133,,,,,,,2,NONINCAPACITATING INJURY,1,0,0,1,0,1,0,18,1,3,1,0,18,1,3
CLEAR,DAYLIGHT,ANGLE,NOT DIVIDED,,STRAIGHT AND LEVEL,DRY,NO DEFECTS,NOT ON SCENE (DESK REPORT),NO INJURY / DRIVE AWAY,,,Y,"$501 - $1,500",08/27/2023 20:05,NOT APPLICABLE,NOT APPLICABLE,43,N,HOMAN BLVD,1123,,,,,,,2,NO INDICATION OF INJURY,0,0,0,0,0,2,0,19,1,8,2,0,19,1,8
CLEAR,"DARKNESS, LIGHTED ROAD",PEDALCYCLIST,UNKNOWN INTERSECTION TYPE,,STRAIGHT AND LEVEL,DRY,UNKNOWN,ON SCENE,INJURY AND / OR TOW DUE TO CRASH,Y,,,"OVER $1,500",03/02/2024 20:50,UNABLE TO DETERMINE,NOT APPLICABLE,1000,N,HERMITAGE AVE,1213,,,,,,,2,INCAPACITATING INJURY,1,0,1,0,0,1,0,20,7,3,1,0,20,7,3
FREEZING RAIN/DRIZZLE,"DARKNESS, LIGHTED ROAD",ANGLE,FOUR WAY,,STRAIGHT AND LEVEL,SNOW OR SLUSH,NO DEFECTS,ON SCENE,INJURY AND / OR TOW DUE TO CRASH,Y,,,"OVER $1,500",02/08/2025 18:48,DISREGARDING TRAFFIC SIGNALS,WEATHER,3500,S,WESTERN BLVD,911,,,,,,,2,"REPORTED, NOT EVIDENT",1,0,0,0,1,3,0,18,7,2,3,0,18,7,2
UNKNOWN,DAYLIGHT,REAR END,NOT DIVIDED,,STRAIGHT AND LEVEL,UNKNOWN,UNKNOWN,NOT ON SCENE (DESK REPORT),NO INJURY / DRIVE AWAY,,,,"OVER $1,500",04/05/2025 18:30,UNABLE TO DETERMINE,NOT APPLICABLE,2585,N,ELSTON AVE,1432,,,,,,,2,NO INDICATION OF INJURY,0,0,0,0,0,2,0,17,7,4,2,0,17,7,4
CLEAR,DAYLIGHT,FIXED OBJECT,DRIVEWAY,,STRAIGHT AND LEVEL,DRY,NO DEFECTS,ON SCENE,NO INJURY / DRIVE AWAY,,,Y,$500 OR LESS,08/14/2024 11:25,IMPROPER BACKING,NOT APPLICABLE,3948,N,MOBILE AVE,1633,,,,,,,1,NO INDICATION OF INJURY,0,0,0,0,0,1,0,7,4,8,1,0,7,4,8
CLEAR,DAYLIGHT,SIDESWIPE SAME DIRECTION,DIVIDED - W/MEDIAN (NOT RAISED),,STRAIGHT AND LEVEL,DRY,UNKNOWN,ON SCENE,NO INJURY / DRIVE AWAY,,,,"OVER $1,500",09/07/2024 8:24,IMPROPER OVERTAKING/PASSING,NOT APPLICABLE,5600,W,BELMONT AVE,1633,,,,,,,2,NO INDICATION OF INJURY,0,0,0,0,0,2,0,8,7,9,2,0,8,7,9
CLEAR,DAYLIGHT,SIDESWIPE SAME DIRECTION,DIVIDED - W/MEDIAN (NOT RAISED),,STRAIGHT AND LEVEL,DRY,UNKNOWN,NOT ON SCENE (DESK REPORT),NO INJURY / DRIVE AWAY,,,Y,"OVER $1,500",10/05/2024 17:00,FAILING TO YIELD RIGHT-OF-WAY,FAILING TO YIELD RIGHT-OF-WAY,360,W,WACKER DR,122,,,,,,,2,NO INDICATION OF INJURY,0,0,0,0,0,2,0,14,7,10,2,0,14,7,10
RAIN,"DARKNESS, LIGHTED ROAD",ANGLE,DIVIDED - W/MEDIAN (NOT RAISED),,STRAIGHT AND LEVEL,WET,NO DEFECTS,NOT ON SCENE (DESK REPORT),NO INJURY / DRIVE AWAY,Y,,Y,"OVER $1,500",11/04/2024 21:50,IMPROPER OVERTAKING/PASSING,NOT APPLICABLE,900,N,RIDGEWAY AVE,1112,,,,,,,2,NO INDICATION OF INJURY,0,0,0,0,0,2,0,19,2,11,2,0,19,2,11
SNOW,DAYLIGHT,TURNING,NOT DIVIDED,,STRAIGHT AND LEVEL,WET,NO DEFECTS,ON SCENE,NO INJURY / DRIVE AWAY,,,,$500 OR LESS,03/16/2025 12:37,IMPROPER TURNING/NO SIGNAL,NOT APPLICABLE,3198,N,BROADWAY,1934,,,,,,,2,NO INDICATION OF INJURY,0,0,0,0,0,3,0,12,1,3,3,0,12,1,3
CLEAR,DAYLIGHT,ANGLE,NOT DIVIDED,,STRAIGHT AND LEVEL,DRY,UNKNOWN,NOT ON SCENE (DESK REPORT),NO INJURY / DRIVE AWAY,,,,"OVER $1,500",05/23/2025 15:00,DISREGARDING STOP SIGN,FAILING TO YIELD RIGHT-OF-WAY,4700,S,PAULINA ST,931,,,,,,,2,NO INDICATION OF INJURY,0,0,0,0,0,2,0,14,6,5,2,0,14,6,5
CLEAR,DAYLIGHT,TURNING,NOT REPORTED,,STRAIGHT AND LEVEL,DRY,NO DEFECTS,ON SCENE,INJURY AND / OR TOW DUE TO CRASH,Y,,,"OVER $1,500",05/23/2025 11:18,DISREGARDING STOP SIGN,FAILING TO YIELD RIGHT-OF-WAY,98,E,HURON ST,1834,,,,,,,2,NO INDICATION OF INJURY,0,0,0,0,0,2,0,11,6,5,2,0,11,6,5
CLEAR,"DARKNESS, LIGHTED ROAD",PARKED MOTOR VEHICLE,NOT DIVIDED,,STRAIGHT AND LEVEL,DRY,UNKNOWN,NOT ON SCENE (DESK REPORT),NO INJURY / DRIVE AWAY,,,Y,"OVER $1,500",02/08/2025 2:20,UNABLE TO DETERMINE,UNABLE TO DETERMINE,12000,S,HALSTED ST,524,Y,,,,,,2,NO INDICATION OF INJURY,0,0,0,0,0,1,0,1,7,2,1,0,1,7,2
CLEAR,DARKNESS,REAR END,T-INTERSECTION,,STRAIGHT AND LEVEL,UNKNOWN,UNKNOWN,NOT ON SCENE (DESK REPORT),NO INJURY / DRIVE AWAY,Y,,,"OVER $1,500",01/07/2025 19:00,UNABLE TO DETERMINE,UNABLE TO DETERMINE,5223,N,CLARK ST,2013,,,,,,,2,NO INDICATION OF INJURY,0,0,0,0,0,2,0,16,3,1,2,0,16,3,1
CLEAR,DAYLIGHT,ANGLE,T-INTERSECTION,,STRAIGHT AND LEVEL,DRY,NO DEFECTS,ON SCENE,NO INJURY / DRIVE AWAY,Y,,,"OVER $1,500",08/14/2024 17:55,FAILING TO YIELD RIGHT-OF-WAY,DRIVING SKILLS/KNOWLEDGE/EXPERIENCE,7229,W,ADDISON ST,1631,,,,,,,5,NO INDICATION OF INJURY,0,0,0,0,0,5,0,17,4,8,5,0,17,4,8
CLEAR,DAYLIGHT,PARKED MOTOR VEHICLE,ONE-WAY,,STRAIGHT AND LEVEL,DRY,NO DEFECTS,ON SCENE,NO INJURY / DRIVE AWAY,,,,"$501 - $1,500",08/22/2023 9:57,IMPROPER OVERTAKING/PASSING,IMPROPER TURNING/NO SIGNAL,259,E,ERIE ST,1834,,,,,,,3,NO INDICATION OF INJURY,0,0,0,0,0,2,0,9,3,8,2,0,9,3,8
CLEAR,DAWN,ANGLE,FOUR WAY,,STRAIGHT AND LEVEL,DRY,NO DEFECTS,,INJURY AND / OR TOW DUE TO CRASH,Y,,Y,"OVER $1,500",08/29/2025 23:17,UNABLE TO DETERMINE,NOT APPLICABLE,3158,W,HARRISON ST,1134,,,,,,,2,NO INDICATION OF INJURY,0,0,0,0,0,2,0,23,6,8,2,0,23,6,8
CLEAR,"DARKNESS, LIGHTED ROAD",SIDESWIPE SAME DIRECTION,NOT DIVIDED,,STRAIGHT AND LEVEL,DRY,NO DEFECTS,ON SCENE,NO INJURY / DRIVE AWAY,Y,,,$500 OR LESS,12/04/2024 16:44,IMPROPER OVERTAKING/PASSING,NOT APPLICABLE,3537,E,106TH ST,432,,,,,,,2,NO INDICATION OF INJURY,0,0,0,0,0,2,0,16,4,12,2,0,16,4,12
CLEAR,DAYLIGHT,REAR END,PARKING LOT,,STRAIGHT AND LEVEL,DRY,NO DEFECTS,ON SCENE,NO INJURY / DRIVE AWAY,,,,"OVER $1,500",05/23/2025 17:13,IMPROPER BACKING,UNABLE TO DETERMINE,2656,N,ELSTON AVE,1432,,,,,,,2,NO INDICATION OF INJURY,0,0,0,0,0,2,0,16,6,5,2,0,16,6,5
CLEAR,DUSK,ANGLE,NOT DIVIDED,,STRAIGHT AND LEVEL,DRY,NO DEFECTS,ON SCENE,INJURY AND / OR TOW DUE TO CRASH,,,,"OVER $1,500",05/23/2025 19:06,FAILING TO YIELD RIGHT-OF-WAY,UNABLE TO DETERMINE,4100,N,PULASKI RD,1722,,,,,,,2,NO INDICATION OF INJURY,0,0,0,0,0,3,0,19,6,5,3,0,19,6,5
CLEAR,"DARKNESS, LIGHTED ROAD",FIXED OBJECT,NOT DIVIDED,,STRAIGHT AND LEVEL,DRY,UNKNOWN,ON SCENE,INJURY AND / OR TOW DUE TO CRASH,,,,"OVER $1,500",02/08/2025 6:02,UNABLE TO DETERMINE,UNABLE TO DETERMINE,1098,W,71ST ST,733,,,,,,,1,INCAPACITATING INJURY,1,0,1,0,0,0,0,6,7,2,0,0,6,7,2
CLEAR,DAWN,TURNING,DIVIDED - W/MEDIAN BARRIER,,STRAIGHT AND LEVEL,DRY,OTHER,NOT ON SCENE (DESK REPORT),NO INJURY / DRIVE AWAY,Y,,,"OVER $1,500",08/14/2024 13:05,DRIVING ON WRONG SIDE/WRONG WAY,UNABLE TO DETERMINE,8700,S,HOLLAND RD,634,,,,Y,MAINTENANCE,,2,NO INDICATION OF INJURY,0,0,0,0,0,2,0,5,4,8,2,0,5,4,8
CLEAR,"DARKNESS, LIGHTED ROAD",ANGLE,FOUR WAY,,STRAIGHT AND LEVEL,DRY,NO DEFECTS,ON SCENE,INJURY AND / OR TOW DUE TO CRASH,Y,,,"OVER $1,500",08/14/2024 0:54,FAILING TO YIELD RIGHT-OF-WAY,FAILING TO YIELD RIGHT-OF-WAY,800,E,MARQUETTE RD,321,,,,,,,2,INCAPACITATING INJURY,4,0,1,1,2,0,0,0,4,8,0,0,0,4,8
CLEAR,DAYLIGHT,REAR END,DIVIDED - W/MEDIAN (NOT RAISED),,STRAIGHT AND LEVEL,DRY,UNKNOWN,ON SCENE,INJURY AND / OR TOW DUE TO CRASH,,,,"OVER $1,500",12/04/2024 8:03,FAILING TO REDUCE SPEED TO AVOID CRASH,UNABLE TO DETERMINE,3921,W,GRAND AVE,2535,,,,,,,2,"REPORTED, NOT EVIDENT",1,0,0,0,1,2,0,7,4,12,2,0,7,4,12
CLEAR,"DARKNESS, LIGHTED ROAD",REAR END,FOUR WAY,,STRAIGHT AND LEVEL,DRY,NO DEFECTS,NOT ON SCENE (DESK REPORT),INJURY AND / OR TOW DUE TO CRASH,Y,,,"OVER $1,500",04/05/2025 22:23,FOLLOWING TOO CLOSELY,FOLLOWING TOO CLOSELY,500,W,GARFIELD BLVD,935,,,,,,,2,NONINCAPACITATING INJURY,1,0,0,1,0,1,0,20,7,4,1,0,20,7,4
CLEAR,DAYLIGHT,REAR END,ONE-WAY,,STRAIGHT AND LEVEL,DRY,WORN SURFACE,NOT ON SCENE (DESK REPORT),NO INJURY / DRIVE AWAY,,,,"OVER $1,500",08/14/2024 16:06,NOT APPLICABLE,NOT APPLICABLE,3032,S,WENTWORTH AVE,914,,,,,,,2,NO INDICATION OF INJURY,0,0,0,0,0,2,0,15,4,8,2,0,15,4,8
CLEAR,DAYLIGHT,TURNING,DIVIDED - W/MEDIAN (NOT RAISED),,STRAIGHT AND LEVEL,DRY,NO DEFECTS,NOT ON SCENE (DESK REPORT),NO INJURY / DRIVE AWAY,,,,"OVER $1,500",12/04/2024 17:00,FAILING TO YIELD RIGHT-OF-WAY,FAILING TO REDUCE SPEED TO AVOID CRASH,3604,N,AUSTIN AVE,1633,,,,,,,2,NO INDICATION OF INJURY,0,0,0,0,0,2,0,16,4,12,2,0,16,4,12
CLEAR,"DARKNESS, LIGHTED ROAD",ANGLE,DIVIDED - W/MEDIAN BARRIER,,STRAIGHT AND LEVEL,DRY,NO DEFECTS,ON SCENE,INJURY AND / OR TOW DUE TO CRASH,Y,,Y,"OVER $1,500",12/04/2024 17:50,FAILING TO YIELD RIGHT-OF-WAY,NOT APPLICABLE,2635,E,75TH ST,421,,,,,,,2,"REPORTED, NOT EVIDENT",1,0,0,0,1,1,0,17,4,12,1,0,17,4,12
CLEAR,DAYLIGHT,PARKED MOTOR VEHICLE,NOT DIVIDED,,STRAIGHT AND LEVEL,DRY,NO DEFECTS,ON SCENE,INJURY AND / OR TOW DUE TO CRASH,,,,"$501 - $1,500",09/07/2024 18:10,HAD BEEN DRINKING (USE WHEN ARREST IS NOT MADE),NOT APPLICABLE,4530,S,MC DOWELL AVE,924,,,,,,,2,INCAPACITATING INJURY,1,0,1,0,0,0,0,18,7,9,0,0,18,7,9
CLEAR,DUSK,PARKED MOTOR VEHICLE,PARKING LOT,,STRAIGHT AND LEVEL,UNKNOWN,UNKNOWN,NOT ON SCENE (DESK REPORT),NO INJURY / DRIVE AWAY,,,,"$501 - $1,500",09/08/2024 11:40,UNABLE TO DETERMINE,NOT APPLICABLE,7923,S,HALSTED ST,621,,,,,,,2,NO INDICATION OF INJURY,0,0,0,0,0,1,0,23,7,9,1,0,23,7,9
UNKNOWN,UNKNOWN,ANGLE,FOUR WAY,,STRAIGHT AND LEVEL,UNKNOWN,UNKNOWN,NOT ON SCENE (DESK REPORT),INJURY AND / OR TOW DUE TO CRASH,Y,,Y,"OVER $1,500",09/08/2024 13:25,UNABLE TO DETERMINE,UNABLE TO DETERMINE,350,S,CICERO AVE,1533,,,,,,,3,NO INDICATION OF INJURY,0,0,0,0,0,6,0,22,7,9,6,0,22,7,9
RAIN,"DARKNESS, LIGHTED ROAD",PARKED MOTOR VEHICLE,ALLEY,,STRAIGHT AND LEVEL,WET,UNKNOWN,ON SCENE,NO INJURY / DRIVE AWAY,,,,"OVER $1,500",03/16/2025 3:53,IMPROPER OVERTAKING/PASSING,NOT APPLICABLE,323,N,AUSTIN BLVD,1512,,,,,,,2,NO INDICATION OF INJURY,0,0,0,0,0,1,0,3,1,3,1,0,3,1,3
UNKNOWN,UNKNOWN,REAR END,ONE-WAY,,STRAIGHT AND LEVEL,UNKNOWN,UNKNOWN,NOT ON SCENE (DESK REPORT),NO INJURY / DRIVE AWAY,,,Y,"OVER $1,500",03/16/2025 16:10,UNABLE TO DETERMINE,UNABLE TO DETERMINE,4530,W,DIVISION ST,2533,,,,,,,2,NO INDICATION OF INJURY,0,0,0,0,0,2,0,13,1,3,2,0,13,1,3
RAIN,"DARKNESS, LIGHTED ROAD",SIDESWIPE OPPOSITE DIRECTION,NOT DIVIDED,,STRAIGHT AND LEVEL,UNKNOWN,NO DEFECTS,ON SCENE,INJURY AND / OR TOW DUE TO CRASH,,,,"OVER $1,500",03/16/2025 3:48,UNABLE TO DETERMINE,UNABLE TO DETERMINE,816,N,LARAMIE AVE,1524,,,,,,,3,NO INDICATION OF INJURY,0,0,0,0,0,3,0,3,1,3,3,0,3,1,3
CLOUDY/OVERCAST,DAYLIGHT,ANGLE,NOT DIVIDED,,STRAIGHT AND LEVEL,WET,NO DEFECTS,ON SCENE,NO INJURY / DRIVE AWAY,,,Y,"OVER $1,500",03/16/2025 14:39,FAILING TO YIELD RIGHT-OF-WAY,NOT APPLICABLE,4746,N,CENTRAL PARK AVE,1723,,,,,,,2,NO INDICATION OF INJURY,0,0,0,0,0,2,0,14,1,3,2,0,14,1,3