WEATHER_CONDITION,LIGHTING_CONDITION,FIRST_CRASH_TYPE,TRAFFICWAY_TYPE,LANE_CNT,ALIGNMENT,ROADWAY_SURFACE_COND,ROAD_DEFECT,REPORT_TYPE,CRASH_TYPE,INTERSECTION_RELATED_I,NOT_RIGHT_OF_WAY_I,HIT_AND_RUN_I,DAMAGE,DATE_POLICE_NOTIFIED,PRIM_CONTRIBUTORY_CAUSE,SEC_CONTRIBUTORY_CAUSE,STREET_NO,STREET_DIRECTION,STREET_NAME,BEAT_OF_OCCURRENCE,PHOTOS_TAKEN_I,STATEMENTS_TAKEN_I,DOORING_I,WORK_ZONE_I,WORK_ZONE_TYPE,WORKERS_PRESENT_I,NUM_UNITS,MOST_SEVERE_INJURY,INJURIES_TOTAL,INJURIES_FATAL,INJURIES_INCAPACITATING,INJURIES_NON_INCAPACITATING,INJURIES_REPORTED_NOT_EVIDENT,INJURIES_NO_INDICATION,INJURIES_UNKNOWN,CRASH_HOUR,CRASH_DAY_OF_WEEK,CRASH_MONTH,INJURIES_NO_INDICATION,INJURIES_UNKNOWN,CRASH_HOUR,CRASH_DAY_OF_WEEK,CRASH_MONTH
SNOW,DAYLIGHT,TURNING,NOT DIVIDED,,STRAIGHT AND LEVEL,WET,NO DEFECTS,ON SCENE,NO INJURY / DRIVE AWAY,Y,,,"OVER $1,500",03/16/2025 11:06,UNABLE TO DETERMINE,UNABLE TO DETERMINE,7138,N,SHERIDAN RD,2423,,,,,,,2,NO INDICATION OF INJURY,0,0,0,0,0,2,0,11,1,3,2,0,11,1,3
CLEAR,DAYLIGHT,REAR END,NOT DIVIDED,,STRAIGHT AND LEVEL,DRY,NO DEFECTS,NOT ON SCENE (DESK REPORT),NO INJURY / DRIVE AWAY,N,,,"OVER $1,500",08/14/2024 19:40,FAILING TO YIELD RIGHT-OF-WAY,NOT APPLICABLE,4636,S,CICERO AVE,814,,,,,,,2,NO INDICATION OF INJURY,0,0,0,0,0,2,0,18,4,8,2,0,18,4,8
CLEAR,DAYLIGHT,REAR TO FRONT,ONE-WAY,,STRAIGHT AND LEVEL,DRY,NO DEFECTS,NOT ON SCENE (DESK REPORT),NO INJURY / DRIVE AWAY,,,,"OVER $1,500",08/16/2024 10:50,NOT APPLICABLE,NOT APPLICABLE,3742,W,CONGRESS PKWY,1133,,,,,,,2,NO INDICATION OF INJURY,0,0,0,0,0,2,0,18,4,8,2,0,18,4,8
CLEAR,DAYLIGHT,REAR END,DIVIDED - W/MEDIAN (NOT RAISED),,STRAIGHT AND LEVEL,DRY,NO DEFECTS,NOT ON SCENE (DESK REPORT),NO INJURY / DRIVE AWAY,Y,,,"$501 - $1,500",08/14/2024 18:30,UNABLE TO DETERMINE,NOT APPLICABLE,3956,N,PULASKI RD,1732,,,,,,,2,NO INDICATION OF INJURY,0,0,0,0,0,2,0,17,4,8,2,0,17,4,8
CLEAR,DAYLIGHT,TURNING,NOT DIVIDED,,STRAIGHT AND LEVEL,DRY,NO DEFECTS,ON SCENE,INJURY AND / OR TOW DUE TO CRASH,,,,"OVER $1,500",12/04/2024 15:30,FAILING TO YIELD RIGHT-OF-WAY,NOT APPLICABLE,4301,S,PULASKI RD,821,,,,,,,2,INCAPACITATING INJURY,1,0,1,0,0,2,0,15,4,12,2,0,15,4,12
UNKNOWN,"DARKNESS, LIGHTED ROAD",SIDESWIPE SAME DIRECTION,NOT DIVIDED,,STRAIGHT AND LEVEL,UNKNOWN,UNKNOWN,NOT ON SCENE (DESK REPORT),NO INJURY / DRIVE AWAY,,,Y,"OVER $1,500",03/16/2025 2:30,IMPROPER OVERTAKING/PASSING,NOT APPLICABLE,7059,S,ASHLAND AVE,734,,,,,,,2,NO INDICATION OF INJURY,0,0,0,0,0,3,0,2,1,3,3,0,2,1,3
CLOUDY/OVERCAST,DAYLIGHT,REAR TO SIDE,PARKING LOT,,STRAIGHT AND LEVEL,DRY,NO DEFECTS,ON SCENE,NO INJURY / DRIVE AWAY,,,Y,"OVER $1,500",12/04/2024 16:14,IMPROPER BACKING,UNABLE TO DETERMINE,725,S,SEELEY AVE,1225,,,,,,,2,NO INDICATION OF INJURY,0,0,0,0,0,3,0,16,4,12,3,0,16,4,12
CLEAR,DUSK,FIXED OBJECT,FOUR WAY,,STRAIGHT AND LEVEL,DRY,UNKNOWN,ON SCENE,INJURY AND / OR TOW DUE TO CRASH,,,,"OVER $1,500",09/07/2024 0:30,UNABLE TO DETERMINE,UNABLE TO DETERMINE,235,E,79TH ST,623,,,,,,,1,NONINCAPACITATING INJURY,1,0,0,1,0,0,0,0,7,9,0,0,0,7,9
CLEAR,DAYLIGHT,TURNING,T-INTERSECTION,,STRAIGHT AND LEVEL,DRY,NO DEFECTS,ON SCENE,INJURY AND / OR TOW DUE TO CRASH,Y,,,"OVER $1,500",01/07/2025 12:26,FAILING TO YIELD RIGHT-OF-WAY,NOT APPLICABLE,9400,S,ASHLAND AVE,2221,,,,,,,2,"REPORTED, NOT EVIDENT",1,0,0,0,1,1,0,12,3,1,1,0,12,3,1
FREEZING RAIN/DRIZZLE,"DARKNESS, LIGHTED ROAD",PARKED MOTOR VEHICLE,NOT DIVIDED,,STRAIGHT AND LEVEL,ICE,UNKNOWN,ON SCENE,NO INJURY / DRIVE AWAY,,,,$500 OR LESS,01/07/2025 2:24,UNABLE TO DETERMINE,UNABLE TO DETERMINE,6945,N,OVERHILL AVE,1611,,,,,,,2,NO INDICATION OF INJURY,0,0,0,0,0,1,0,2,3,1,1,0,2,3,1
CLEAR,DAYLIGHT,REAR END,NOT DIVIDED,,STRAIGHT AND LEVEL,DRY,UNKNOWN,NOT ON SCENE (DESK REPORT),NO INJURY / DRIVE AWAY,,,,"OVER $1,500",08/14/2024 11:16,FOLLOWING TOO CLOSELY,DRIVING SKILLS/KNOWLEDGE/EXPERIENCE,6100,N,SHERIDAN RD,2433,,,,,,,2,NO INDICATION OF INJURY,0,0,0,0,0,2,0,9,4,8,2,0,9,4,8
UNKNOWN,UNKNOWN,PARKED MOTOR VEHICLE,PARKING LOT,,STRAIGHT AND LEVEL,UNKNOWN,UNKNOWN,NOT ON SCENE (DESK REPORT),NO INJURY / DRIVE AWAY,,Y,Y,"OVER $1,500",12/05/2024 9:11,UNABLE TO DETERMINE,UNABLE TO DETERMINE,2320,E,93RD ST,413,,,,,,,2,NO INDICATION OF INJURY,0,0,0,0,0,1,0,22,4,12,1,0,22,4,12
CLOUDY/OVERCAST,DAYLIGHT,REAR END,NOT DIVIDED,,STRAIGHT AND LEVEL,UNKNOWN,UNKNOWN,NOT ON SCENE (DESK REPORT),NO INJURY / DRIVE AWAY,,,Y,"OVER $1,500",03/16/2025 19:20,UNABLE TO DETERMINE,UNABLE TO DETERMINE,230,W,KINZIE ST,1831,,,,,,,2,NO INDICATION OF INJURY,0,0,0,0,0,2,0,14,1,3,2,0,14,1,3
RAIN,"DARKNESS, LIGHTED ROAD",TURNING,FOUR WAY,,STRAIGHT AND LEVEL,WET,NO DEFECTS,ON SCENE,INJURY AND / OR TOW DUE TO CRASH,Y,,,"OVER $1,500",03/16/2025 0:18,DISREGARDING TRAFFIC SIGNALS,NOT APPLICABLE,6700,S,STONY ISLAND AVE,332,,,,,,,3,NO INDICATION OF INJURY,0,0,0,0,0,3,0,0,1,3,3,0,0,1,3
CLEAR,DAYLIGHT,TURNING,NOT DIVIDED,,"CURVE, LEVEL",DRY,NO DEFECTS,NOT ON SCENE (DESK REPORT),NO INJURY / DRIVE AWAY,Y,,,"$501 - $1,500",05/23/2025 15:44,"VISION OBSCURED (SIGNS, TREE LIMBS, BUILDINGS, ETC.)",NOT APPLICABLE,12700,S,INDIANA AVE,532,,,,,,,2,NO INDICATION OF INJURY,0,0,0,0,0,2,0,15,6,5,2,0,15,6,5
CLEAR,DAYLIGHT,PARKED MOTOR VEHICLE,ONE-WAY,,STRAIGHT AND LEVEL,UNKNOWN,NO DEFECTS,ON SCENE,NO INJURY / DRIVE AWAY,,,Y,"OVER $1,500",03/16/2025 17:21,UNABLE TO DETERMINE,UNABLE TO DETERMINE,710,E,105TH ST,512,,,,,,,2,NO INDICATION OF INJURY,0,0,0,0,0,1,0,17,1,3,1,0,17,1,3
CLEAR,"DARKNESS, LIGHTED ROAD",PEDESTRIAN,NOT DIVIDED,,STRAIGHT AND LEVEL,WET,NO DEFECTS,,INJURY AND / OR TOW DUE TO CRASH,Y,,,"OVER $1,500",08/28/2024 7:28,FAILING TO YIELD RIGHT-OF-WAY,"VISION OBSCURED (SIGNS, TREE LIMBS, BUILDINGS, ETC.)",1600,W,87TH ST,614,,,,,,,2,INCAPACITATING INJURY,1,0,1,0,0,1,0,5,4,8,1,0,5,4,8
CLEAR,DAYLIGHT,TURNING,FOUR WAY,,STRAIGHT AND LEVEL,DRY,NO DEFECTS,,NO INJURY / DRIVE AWAY,Y,,,"OVER $1,500",08/28/2024 18:10,UNABLE TO DETERMINE,NOT APPLICABLE,4801,W,PETERSON AVE,1621,,,,,,,2,NO INDICATION OF INJURY,0,0,0,0,0,2,0,7,4,8,2,0,7,4,8
CLEAR,DAYLIGHT,SIDESWIPE SAME DIRECTION,ONE-WAY,,STRAIGHT AND LEVEL,DRY,NO DEFECTS,ON SCENE,NO INJURY / DRIVE AWAY,,,Y,"OVER $1,500",12/04/2024 13:38,IMPROPER LANE USAGE,IMPROPER OVERTAKING/PASSING,300,W,WASHINGTON ST,122,,,,,,,2,NO INDICATION OF INJURY,0,0,0,0,0,2,0,12,4,12,2,0,12,4,12
CLEAR,DAYLIGHT,REAR END,NOT DIVIDED,,STRAIGHT AND LEVEL,DRY,NO DEFECTS,ON SCENE,INJURY AND / OR TOW DUE TO CRASH,,,Y,"OVER $1,500",06/03/2025 18:34,UNABLE TO DETERMINE,UNABLE TO DETERMINE,3100,W,CHICAGO AVE,1211,N,N,,,,,3,NO INDICATION OF INJURY,0,0,0,0,0,3,0,16,3,6,3,0,16,3,6
CLEAR,DAYLIGHT,REAR END,DIVIDED - W/MEDIAN (NOT RAISED),,STRAIGHT AND LEVEL,DRY,NO DEFECTS,ON SCENE,INJURY AND / OR TOW DUE TO CRASH,,,,"OVER $1,500",12/04/2024 8:11,UNABLE TO DETERMINE,FOLLOWING TOO CLOSELY,4200,N,ELSTON AVE,1723,,,,,,,2,"REPORTED, NOT EVIDENT",1,0,0,0,1,1,0,8,4,12,1,0,8,4,12
UNKNOWN,DUSK,REAR END,NOT DIVIDED,,STRAIGHT AND LEVEL,WET,NO DEFECTS,ON SCENE,NO INJURY / DRIVE AWAY,,,Y,"$501 - $1,500",12/04/2024 15:42,UNABLE TO DETERMINE,NOT APPLICABLE,625,N,LARAMIE AVE,1532,,,,,,,2,NO INDICATION OF INJURY,0,0,0,0,0,4,0,15,4,12,4,0,15,4,12
RAIN,DAWN,PARKED MOTOR VEHICLE,UNKNOWN INTERSECTION TYPE,,STRAIGHT AND LEVEL,WET,NO DEFECTS,NOT ON SCENE (DESK REPORT),NO INJURY / DRIVE AWAY,,,Y,"$501 - $1,500",03/16/2025 23:00,UNABLE TO DETERMINE,NOT APPLICABLE,402,E,69TH ST,322,,,,,,,2,NO INDICATION OF INJURY,0,0,0,0,0,1,0,2,1,3,1,0,2,1,3
CLEAR,DAYLIGHT,REAR END,NOT DIVIDED,,STRAIGHT AND LEVEL,DRY,NO DEFECTS,ON SCENE,NO INJURY / DRIVE AWAY,,,,"OVER $1,500",04/05/2025 15:18,DRIVING SKILLS/KNOWLEDGE/EXPERIENCE,DRIVING SKILLS/KNOWLEDGE/EXPERIENCE,8441,W,LAWRENCE AVE,1614,,,,,,,2,NO INDICATION OF INJURY,0,0,0,0,0,3,0,15,7,4,3,0,15,7,4
RAIN,"DARKNESS, LIGHTED ROAD",PEDESTRIAN,FOUR WAY,,STRAIGHT AND LEVEL,WET,NO DEFECTS,ON SCENE,INJURY AND / OR TOW DUE TO CRASH,Y,,,"OVER $1,500",04/05/2025 1:31,DISREGARDING TRAFFIC SIGNALS,DISREGARDING TRAFFIC SIGNALS,4801,N,KIMBALL AVE,1713,,,,,,,2,INCAPACITATING INJURY,1,0,1,0,0,1,0,1,7,4,1,0,1,7,4
SNOW,DARKNESS,TURNING,NOT DIVIDED,,STRAIGHT AND LEVEL,WET,NO DEFECTS,ON SCENE,NO INJURY / DRIVE AWAY,,,,"OVER $1,500",02/08/2025 23:10,IMPROPER TURNING/NO SIGNAL,NOT APPLICABLE,2335,W,FOSTER AVE,2031,,,,,,,2,NO INDICATION OF INJURY,0,0,0,0,0,4,0,23,7,2,4,0,23,7,2
CLEAR,DAYLIGHT,TURNING,NOT DIVIDED,,STRAIGHT AND LEVEL,DRY,NO DEFECTS,ON SCENE,NO INJURY / DRIVE AWAY,,,,"OVER $1,500",05/23/2025 17:55,FAILING TO REDUCE SPEED TO AVOID CRASH,IMPROPER OVERTAKING/PASSING,300,E,ROOSEVELT DR,114,,,,,,,2,NO INDICATION OF INJURY,0,0,0,0,0,3,0,17,6,5,3,0,17,6,5
CLEAR,DAYLIGHT,PARKED MOTOR VEHICLE,NOT DIVIDED,,STRAIGHT AND LEVEL,DRY,NO DEFECTS,ON SCENE,INJURY AND / OR TOW DUE TO CRASH,,,,"OVER $1,500",01/07/2025 11:16,DISTRACTION - FROM INSIDE VEHICLE,FAILING TO REDUCE SPEED TO AVOID CRASH,9200,S,CLAREMONT AVE,2221,,,,,,,2,NO INDICATION OF INJURY,0,0,0,0,0,1,0,10,3,1,1,0,10,3,1
CLEAR,DAYLIGHT,TURNING,NOT DIVIDED,,STRAIGHT AND LEVEL,DRY,NO DEFECTS,,NO INJURY / DRIVE AWAY,,,Y,$500 OR LESS,08/14/2024 12:14,UNABLE TO DETERMINE,UNABLE TO DETERMINE,1500,N,CLYBOURN AVE,1822,,,,,,,2,NO INDICATION OF INJURY,0,0,0,0,0,2,0,11,4,8,2,0,11,4,8
CLEAR,DAYLIGHT,TURNING,DIVIDED - W/MEDIAN (NOT RAISED),,STRAIGHT AND LEVEL,DRY,NO DEFECTS,ON SCENE,INJURY AND / OR TOW DUE TO CRASH,,,,"OVER $1,500",08/14/2024 16:48,FAILING TO YIELD RIGHT-OF-WAY,FAILING TO YIELD RIGHT-OF-WAY,7028,S,PULASKI RD,833,,,,,,,2,NO INDICATION OF INJURY,0,0,0,0,0,2,0,16,4,8,2,0,16,4,8
BLOWING SNOW,"DARKNESS, LIGHTED ROAD",TURNING,FOUR WAY,,STRAIGHT AND LEVEL,WET,NO DEFECTS,ON SCENE,INJURY AND / OR TOW DUE TO CRASH,Y,,,"OVER $1,500",12/04/2024 23:14,FAILING TO YIELD RIGHT-OF-WAY,NOT APPLICABLE,6899,S,ASHLAND AVE,725,,,,,,,2,"REPORTED, NOT EVIDENT",1,0,0,0,1,1,0,23,4,12,1,0,23,4,12
CLEAR,DAYLIGHT,TURNING,NOT DIVIDED,,STRAIGHT AND LEVEL,DRY,NO DEFECTS,NOT ON SCENE (DESK REPORT),INJURY AND / OR TOW DUE TO CRASH,,,Y,"OVER $1,500",12/04/2024 9:22,FAILING TO YIELD RIGHT-OF-WAY,FAILING TO YIELD RIGHT-OF-WAY,4501,S,PULASKI RD,821,,,,,,,2,"REPORTED, NOT EVIDENT",1,0,0,0,1,2,0,9,4,12,2,0,9,4,12
CLEAR,DAYLIGHT,PARKED MOTOR VEHICLE,NOT DIVIDED,,STRAIGHT AND LEVEL,DRY,NO DEFECTS,ON SCENE,NO INJURY / DRIVE AWAY,,,,"OVER $1,500",04/05/2025 16:30,NOT APPLICABLE,UNABLE TO DETERMINE,4326,W,DIVISION ST,2534,,,,,,,2,NO INDICATION OF INJURY,0,0,0,0,0,1,0,16,7,4,1,0,16,7,4
CLEAR,"DARKNESS, LIGHTED ROAD",FIXED OBJECT,DIVIDED - W/MEDIAN (NOT RAISED),,STRAIGHT AND LEVEL,DRY,NO DEFECTS,ON SCENE,INJURY AND / OR TOW DUE TO CRASH,,,,"OVER $1,500",02/08/2025 2:02,UNDER THE INFLUENCE OF ALCOHOL/DRUGS (USE WHEN ARREST IS EFFECTED),NOT APPLICABLE,3103,S,KEDZIE AVE,1033,Y,,,,,,2,"REPORTED, NOT EVIDENT",1,0,0,0,1,0,0,2,7,2,0,0,2,7,2
OTHER,"DARKNESS, LIGHTED ROAD",ANGLE,FOUR WAY,,STRAIGHT AND LEVEL,WET,NO DEFECTS,ON SCENE,INJURY AND / OR TOW DUE TO CRASH,Y,,,"OVER $1,500",02/08/2025 20:31,FAILING TO YIELD RIGHT-OF-WAY,NOT APPLICABLE,5900,S,ASHLAND AVE,714,,,,,,,2,NO INDICATION OF INJURY,0,0,0,0,0,3,0,20,7,2,3,0,20,7,2
CLEAR,DAYLIGHT,SIDESWIPE SAME DIRECTION,NOT DIVIDED,,STRAIGHT AND LEVEL,DRY,NO DEFECTS,ON SCENE,NO INJURY / DRIVE AWAY,,,,"$501 - $1,500",04/05/2025 11:15,IMPROPER OVERTAKING/PASSING,IMPROPER OVERTAKING/PASSING,646,W,79TH ST,621,,,,,,,2,NO INDICATION OF INJURY,0,0,0,0,0,2,0,11,7,4,2,0,11,7,4
CLEAR,DAYLIGHT,REAR END,NOT DIVIDED,,STRAIGHT AND LEVEL,DRY,NO DEFECTS,ON SCENE,NO INJURY / DRIVE AWAY,,,,"OVER $1,500",01/07/2025 13:28,FOLLOWING TOO CLOSELY,UNABLE TO DETERMINE,4818,N,MILWAUKEE AVE,1623,,,,,,,2,NO INDICATION OF INJURY,0,0,0,0,0,5,0,13,3,1,5,0,13,3,1
CLEAR,DAYLIGHT,PEDALCYCLIST,NOT DIVIDED,,STRAIGHT AND LEVEL,UNKNOWN,NO DEFECTS,NOT ON SCENE (DESK REPORT),INJURY AND / OR TOW DUE TO CRASH,,,Y,"OVER $1,500",08/15/2024 18:00,UNABLE TO DETERMINE,UNABLE TO DETERMINE,1900,S,STATE ST,131,,,,,,,2,INCAPACITATING INJURY,1,0,1,0,0,1,0,16,4,8,1,0,16,4,8
CLEAR,"DARKNESS, LIGHTED ROAD",PARKED MOTOR VEHICLE,NOT DIVIDED,,STRAIGHT AND LEVEL,WET,NO DEFECTS,ON SCENE,NO INJURY / DRIVE AWAY,,,Y,$500 OR LESS,12/04/2024 16:45,IMPROPER BACKING,IMPROPER BACKING,540,N,STATE ST,1831,,,,,,,2,NO INDICATION OF INJURY,0,0,0,0,0,2,0,16,4,12,2,0,16,4,12
CLEAR,DAYLIGHT,REAR END,NOT DIVIDED,,STRAIGHT AND LEVEL,DRY,NO DEFECTS,NOT ON SCENE (DESK REPORT),NO INJURY / DRIVE AWAY,,,,"OVER $1,500",12/04/2024 9:30,FOLLOWING TOO CLOSELY,FOLLOWING TOO CLOSELY,4200,N,ASHLAND AVE,1912,,,,,,,2,NO INDICATION OF INJURY,0,0,0,0,0,2,0,8,4,12,2,0,8,4,12
CLEAR,DAYLIGHT,SIDESWIPE SAME DIRECTION,ONE-WAY,,STRAIGHT AND LEVEL,DRY,NO DEFECTS,NOT ON SCENE (DESK REPORT),NO INJURY / DRIVE AWAY,,,,"OVER $1,500",12/04/2024 9:30,NOT APPLICABLE,NOT APPLICABLE,8740,S,LAFAYETTE AVE,634,,,,,,,2,NO INDICATION OF INJURY,0,0,0,0,0,2,0,9,4,12,2,0,9,4,12
CLEAR,DUSK,PARKED MOTOR VEHICLE,ONE-WAY,,STRAIGHT AND LEVEL,DRY,NO DEFECTS,ON SCENE,NO INJURY / DRIVE AWAY,,,,$500 OR LESS,03/16/2025 19:08,IMPROPER LANE USAGE,NOT APPLICABLE,2241,S,TRUMBULL AVE,1024,,,,,,,2,NO INDICATION OF INJURY,0,0,0,0,0,2,0,19,1,3,2,0,19,1,3
CLEAR,"DARKNESS, LIGHTED ROAD",ANGLE,FOUR WAY,,STRAIGHT AND LEVEL,DRY,NO DEFECTS,ON SCENE,INJURY AND / OR TOW DUE TO CRASH,Y,,,"OVER $1,500",05/23/2025 4:31,CELL PHONE USE OTHER THAN TEXTING,DISREGARDING TRAFFIC SIGNALS,12740,S,HALSTED ST,523,,,,,,,2,NONINCAPACITATING INJURY,2,0,0,2,0,0,0,4,6,5,0,0,4,6,5
CLOUDY/OVERCAST,DUSK,FIXED OBJECT,ONE-WAY,,STRAIGHT AND LEVEL,DRY,NO DEFECTS,ON SCENE,INJURY AND / OR TOW DUE TO CRASH,,,,"OVER $1,500",04/05/2025 19:35,FAILING TO REDUCE SPEED TO AVOID CRASH,NOT APPLICABLE,700,N,SACRAMENTO BLVD,1221,,,,,,,1,NONINCAPACITATING INJURY,1,0,0,1,0,0,0,19,7,4,0,0,19,7,4
CLEAR,DAYLIGHT,ANGLE,PARKING LOT,,STRAIGHT AND LEVEL,SNOW OR SLUSH,NO DEFECTS,NOT ON SCENE (DESK REPORT),NO INJURY / DRIVE AWAY,,,,"OVER $1,500",01/14/2025 14:27,UNABLE TO DETERMINE,NOT APPLICABLE,3030,S,KEDZIE AVE,1032,,,,,,,2,NO INDICATION OF INJURY,0,0,0,0,0,2,0,13,3,1,2,0,13,3,1
CLEAR,DAYLIGHT,PARKED MOTOR VEHICLE,NOT DIVIDED,,STRAIGHT AND LEVEL,DRY,NO DEFECTS,ON SCENE,NO INJURY / DRIVE AWAY,,,,$500 OR LESS,05/23/2025 11:32,NOT APPLICABLE,NOT APPLICABLE,4257,N,MILWAUKEE AVE,1624,,,,,,,2,NO INDICATION OF INJURY,0,0,0,0,0,2,0,11,6,5,2,0,11,6,5
CLEAR,DAYLIGHT,SIDESWIPE SAME DIRECTION,DIVIDED - W/MEDIAN BARRIER,,STRAIGHT AND LEVEL,DRY,NO DEFECTS,NOT ON SCENE (DESK REPORT),NO INJURY / DRIVE AWAY,,,Y,"OVER $1,500",07/31/2023 12:25,IMPROPER LANE USAGE,NOT APPLICABLE,167,N,BESSIE COLEMAN DR,1654,,,,,,,2,NO INDICATION OF INJURY,0,0,0,0,0,2,0,17,1,7,2,0,17,1,7
CLEAR,DAYLIGHT,REAR END,NOT DIVIDED,,STRAIGHT AND LEVEL,DRY,NO DEFECTS,NOT ON SCENE (DESK REPORT),NO INJURY / DRIVE AWAY,Y,,,"OVER $1,500",01/07/2025 14:50,UNABLE TO DETERMINE,NOT APPLICABLE,3659,W,ADDISON ST,1732,,,,,,,2,NO INDICATION OF INJURY,0,0,0,0,0,2,0,14,3,1,2,0,14,3,1
CLEAR,"DARKNESS, LIGHTED ROAD",ANGLE,FOUR WAY,,STRAIGHT AND LEVEL,DRY,NO DEFECTS,ON SCENE,INJURY AND / OR TOW DUE TO CRASH,Y,,Y,"OVER $1,500",08/14/2024 0:45,FAILING TO YIELD RIGHT-OF-WAY,UNABLE TO DETERMINE,3200,W,ROOSEVELT RD,1134,,,,,,,2,"REPORTED, NOT EVIDENT",1,0,0,0,1,1,0,0,4,8,1,0,0,4,8
CLEAR,DUSK,ANGLE,T-INTERSECTION,,STRAIGHT AND LEVEL,DRY,NO DEFECTS,ON SCENE,INJURY AND / OR TOW DUE TO CRASH,Y,,,"OVER $1,500",12/04/2024 16:08,FAILING TO YIELD RIGHT-OF-WAY,NOT APPLICABLE,7300,S,STONY ISLAND AVE,324,,,,,,,2,NO INDICATION OF INJURY,0,0,0,0,0,3,0,16,4,12,3,0,16,4,12
CLEAR,DAYLIGHT,REAR TO SIDE,NOT DIVIDED,,STRAIGHT AND LEVEL,DRY,NO DEFECTS,ON SCENE,NO INJURY / DRIVE AWAY,,,,"$501 - $1,500",12/04/2024 8:58,FAILING TO YIELD RIGHT-OF-WAY,NOT APPLICABLE,1556,W,34TH ST,912,,,,,,,2,NO INDICATION OF INJURY,0,0,0,0,0,2,0,8,4,12,2,0,8,4,12
UNKNOWN,"DARKNESS, LIGHTED ROAD",REAR END,NOT DIVIDED,,STRAIGHT AND LEVEL,UNKNOWN,UNKNOWN,NOT ON SCENE (DESK REPORT),NO INJURY / DRIVE AWAY,,,Y,"OVER $1,500",12/04/2024 16:49,FAILING TO REDUCE SPEED TO AVOID CRASH,NOT APPLICABLE,801,W,59TH ST,712,,,,,,,2,NO INDICATION OF INJURY,0,0,0,0,0,2,0,16,4,12,2,0,16,4,12
CLEAR,"DARKNESS, LIGHTED ROAD",FIXED OBJECT,NOT DIVIDED,,STRAIGHT AND LEVEL,DRY,"RUT, HOLES",NOT ON SCENE (DESK REPORT),INJURY AND / OR TOW DUE TO CRASH,,,,$500 OR LESS,05/25/2025 21:30,NOT APPLICABLE,NOT APPLICABLE,1121,N,LAKE SHORE DR NB,1824,,,,,,,1,NO INDICATION OF INJURY,0,0,0,0,0,2,0,21,6,5,2,0,21,6,5
CLEAR,DAYLIGHT,TURNING,FOUR WAY,,STRAIGHT AND LEVEL,WET,NO DEFECTS,NOT ON SCENE (DESK REPORT),NO INJURY / DRIVE AWAY,,,,"$501 - $1,500",01/14/2025 11:00,IMPROPER TURNING/NO SIGNAL,NOT APPLICABLE,1434,W,NORTH AVE,1433,,,,,,,2,NO INDICATION OF INJURY,0,0,0,0,0,2,0,10,3,1,2,0,10,3,1
CLEAR,"DARKNESS, LIGHTED ROAD",TURNING,PARKING LOT,,STRAIGHT AND LEVEL,DRY,NO DEFECTS,ON SCENE,INJURY AND / OR TOW DUE TO CRASH,,,,$500 OR LESS,01/14/2025 21:30,UNABLE TO DETERMINE,UNABLE TO DETERMINE,201,W,43RD ST,925,,,,,,,2,"REPORTED, NOT EVIDENT",1,0,0,0,1,1,0,21,3,1,1,0,21,3,1
CLEAR,"DARKNESS, LIGHTED ROAD",ANGLE,FOUR WAY,,STRAIGHT AND LEVEL,DRY,UNKNOWN,NOT ON SCENE (DESK REPORT),NO INJURY / DRIVE AWAY,Y,,,"OVER $1,500",05/23/2025 22:25,DISREGARDING TRAFFIC SIGNALS,FAILING TO REDUCE SPEED TO AVOID CRASH,7100,S,MORGAN ST,733,,,,,,,2,NO INDICATION OF INJURY,0,0,0,0,0,3,0,22,6,5,3,0,22,6,5
CLEAR,DAYLIGHT,SIDESWIPE SAME DIRECTION,NOT DIVIDED,,STRAIGHT AND LEVEL,DRY,NO DEFECTS,NOT ON SCENE (DESK REPORT),NO INJURY / DRIVE AWAY,,,Y,$500 OR LESS,04/05/2025 16:08,IMPROPER OVERTAKING/PASSING,FOLLOWING TOO CLOSELY,1520,W,NORTH AVE,1433,,,,,,,2,NO INDICATION OF INJURY,0,0,0,0,0,2,0,13,7,4,2,0,13,7,4
CLEAR,DUSK,REAR END,DIVIDED - W/MEDIAN BARRIER,,STRAIGHT AND LEVEL,DRY,NO DEFECTS,NOT ON SCENE (DESK REPORT),INJURY AND / OR TOW DUE TO CRASH,,,,"OVER $1,500",04/05/2025 19:50,FOLLOWING TOO CLOSELY,NOT APPLICABLE,1076,W,95TH ST,2223,,,,,,,2,NO INDICATION OF INJURY,0,0,0,0,0,2,0,19,7,4,2,0,19,7,4
CLEAR,DAYLIGHT,REAR TO FRONT,PARKING LOT,,STRAIGHT AND LEVEL,DRY,NO DEFECTS,NOT ON SCENE (DESK REPORT),NO INJURY / DRIVE AWAY,,,,"OVER $1,500",08/15/2024 12:00,IMPROPER BACKING,UNABLE TO DETERMINE,1807,W,DEVON AVE,2433,,,,,,,2,NO INDICATION OF INJURY,0,0,0,0,0,2,0,14,4,8,2,0,14,4,8