WEATHER_CONDITION,LIGHTING_CONDITION,FIRST_CRASH_TYPE,TRAFFICWAY_TYPE,LANE_CNT,ALIGNMENT,ROADWAY_SURFACE_COND,ROAD_DEFECT,REPORT_TYPE,CRASH_TYPE,INTERSECTION_RELATED_I,NOT_RIGHT_OF_WAY_I,HIT_AND_RUN_I,DAMAGE,DATE_POLICE_NOTIFIED,PRIM_CONTRIBUTORY_CAUSE,SEC_CONTRIBUTORY_CAUSE,STREET_NO,STREET_DIRECTION,STREET_NAME,BEAT_OF_OCCURRENCE,PHOTOS_TAKEN_I,STATEMENTS_TAKEN_I,DOORING_I,WORK_ZONE_I,WORK_ZONE_TYPE,WORKERS_PRESENT_I,NUM_UNITS,MOST_SEVERE_INJURY,INJURIES_TOTAL,INJURIES_FATAL,INJURIES_INCAPACITATING,INJURIES_NON_INCAPACITATING,INJURIES_REPORTED_NOT_EVIDENT,INJURIES_NO_INDICATION,INJURIES_UNKNOWN,CRASH_HOUR,CRASH_DAY_OF_WEEK,CRASH_MONTH,INJURIES_NO_INDICATION,INJURIES_UNKNOWN,CRASH_HOUR,CRASH_DAY_OF_WEEK,CRASH_MONTH
SNOW,DAYLIGHT,REAR END,NOT DIVIDED,,STRAIGHT AND LEVEL,SNOW OR SLUSH,NO DEFECTS,NOT ON SCENE (DESK REPORT),NO INJURY / DRIVE AWAY,,,,"$501 - $1,500",01/14/2025 9:15,UNABLE TO DETERMINE,UNABLE TO DETERMINE,202,S,HAMLIN BLVD,1122,,,,,,,2,NO INDICATION OF INJURY,0,0,0,0,0,2,0,8,3,1,2,0,8,3,1
CLEAR,DAYLIGHT,TURNING,DIVIDED - W/MEDIAN (NOT RAISED),,STRAIGHT AND LEVEL,DRY,UNKNOWN,NOT ON SCENE (DESK REPORT),NO INJURY / DRIVE AWAY,Y,,,"OVER $1,500",09/27/2023 13:45,UNABLE TO DETERMINE,UNABLE TO DETERMINE,3644,W,26TH ST,1013,,,,,,,2,NO INDICATION OF INJURY,0,0,0,0,0,2,0,13,4,9,2,0,13,4,9
CLEAR,DAYLIGHT,PARKED MOTOR VEHICLE,PARKING LOT,,STRAIGHT AND LEVEL,DRY,NO DEFECTS,NOT ON SCENE (DESK REPORT),NO INJURY / DRIVE AWAY,,Y,Y,"OVER $1,500",01/14/2025 15:00,UNABLE TO DETERMINE,UNABLE TO DETERMINE,850,W,IRVING PARK RD,1915,,,,,,,2,NO INDICATION OF INJURY,0,0,0,0,0,1,0,13,3,1,1,0,13,3,1
CLEAR,DAYLIGHT,ANGLE,NOT DIVIDED,,STRAIGHT AND LEVEL,DRY,NO DEFECTS,ON SCENE,INJURY AND / OR TOW DUE TO CRASH,Y,,,"OVER $1,500",01/07/2025 7:50,UNABLE TO DETERMINE,UNABLE TO DETERMINE,6401,S,KEDZIE AVE,823,,,,,,,2,NO INDICATION OF INJURY,0,0,0,0,0,2,0,7,3,1,2,0,7,3,1
CLOUDY/OVERCAST,DAYLIGHT,TURNING,DIVIDED - W/MEDIAN (NOT RAISED),,STRAIGHT AND LEVEL,DRY,NO DEFECTS,NOT ON SCENE (DESK REPORT),NO INJURY / DRIVE AWAY,,,,"OVER $1,500",12/04/2024 7:05,FAILING TO YIELD RIGHT-OF-WAY,FAILING TO YIELD RIGHT-OF-WAY,5559,W,DIVERSEY AVE,2514,,,,,,,2,NO INDICATION OF INJURY,0,0,0,0,0,2,0,6,4,12,2,0,6,4,12
CLEAR,DUSK,PARKED MOTOR VEHICLE,NOT DIVIDED,,STRAIGHT AND LEVEL,DRY,UNKNOWN,NOT ON SCENE (DESK REPORT),NO INJURY / DRIVE AWAY,,,Y,"OVER $1,500",04/06/2025 12:14,UNABLE TO DETERMINE,UNABLE TO DETERMINE,3639,W,107TH ST,2211,,,,,,,2,NO INDICATION OF INJURY,0,0,0,0,0,2,0,18,7,4,2,0,18,7,4
CLEAR,DAYLIGHT,SIDESWIPE OPPOSITE DIRECTION,FOUR WAY,,STRAIGHT AND LEVEL,SNOW OR SLUSH,UNKNOWN,NOT ON SCENE (DESK REPORT),NO INJURY / DRIVE AWAY,Y,,,"OVER $1,500",01/14/2025 16:00,FAILING TO YIELD RIGHT-OF-WAY,NOT APPLICABLE,2596,S,BLUE ISLAND AVE,1034,,,,,,,2,NO INDICATION OF INJURY,0,0,0,0,0,2,0,15,3,1,2,0,15,3,1
UNKNOWN,DUSK,SIDESWIPE SAME DIRECTION,NOT DIVIDED,,STRAIGHT AND LEVEL,UNKNOWN,UNKNOWN,NOT ON SCENE (DESK REPORT),NO INJURY / DRIVE AWAY,,,Y,"OVER $1,500",05/26/2025 18:00,IMPROPER OVERTAKING/PASSING,IMPROPER OVERTAKING/PASSING,2760,W,BELMONT AVE,1733,,,,,,,2,NO INDICATION OF INJURY,0,0,0,0,0,3,0,22,6,5,3,0,22,6,5
CLOUDY/OVERCAST,"DARKNESS, LIGHTED ROAD",TURNING,Y-INTERSECTION,,STRAIGHT AND LEVEL,DRY,WORN SURFACE,NOT ON SCENE (DESK REPORT),NO INJURY / DRIVE AWAY,Y,,Y,"$501 - $1,500",02/09/2025 0:05,IMPROPER TURNING/NO SIGNAL,DRIVING SKILLS/KNOWLEDGE/EXPERIENCE,5709,N,RIDGE AVE,2013,Y,,,,,,2,NO INDICATION OF INJURY,0,0,0,0,0,2,0,23,7,2,2,0,23,7,2
CLEAR,DAYLIGHT,ANGLE,NOT DIVIDED,,STRAIGHT AND LEVEL,DRY,NO DEFECTS,NOT ON SCENE (DESK REPORT),NO INJURY / DRIVE AWAY,,,,"OVER $1,500",01/17/2025 10:40,FAILING TO YIELD RIGHT-OF-WAY,NOT APPLICABLE,4885,W,BELLE PLAINE AVE,1624,,,,,,,2,NO INDICATION OF INJURY,0,0,0,0,0,2,0,15,3,1,2,0,15,3,1
RAIN,DAYLIGHT,PARKED MOTOR VEHICLE,ONE-WAY,,STRAIGHT AND LEVEL,WET,UNKNOWN,ON SCENE,INJURY AND / OR TOW DUE TO CRASH,,,Y,"OVER $1,500",03/16/2025 11:30,UNABLE TO DETERMINE,UNABLE TO DETERMINE,3058,W,FILLMORE ST,1134,,,,,,,2,NO INDICATION OF INJURY,0,0,0,0,0,1,0,11,1,3,1,0,11,1,3
CLEAR,DAYLIGHT,TURNING,DIVIDED - W/MEDIAN (NOT RAISED),,STRAIGHT AND LEVEL,DRY,NO DEFECTS,ON SCENE,NO INJURY / DRIVE AWAY,,,,"OVER $1,500",08/14/2024 8:20,FAILING TO YIELD RIGHT-OF-WAY,DRIVING SKILLS/KNOWLEDGE/EXPERIENCE,5133,W,NORTH AVE,2533,,,,,,,2,NO INDICATION OF INJURY,0,0,0,0,0,3,0,8,4,8,3,0,8,4,8
CLEAR,DAYLIGHT,SIDESWIPE SAME DIRECTION,DIVIDED - W/MEDIAN BARRIER,,STRAIGHT AND LEVEL,DRY,NO DEFECTS,ON SCENE,INJURY AND / OR TOW DUE TO CRASH,,,,"OVER $1,500",08/14/2024 16:54,UNABLE TO DETERMINE,UNABLE TO DETERMINE,4505,N,CICERO AVE,1722,,,,,,,2,NONINCAPACITATING INJURY,1,0,0,1,0,1,0,16,4,8,1,0,16,4,8
CLEAR,"DARKNESS, LIGHTED ROAD",REAR END,DIVIDED - W/MEDIAN (NOT RAISED),,STRAIGHT AND LEVEL,DRY,NO DEFECTS,NOT ON SCENE (DESK REPORT),NO INJURY / DRIVE AWAY,,,,"OVER $1,500",08/14/2024 22:10,FOLLOWING TOO CLOSELY,FOLLOWING TOO CLOSELY,1500,W,BELMONT AVE,1922,,,,,,,2,NO INDICATION OF INJURY,0,0,0,0,0,2,0,21,4,8,2,0,21,4,8
CLEAR,DAYLIGHT,TURNING,Y-INTERSECTION,,STRAIGHT AND LEVEL,DRY,NO DEFECTS,NOT ON SCENE (DESK REPORT),INJURY AND / OR TOW DUE TO CRASH,Y,,,"OVER $1,500",08/14/2024 19:06,FAILING TO YIELD RIGHT-OF-WAY,NOT APPLICABLE,7900,S,SOUTH CHICAGO AVE,411,,,,,,,2,NO INDICATION OF INJURY,0,0,0,0,0,3,0,19,4,8,3,0,19,4,8
CLEAR,DAYLIGHT,REAR END,DIVIDED - W/MEDIAN (NOT RAISED),,STRAIGHT AND LEVEL,DRY,NO DEFECTS,NOT ON SCENE (DESK REPORT),INJURY AND / OR TOW DUE TO CRASH,,,,"OVER $1,500",01/14/2025 15:15,UNABLE TO DETERMINE,UNABLE TO DETERMINE,2313,E,79TH ST,414,,,,,,,2,"REPORTED, NOT EVIDENT",3,0,0,0,3,1,0,14,3,1,1,0,14,3,1
RAIN,"DARKNESS, LIGHTED ROAD",TURNING,OTHER,,STRAIGHT AND LEVEL,WET,UNKNOWN,NOT ON SCENE (DESK REPORT),NO INJURY / DRIVE AWAY,,,Y,"OVER $1,500",02/08/2025 18:00,UNABLE TO DETERMINE,UNABLE TO DETERMINE,9300,S,WOODLAWN AVE,413,,,,,,,2,NO INDICATION OF INJURY,0,0,0,0,0,2,0,17,7,2,2,0,17,7,2
CLEAR,DAYLIGHT,SIDESWIPE SAME DIRECTION,NOT DIVIDED,,STRAIGHT AND LEVEL,DRY,NO DEFECTS,NOT ON SCENE (DESK REPORT),NO INJURY / DRIVE AWAY,Y,,,"OVER $1,500",01/14/2025 17:45,FOLLOWING TOO CLOSELY,NOT APPLICABLE,1655,E,95TH ST,431,,,,,,,2,NO INDICATION OF INJURY,0,0,0,0,0,2,0,16,3,1,2,0,16,3,1
CLEAR,DAYLIGHT,REAR END,DIVIDED - W/MEDIAN (NOT RAISED),,STRAIGHT AND LEVEL,DRY,NO DEFECTS,ON SCENE,NO INJURY / DRIVE AWAY,,,,"OVER $1,500",05/23/2025 15:37,FOLLOWING TOO CLOSELY,FOLLOWING TOO CLOSELY,698,W,71ST ST,732,,,,,,,2,NO INDICATION OF INJURY,0,0,0,0,0,2,0,15,6,5,2,0,15,6,5
CLEAR,DAYLIGHT,TURNING,FOUR WAY,,STRAIGHT AND LEVEL,DRY,NO DEFECTS,NOT ON SCENE (DESK REPORT),NO INJURY / DRIVE AWAY,Y,,,"OVER $1,500",01/07/2025 12:10,IMPROPER TURNING/NO SIGNAL,FAILING TO YIELD RIGHT-OF-WAY,5201,W,GRAND AVE,2515,,,,,,,2,NO INDICATION OF INJURY,0,0,0,0,0,3,0,10,3,1,3,0,10,3,1
CLEAR,DAYLIGHT,PEDESTRIAN,NOT DIVIDED,,STRAIGHT AND LEVEL,ICE,NO DEFECTS,ON SCENE,INJURY AND / OR TOW DUE TO CRASH,,,,$500 OR LESS,01/07/2025 14:15,UNABLE TO DETERMINE,NOT APPLICABLE,5420,W,ROOSEVELT RD,1522,,,,,,,2,NONINCAPACITATING INJURY,1,0,0,1,0,1,0,14,3,1,1,0,14,3,1
CLEAR,DAYLIGHT,REAR END,ONE-WAY,,STRAIGHT AND LEVEL,UNKNOWN,NO DEFECTS,NOT ON SCENE (DESK REPORT),NO INJURY / DRIVE AWAY,,,,"OVER $1,500",01/07/2025 8:30,UNABLE TO DETERMINE,UNABLE TO DETERMINE,3616,N,ST LOUIS AVE,1732,,,,,,,2,NO INDICATION OF INJURY,0,0,0,0,0,2,0,8,3,1,2,0,8,3,1
CLEAR,DAYLIGHT,SIDESWIPE SAME DIRECTION,NOT DIVIDED,,STRAIGHT AND LEVEL,DRY,NO DEFECTS,NOT ON SCENE (DESK REPORT),NO INJURY / DRIVE AWAY,,,,"OVER $1,500",05/24/2025 9:20,IMPROPER LANE USAGE,NOT APPLICABLE,7000,N,SHERIDAN RD,2423,,,,,,,2,NO INDICATION OF INJURY,0,0,0,0,0,2,0,15,6,5,2,0,15,6,5
SNOW,DAYLIGHT,PARKED MOTOR VEHICLE,NOT DIVIDED,,STRAIGHT AND LEVEL,SNOW OR SLUSH,NO DEFECTS,NOT ON SCENE (DESK REPORT),NO INJURY / DRIVE AWAY,,,,"OVER $1,500",01/17/2025 18:50,NOT APPLICABLE,NOT APPLICABLE,5402,S,KENNETH AVE,815,,,,,,,3,NO INDICATION OF INJURY,0,0,0,0,0,1,0,15,3,1,1,0,15,3,1
CLEAR,DAYLIGHT,SIDESWIPE SAME DIRECTION,DIVIDED - W/MEDIAN BARRIER,,STRAIGHT AND LEVEL,DRY,NO DEFECTS,ON SCENE,NO INJURY / DRIVE AWAY,,,,"OVER $1,500",05/23/2025 18:43,UNABLE TO DETERMINE,NOT APPLICABLE,860,N,LAKE SHORE DR,1833,,,,,,,2,NO INDICATION OF INJURY,0,0,0,0,0,2,0,18,6,5,2,0,18,6,5
CLEAR,DAYLIGHT,REAR END,DIVIDED - W/MEDIAN BARRIER,,STRAIGHT AND LEVEL,DRY,"RUT, HOLES",,NO INJURY / DRIVE AWAY,,,,"OVER $1,500",08/14/2024 7:46,EQUIPMENT - VEHICLE CONDITION,NOT APPLICABLE,750,E,MIDWAY PLAISANCE,233,,,,,,,2,NO INDICATION OF INJURY,0,0,0,0,0,2,0,7,4,8,2,0,7,4,8
CLEAR,DAYLIGHT,REAR END,NOT DIVIDED,,STRAIGHT AND LEVEL,DRY,UNKNOWN,ON SCENE,NO INJURY / DRIVE AWAY,,,,"$501 - $1,500",08/14/2024 16:59,UNABLE TO DETERMINE,UNABLE TO DETERMINE,5657,W,FOSTER AVE,1622,,,,,,,2,NO INDICATION OF INJURY,0,0,0,0,0,3,0,16,4,8,3,0,16,4,8
CLEAR,DAYLIGHT,SIDESWIPE SAME DIRECTION,NOT DIVIDED,,STRAIGHT AND LEVEL,DRY,UNKNOWN,ON SCENE,NO INJURY / DRIVE AWAY,,,Y,"OVER $1,500",08/14/2024 17:35,UNABLE TO DETERMINE,NOT APPLICABLE,1301,W,WRIGHTWOOD AVE,1932,,,,,,,2,NO INDICATION OF INJURY,0,0,0,0,0,4,0,17,4,8,4,0,17,4,8
CLEAR,DAYLIGHT,SIDESWIPE SAME DIRECTION,DIVIDED - W/MEDIAN (NOT RAISED),,STRAIGHT AND LEVEL,DRY,NO DEFECTS,NOT ON SCENE (DESK REPORT),NO INJURY / DRIVE AWAY,,,,"OVER $1,500",12/04/2024 18:30,UNABLE TO DETERMINE,UNABLE TO DETERMINE,4565,N,PULASKI RD,1723,,,,,,,2,NO INDICATION OF INJURY,0,0,0,0,0,2,0,16,4,12,2,0,16,4,12
CLEAR,"DARKNESS, LIGHTED ROAD",TURNING,FOUR WAY,,STRAIGHT AND LEVEL,DRY,NO DEFECTS,,INJURY AND / OR TOW DUE TO CRASH,Y,,,"OVER $1,500",12/04/2024 16:55,FAILING TO YIELD RIGHT-OF-WAY,NOT APPLICABLE,7600,S,ASHLAND AVE,611,,,,,,,2,NONINCAPACITATING INJURY,2,0,0,1,1,1,0,16,4,12,1,0,16,4,12
CLEAR,DAYLIGHT,FIXED OBJECT,DIVIDED - W/MEDIAN BARRIER,,STRAIGHT AND LEVEL,DRY,NO DEFECTS,ON SCENE,NO INJURY / DRIVE AWAY,,,,"OVER $1,500",12/04/2024 13:14,UNABLE TO DETERMINE,UNABLE TO DETERMINE,4426,S,DREXEL BLVD,221,,,,,,,2,NO INDICATION OF INJURY,0,0,0,0,0,1,0,13,4,12,1,0,13,4,12
CLEAR,DAYLIGHT,TURNING,DIVIDED - W/MEDIAN (NOT RAISED),,STRAIGHT AND LEVEL,DRY,NO DEFECTS,NOT ON SCENE (DESK REPORT),NO INJURY / DRIVE AWAY,,,,"OVER $1,500",05/23/2025 19:10,IMPROPER TURNING/NO SIGNAL,UNABLE TO DETERMINE,3119,N,SACRAMENTO AVE,1411,,,,,,,2,NO INDICATION OF INJURY,0,0,0,0,0,2,0,18,6,5,2,0,18,6,5
SNOW,DAWN,SIDESWIPE SAME DIRECTION,NOT DIVIDED,,STRAIGHT AND LEVEL,SNOW OR SLUSH,NO DEFECTS,ON SCENE,INJURY AND / OR TOW DUE TO CRASH,,,Y,"$501 - $1,500",01/14/2025 7:28,UNABLE TO DETERMINE,NOT APPLICABLE,5655,N,SHERIDAN RD,2022,,,,,,,2,NO INDICATION OF INJURY,0,0,0,0,0,2,0,7,3,1,2,0,7,3,1
SNOW,DAYLIGHT,TURNING,FOUR WAY,,STRAIGHT AND LEVEL,UNKNOWN,UNKNOWN,NOT ON SCENE (DESK REPORT),NO INJURY / DRIVE AWAY,Y,,,"OVER $1,500",03/16/2025 13:57,UNABLE TO DETERMINE,NOT APPLICABLE,4800,N,WESTERN AVE,2031,,,,,,,2,NO INDICATION OF INJURY,0,0,0,0,0,3,0,12,1,3,3,0,12,1,3
UNKNOWN,UNKNOWN,PARKED MOTOR VEHICLE,OTHER,,STRAIGHT AND LEVEL,UNKNOWN,NO DEFECTS,ON SCENE,NO INJURY / DRIVE AWAY,,,Y,"$501 - $1,500",03/16/2025 12:45,NOT APPLICABLE,NOT APPLICABLE,1497,N,CLEAVER ST,1433,,,,,,,2,NO INDICATION OF INJURY,0,0,0,0,0,1,0,1,1,3,1,0,1,1,3
UNKNOWN,"DARKNESS, LIGHTED ROAD",PARKED MOTOR VEHICLE,ONE-WAY,,STRAIGHT AND LEVEL,UNKNOWN,NO DEFECTS,NOT ON SCENE (DESK REPORT),NO INJURY / DRIVE AWAY,,,Y,"OVER $1,500",01/07/2025 20:55,UNABLE TO DETERMINE,NOT APPLICABLE,6725,S,KILDARE AVE,833,,,,,,,2,NO INDICATION OF INJURY,0,0,0,0,0,1,0,1,3,1,1,0,1,3,1
CLEAR,DAYLIGHT,REAR END,NOT DIVIDED,,STRAIGHT AND LEVEL,UNKNOWN,UNKNOWN,NOT ON SCENE (DESK REPORT),NO INJURY / DRIVE AWAY,,,Y,"OVER $1,500",01/07/2025 9:50,IMPROPER BACKING,IMPROPER BACKING,469,W,HURON ST,1831,,,,,,,2,NO INDICATION OF INJURY,0,0,0,0,0,2,0,8,3,1,2,0,8,3,1
CLEAR,DAYLIGHT,PEDESTRIAN,FOUR WAY,,STRAIGHT AND LEVEL,DRY,UNKNOWN,ON SCENE,INJURY AND / OR TOW DUE TO CRASH,Y,,,"OVER $1,500",08/14/2024 16:51,FAILING TO YIELD RIGHT-OF-WAY,DISREGARDING OTHER TRAFFIC SIGNS,1000,N,LA SALLE DR,1824,,Y,,,,,2,"REPORTED, NOT EVIDENT",1,0,0,0,1,1,0,16,4,8,1,0,16,4,8
SNOW,"DARKNESS, LIGHTED ROAD",FIXED OBJECT,NOT DIVIDED,,STRAIGHT AND LEVEL,SNOW OR SLUSH,UNKNOWN,ON SCENE,INJURY AND / OR TOW DUE TO CRASH,,,,"OVER $1,500",12/04/2024 22:14,UNABLE TO DETERMINE,UNABLE TO DETERMINE,9359,S,KENWOOD AVE,413,,,,,,,1,NO INDICATION OF INJURY,0,0,0,0,0,1,0,22,4,12,1,0,22,4,12
CLEAR,DARKNESS,TURNING,NOT DIVIDED,,STRAIGHT AND LEVEL,DRY,NO DEFECTS,,INJURY AND / OR TOW DUE TO CRASH,,,,"OVER $1,500",01/27/2025 22:00,FAILING TO YIELD RIGHT-OF-WAY,FAILING TO YIELD RIGHT-OF-WAY,5662,N,AVONDALE AVE,1622,,,,,,,2,NONINCAPACITATING INJURY,2,0,0,1,1,0,0,21,2,1,0,0,21,2,1
CLEAR,DARKNESS,OTHER OBJECT,ALLEY,,STRAIGHT AND LEVEL,DRY,NO DEFECTS,NOT ON SCENE (DESK REPORT),NO INJURY / DRIVE AWAY,,,,$500 OR LESS,05/23/2025 21:25,NOT APPLICABLE,NOT APPLICABLE,4655,W,JACKSON BLVD,1131,,,,,,,1,NO INDICATION OF INJURY,0,0,0,0,0,2,0,21,6,5,2,0,21,6,5
CLEAR,DAYLIGHT,PARKED MOTOR VEHICLE,PARKING LOT,,STRAIGHT AND LEVEL,DRY,NO DEFECTS,ON SCENE,NO INJURY / DRIVE AWAY,,Y,,"OVER $1,500",03/16/2025 18:15,UNABLE TO DETERMINE,UNABLE TO DETERMINE,1,W,PARKING LOT E ST,1654,,,,,,,2,NO INDICATION OF INJURY,0,0,0,0,0,1,0,18,1,3,1,0,18,1,3
CLEAR,DUSK,REAR END,DIVIDED - W/MEDIAN BARRIER,,STRAIGHT AND LEVEL,DRY,NO DEFECTS,ON SCENE,NO INJURY / DRIVE AWAY,,,,"$501 - $1,500",07/30/2023 18:15,"VISION OBSCURED (SIGNS, TREE LIMBS, BUILDINGS, ETC.)",DRIVING SKILLS/KNOWLEDGE/EXPERIENCE,8801,S,CHICAGO SKYWAY IB,423,,,,,,,2,NO INDICATION OF INJURY,0,0,0,0,0,4,0,18,1,7,4,0,18,1,7
CLEAR,DAYLIGHT,SIDESWIPE SAME DIRECTION,FOUR WAY,,STRAIGHT AND LEVEL,DRY,NO DEFECTS,NOT ON SCENE (DESK REPORT),NO INJURY / DRIVE AWAY,,,,"OVER $1,500",03/16/2025 16:05,FOLLOWING TOO CLOSELY,NOT APPLICABLE,2001,N,HALSTED ST,1812,,,,,,,2,NO INDICATION OF INJURY,0,0,0,0,0,2,0,14,1,3,2,0,14,1,3
UNKNOWN,UNKNOWN,TURNING,DIVIDED - W/MEDIAN (NOT RAISED),,STRAIGHT AND LEVEL,UNKNOWN,UNKNOWN,NOT ON SCENE (DESK REPORT),NO INJURY / DRIVE AWAY,Y,,N,$500 OR LESS,01/14/2025 15:54,FAILING TO YIELD RIGHT-OF-WAY,FAILING TO YIELD RIGHT-OF-WAY,4549,W,LAKE ST,1113,,,,,,,2,NO INDICATION OF INJURY,0,0,0,0,0,2,0,15,3,1,2,0,15,3,1
CLEAR,DAYLIGHT,TURNING,DIVIDED - W/MEDIAN (NOT RAISED),,STRAIGHT AND LEVEL,WET,UNKNOWN,NOT ON SCENE (DESK REPORT),NO INJURY / DRIVE AWAY,,,Y,"OVER $1,500",01/07/2025 17:30,UNABLE TO DETERMINE,NOT APPLICABLE,2400,W,ARMITAGE AVE,1431,,,,,,,2,NO INDICATION OF INJURY,0,0,0,0,0,3,0,8,3,1,3,0,8,3,1
CLEAR,DAYLIGHT,TURNING,DIVIDED - W/MEDIAN BARRIER,,STRAIGHT AND LEVEL,DRY,NO DEFECTS,NOT ON SCENE (DESK REPORT),NO INJURY / DRIVE AWAY,,,,"OVER $1,500",01/07/2025 9:30,UNABLE TO DETERMINE,NOT APPLICABLE,2439,W,OGDEN AVE,1023,,,,,,,2,NO INDICATION OF INJURY,0,0,0,0,0,2,0,8,3,1,2,0,8,3,1
CLEAR,DAYLIGHT,ANGLE,FOUR WAY,,STRAIGHT AND LEVEL,DRY,NO DEFECTS,ON SCENE,INJURY AND / OR TOW DUE TO CRASH,Y,,Y,"OVER $1,500",01/07/2025 8:05,FAILING TO YIELD RIGHT-OF-WAY,FAILING TO REDUCE SPEED TO AVOID CRASH,3430,W,FOSTER AVE,1712,,,,,,,2,NONINCAPACITATING INJURY,1,0,0,1,0,1,0,8,3,1,1,0,8,3,1
CLEAR,DAYLIGHT,TURNING,FOUR WAY,,STRAIGHT AND LEVEL,OTHER,UNKNOWN,ON SCENE,INJURY AND / OR TOW DUE TO CRASH,N,Y,Y,"OVER $1,500",01/07/2025 7:38,IMPROPER TURNING/NO SIGNAL,NOT APPLICABLE,1800,S,PULASKI RD,1012,,Y,,,,,2,NO INDICATION OF INJURY,0,0,0,0,0,2,0,7,3,1,2,0,7,3,1
CLEAR,"DARKNESS, LIGHTED ROAD",TURNING,UNKNOWN INTERSECTION TYPE,,STRAIGHT AND LEVEL,DRY,UNKNOWN,ON SCENE,NO INJURY / DRIVE AWAY,,,,"$501 - $1,500",08/14/2024 21:22,FAILING TO REDUCE SPEED TO AVOID CRASH,UNABLE TO DETERMINE,100,E,130TH ST,533,,,,,,,2,NO INDICATION OF INJURY,0,0,0,0,0,2,0,20,4,8,2,0,20,4,8
CLEAR,DAYLIGHT,TURNING,NOT DIVIDED,,STRAIGHT AND LEVEL,UNKNOWN,UNKNOWN,NOT ON SCENE (DESK REPORT),NO INJURY / DRIVE AWAY,Y,,,"OVER $1,500",05/23/2025 16:00,FAILING TO YIELD RIGHT-OF-WAY,NOT APPLICABLE,5874,S,ARCHER AVE,814,,,,,,,2,NO INDICATION OF INJURY,0,0,0,0,0,2,0,15,6,5,2,0,15,6,5
CLOUDY/OVERCAST,DAYLIGHT,SIDESWIPE SAME DIRECTION,ONE-WAY,,STRAIGHT AND LEVEL,UNKNOWN,UNKNOWN,NOT ON SCENE (DESK REPORT),NO INJURY / DRIVE AWAY,,,Y,"OVER $1,500",03/17/2025 14:20,UNABLE TO DETERMINE,UNABLE TO DETERMINE,1042,N,RUSH ST,1824,,,,,,,2,NO INDICATION OF INJURY,0,0,0,0,0,2,0,15,1,3,2,0,15,1,3
SNOW,"DARKNESS, LIGHTED ROAD",PARKED MOTOR VEHICLE,ALLEY,,STRAIGHT AND LEVEL,SNOW OR SLUSH,UNKNOWN,NOT ON SCENE (DESK REPORT),NO INJURY / DRIVE AWAY,,,Y,"OVER $1,500",02/08/2025 19:15,UNABLE TO DETERMINE,NOT APPLICABLE,4138,W,JACKSON BLVD,1115,,,,,,,2,NO INDICATION OF INJURY,0,0,0,0,0,1,0,17,7,2,1,0,17,7,2
CLEAR,"DARKNESS, LIGHTED ROAD",HEAD ON,PARKING LOT,,STRAIGHT AND LEVEL,DRY,NO DEFECTS,ON SCENE,INJURY AND / OR TOW DUE TO CRASH,,Y,,"OVER $1,500",07/30/2023 21:31,UNABLE TO DETERMINE,UNABLE TO DETERMINE,1,W,PARKING LOT E ST,1654,,,,,,,2,NO INDICATION OF INJURY,0,0,0,0,0,2,0,21,1,7,2,0,21,1,7
CLOUDY/OVERCAST,DAYLIGHT,SIDESWIPE SAME DIRECTION,DIVIDED - W/MEDIAN BARRIER,,STRAIGHT AND LEVEL,WET,NO DEFECTS,ON SCENE,NO INJURY / DRIVE AWAY,,,,"$501 - $1,500",03/16/2025 15:45,UNABLE TO DETERMINE,NOT APPLICABLE,7900,S,STONY ISLAND AVE,411,,,,,,,2,NO INDICATION OF INJURY,0,0,0,0,0,2,0,15,1,3,2,0,15,1,3
CLEAR,DAYLIGHT,REAR TO FRONT,ONE-WAY,,STRAIGHT AND LEVEL,DRY,NO DEFECTS,ON SCENE,NO INJURY / DRIVE AWAY,,,,"$501 - $1,500",10/04/2023 12:14,IMPROPER BACKING,DRIVING SKILLS/KNOWLEDGE/EXPERIENCE,5,W,TERMINAL ST,1655,,,,,,,2,NO INDICATION OF INJURY,0,0,0,0,0,2,0,12,4,10,2,0,12,4,10
RAIN,"DARKNESS, LIGHTED ROAD",PARKED MOTOR VEHICLE,NOT DIVIDED,,STRAIGHT AND LEVEL,WET,NO DEFECTS,ON SCENE,NO INJURY / DRIVE AWAY,,,Y,$500 OR LESS,04/05/2025 2:20,"OPERATING VEHICLE IN ERRATIC, RECKLESS, CARELESS, NEGLIGENT OR AGGRESSIVE MANNER",UNABLE TO DETERMINE,16,W,DIVISION ST,1824,,,,,,,2,NO INDICATION OF INJURY,0,0,0,0,0,1,0,2,7,4,1,0,2,7,4
CLEAR,DAYLIGHT,PEDALCYCLIST,ONE-WAY,,STRAIGHT AND LEVEL,DRY,NO DEFECTS,NOT ON SCENE (DESK REPORT),INJURY AND / OR TOW DUE TO CRASH,N,,Y,$500 OR LESS,05/30/2025 13:50,UNABLE TO DETERMINE,UNABLE TO DETERMINE,2403,N,MEADE AVE,2512,,,,,,,2,NONINCAPACITATING INJURY,1,0,0,1,0,2,0,18,6,5,2,0,18,6,5
CLEAR,DAYLIGHT,PARKED MOTOR VEHICLE,PARKING LOT,,STRAIGHT AND LEVEL,ICE,"RUT, HOLES",ON SCENE,NO INJURY / DRIVE AWAY,,Y,,"$501 - $1,500",01/07/2025 15:46,"VISION OBSCURED (SIGNS, TREE LIMBS, BUILDINGS, ETC.)",EQUIPMENT - VEHICLE CONDITION,7433,N,CLARK ST,2422,,,,,,,2,NO INDICATION OF INJURY,0,0,0,0,0,1,0,15,3,1,1,0,15,3,1