WEATHER_CONDITION,LIGHTING_CONDITION,FIRST_CRASH_TYPE,TRAFFICWAY_TYPE,LANE_CNT,ALIGNMENT,ROADWAY_SURFACE_COND,ROAD_DEFECT,REPORT_TYPE,CRASH_TYPE,INTERSECTION_RELATED_I,NOT_RIGHT_OF_WAY_I,HIT_AND_RUN_I,DAMAGE,DATE_POLICE_NOTIFIED,PRIM_CONTRIBUTORY_CAUSE,SEC_CONTRIBUTORY_CAUSE,STREET_NO,STREET_DIRECTION,STREET_NAME,BEAT_OF_OCCURRENCE,PHOTOS_TAKEN_I,STATEMENTS_TAKEN_I,DOORING_I,WORK_ZONE_I,WORK_ZONE_TYPE,WORKERS_PRESENT_I,NUM_UNITS,MOST_SEVERE_INJURY,INJURIES_TOTAL,INJURIES_FATAL,INJURIES_INCAPACITATING,INJURIES_NON_INCAPACITATING,INJURIES_REPORTED_NOT_EVIDENT,INJURIES_NO_INDICATION,INJURIES_UNKNOWN,CRASH_HOUR,CRASH_DAY_OF_WEEK,CRASH_MONTH,INJURIES_NO_INDICATION,INJURIES_UNKNOWN,CRASH_HOUR,CRASH_DAY_OF_WEEK,CRASH_MONTH
CLEAR,DAYLIGHT,SIDESWIPE SAME DIRECTION,ONE-WAY,,STRAIGHT AND LEVEL,DRY,NO DEFECTS,NOT ON SCENE (DESK REPORT),NO INJURY / DRIVE AWAY,,,,"OVER $1,500",08/14/2024 18:02,UNABLE TO DETERMINE,NOT APPLICABLE,1599,W,VAN BUREN ST,1231,,,,,,,2,NO INDICATION OF INJURY,0,0,0,0,0,3,0,17,4,8,3,0,17,4,8
CLEAR,DAYLIGHT,PARKED MOTOR VEHICLE,PARKING LOT,,STRAIGHT AND LEVEL,DRY,NO DEFECTS,ON SCENE,NO INJURY / DRIVE AWAY,,Y,,"$501 - $1,500",08/14/2024 12:20,UNABLE TO DETERMINE,UNABLE TO DETERMINE,2939,W,ADDISON ST,1733,,,,,,,2,NO INDICATION OF INJURY,0,0,0,0,0,1,0,10,4,8,1,0,10,4,8
CLEAR,"DARKNESS, LIGHTED ROAD",REAR END,NOT DIVIDED,,STRAIGHT AND LEVEL,DRY,NO DEFECTS,NOT ON SCENE (DESK REPORT),NO INJURY / DRIVE AWAY,,,,"OVER $1,500",08/14/2024 23:14,UNABLE TO DETERMINE,NOT APPLICABLE,4950,S,PULASKI RD,815,,,,,,,2,NO INDICATION OF INJURY,0,0,0,0,0,2,0,22,4,8,2,0,22,4,8
CLEAR,DAYLIGHT,PARKED MOTOR VEHICLE,NOT DIVIDED,,STRAIGHT AND LEVEL,DRY,NO DEFECTS,NOT ON SCENE (DESK REPORT),NO INJURY / DRIVE AWAY,,,Y,$500 OR LESS,08/14/2024 15:15,UNABLE TO DETERMINE,NOT APPLICABLE,10,S,MENARD AVE,1513,,,,,,,2,NO INDICATION OF INJURY,0,0,0,0,0,1,0,14,4,8,1,0,14,4,8
CLOUDY/OVERCAST,DAYLIGHT,PARKED MOTOR VEHICLE,FOUR WAY,,STRAIGHT AND LEVEL,SNOW OR SLUSH,NO DEFECTS,NOT ON SCENE (DESK REPORT),NO INJURY / DRIVE AWAY,,,Y,"$501 - $1,500",01/14/2025 15:45,UNABLE TO DETERMINE,UNABLE TO DETERMINE,2659,S,ST LOUIS AVE,1032,,,,,,,2,NO INDICATION OF INJURY,0,0,0,0,0,1,0,12,3,1,1,0,12,3,1
UNKNOWN,UNKNOWN,PARKED MOTOR VEHICLE,ONE-WAY,,STRAIGHT AND LEVEL,UNKNOWN,UNKNOWN,ON SCENE,NO INJURY / DRIVE AWAY,,,Y,"OVER $1,500",01/14/2025 16:29,UNABLE TO DETERMINE,UNABLE TO DETERMINE,8007,S,PAULINA ST,611,,,,,,,2,NO INDICATION OF INJURY,0,0,0,0,0,1,0,9,3,1,1,0,9,3,1
CLEAR,DAYLIGHT,FIXED OBJECT,ONE-WAY,,STRAIGHT AND LEVEL,ICE,NO DEFECTS,NOT ON SCENE (DESK REPORT),NO INJURY / DRIVE AWAY,,,,"OVER $1,500",01/14/2025 16:05,WEATHER,NOT APPLICABLE,2398,W,MC LEAN AVE,1432,,,,,,,1,NO INDICATION OF INJURY,0,0,0,0,0,1,0,14,3,1,1,0,14,3,1
SNOW,DAYLIGHT,REAR END,DIVIDED - W/MEDIAN BARRIER,,STRAIGHT AND LEVEL,SNOW OR SLUSH,NO DEFECTS,ON SCENE,INJURY AND / OR TOW DUE TO CRASH,Y,,,"OVER $1,500",01/14/2025 9:13,FAILING TO YIELD RIGHT-OF-WAY,NOT APPLICABLE,8700,S,EGGLESTON AVE,2223,,,,,,,2,NO INDICATION OF INJURY,0,0,0,0,0,2,0,9,3,1,2,0,9,3,1
CLEAR,"DARKNESS, LIGHTED ROAD",REAR END,DIVIDED - W/MEDIAN (NOT RAISED),,STRAIGHT AND LEVEL,DRY,NO DEFECTS,NOT ON SCENE (DESK REPORT),NO INJURY / DRIVE AWAY,,,,"$501 - $1,500",02/08/2025 23:45,UNABLE TO DETERMINE,NOT APPLICABLE,7800,S,KEDZIE AVE,835,,,,,,,2,NO INDICATION OF INJURY,0,0,0,0,0,2,0,23,7,2,2,0,23,7,2
CLEAR,DAYLIGHT,REAR END,DIVIDED - W/MEDIAN (NOT RAISED),,STRAIGHT AND LEVEL,DRY,NO DEFECTS,NOT ON SCENE (DESK REPORT),NO INJURY / DRIVE AWAY,,,Y,"OVER $1,500",01/07/2025 13:15,FOLLOWING TOO CLOSELY,UNABLE TO DETERMINE,4321,S,WESTERN AVE,922,,,,,,,2,NO INDICATION OF INJURY,0,0,0,0,0,3,0,11,3,1,3,0,11,3,1
CLEAR,DAYLIGHT,REAR END,DIVIDED - W/MEDIAN BARRIER,,STRAIGHT AND LEVEL,DRY,NO DEFECTS,ON SCENE,NO INJURY / DRIVE AWAY,,,,$500 OR LESS,01/07/2025 14:57,FAILING TO REDUCE SPEED TO AVOID CRASH,FAILING TO REDUCE SPEED TO AVOID CRASH,5943,N,RIDGE AVE,2012,,,,,,,2,NO INDICATION OF INJURY,0,0,0,0,0,4,0,14,3,1,4,0,14,3,1
CLEAR,DAYLIGHT,SIDESWIPE SAME DIRECTION,T-INTERSECTION,,STRAIGHT AND LEVEL,DRY,NO DEFECTS,ON SCENE,INJURY AND / OR TOW DUE TO CRASH,Y,,,"$501 - $1,500",08/14/2024 12:35,IMPROPER TURNING/NO SIGNAL,IMPROPER TURNING/NO SIGNAL,7359,S,MORGAN ST,733,,,,,,,2,NO INDICATION OF INJURY,0,0,0,0,0,2,0,12,4,8,2,0,12,4,8
CLEAR,DAYLIGHT,PARKED MOTOR VEHICLE,ONE-WAY,,STRAIGHT AND LEVEL,DRY,NO DEFECTS,ON SCENE,NO INJURY / DRIVE AWAY,,,,$500 OR LESS,05/23/2025 10:51,UNABLE TO DETERMINE,NOT APPLICABLE,3081,W,ROSEMONT AVE,2413,,,,,,,2,NO INDICATION OF INJURY,0,0,0,0,0,2,0,10,6,5,2,0,10,6,5
CLEAR,DUSK,ANGLE,PARKING LOT,,STRAIGHT AND LEVEL,DRY,NO DEFECTS,ON SCENE,NO INJURY / DRIVE AWAY,,,,"$501 - $1,500",12/08/2017 16:17,FAILING TO YIELD RIGHT-OF-WAY,NOT APPLICABLE,23,N,WESTERN AVE,1223,,,,,,,2,NO INDICATION OF INJURY,0,0,0,0,0,3,0,16,6,12,3,0,16,6,12
CLEAR,"DARKNESS, LIGHTED ROAD",PARKED MOTOR VEHICLE,DIVIDED - W/MEDIAN (NOT RAISED),,STRAIGHT AND LEVEL,DRY,UNKNOWN,NOT ON SCENE (DESK REPORT),NO INJURY / DRIVE AWAY,,,Y,"OVER $1,500",02/08/2025 8:45,UNABLE TO DETERMINE,UNABLE TO DETERMINE,2321,S,ALBANY AVE,1033,,,,,,,2,NO INDICATION OF INJURY,0,0,0,0,0,1,0,2,7,2,1,0,2,7,2
CLEAR,DAYLIGHT,PARKED MOTOR VEHICLE,ONE-WAY,,STRAIGHT AND LEVEL,WET,UNKNOWN,,NO INJURY / DRIVE AWAY,,,,"OVER $1,500",01/10/2025 17:05,DRIVING SKILLS/KNOWLEDGE/EXPERIENCE,NOT APPLICABLE,2800,W,65TH ST,823,,,,,,,2,NO INDICATION OF INJURY,0,0,0,0,0,1,0,16,6,1,1,0,16,6,1
CLEAR,DAYLIGHT,REAR TO FRONT,NOT DIVIDED,,STRAIGHT AND LEVEL,DRY,NO DEFECTS,NOT ON SCENE (DESK REPORT),NO INJURY / DRIVE AWAY,,,,"OVER $1,500",01/08/2025 19:30,DRIVING SKILLS/KNOWLEDGE/EXPERIENCE,NOT APPLICABLE,822,E,48TH ST,223,,,,,,,2,NO INDICATION OF INJURY,0,0,0,0,0,2,0,7,3,1,2,0,7,3,1
CLEAR,DAYLIGHT,PARKED MOTOR VEHICLE,NOT DIVIDED,,STRAIGHT AND LEVEL,DRY,UNKNOWN,ON SCENE,INJURY AND / OR TOW DUE TO CRASH,,,,"OVER $1,500",05/23/2025 18:19,UNABLE TO DETERMINE,NOT APPLICABLE,5119,W,NORTH AVE,2533,,,,,,,2,NO INDICATION OF INJURY,0,0,0,0,0,1,0,18,6,5,1,0,18,6,5
CLEAR,DAYLIGHT,SIDESWIPE SAME DIRECTION,NOT DIVIDED,,STRAIGHT AND LEVEL,ICE,NO DEFECTS,ON SCENE,NO INJURY / DRIVE AWAY,,,,$500 OR LESS,01/07/2025 11:10,FAILING TO YIELD RIGHT-OF-WAY,UNABLE TO DETERMINE,2816,W,DEVON AVE,2412,,,,,,,2,NO INDICATION OF INJURY,0,0,0,0,0,2,0,10,3,1,2,0,10,3,1
CLEAR,DAYLIGHT,REAR END,ALLEY,,STRAIGHT AND LEVEL,DRY,NO DEFECTS,NOT ON SCENE (DESK REPORT),NO INJURY / DRIVE AWAY,,,,"OVER $1,500",08/14/2024 8:45,UNABLE TO DETERMINE,UNABLE TO DETERMINE,1542,N,LAKE SHORE DR,1824,,,,,,,2,NO INDICATION OF INJURY,0,0,0,0,0,2,0,8,4,8,2,0,8,4,8
CLEAR,DAYLIGHT,PARKED MOTOR VEHICLE,NOT DIVIDED,,STRAIGHT AND LEVEL,DRY,NO DEFECTS,NOT ON SCENE (DESK REPORT),NO INJURY / DRIVE AWAY,,,Y,"OVER $1,500",08/15/2024 15:00,UNABLE TO DETERMINE,NOT APPLICABLE,2901,W,FERDINAND ST,1221,,,,,,,2,NO INDICATION OF INJURY,0,0,0,0,0,1,0,14,4,8,1,0,14,4,8
CLEAR,DAYLIGHT,TURNING,DIVIDED - W/MEDIAN (NOT RAISED),,STRAIGHT AND LEVEL,DRY,UNKNOWN,NOT ON SCENE (DESK REPORT),NO INJURY / DRIVE AWAY,,,,"OVER $1,500",05/23/2025 11:45,FAILING TO YIELD RIGHT-OF-WAY,UNABLE TO DETERMINE,5601,S,KEDZIE AVE,824,,,,,,,2,NO INDICATION OF INJURY,0,0,0,0,0,2,0,9,6,5,2,0,9,6,5
RAIN,"DARKNESS, LIGHTED ROAD",PARKED MOTOR VEHICLE,DIVIDED - W/MEDIAN (NOT RAISED),,STRAIGHT AND LEVEL,WET,NO DEFECTS,ON SCENE,INJURY AND / OR TOW DUE TO CRASH,,,Y,"OVER $1,500",02/08/2025 22:55,UNABLE TO DETERMINE,NOT APPLICABLE,6122,N,LINCOLN AVE,1711,,,,,,,2,NO INDICATION OF INJURY,0,0,0,0,0,1,0,22,7,2,1,0,22,7,2
CLEAR,DAYLIGHT,PARKED MOTOR VEHICLE,PARKING LOT,,STRAIGHT AND LEVEL,UNKNOWN,UNKNOWN,NOT ON SCENE (DESK REPORT),NO INJURY / DRIVE AWAY,,,,"OVER $1,500",01/20/2025 17:30,FOLLOWING TOO CLOSELY,FOLLOWING TOO CLOSELY,1749,N,WELLS ST,1814,,,,,,,2,NO INDICATION OF INJURY,0,0,0,0,0,1,0,18,3,1,1,0,18,3,1
CLEAR,DAYLIGHT,REAR END,NOT DIVIDED,,STRAIGHT AND LEVEL,DRY,NO DEFECTS,ON SCENE,INJURY AND / OR TOW DUE TO CRASH,Y,,,"OVER $1,500",08/14/2024 10:20,FOLLOWING TOO CLOSELY,UNABLE TO DETERMINE,4051,S,KEDZIE AVE,921,,,,,,,2,NO INDICATION OF INJURY,0,0,0,0,0,2,0,10,4,8,2,0,10,4,8
CLEAR,"DARKNESS, LIGHTED ROAD",REAR END,DIVIDED - W/MEDIAN (NOT RAISED),,STRAIGHT AND LEVEL,DRY,NO DEFECTS,NOT ON SCENE (DESK REPORT),NO INJURY / DRIVE AWAY,,,Y,"OVER $1,500",08/14/2024 20:00,IMPROPER OVERTAKING/PASSING,NOT APPLICABLE,245,E,CHICAGO AVE,1833,,,,,,,3,NO INDICATION OF INJURY,0,0,0,0,0,3,0,18,4,8,3,0,18,4,8
CLOUDY/OVERCAST,DAYLIGHT,SIDESWIPE SAME DIRECTION,FOUR WAY,,STRAIGHT AND LEVEL,DRY,NO DEFECTS,ON SCENE,NO INJURY / DRIVE AWAY,,,,"OVER $1,500",01/07/2025 12:20,IMPROPER LANE USAGE,IMPROPER OVERTAKING/PASSING,10200,W,IRVING PARK RD,1654,,,,,,,2,NO INDICATION OF INJURY,0,0,0,0,0,3,0,12,3,1,3,0,12,3,1
CLEAR,"DARKNESS, LIGHTED ROAD",PARKED MOTOR VEHICLE,NOT DIVIDED,,STRAIGHT AND LEVEL,DRY,UNKNOWN,ON SCENE,INJURY AND / OR TOW DUE TO CRASH,,,Y,"OVER $1,500",08/14/2024 22:31,UNABLE TO DETERMINE,NOT APPLICABLE,12132,S,MICHIGAN AVE,532,,,,,,,7,NO INDICATION OF INJURY,0,0,0,0,0,1,0,22,4,8,1,0,22,4,8
CLEAR,UNKNOWN,TURNING,NOT DIVIDED,,STRAIGHT AND LEVEL,UNKNOWN,UNKNOWN,NOT ON SCENE (DESK REPORT),NO INJURY / DRIVE AWAY,,,,"OVER $1,500",08/30/2025 13:30,UNABLE TO DETERMINE,UNABLE TO DETERMINE,6092,N,CALDWELL AVE,1621,,,,,,,2,NO INDICATION OF INJURY,0,0,0,0,0,2,0,23,6,8,2,0,23,6,8
CLEAR,DAYLIGHT,REAR END,DIVIDED - W/MEDIAN BARRIER,,STRAIGHT AND LEVEL,DRY,NO DEFECTS,NOT ON SCENE (DESK REPORT),NO INJURY / DRIVE AWAY,,,,$500 OR LESS,05/23/2025 11:45,IMPROPER OVERTAKING/PASSING,IMPROPER OVERTAKING/PASSING,501,N,LAKE SHORE DR NB,1834,,,,,,,2,NO INDICATION OF INJURY,0,0,0,0,0,2,0,11,6,5,2,0,11,6,5
CLEAR,DAYLIGHT,TURNING,ONE-WAY,,STRAIGHT AND LEVEL,DRY,NO DEFECTS,NOT ON SCENE (DESK REPORT),NO INJURY / DRIVE AWAY,,,,"OVER $1,500",02/08/2025 18:43,FAILING TO REDUCE SPEED TO AVOID CRASH,NOT APPLICABLE,209,W,ONTARIO ST,1831,,,,,,,2,NO INDICATION OF INJURY,0,0,0,0,0,2,0,9,7,2,2,0,9,7,2
CLEAR,DAYLIGHT,SIDESWIPE SAME DIRECTION,FOUR WAY,,STRAIGHT AND LEVEL,ICE,NO DEFECTS,NOT ON SCENE (DESK REPORT),NO INJURY / DRIVE AWAY,Y,,Y,"OVER $1,500",01/14/2025 16:25,IMPROPER OVERTAKING/PASSING,NOT APPLICABLE,6200,S,ASHLAND AVE,714,,,,,,,2,NO INDICATION OF INJURY,0,0,0,0,0,3,0,15,3,1,3,0,15,3,1
CLEAR,DAYLIGHT,PARKED MOTOR VEHICLE,ONE-WAY,,STRAIGHT AND LEVEL,UNKNOWN,UNKNOWN,NOT ON SCENE (DESK REPORT),INJURY AND / OR TOW DUE TO CRASH,,,,"OVER $1,500",05/23/2025 18:05,"EVASIVE ACTION DUE TO ANIMAL, OBJECT, NONMOTORIST",NOT APPLICABLE,5433,S,HOMAN AVE,822,,,,,,,2,NO INDICATION OF INJURY,0,0,0,0,0,1,0,15,6,5,1,0,15,6,5
CLEAR,DAYLIGHT,REAR END,NOT DIVIDED,,STRAIGHT AND LEVEL,DRY,NO DEFECTS,NOT ON SCENE (DESK REPORT),NO INJURY / DRIVE AWAY,,,,"$501 - $1,500",01/07/2025 9:30,FOLLOWING TOO CLOSELY,FOLLOWING TOO CLOSELY,3301,W,DEVON AVE,1711,,,,,,,3,NO INDICATION OF INJURY,0,0,0,0,0,3,0,9,3,1,3,0,9,3,1
CLEAR,DAYLIGHT,TURNING,ONE-WAY,,STRAIGHT AND LEVEL,DRY,NO DEFECTS,ON SCENE,NO INJURY / DRIVE AWAY,Y,,Y,"OVER $1,500",08/14/2024 12:00,IMPROPER TURNING/NO SIGNAL,NOT APPLICABLE,645,W,18TH ST,1235,,,,,,,2,NO INDICATION OF INJURY,0,0,0,0,0,2,0,10,4,8,2,0,10,4,8
UNKNOWN,DAYLIGHT,SIDESWIPE SAME DIRECTION,DIVIDED - W/MEDIAN BARRIER,,STRAIGHT AND LEVEL,UNKNOWN,UNKNOWN,NOT ON SCENE (DESK REPORT),NO INJURY / DRIVE AWAY,,,,"$501 - $1,500",08/14/2024 13:00,UNABLE TO DETERMINE,NOT APPLICABLE,5940,N,RIDGE AVE,2012,,,,,,,2,NO INDICATION OF INJURY,0,0,0,0,0,2,0,12,4,8,2,0,12,4,8
CLEAR,DAYLIGHT,SIDESWIPE SAME DIRECTION,NOT DIVIDED,,STRAIGHT AND LEVEL,DRY,NO DEFECTS,NOT ON SCENE (DESK REPORT),NO INJURY / DRIVE AWAY,,,,"OVER $1,500",08/14/2024 19:35,UNABLE TO DETERMINE,NOT APPLICABLE,525,S,RACINE AVE,1232,,,,,,,2,NO INDICATION OF INJURY,0,0,0,0,0,2,0,18,4,8,2,0,18,4,8
CLEAR,DAYLIGHT,SIDESWIPE SAME DIRECTION,DIVIDED - W/MEDIAN (NOT RAISED),,STRAIGHT AND LEVEL,UNKNOWN,UNKNOWN,NOT ON SCENE (DESK REPORT),NO INJURY / DRIVE AWAY,,,Y,"OVER $1,500",05/23/2025 16:50,IMPROPER LANE USAGE,FAILING TO REDUCE SPEED TO AVOID CRASH,5725,N,SHERIDAN RD,2022,,,,,,,2,NO INDICATION OF INJURY,0,0,0,0,0,2,0,13,6,5,2,0,13,6,5
CLEAR,DAYLIGHT,SIDESWIPE SAME DIRECTION,DIVIDED - W/MEDIAN (NOT RAISED),,STRAIGHT AND LEVEL,DRY,WORN SURFACE,ON SCENE,NO INJURY / DRIVE AWAY,,,Y,"OVER $1,500",05/23/2025 17:37,IMPROPER OVERTAKING/PASSING,FAILING TO YIELD RIGHT-OF-WAY,902,N,ASHLAND AVE,1213,,,,,,,2,NO INDICATION OF INJURY,0,0,0,0,0,2,0,17,6,5,2,0,17,6,5
CLEAR,DARKNESS,ANGLE,ONE-WAY,,STRAIGHT AND LEVEL,DRY,NO DEFECTS,,INJURY AND / OR TOW DUE TO CRASH,Y,,Y,"OVER $1,500",12/17/2024 16:26,DISREGARDING TRAFFIC SIGNALS,UNABLE TO DETERMINE,7800,S,WINCHESTER AVE,611,,Y,,,,,2,INCAPACITATING INJURY,3,0,1,2,0,3,0,16,3,12,3,0,16,3,12
CLEAR,"DARKNESS, LIGHTED ROAD",TURNING,CENTER TURN LANE,,STRAIGHT AND LEVEL,DRY,NO DEFECTS,ON SCENE,NO INJURY / DRIVE AWAY,,,,"OVER $1,500",03/07/2025 19:16,FAILING TO REDUCE SPEED TO AVOID CRASH,FOLLOWING TOO CLOSELY,4700,S,CALIFORNIA AVE,922,,N,,,,,2,NO INDICATION OF INJURY,0,0,0,0,0,3,0,18,6,3,3,0,18,6,3
CLEAR,DAYLIGHT,TURNING,DIVIDED - W/MEDIAN (NOT RAISED),,STRAIGHT AND LEVEL,DRY,NO DEFECTS,ON SCENE,NO INJURY / DRIVE AWAY,Y,,,"OVER $1,500",01/07/2025 13:55,UNABLE TO DETERMINE,NOT APPLICABLE,700,S,DAMEN AVE,1225,,,,,,,2,NO INDICATION OF INJURY,0,0,0,0,0,2,0,13,3,1,2,0,13,3,1
CLEAR,DAYLIGHT,SIDESWIPE SAME DIRECTION,DIVIDED - W/MEDIAN (NOT RAISED),,STRAIGHT AND LEVEL,UNKNOWN,UNKNOWN,NOT ON SCENE (DESK REPORT),NO INJURY / DRIVE AWAY,,,,"OVER $1,500",01/08/2025 15:40,UNABLE TO DETERMINE,UNABLE TO DETERMINE,4835,W,NORTH AVE,2533,,,,,,,2,NO INDICATION OF INJURY,0,0,0,0,0,2,0,10,3,1,2,0,10,3,1
CLEAR,"DARKNESS, LIGHTED ROAD",ANGLE,FOUR WAY,,STRAIGHT AND LEVEL,OTHER,NO DEFECTS,,INJURY AND / OR TOW DUE TO CRASH,Y,,,"OVER $1,500",01/07/2025 19:07,FAILING TO REDUCE SPEED TO AVOID CRASH,NOT APPLICABLE,11100,S,COTTAGE GROVE AVE,531,,,,,,,2,NO INDICATION OF INJURY,0,0,0,0,0,6,0,19,3,1,6,0,19,3,1
CLEAR,DAYLIGHT,PARKED MOTOR VEHICLE,NOT DIVIDED,,STRAIGHT AND LEVEL,DRY,NO DEFECTS,ON SCENE,NO INJURY / DRIVE AWAY,,,,"$501 - $1,500",08/14/2024 12:03,FOLLOWING TOO CLOSELY,UNABLE TO DETERMINE,3210,W,LAWRENCE AVE,1713,,,,,,,2,NO INDICATION OF INJURY,0,0,0,0,0,1,0,12,4,8,1,0,12,4,8
CLEAR,DAYLIGHT,SIDESWIPE SAME DIRECTION,NOT DIVIDED,,STRAIGHT AND LEVEL,DRY,NO DEFECTS,,NO INJURY / DRIVE AWAY,,,,"OVER $1,500",08/24/2024 10:55,DRIVING SKILLS/KNOWLEDGE/EXPERIENCE,DRIVING SKILLS/KNOWLEDGE/EXPERIENCE,6318,W,RAVEN ST,1611,,,,,,,3,NO INDICATION OF INJURY,0,0,0,0,0,3,0,10,7,8,3,0,10,7,8
CLEAR,"DARKNESS, LIGHTED ROAD",SIDESWIPE SAME DIRECTION,ONE-WAY,,STRAIGHT AND LEVEL,DRY,NO DEFECTS,NOT ON SCENE (DESK REPORT),NO INJURY / DRIVE AWAY,,,,"OVER $1,500",08/14/2024 19:40,UNABLE TO DETERMINE,UNABLE TO DETERMINE,2143,W,WASHINGTON BLVD,1223,,,,,,,2,NO INDICATION OF INJURY,0,0,0,0,0,2,0,19,4,8,2,0,19,4,8
CLEAR,DAYLIGHT,ANGLE,NOT DIVIDED,,STRAIGHT AND LEVEL,DRY,NO DEFECTS,ON SCENE,INJURY AND / OR TOW DUE TO CRASH,,,,"OVER $1,500",03/08/2025 16:49,FAILING TO REDUCE SPEED TO AVOID CRASH,NOT APPLICABLE,198,W,MARQUETTE RD,722,,,,,,,2,NO INDICATION OF INJURY,0,0,0,0,0,5,0,16,7,3,5,0,16,7,3
RAIN,"DARKNESS, LIGHTED ROAD",ANGLE,DIVIDED - W/MEDIAN (NOT RAISED),,STRAIGHT AND LEVEL,WET,UNKNOWN,ON SCENE,NO INJURY / DRIVE AWAY,,,Y,"OVER $1,500",04/05/2025 1:44,FAILING TO YIELD RIGHT-OF-WAY,NOT APPLICABLE,833,W,VAN BUREN ST,1232,,,,,,,2,NO INDICATION OF INJURY,0,0,0,0,0,2,0,1,7,4,2,0,1,7,4
UNKNOWN,UNKNOWN,PARKED MOTOR VEHICLE,DIVIDED - W/MEDIAN (NOT RAISED),,STRAIGHT AND LEVEL,UNKNOWN,UNKNOWN,NOT ON SCENE (DESK REPORT),NO INJURY / DRIVE AWAY,,,Y,"$501 - $1,500",05/27/2025 15:50,UNABLE TO DETERMINE,NOT APPLICABLE,7640,N,SHERIDAN RD,2422,,,,,,,2,NO INDICATION OF INJURY,0,0,0,0,0,1,0,5,6,5,1,0,5,6,5
CLEAR,DAYLIGHT,PARKED MOTOR VEHICLE,ONE-WAY,,STRAIGHT AND LEVEL,DRY,NO DEFECTS,NOT ON SCENE (DESK REPORT),NO INJURY / DRIVE AWAY,,,,"$501 - $1,500",05/23/2025 17:45,FOLLOWING TOO CLOSELY,NOT APPLICABLE,5559,S,KILBOURN AVE,813,,,,,,,2,NO INDICATION OF INJURY,0,0,0,0,0,1,0,8,6,5,1,0,8,6,5
SNOW,DAYLIGHT,FIXED OBJECT,NOT DIVIDED,,STRAIGHT AND LEVEL,SNOW OR SLUSH,NO DEFECTS,ON SCENE,INJURY AND / OR TOW DUE TO CRASH,,,,"OVER $1,500",01/14/2025 9:28,NOT APPLICABLE,UNABLE TO DETERMINE,9000,S,SOUTH CHICAGO AVE,423,,,,,,,1,NO INDICATION OF INJURY,0,0,0,0,0,1,0,9,3,1,1,0,9,3,1
CLEAR,DAYLIGHT,REAR END,DIVIDED - W/MEDIAN (NOT RAISED),,STRAIGHT AND LEVEL,SNOW OR SLUSH,NO DEFECTS,NOT ON SCENE (DESK REPORT),NO INJURY / DRIVE AWAY,,,,"OVER $1,500",01/14/2025 11:00,UNABLE TO DETERMINE,NOT APPLICABLE,1155,N,KEDZIE AVE,1211,,,,,,,2,NO INDICATION OF INJURY,0,0,0,0,0,2,0,9,3,1,2,0,9,3,1
SNOW,DAYLIGHT,REAR TO SIDE,ONE-WAY,,STRAIGHT AND LEVEL,WET,NO DEFECTS,ON SCENE,NO INJURY / DRIVE AWAY,,,Y,"OVER $1,500",02/08/2025 17:02,IMPROPER BACKING,IMPROPER BACKING,4048,S,LAKE PARK AVE,214,,,,,,,2,NO INDICATION OF INJURY,0,0,0,0,0,2,0,17,7,2,2,0,17,7,2
CLEAR,DAYLIGHT,SIDESWIPE SAME DIRECTION,NOT DIVIDED,,STRAIGHT AND LEVEL,DRY,NO DEFECTS,ON SCENE,NO INJURY / DRIVE AWAY,,,,"OVER $1,500",05/23/2025 10:45,UNABLE TO DETERMINE,NOT APPLICABLE,1448,W,DIVERSEY PKWY,1932,,,,,,,2,NO INDICATION OF INJURY,0,0,0,0,0,1,0,10,6,5,1,0,10,6,5
RAIN,"DARKNESS, LIGHTED ROAD",ANGLE,UNKNOWN INTERSECTION TYPE,,STRAIGHT AND LEVEL,WET,NO DEFECTS,,INJURY AND / OR TOW DUE TO CRASH,,,Y,"OVER $1,500",01/12/2025 5:43,DISREGARDING TRAFFIC SIGNALS,NOT APPLICABLE,226,W,OHIO ST,1831,,,,,,,2,"REPORTED, NOT EVIDENT",2,0,0,0,2,1,0,5,1,1,1,0,5,1,1
SNOW,DAYLIGHT,TURNING,DIVIDED - W/MEDIAN (NOT RAISED),,STRAIGHT AND LEVEL,WET,NO DEFECTS,ON SCENE,INJURY AND / OR TOW DUE TO CRASH,Y,,,"OVER $1,500",02/08/2025 15:26,IMPROPER BACKING,IMPROPER BACKING,854,W,NORTH AVE,1813,,,,,,,2,NO INDICATION OF INJURY,0,0,0,0,0,3,0,15,7,2,3,0,15,7,2
CLEAR,DAYLIGHT,PEDESTRIAN,DIVIDED - W/MEDIAN (NOT RAISED),,STRAIGHT AND LEVEL,DRY,NO DEFECTS,ON SCENE,INJURY AND / OR TOW DUE TO CRASH,Y,,,$500 OR LESS,05/23/2025 17:30,FAILING TO YIELD RIGHT-OF-WAY,NOT APPLICABLE,2918,N,ASHLAND AVE,1931,,,,,,,2,INCAPACITATING INJURY,1,0,1,0,0,1,0,17,6,5,1,0,17,6,5
UNKNOWN,UNKNOWN,TURNING,NOT DIVIDED,,STRAIGHT AND LEVEL,UNKNOWN,UNKNOWN,NOT ON SCENE (DESK REPORT),NO INJURY / DRIVE AWAY,Y,,,$500 OR LESS,05/23/2025 15:25,UNABLE TO DETERMINE,UNABLE TO DETERMINE,5937,N,BROADWAY,2433,,,,,,,2,NO INDICATION OF INJURY,0,0,0,0,0,2,0,14,6,5,2,0,14,6,5