WEATHER_CONDITION,LIGHTING_CONDITION,FIRST_CRASH_TYPE,TRAFFICWAY_TYPE,LANE_CNT,ALIGNMENT,ROADWAY_SURFACE_COND,ROAD_DEFECT,REPORT_TYPE,CRASH_TYPE,INTERSECTION_RELATED_I,NOT_RIGHT_OF_WAY_I,HIT_AND_RUN_I,DAMAGE,DATE_POLICE_NOTIFIED,PRIM_CONTRIBUTORY_CAUSE,SEC_CONTRIBUTORY_CAUSE,STREET_NO,STREET_DIRECTION,STREET_NAME,BEAT_OF_OCCURRENCE,PHOTOS_TAKEN_I,STATEMENTS_TAKEN_I,DOORING_I,WORK_ZONE_I,WORK_ZONE_TYPE,WORKERS_PRESENT_I,NUM_UNITS,MOST_SEVERE_INJURY,INJURIES_TOTAL,INJURIES_FATAL,INJURIES_INCAPACITATING,INJURIES_NON_INCAPACITATING,INJURIES_REPORTED_NOT_EVIDENT,INJURIES_NO_INDICATION,INJURIES_UNKNOWN,CRASH_HOUR,CRASH_DAY_OF_WEEK,CRASH_MONTH,INJURIES_NO_INDICATION,INJURIES_UNKNOWN,CRASH_HOUR,CRASH_DAY_OF_WEEK,CRASH_MONTH
CLEAR,DAYLIGHT,TURNING,NOT DIVIDED,,STRAIGHT AND LEVEL,WET,NO DEFECTS,NOT ON SCENE (DESK REPORT),NO INJURY / DRIVE AWAY,,,,"OVER $1,500",01/14/2025 11:15,IMPROPER OVERTAKING/PASSING,NOT APPLICABLE,2000,W,JACKSON BLVD,1225,,,,,,,2,NO INDICATION OF INJURY,0,0,0,0,0,2,0,10,3,1,2,0,10,3,1
CLEAR,DAYLIGHT,PARKED MOTOR VEHICLE,NOT DIVIDED,,STRAIGHT AND LEVEL,UNKNOWN,UNKNOWN,,NO INJURY / DRIVE AWAY,,,Y,"OVER $1,500",01/14/2025 14:35,UNABLE TO DETERMINE,UNABLE TO DETERMINE,1151,N,MASSASOIT AVE,1511,,,,,,,2,NO INDICATION OF INJURY,0,0,0,0,0,1,0,12,3,1,1,0,12,3,1
CLEAR,DAYLIGHT,REAR END,NOT DIVIDED,,STRAIGHT AND LEVEL,WET,NO DEFECTS,ON SCENE,INJURY AND / OR TOW DUE TO CRASH,,,,"$501 - $1,500",01/14/2025 12:38,UNABLE TO DETERMINE,NOT APPLICABLE,2760,S,ASHLAND AVE,912,,,,,,,2,NONINCAPACITATING INJURY,1,0,0,1,0,2,0,12,3,1,2,0,12,3,1
SNOW,DAYLIGHT,REAR END,NOT DIVIDED,,STRAIGHT AND LEVEL,SNOW OR SLUSH,NO DEFECTS,ON SCENE,NO INJURY / DRIVE AWAY,,,,"OVER $1,500",01/14/2025 9:25,WEATHER,WEATHER,3201,W,ROOSEVELT RD,1022,,,,,,,2,NO INDICATION OF INJURY,0,0,0,0,0,4,0,9,3,1,4,0,9,3,1
UNKNOWN,DAYLIGHT,SIDESWIPE SAME DIRECTION,NOT DIVIDED,,STRAIGHT AND LEVEL,UNKNOWN,UNKNOWN,NOT ON SCENE (DESK REPORT),NO INJURY / DRIVE AWAY,,,,"OVER $1,500",01/16/2025 13:10,UNABLE TO DETERMINE,UNABLE TO DETERMINE,755,W,NORTH AVE,1822,,,,,,,2,NO INDICATION OF INJURY,0,0,0,0,0,2,0,14,3,1,2,0,14,3,1
CLEAR,DAYLIGHT,ANGLE,OTHER,,STRAIGHT AND LEVEL,DRY,NO DEFECTS,ON SCENE,NO INJURY / DRIVE AWAY,,,,"OVER $1,500",01/22/2025 14:20,UNABLE TO DETERMINE,NOT APPLICABLE,2,W,TERMINAL ST,1652,,,,,,,2,NO INDICATION OF INJURY,0,0,0,0,0,2,0,14,4,1,2,0,14,4,1
SNOW,DAYLIGHT,TURNING,FOUR WAY,,STRAIGHT AND LEVEL,SNOW OR SLUSH,NO DEFECTS,ON SCENE,INJURY AND / OR TOW DUE TO CRASH,,,Y,"OVER $1,500",01/14/2025 11:33,UNABLE TO DETERMINE,NOT APPLICABLE,2400,W,73RD ST,832,,,,,,,2,"REPORTED, NOT EVIDENT",1,0,0,0,1,1,0,10,3,1,1,0,10,3,1
CLEAR,DAYLIGHT,SIDESWIPE SAME DIRECTION,ONE-WAY,,STRAIGHT AND LEVEL,SNOW OR SLUSH,NO DEFECTS,ON SCENE,INJURY AND / OR TOW DUE TO CRASH,,,,"OVER $1,500",01/14/2025 10:00,FAILING TO YIELD RIGHT-OF-WAY,NOT APPLICABLE,6347,N,ROCKWELL ST,2413,,,,,,,2,NO INDICATION OF INJURY,0,0,0,0,0,2,0,9,3,1,2,0,9,3,1
CLEAR,DAYLIGHT,TURNING,FOUR WAY,,STRAIGHT AND LEVEL,ICE,NO DEFECTS,NOT ON SCENE (DESK REPORT),NO INJURY / DRIVE AWAY,Y,,Y,"OVER $1,500",01/14/2025 14:45,IMPROPER TURNING/NO SIGNAL,NOT APPLICABLE,7900,S,WESTERN AVE,835,,,,,,,2,NO INDICATION OF INJURY,0,0,0,0,0,2,0,14,3,1,2,0,14,3,1
UNKNOWN,"DARKNESS, LIGHTED ROAD",SIDESWIPE SAME DIRECTION,FOUR WAY,,STRAIGHT AND LEVEL,UNKNOWN,UNKNOWN,NOT ON SCENE (DESK REPORT),NO INJURY / DRIVE AWAY,Y,,Y,"OVER $1,500",01/15/2025 10:30,"OPERATING VEHICLE IN ERRATIC, RECKLESS, CARELESS, NEGLIGENT OR AGGRESSIVE MANNER",UNABLE TO DETERMINE,1600,W,95TH ST,2221,,,,,,,2,NO INDICATION OF INJURY,0,0,0,0,0,2,0,20,3,1,2,0,20,3,1
SNOW,DAYLIGHT,ANGLE,DIVIDED - W/MEDIAN BARRIER,,STRAIGHT AND LEVEL,SNOW OR SLUSH,NO DEFECTS,ON SCENE,INJURY AND / OR TOW DUE TO CRASH,,,,"OVER $1,500",01/14/2025 9:17,WEATHER,NOT APPLICABLE,373,W,26TH ST,914,,,,,,,2,NO INDICATION OF INJURY,0,0,0,0,0,2,0,9,3,1,2,0,9,3,1
CLEAR,DAYLIGHT,REAR END,CENTER TURN LANE,,STRAIGHT AND LEVEL,SNOW OR SLUSH,NO DEFECTS,ON SCENE,NO INJURY / DRIVE AWAY,,,,$500 OR LESS,01/14/2025 16:08,FOLLOWING TOO CLOSELY,NOT APPLICABLE,59,E,CHICAGO AVE,1833,,,,,,,2,NO INDICATION OF INJURY,0,0,0,0,0,2,0,16,3,1,2,0,16,3,1
CLEAR,DARKNESS,TURNING,FOUR WAY,,STRAIGHT AND LEVEL,UNKNOWN,UNKNOWN,ON SCENE,NO INJURY / DRIVE AWAY,Y,,,"OVER $1,500",01/14/2025 21:26,FAILING TO YIELD RIGHT-OF-WAY,NOT APPLICABLE,401,N,LARAMIE AVE,1532,,,,,,,2,NO INDICATION OF INJURY,0,0,0,0,0,3,0,21,3,1,3,0,21,3,1
CLEAR,DAYLIGHT,ANGLE,ONE-WAY,,STRAIGHT AND LEVEL,DRY,NO DEFECTS,NOT ON SCENE (DESK REPORT),NO INJURY / DRIVE AWAY,,,,"OVER $1,500",08/28/2024 16:10,IMPROPER LANE USAGE,NOT APPLICABLE,106,N,CLARK ST,122,,,,,,,2,NO INDICATION OF INJURY,0,0,0,0,0,2,0,16,3,8,2,0,16,3,8
CLEAR,DARKNESS,OTHER OBJECT,NOT DIVIDED,,STRAIGHT AND LEVEL,DRY,NO DEFECTS,ON SCENE,INJURY AND / OR TOW DUE TO CRASH,,,,$500 OR LESS,09/14/2017 19:10,UNABLE TO DETERMINE,NOT APPLICABLE,1259,N,MILWAUKEE AVE,1433,,,,,,,1,INCAPACITATING INJURY,1,0,1,0,0,0,0,19,5,9,0,0,19,5,9
CLEAR,"DARKNESS, LIGHTED ROAD",SIDESWIPE SAME DIRECTION,NOT DIVIDED,,STRAIGHT AND LEVEL,DRY,WORN SURFACE,ON SCENE,INJURY AND / OR TOW DUE TO CRASH,,,Y,"OVER $1,500",05/10/2021 1:00,UNABLE TO DETERMINE,NOT APPLICABLE,13000,S,INDIANA AVE,533,,,,,,,2,NO INDICATION OF INJURY,0,0,0,0,0,2,0,0,2,5,2,0,0,2,5
CLEAR,DAYLIGHT,PEDESTRIAN,FOUR WAY,,STRAIGHT AND LEVEL,DRY,NO DEFECTS,ON SCENE,INJURY AND / OR TOW DUE TO CRASH,Y,,,"$501 - $1,500",04/23/2022 12:01,UNABLE TO DETERMINE,UNABLE TO DETERMINE,2358,N,CENTRAL AVE,2515,,,,,,,2,INCAPACITATING INJURY,2,0,1,1,0,1,0,12,7,4,1,0,12,7,4
CLOUDY/OVERCAST,"DARKNESS, LIGHTED ROAD",SIDESWIPE OPPOSITE DIRECTION,NOT DIVIDED,,STRAIGHT AND LEVEL,WET,NO DEFECTS,ON SCENE,INJURY AND / OR TOW DUE TO CRASH,N,,Y,"OVER $1,500",12/23/2019 4:59,UNABLE TO DETERMINE,NOT APPLICABLE,6705,S,SOUTH SHORE DR,334,,,,,,,3,NO INDICATION OF INJURY,0,0,0,0,0,3,0,4,2,12,3,0,4,2,12
CLEAR,DUSK,ANGLE,FOUR WAY,,STRAIGHT AND LEVEL,DRY,NO DEFECTS,NOT ON SCENE (DESK REPORT),NO INJURY / DRIVE AWAY,Y,,,"OVER $1,500",04/28/2021 15:00,FAILING TO YIELD RIGHT-OF-WAY,NOT APPLICABLE,6600,W,DIVERSEY AVE,2511,,,,,,,2,NO INDICATION OF INJURY,0,0,0,0,0,2,0,18,3,4,2,0,18,3,4
CLEAR,"DARKNESS, LIGHTED ROAD",TURNING,ONE-WAY,2,STRAIGHT AND LEVEL,DRY,NO DEFECTS,NOT ON SCENE (DESK REPORT),NO INJURY / DRIVE AWAY,,,,"OVER $1,500",04/10/2019 11:30,UNABLE TO DETERMINE,UNABLE TO DETERMINE,11248,S,MARSHFIELD AVE,2234,,,,,,,2,NO INDICATION OF INJURY,0,0,0,0,0,3,0,6,2,4,3,0,6,2,4
CLEAR,DAWN,PARKED MOTOR VEHICLE,OTHER,,STRAIGHT AND LEVEL,DRY,NO DEFECTS,ON SCENE,NO INJURY / DRIVE AWAY,,,,"OVER $1,500",06/07/2025 17:39,RELATED TO BUS STOP,NOT APPLICABLE,7026,W,GRAND AVE,2512,,,,,,,2,NO INDICATION OF INJURY,0,0,0,0,0,1,0,17,7,6,1,0,17,7,6
CLEAR,"DARKNESS, LIGHTED ROAD",SIDESWIPE SAME DIRECTION,OTHER,,STRAIGHT AND LEVEL,UNKNOWN,UNKNOWN,ON SCENE,NO INJURY / DRIVE AWAY,,,,"$501 - $1,500",06/07/2025 5:00,FAILING TO YIELD RIGHT-OF-WAY,UNABLE TO DETERMINE,5,W,TERMINAL ST,1655,,,,,,,2,NO INDICATION OF INJURY,0,0,0,0,0,3,0,5,7,6,3,0,5,7,6
CLEAR,"DARKNESS, LIGHTED ROAD",PARKED MOTOR VEHICLE,NOT DIVIDED,,STRAIGHT AND LEVEL,DRY,NO DEFECTS,ON SCENE,INJURY AND / OR TOW DUE TO CRASH,,,N,"OVER $1,500",03/21/2023 4:08,UNABLE TO DETERMINE,UNABLE TO DETERMINE,3642,W,59TH ST,822,,,,,,,2,NO INDICATION OF INJURY,0,0,0,0,0,1,0,4,3,3,1,0,4,3,3
UNKNOWN,UNKNOWN,PARKED MOTOR VEHICLE,ONE-WAY,,STRAIGHT AND LEVEL,SNOW OR SLUSH,NO DEFECTS,ON SCENE,NO INJURY / DRIVE AWAY,,,Y,"OVER $1,500",02/15/2020 7:40,UNABLE TO DETERMINE,UNABLE TO DETERMINE,233,N,LEAMINGTON AVE,1532,,,,,,,2,NO INDICATION OF INJURY,0,0,0,0,0,1,0,1,7,2,1,0,1,7,2
RAIN,"DARKNESS, LIGHTED ROAD",PEDESTRIAN,FOUR WAY,,STRAIGHT AND LEVEL,WET,NO DEFECTS,ON SCENE,INJURY AND / OR TOW DUE TO CRASH,Y,,Y,"OVER $1,500",11/25/2021 2:40,DISREGARDING STOP SIGN,UNABLE TO DETERMINE,820,N,ORLEANS ST,1823,,,,,,,2,NONINCAPACITATING INJURY,1,0,0,1,0,1,0,1,5,11,1,0,1,5,11
CLEAR,DAYLIGHT,PARKED MOTOR VEHICLE,ALLEY,,STRAIGHT AND LEVEL,DRY,NO DEFECTS,ON SCENE,NO INJURY / DRIVE AWAY,,Y,,"OVER $1,500",09/12/2019 18:16,EQUIPMENT - VEHICLE CONDITION,UNABLE TO DETERMINE,4736,S,LAVERGNE AVE,814,,,,,,,2,NO INDICATION OF INJURY,0,0,0,0,0,1,0,17,5,9,1,0,17,5,9
CLEAR,DUSK,REAR END,NOT DIVIDED,,STRAIGHT AND LEVEL,DRY,NO DEFECTS,ON SCENE,INJURY AND / OR TOW DUE TO CRASH,Y,,,"OVER $1,500",10/15/2021 18:04,UNABLE TO DETERMINE,NOT APPLICABLE,4500,S,HALSTED ST,925,,,,,,,2,NO INDICATION OF INJURY,0,0,0,0,0,2,0,17,6,10,2,0,17,6,10
CLEAR,"DARKNESS, LIGHTED ROAD",FIXED OBJECT,PARKING LOT,,STRAIGHT AND LEVEL,DRY,NO DEFECTS,ON SCENE,NO INJURY / DRIVE AWAY,,Y,,"OVER $1,500",06/29/2024 12:55,UNABLE TO DETERMINE,NOT APPLICABLE,1935,S,WABASH AVE,131,,,,,,,1,NO INDICATION OF INJURY,0,0,0,0,0,1,0,12,7,6,1,0,12,7,6
CLOUDY/OVERCAST,DAYLIGHT,PARKED MOTOR VEHICLE,ONE-WAY,,STRAIGHT AND LEVEL,DRY,NO DEFECTS,ON SCENE,NO INJURY / DRIVE AWAY,,,Y,"OVER $1,500",04/19/2025 9:43,UNABLE TO DETERMINE,NOT APPLICABLE,3134,N,LAWNDALE AVE,2523,,,,,,,3,NO INDICATION OF INJURY,0,0,0,0,0,1,0,9,7,4,1,0,9,7,4
CLEAR,"DARKNESS, LIGHTED ROAD",SIDESWIPE SAME DIRECTION,DIVIDED - W/MEDIAN BARRIER,,STRAIGHT AND LEVEL,WET,NO DEFECTS,ON SCENE,NO INJURY / DRIVE AWAY,,,,"$501 - $1,500",07/14/2023 0:15,NOT APPLICABLE,NOT APPLICABLE,162,N,BESSIE COLEMAN DR,1654,,,,,,,2,NO INDICATION OF INJURY,0,0,0,0,0,2,0,0,6,7,2,0,0,6,7
CLEAR,DAYLIGHT,SIDESWIPE OPPOSITE DIRECTION,NOT DIVIDED,,STRAIGHT AND LEVEL,DRY,NO DEFECTS,NOT ON SCENE (DESK REPORT),INJURY AND / OR TOW DUE TO CRASH,,,,"OVER $1,500",07/30/2023 19:25,IMPROPER LANE USAGE,FAILING TO REDUCE SPEED TO AVOID CRASH,3436,W,HURON ST,1121,,,,,,,3,NO INDICATION OF INJURY,0,0,0,0,0,2,0,18,1,7,2,0,18,1,7
CLEAR,"DARKNESS, LIGHTED ROAD",PEDALCYCLIST,NOT DIVIDED,2,STRAIGHT AND LEVEL,DRY,NO DEFECTS,NOT ON SCENE (DESK REPORT),INJURY AND / OR TOW DUE TO CRASH,,,Y,$500 OR LESS,03/26/2018 21:00,IMPROPER LANE USAGE,DISREGARDING YIELD SIGN,606,N,WELLS ST,1831,,,,,,,2,"REPORTED, NOT EVIDENT",1,0,0,0,1,1,0,0,1,3,1,0,0,1,3
CLEAR,"DARKNESS, LIGHTED ROAD",TURNING,FOUR WAY,,STRAIGHT AND LEVEL,DRY,NO DEFECTS,ON SCENE,NO INJURY / DRIVE AWAY,Y,,Y,"$501 - $1,500",11/20/2024 2:01,FAILING TO YIELD RIGHT-OF-WAY,FAILING TO YIELD RIGHT-OF-WAY,1298,W,69TH ST,724,,,,,,,2,NO INDICATION OF INJURY,0,0,0,0,0,2,0,2,4,11,2,0,2,4,11
CLEAR,DAYLIGHT,PARKED MOTOR VEHICLE,PARKING LOT,,STRAIGHT AND LEVEL,UNKNOWN,UNKNOWN,NOT ON SCENE (DESK REPORT),NO INJURY / DRIVE AWAY,,Y,Y,"OVER $1,500",11/19/2024 13:55,DRIVING SKILLS/KNOWLEDGE/EXPERIENCE,NOT APPLICABLE,4555,S,WESTERN AVE,922,,,,,,,2,NO INDICATION OF INJURY,0,0,0,0,0,1,0,13,3,11,1,0,13,3,11
CLEAR,DAYLIGHT,REAR END,DIVIDED - W/MEDIAN BARRIER,,STRAIGHT AND LEVEL,DRY,UNKNOWN,NOT ON SCENE (DESK REPORT),NO INJURY / DRIVE AWAY,,,,"OVER $1,500",11/19/2024 8:30,FOLLOWING TOO CLOSELY,NOT APPLICABLE,1717,S,STATE ST,131,,,,,,,4,NO INDICATION OF INJURY,0,0,0,0,0,5,0,7,3,11,5,0,7,3,11
RAIN,"DARKNESS, LIGHTED ROAD",TURNING,UNKNOWN,,STRAIGHT AND LEVEL,WET,UNKNOWN,ON SCENE,NO INJURY / DRIVE AWAY,,,Y,"OVER $1,500",11/19/2024 1:41,NOT APPLICABLE,NOT APPLICABLE,5399,S,ARCHER AVE,815,,,,,,,2,NO INDICATION OF INJURY,0,0,0,0,0,3,0,1,3,11,3,0,1,3,11
CLEAR,DAYLIGHT,PEDESTRIAN,NOT DIVIDED,,STRAIGHT AND LEVEL,DRY,NO DEFECTS,NOT ON SCENE (DESK REPORT),NO INJURY / DRIVE AWAY,,,,"OVER $1,500",11/18/2024 17:20,UNABLE TO DETERMINE,NOT APPLICABLE,4300,S,CICERO AVE,814,,,,,,,2,NO INDICATION OF INJURY,0,0,0,0,0,2,0,17,1,11,2,0,17,1,11
CLOUDY/OVERCAST,DAYLIGHT,PARKED MOTOR VEHICLE,PARKING LOT,,STRAIGHT AND LEVEL,UNKNOWN,UNKNOWN,NOT ON SCENE (DESK REPORT),NO INJURY / DRIVE AWAY,,,,"OVER $1,500",11/19/2024 11:30,IMPROPER BACKING,IMPROPER BACKING,800,N,MICHIGAN AVE,1833,,,,,,,2,NO INDICATION OF INJURY,0,0,0,0,0,1,0,7,3,11,1,0,7,3,11
CLEAR,"DARKNESS, LIGHTED ROAD",REAR END,NOT DIVIDED,,STRAIGHT AND LEVEL,DRY,NO DEFECTS,ON SCENE,INJURY AND / OR TOW DUE TO CRASH,Y,,,"OVER $1,500",11/20/2024 3:35,FAILING TO REDUCE SPEED TO AVOID CRASH,NOT APPLICABLE,254,W,43RD ST,925,,,,,,,2,INCAPACITATING INJURY,1,0,1,0,0,1,0,3,4,11,1,0,3,4,11
RAIN,DAYLIGHT,TURNING,FOUR WAY,,STRAIGHT AND LEVEL,WET,NO DEFECTS,NOT ON SCENE (DESK REPORT),NO INJURY / DRIVE AWAY,Y,,,"$501 - $1,500",11/19/2024 9:30,UNABLE TO DETERMINE,NOT APPLICABLE,600,S,PAULINA ST,1231,,,,,,,2,NO INDICATION OF INJURY,0,0,0,0,0,2,0,17,2,11,2,0,17,2,11
RAIN,"DARKNESS, LIGHTED ROAD",FIXED OBJECT,PARKING LOT,,STRAIGHT AND LEVEL,WET,NO DEFECTS,NOT ON SCENE (DESK REPORT),INJURY AND / OR TOW DUE TO CRASH,,Y,,"OVER $1,500",11/19/2024 3:46,UNABLE TO DETERMINE,UNABLE TO DETERMINE,210,W,69TH ST,722,,,,,,,1,NONINCAPACITATING INJURY,1,0,0,1,0,0,0,3,3,11,0,0,3,3,11
CLEAR,DARKNESS,PARKED MOTOR VEHICLE,PARKING LOT,,STRAIGHT AND LEVEL,DRY,UNKNOWN,NOT ON SCENE (DESK REPORT),NO INJURY / DRIVE AWAY,,,Y,"$501 - $1,500",11/19/2024 13:30,UNABLE TO DETERMINE,UNABLE TO DETERMINE,7030,S,ASHLAND AVE,735,,,,,,,2,NO INDICATION OF INJURY,0,0,0,0,0,1,0,20,7,11,1,0,20,7,11
CLEAR,"DARKNESS, LIGHTED ROAD",ANGLE,"FIVE POINT, OR MORE",,STRAIGHT AND LEVEL,DRY,NO DEFECTS,ON SCENE,INJURY AND / OR TOW DUE TO CRASH,Y,,,"OVER $1,500",11/17/2024 21:55,DISREGARDING STOP SIGN,FAILING TO REDUCE SPEED TO AVOID CRASH,9300,S,ESCANABA AVE,423,,,,,,,2,INCAPACITATING INJURY,2,0,1,0,1,1,0,21,1,11,1,0,21,1,11
RAIN,DAWN,FIXED OBJECT,DIVIDED - W/MEDIAN BARRIER,,STRAIGHT AND LEVEL,WET,WORN SURFACE,ON SCENE,NO INJURY / DRIVE AWAY,,,,$500 OR LESS,11/19/2024 6:32,"EVASIVE ACTION DUE TO ANIMAL, OBJECT, NONMOTORIST",UNABLE TO DETERMINE,7713,S,STONY ISLAND AVE,411,Y,Y,,,,,1,NO INDICATION OF INJURY,0,0,0,0,0,1,0,6,3,11,1,0,6,3,11
CLEAR,"DARKNESS, LIGHTED ROAD",TURNING,PARKING LOT,,STRAIGHT AND LEVEL,DRY,NO DEFECTS,ON SCENE,NO INJURY / DRIVE AWAY,,Y,,"OVER $1,500",11/15/2024 20:22,FAILING TO YIELD RIGHT-OF-WAY,NOT APPLICABLE,3570,N,ELSTON AVE,1733,,,,,,,2,NO INDICATION OF INJURY,0,0,0,0,0,3,0,19,6,11,3,0,19,6,11
CLEAR,UNKNOWN,TURNING,NOT DIVIDED,,STRAIGHT AND LEVEL,UNKNOWN,UNKNOWN,NOT ON SCENE (DESK REPORT),INJURY AND / OR TOW DUE TO CRASH,,,,"OVER $1,500",11/19/2024 15:15,FAILING TO YIELD RIGHT-OF-WAY,NOT APPLICABLE,3700,W,47TH ST,821,,,,,,,2,NONINCAPACITATING INJURY,1,0,0,1,0,1,0,14,3,11,1,0,14,3,11
CLEAR,"DARKNESS, LIGHTED ROAD",PARKED MOTOR VEHICLE,NOT DIVIDED,,STRAIGHT AND LEVEL,DRY,NO DEFECTS,ON SCENE,INJURY AND / OR TOW DUE TO CRASH,,,Y,"OVER $1,500",11/19/2024 21:35,UNABLE TO DETERMINE,UNABLE TO DETERMINE,1226,W,117TH ST,524,,,,,,,3,NO INDICATION OF INJURY,0,0,0,0,0,4,0,20,3,11,4,0,20,3,11
CLEAR,DAYLIGHT,TURNING,DIVIDED - W/MEDIAN (NOT RAISED),,STRAIGHT AND LEVEL,DRY,NO DEFECTS,NOT ON SCENE (DESK REPORT),NO INJURY / DRIVE AWAY,Y,,,"OVER $1,500",11/18/2024 10:17,UNABLE TO DETERMINE,NOT APPLICABLE,800,E,76TH ST,624,,,,,,,2,NO INDICATION OF INJURY,0,0,0,0,0,2,0,14,7,11,2,0,14,7,11
CLEAR,DAYLIGHT,ANGLE,ONE-WAY,,STRAIGHT AND LEVEL,DRY,NO DEFECTS,ON SCENE,INJURY AND / OR TOW DUE TO CRASH,,,,"OVER $1,500",11/19/2024 10:07,FAILING TO YIELD RIGHT-OF-WAY,FAILING TO REDUCE SPEED TO AVOID CRASH,966,W,CUYLER AVE,1915,,,,,,,2,NO INDICATION OF INJURY,0,0,0,0,0,2,0,10,3,11,2,0,10,3,11
CLEAR,DAWN,ANGLE,FOUR WAY,,STRAIGHT AND LEVEL,WET,NO DEFECTS,NOT ON SCENE (DESK REPORT),NO INJURY / DRIVE AWAY,Y,,,"OVER $1,500",11/19/2024 5:53,FAILING TO YIELD RIGHT-OF-WAY,FAILING TO REDUCE SPEED TO AVOID CRASH,10800,S,AVENUE O,432,,,,,,,2,NO INDICATION OF INJURY,0,0,0,0,0,2,0,5,3,11,2,0,5,3,11
CLEAR,DAYLIGHT,REAR END,DIVIDED - W/MEDIAN (NOT RAISED),,STRAIGHT AND LEVEL,DRY,NO DEFECTS,NOT ON SCENE (DESK REPORT),INJURY AND / OR TOW DUE TO CRASH,,,,"OVER $1,500",11/19/2024 19:00,UNABLE TO DETERMINE,UNABLE TO DETERMINE,327,N,ASHLAND AVE,1215,,,,,,,2,NO INDICATION OF INJURY,0,0,0,0,0,2,0,17,3,11,2,0,17,3,11
RAIN,DAYLIGHT,TURNING,NOT DIVIDED,,STRAIGHT AND LEVEL,WET,NO DEFECTS,ON SCENE,INJURY AND / OR TOW DUE TO CRASH,,,,"OVER $1,500",11/18/2024 13:09,FAILING TO YIELD RIGHT-OF-WAY,NOT APPLICABLE,1508,S,BLUE ISLAND AVE,1233,,,,,,,2,NONINCAPACITATING INJURY,1,0,0,1,0,1,0,13,2,11,1,0,13,2,11
CLEAR,DUSK,SIDESWIPE SAME DIRECTION,NOT DIVIDED,,STRAIGHT AND LEVEL,DRY,NO DEFECTS,ON SCENE,NO INJURY / DRIVE AWAY,,,Y,"$501 - $1,500",11/19/2024 16:22,IMPROPER OVERTAKING/PASSING,IMPROPER OVERTAKING/PASSING,6338,N,SHERIDAN RD,2433,,,,,,,2,NO INDICATION OF INJURY,0,0,0,0,0,2,0,15,3,11,2,0,15,3,11
CLEAR,DAYLIGHT,TURNING,NOT DIVIDED,,STRAIGHT AND LEVEL,DRY,NO DEFECTS,ON SCENE,INJURY AND / OR TOW DUE TO CRASH,,,,"OVER $1,500",11/19/2024 16:38,IMPROPER TURNING/NO SIGNAL,NOT APPLICABLE,6911,S,ASHLAND AVE,734,,,,,,,2,NO INDICATION OF INJURY,0,0,0,0,0,3,0,16,3,11,3,0,16,3,11
CLEAR,DAYLIGHT,REAR END,NOT DIVIDED,,STRAIGHT AND LEVEL,DRY,NO DEFECTS,NOT ON SCENE (DESK REPORT),NO INJURY / DRIVE AWAY,,,,$500 OR LESS,11/19/2024 8:35,UNABLE TO DETERMINE,NOT APPLICABLE,4113,W,AUGUSTA BLVD,1111,,,,,,,2,NO INDICATION OF INJURY,0,0,0,0,0,2,0,8,3,11,2,0,8,3,11
CLOUDY/OVERCAST,DAYLIGHT,FIXED OBJECT,DIVIDED - W/MEDIAN BARRIER,,STRAIGHT AND LEVEL,WET,NO DEFECTS,ON SCENE,INJURY AND / OR TOW DUE TO CRASH,,,,"OVER $1,500",11/19/2024 7:14,WEATHER,NOT APPLICABLE,2457,W,31ST BLVD,1034,,,,,,,1,NO INDICATION OF INJURY,0,0,0,0,0,1,0,7,3,11,1,0,7,3,11
CLEAR,DAYLIGHT,SIDESWIPE SAME DIRECTION,NOT DIVIDED,,STRAIGHT AND LEVEL,DRY,NO DEFECTS,NOT ON SCENE (DESK REPORT),NO INJURY / DRIVE AWAY,,,Y,"OVER $1,500",11/19/2024 16:29,IMPROPER OVERTAKING/PASSING,NOT APPLICABLE,5733,S,KEDZIE AVE,824,,,,,,,2,NO INDICATION OF INJURY,0,0,0,0,0,2,0,15,3,11,2,0,15,3,11
CLEAR,"DARKNESS, LIGHTED ROAD",REAR END,NOT DIVIDED,,STRAIGHT AND LEVEL,DRY,NO DEFECTS,ON SCENE,NO INJURY / DRIVE AWAY,,,Y,"OVER $1,500",11/19/2024 17:50,DRIVING SKILLS/KNOWLEDGE/EXPERIENCE,NOT APPLICABLE,436,E,PERSHING RD,212,,,,,,,2,NO INDICATION OF INJURY,0,0,0,0,0,3,0,17,3,11,3,0,17,3,11
CLEAR,DAYLIGHT,REAR END,NOT DIVIDED,,STRAIGHT AND LEVEL,DRY,NO DEFECTS,NOT ON SCENE (DESK REPORT),NO INJURY / DRIVE AWAY,,,Y,"OVER $1,500",03/16/2021 15:45,FOLLOWING TOO CLOSELY,UNABLE TO DETERMINE,3402,W,MADISON ST,1123,,,,,,,2,NO INDICATION OF INJURY,0,0,0,0,0,2,0,11,2,3,2,0,11,2,3
CLEAR,DAWN,TURNING,FOUR WAY,,STRAIGHT AND LEVEL,DRY,NO DEFECTS,ON SCENE,INJURY AND / OR TOW DUE TO CRASH,Y,,,"OVER $1,500",11/19/2024 14:47,IMPROPER TURNING/NO SIGNAL,FAILING TO YIELD RIGHT-OF-WAY,3800,N,ORIOLE AVE,1631,,,,,,,2,"REPORTED, NOT EVIDENT",2,0,0,0,2,2,0,14,3,11,2,0,14,3,11