WEATHER_CONDITION,LIGHTING_CONDITION,FIRST_CRASH_TYPE,TRAFFICWAY_TYPE,LANE_CNT,ALIGNMENT,ROADWAY_SURFACE_COND,ROAD_DEFECT,REPORT_TYPE,CRASH_TYPE,INTERSECTION_RELATED_I,NOT_RIGHT_OF_WAY_I,HIT_AND_RUN_I,DAMAGE,DATE_POLICE_NOTIFIED,PRIM_CONTRIBUTORY_CAUSE,SEC_CONTRIBUTORY_CAUSE,STREET_NO,STREET_DIRECTION,STREET_NAME,BEAT_OF_OCCURRENCE,PHOTOS_TAKEN_I,STATEMENTS_TAKEN_I,DOORING_I,WORK_ZONE_I,WORK_ZONE_TYPE,WORKERS_PRESENT_I,NUM_UNITS,MOST_SEVERE_INJURY,INJURIES_TOTAL,INJURIES_FATAL,INJURIES_INCAPACITATING,INJURIES_NON_INCAPACITATING,INJURIES_REPORTED_NOT_EVIDENT,INJURIES_NO_INDICATION,INJURIES_UNKNOWN,CRASH_HOUR,CRASH_DAY_OF_WEEK,CRASH_MONTH,INJURIES_NO_INDICATION,INJURIES_UNKNOWN,CRASH_HOUR,CRASH_DAY_OF_WEEK,CRASH_MONTH
UNKNOWN,UNKNOWN,PARKED MOTOR VEHICLE,PARKING LOT,,STRAIGHT AND LEVEL,UNKNOWN,UNKNOWN,NOT ON SCENE (DESK REPORT),NO INJURY / DRIVE AWAY,,Y,,"OVER $1,500",11/19/2024 12:05,UNABLE TO DETERMINE,UNABLE TO DETERMINE,6458,N,RIDGE BLVD,2412,,,,,,,2,NO INDICATION OF INJURY,0,0,0,0,0,1,0,18,2,11,1,0,18,2,11
RAIN,DAYLIGHT,ANGLE,NOT DIVIDED,,STRAIGHT AND LEVEL,WET,UNKNOWN,NOT ON SCENE (DESK REPORT),NO INJURY / DRIVE AWAY,,,,"OVER $1,500",11/19/2024 14:00,FAILING TO YIELD RIGHT-OF-WAY,NOT APPLICABLE,5900,S,NARRAGANSETT AVE,811,,,,,,,2,NO INDICATION OF INJURY,0,0,0,0,0,4,0,14,3,11,4,0,14,3,11
CLEAR,DAYLIGHT,REAR END,NOT DIVIDED,,STRAIGHT AND LEVEL,DRY,NO DEFECTS,ON SCENE,NO INJURY / DRIVE AWAY,,,,"OVER $1,500",11/17/2024 13:04,FOLLOWING TOO CLOSELY,FOLLOWING TOO CLOSELY,3717,S,ARCHER AVE,911,,,,,,,2,NO INDICATION OF INJURY,0,0,0,0,0,2,0,12,1,11,2,0,12,1,11
CLEAR,DAYLIGHT,REAR END,DIVIDED - W/MEDIAN (NOT RAISED),,STRAIGHT AND LEVEL,DRY,NO DEFECTS,NOT ON SCENE (DESK REPORT),NO INJURY / DRIVE AWAY,,,Y,$500 OR LESS,07/30/2023 16:10,NOT APPLICABLE,NOT APPLICABLE,13000,S,STONY ISLAND AVE,434,,,,,,,2,NO INDICATION OF INJURY,0,0,0,0,0,2,0,15,1,7,2,0,15,1,7
UNKNOWN,UNKNOWN,PARKED MOTOR VEHICLE,PARKING LOT,,STRAIGHT AND LEVEL,UNKNOWN,UNKNOWN,NOT ON SCENE (DESK REPORT),NO INJURY / DRIVE AWAY,,,Y,"OVER $1,500",11/19/2024 9:00,UNABLE TO DETERMINE,NOT APPLICABLE,538,W,OHARE ST,1654,,,,,,,2,NO INDICATION OF INJURY,0,0,0,0,0,1,0,0,3,11,1,0,0,3,11
CLEAR,"DARKNESS, LIGHTED ROAD",ANGLE,FOUR WAY,,STRAIGHT AND LEVEL,DRY,NO DEFECTS,NOT ON SCENE (DESK REPORT),NO INJURY / DRIVE AWAY,,,,"OVER $1,500",11/16/2024 10:15,UNABLE TO DETERMINE,UNABLE TO DETERMINE,5400,S,HYDE PARK BLVD,234,,,,,,,2,NO INDICATION OF INJURY,0,0,0,0,0,4,0,17,6,11,4,0,17,6,11
CLEAR,DAYLIGHT,ANGLE,ONE-WAY,,STRAIGHT AND LEVEL,DRY,NO DEFECTS,NOT ON SCENE (DESK REPORT),NO INJURY / DRIVE AWAY,,,,"OVER $1,500",11/19/2024 16:40,FAILING TO YIELD RIGHT-OF-WAY,UNABLE TO DETERMINE,3200,W,ARGYLE ST,1713,,,,,,,2,NO INDICATION OF INJURY,0,0,0,0,0,2,0,14,5,11,2,0,14,5,11
CLOUDY/OVERCAST,DAYLIGHT,TURNING,NOT DIVIDED,,STRAIGHT AND LEVEL,DRY,NO DEFECTS,NOT ON SCENE (DESK REPORT),NO INJURY / DRIVE AWAY,,,,"OVER $1,500",11/19/2024 8:10,IMPROPER TURNING/NO SIGNAL,NOT APPLICABLE,1947,E,75TH ST,414,,,,,,,2,NO INDICATION OF INJURY,0,0,0,0,0,2,0,7,3,11,2,0,7,3,11
RAIN,DAYLIGHT,REAR END,DIVIDED - W/MEDIAN BARRIER,,STRAIGHT AND LEVEL,WET,NO DEFECTS,ON SCENE,NO INJURY / DRIVE AWAY,,,Y,"OVER $1,500",11/18/2024 12:30,NOT APPLICABLE,NOT APPLICABLE,3300,S,ASHLAND AVE,912,,,,,,,2,NO INDICATION OF INJURY,0,0,0,0,0,4,0,12,2,11,4,0,12,2,11
CLEAR,DAYLIGHT,REAR END,NOT DIVIDED,,STRAIGHT AND LEVEL,DRY,NO DEFECTS,ON SCENE,NO INJURY / DRIVE AWAY,,,,$500 OR LESS,11/19/2024 8:43,UNABLE TO DETERMINE,UNABLE TO DETERMINE,1610,N,CENTRAL PARK AVE,2535,,,,,,,2,NO INDICATION OF INJURY,0,0,0,0,0,3,0,8,3,11,3,0,8,3,11
RAIN,DAYLIGHT,REAR END,NOT DIVIDED,,STRAIGHT AND LEVEL,DRY,NO DEFECTS,NOT ON SCENE (DESK REPORT),NO INJURY / DRIVE AWAY,,,Y,"OVER $1,500",10/28/2024 18:30,FOLLOWING TOO CLOSELY,FOLLOWING TOO CLOSELY,2105,S,INDIANA AVE,132,,,,,,,2,NO INDICATION OF INJURY,0,0,0,0,0,2,0,12,6,10,2,0,12,6,10
CLEAR,"DARKNESS, LIGHTED ROAD",REAR END,NOT DIVIDED,,STRAIGHT AND LEVEL,WET,NO DEFECTS,NOT ON SCENE (DESK REPORT),NO INJURY / DRIVE AWAY,Y,,,"OVER $1,500",11/19/2024 14:30,UNABLE TO DETERMINE,NOT APPLICABLE,4450,W,LAWRENCE AVE,1712,,,,,,,2,NO INDICATION OF INJURY,0,0,0,0,0,4,0,20,2,11,4,0,20,2,11
CLEAR,DAYLIGHT,TURNING,DIVIDED - W/MEDIAN (NOT RAISED),,STRAIGHT AND LEVEL,DRY,NO DEFECTS,NOT ON SCENE (DESK REPORT),NO INJURY / DRIVE AWAY,Y,,,"$501 - $1,500",11/19/2024 16:20,DRIVING ON WRONG SIDE/WRONG WAY,NOT APPLICABLE,3524,E,106TH ST,432,,,,,,,2,NO INDICATION OF INJURY,0,0,0,0,0,3,0,15,3,11,3,0,15,3,11
UNKNOWN,UNKNOWN,PARKED MOTOR VEHICLE,ONE-WAY,,STRAIGHT AND LEVEL,UNKNOWN,UNKNOWN,NOT ON SCENE (DESK REPORT),NO INJURY / DRIVE AWAY,,,,$500 OR LESS,11/19/2024 16:01,UNABLE TO DETERMINE,UNABLE TO DETERMINE,2110,W,GREENLEAF AVE,2411,,,,,,,2,NO INDICATION OF INJURY,0,0,0,0,0,2,0,14,3,11,2,0,14,3,11
RAIN,"DARKNESS, LIGHTED ROAD",FIXED OBJECT,NOT DIVIDED,,STRAIGHT AND LEVEL,WET,NO DEFECTS,ON SCENE,INJURY AND / OR TOW DUE TO CRASH,,,Y,"OVER $1,500",11/18/2024 21:55,UNABLE TO DETERMINE,UNABLE TO DETERMINE,3611,W,HURON ST,1122,,,,,,,2,NO INDICATION OF INJURY,0,0,0,0,0,2,0,21,2,11,2,0,21,2,11
RAIN,"DARKNESS, LIGHTED ROAD",PEDESTRIAN,UNKNOWN INTERSECTION TYPE,,STRAIGHT AND LEVEL,WET,UNKNOWN,NOT ON SCENE (DESK REPORT),INJURY AND / OR TOW DUE TO CRASH,Y,,Y,"OVER $1,500",09/27/2023 5:50,IMPROPER TURNING/NO SIGNAL,UNABLE TO DETERMINE,2601,S,CALIFORNIA AVE,1034,,,,,,,2,NONINCAPACITATING INJURY,1,0,0,1,0,1,0,5,4,9,1,0,5,4,9
CLEAR,DAYLIGHT,TURNING,NOT DIVIDED,,STRAIGHT AND LEVEL,DRY,NO DEFECTS,ON SCENE,NO INJURY / DRIVE AWAY,,,,"OVER $1,500",11/19/2024 13:02,IMPROPER OVERTAKING/PASSING,NOT APPLICABLE,617,E,87TH ST,632,,,,,,,2,NO INDICATION OF INJURY,0,0,0,0,0,3,0,12,3,11,3,0,12,3,11
CLEAR,DAYLIGHT,SIDESWIPE OPPOSITE DIRECTION,NOT DIVIDED,,STRAIGHT AND LEVEL,DRY,NO DEFECTS,ON SCENE,NO INJURY / DRIVE AWAY,,,,"OVER $1,500",11/19/2024 16:00,DISREGARDING STOP SIGN,NOT APPLICABLE,5500,S,THROOP ST,713,,,,,,,2,NO INDICATION OF INJURY,0,0,0,0,0,2,0,15,3,11,2,0,15,3,11
CLOUDY/OVERCAST,DAYLIGHT,TURNING,NOT DIVIDED,,STRAIGHT AND LEVEL,DRY,NO DEFECTS,ON SCENE,NO INJURY / DRIVE AWAY,,,,"OVER $1,500",11/19/2024 8:30,FAILING TO YIELD RIGHT-OF-WAY,UNABLE TO DETERMINE,4313,W,IRVING PARK RD,1731,,,,,,,2,NO INDICATION OF INJURY,0,0,0,0,0,2,0,8,3,11,2,0,8,3,11
RAIN,"DARKNESS, LIGHTED ROAD",TURNING,T-INTERSECTION,,STRAIGHT AND LEVEL,WET,NO DEFECTS,NOT ON SCENE (DESK REPORT),NO INJURY / DRIVE AWAY,Y,,Y,$500 OR LESS,11/19/2024 18:00,UNABLE TO DETERMINE,UNABLE TO DETERMINE,245,N,LOWER COLUMBUS DR,114,,Y,,,,,2,NO INDICATION OF INJURY,0,0,0,0,0,2,0,16,2,11,2,0,16,2,11
CLEAR,DAYLIGHT,TURNING,UNKNOWN INTERSECTION TYPE,,STRAIGHT AND LEVEL,DRY,NO DEFECTS,ON SCENE,INJURY AND / OR TOW DUE TO CRASH,Y,,,"OVER $1,500",08/27/2023 15:13,UNABLE TO DETERMINE,NOT APPLICABLE,616,W,WILSON DR,1914,,,,,,,2,NO INDICATION OF INJURY,0,0,0,0,0,3,0,15,1,8,3,0,15,1,8
CLEAR,"DARKNESS, LIGHTED ROAD",PARKED MOTOR VEHICLE,DRIVEWAY,,STRAIGHT AND LEVEL,DRY,NO DEFECTS,NOT ON SCENE (DESK REPORT),NO INJURY / DRIVE AWAY,,Y,,"$501 - $1,500",11/18/2024 23:00,UNABLE TO DETERMINE,UNABLE TO DETERMINE,151,E,WACKER DR,114,,,,,,,2,NO INDICATION OF INJURY,0,0,0,0,0,3,0,22,2,11,3,0,22,2,11
CLOUDY/OVERCAST,DAYLIGHT,SIDESWIPE SAME DIRECTION,NOT DIVIDED,,STRAIGHT AND LEVEL,DRY,NO DEFECTS,ON SCENE,INJURY AND / OR TOW DUE TO CRASH,,,,"OVER $1,500",11/19/2024 8:34,DISTRACTION - FROM INSIDE VEHICLE,FAILING TO YIELD RIGHT-OF-WAY,3422,W,MONTROSE AVE,1723,,,,,,,3,NO INDICATION OF INJURY,0,0,0,0,0,6,0,8,3,11,6,0,8,3,11
CLEAR,"DARKNESS, LIGHTED ROAD",SIDESWIPE SAME DIRECTION,DIVIDED - W/MEDIAN (NOT RAISED),,STRAIGHT AND LEVEL,DRY,NO DEFECTS,ON SCENE,NO INJURY / DRIVE AWAY,,,Y,"OVER $1,500",11/19/2024 16:33,FAILING TO YIELD RIGHT-OF-WAY,FAILING TO REDUCE SPEED TO AVOID CRASH,5020,N,CENTRAL AVE,1622,,,,,,,2,NO INDICATION OF INJURY,0,0,0,0,0,2,0,16,3,11,2,0,16,3,11
RAIN,DARKNESS,REAR END,NOT DIVIDED,,STRAIGHT AND LEVEL,WET,NO DEFECTS,NOT ON SCENE (DESK REPORT),NO INJURY / DRIVE AWAY,,,,"$501 - $1,500",11/18/2024 17:02,FOLLOWING TOO CLOSELY,FOLLOWING TOO CLOSELY,9398,S,STONY ISLAND AVE,413,,,,,,,2,NO INDICATION OF INJURY,0,0,0,0,0,2,0,16,2,11,2,0,16,2,11
CLEAR,"DARKNESS, LIGHTED ROAD",TURNING,FOUR WAY,,STRAIGHT AND LEVEL,DRY,NO DEFECTS,NOT ON SCENE (DESK REPORT),NO INJURY / DRIVE AWAY,Y,,,"OVER $1,500",11/19/2024 17:45,UNABLE TO DETERMINE,NOT APPLICABLE,1002,W,IRVING PARK RD,1915,,,,,,,2,NO INDICATION OF INJURY,0,0,0,0,0,2,0,16,3,11,2,0,16,3,11
CLEAR,DARKNESS,TURNING,DIVIDED - W/MEDIAN (NOT RAISED),,STRAIGHT AND LEVEL,DRY,NO DEFECTS,ON SCENE,INJURY AND / OR TOW DUE TO CRASH,,,,"OVER $1,500",11/19/2024 21:07,DISREGARDING TRAFFIC SIGNALS,NOT APPLICABLE,4815,W,HIRSCH ST,2533,,,,,,,2,NONINCAPACITATING INJURY,1,0,0,1,0,4,0,20,3,11,4,0,20,3,11
CLOUDY/OVERCAST,DAYLIGHT,ANGLE,FOUR WAY,,STRAIGHT AND LEVEL,DRY,NO DEFECTS,NOT ON SCENE (DESK REPORT),NO INJURY / DRIVE AWAY,,,,"OVER $1,500",11/19/2024 10:15,UNABLE TO DETERMINE,UNABLE TO DETERMINE,4701,W,MADISON ST,1113,,,,,,,2,NO INDICATION OF INJURY,0,0,0,0,0,2,0,9,3,11,2,0,9,3,11
UNKNOWN,UNKNOWN,SIDESWIPE SAME DIRECTION,DIVIDED - W/MEDIAN BARRIER,,STRAIGHT AND LEVEL,UNKNOWN,UNKNOWN,NOT ON SCENE (DESK REPORT),NO INJURY / DRIVE AWAY,,,,"OVER $1,500",10/20/2024 12:00,IMPROPER LANE USAGE,NOT APPLICABLE,200,S,MICHIGAN AVE,113,,,,,,,2,NO INDICATION OF INJURY,0,0,0,0,0,5,0,18,5,10,5,0,18,5,10
CLEAR,DAYLIGHT,REAR END,NOT DIVIDED,,STRAIGHT AND LEVEL,DRY,NO DEFECTS,NOT ON SCENE (DESK REPORT),NO INJURY / DRIVE AWAY,,,,"OVER $1,500",10/20/2024 19:40,FOLLOWING TOO CLOSELY,CELL PHONE USE OTHER THAN TEXTING,4833,N,BROADWAY,2033,,,,,,,2,NO INDICATION OF INJURY,0,0,0,0,0,2,0,18,1,10,2,0,18,1,10
CLEAR,DAYLIGHT,REAR END,FOUR WAY,,STRAIGHT AND LEVEL,DRY,NO DEFECTS,ON SCENE,NO INJURY / DRIVE AWAY,Y,,,"$501 - $1,500",10/15/2024 15:51,FOLLOWING TOO CLOSELY,DRIVING SKILLS/KNOWLEDGE/EXPERIENCE,10200,W,BALMORAL AVE,1654,,,,,,,2,NO INDICATION OF INJURY,0,0,0,0,0,2,0,15,3,10,2,0,15,3,10
CLEAR,DAYLIGHT,REAR TO SIDE,PARKING LOT,,STRAIGHT AND LEVEL,DRY,NO DEFECTS,ON SCENE,NO INJURY / DRIVE AWAY,,Y,,"OVER $1,500",10/20/2024 14:29,FAILING TO YIELD RIGHT-OF-WAY,NOT APPLICABLE,1600,W,42ND ST,924,,Y,,,,,2,NO INDICATION OF INJURY,0,0,0,0,0,3,0,14,1,10,3,0,14,1,10
CLEAR,DAYLIGHT,REAR END,NOT DIVIDED,,STRAIGHT AND LEVEL,DRY,NO DEFECTS,ON SCENE,INJURY AND / OR TOW DUE TO CRASH,,,,"OVER $1,500",10/19/2024 11:11,DISTRACTION - FROM INSIDE VEHICLE,FOLLOWING TOO CLOSELY,929,N,AUSTIN BLVD,1511,,,,,,,3,NO INDICATION OF INJURY,0,0,0,0,0,4,0,10,7,10,4,0,10,7,10
CLEAR,DUSK,SIDESWIPE SAME DIRECTION,DIVIDED - W/MEDIAN (NOT RAISED),,STRAIGHT AND LEVEL,DRY,UNKNOWN,ON SCENE,NO INJURY / DRIVE AWAY,,,,$500 OR LESS,11/19/2024 17:05,FOLLOWING TOO CLOSELY,NOT APPLICABLE,6554,S,STONY ISLAND AVE,321,,,,,,,2,NO INDICATION OF INJURY,0,0,0,0,0,2,0,16,3,11,2,0,16,3,11
RAIN,"DARKNESS, LIGHTED ROAD",PEDESTRIAN,NOT DIVIDED,,STRAIGHT AND LEVEL,WET,NO DEFECTS,NOT ON SCENE (DESK REPORT),INJURY AND / OR TOW DUE TO CRASH,Y,,,$500 OR LESS,11/18/2024 22:50,FAILING TO YIELD RIGHT-OF-WAY,UNABLE TO DETERMINE,6932,N,SHERIDAN RD,2431,,,,,,,2,NONINCAPACITATING INJURY,1,0,0,1,0,1,0,22,2,11,1,0,22,2,11
CLEAR,DAYLIGHT,REAR END,DIVIDED - W/MEDIAN BARRIER,,STRAIGHT AND LEVEL,DRY,NO DEFECTS,NOT ON SCENE (DESK REPORT),NO INJURY / DRIVE AWAY,,,Y,"OVER $1,500",11/19/2024 10:10,UNABLE TO DETERMINE,NOT APPLICABLE,1601,W,95TH ST,2213,,,,,,,2,NO INDICATION OF INJURY,0,0,0,0,0,2,0,9,3,11,2,0,9,3,11
CLEAR,"DARKNESS, LIGHTED ROAD",ANGLE,NOT DIVIDED,,STRAIGHT AND LEVEL,UNKNOWN,OTHER,ON SCENE,INJURY AND / OR TOW DUE TO CRASH,,,,"OVER $1,500",11/19/2024 17:56,FAILING TO YIELD RIGHT-OF-WAY,NOT APPLICABLE,5445,S,WOOD ST,932,,,,,,,2,NONINCAPACITATING INJURY,3,0,0,1,2,1,0,17,3,11,1,0,17,3,11
CLOUDY/OVERCAST,"DARKNESS, LIGHTED ROAD",PARKED MOTOR VEHICLE,NOT DIVIDED,,STRAIGHT AND LEVEL,WET,NO DEFECTS,ON SCENE,INJURY AND / OR TOW DUE TO CRASH,,,,"OVER $1,500",11/19/2024 1:04,UNDER THE INFLUENCE OF ALCOHOL/DRUGS (USE WHEN ARREST IS EFFECTED),NOT APPLICABLE,2215,S,HOYNE AVE,1034,,N,,,,,5,NONINCAPACITATING INJURY,1,0,0,1,0,0,0,1,3,11,0,0,1,3,11
CLEAR,DAYLIGHT,PEDALCYCLIST,OTHER,,STRAIGHT AND LEVEL,DRY,NO DEFECTS,,INJURY AND / OR TOW DUE TO CRASH,,N,,"OVER $1,500",10/20/2024 12:00,NOT APPLICABLE,NOT APPLICABLE,10310,S,WALDEN PKWY,2212,,,,,,,2,NONINCAPACITATING INJURY,1,0,0,1,0,1,0,11,1,10,1,0,11,1,10
RAIN,"DARKNESS, LIGHTED ROAD",ANGLE,T-INTERSECTION,,STRAIGHT AND LEVEL,WET,NO DEFECTS,,INJURY AND / OR TOW DUE TO CRASH,Y,,,"OVER $1,500",09/28/2024 3:31,FAILING TO YIELD RIGHT-OF-WAY,FAILING TO YIELD RIGHT-OF-WAY,4901,S,MICHIGAN AVE,224,,,,,,,2,"REPORTED, NOT EVIDENT",2,0,0,0,2,0,0,3,7,9,0,0,3,7,9
CLEAR,DAYLIGHT,FIXED OBJECT,PARKING LOT,,STRAIGHT AND LEVEL,WET,NO DEFECTS,,NO INJURY / DRIVE AWAY,,,Y,"OVER $1,500",11/19/2024 9:01,UNABLE TO DETERMINE,UNABLE TO DETERMINE,5525,S,PULASKI RD,822,,,,,,,1,NO INDICATION OF INJURY,0,0,0,0,0,1,0,15,2,11,1,0,15,2,11
CLEAR,UNKNOWN,REAR TO SIDE,PARKING LOT,,STRAIGHT AND LEVEL,UNKNOWN,UNKNOWN,NOT ON SCENE (DESK REPORT),NO INJURY / DRIVE AWAY,,Y,,"OVER $1,500",10/20/2024 17:30,UNABLE TO DETERMINE,UNABLE TO DETERMINE,1000,W,NORTH AVE,1811,,,,,,,2,NO INDICATION OF INJURY,0,0,0,0,0,2,0,13,1,10,2,0,13,1,10
CLEAR,DAYLIGHT,TURNING,NOT DIVIDED,,STRAIGHT AND LEVEL,DRY,UNKNOWN,ON SCENE,NO INJURY / DRIVE AWAY,Y,,,"OVER $1,500",10/19/2024 11:48,UNABLE TO DETERMINE,UNABLE TO DETERMINE,447,W,31ST ST,915,,,,,,,2,NO INDICATION OF INJURY,0,0,0,0,0,2,0,11,7,10,2,0,11,7,10
CLEAR,"DARKNESS, LIGHTED ROAD",PARKED MOTOR VEHICLE,ONE-WAY,,STRAIGHT AND LEVEL,DRY,NO DEFECTS,NOT ON SCENE (DESK REPORT),NO INJURY / DRIVE AWAY,,,Y,"OVER $1,500",10/21/2024 3:30,UNABLE TO DETERMINE,UNABLE TO DETERMINE,3708,N,CLIFTON AVE,1923,,,,,,,2,NO INDICATION OF INJURY,0,0,0,0,0,1,0,1,2,10,1,0,1,2,10
CLEAR,DARKNESS,REAR END,FOUR WAY,,STRAIGHT AND LEVEL,DRY,UNKNOWN,NOT ON SCENE (DESK REPORT),NO INJURY / DRIVE AWAY,Y,,Y,"OVER $1,500",10/20/2024 14:20,FAILING TO YIELD RIGHT-OF-WAY,FAILING TO YIELD RIGHT-OF-WAY,2350,W,ROOSEVELT RD,1225,,,,,,,2,NO INDICATION OF INJURY,0,0,0,0,0,2,0,18,6,10,2,0,18,6,10
CLEAR,DAYLIGHT,REAR END,ONE-WAY,,"CURVE, LEVEL",DRY,NO DEFECTS,NOT ON SCENE (DESK REPORT),NO INJURY / DRIVE AWAY,,,,"OVER $1,500",10/20/2024 16:15,UNABLE TO DETERMINE,UNABLE TO DETERMINE,1732,W,31ST PL,912,,,,,,,2,NO INDICATION OF INJURY,0,0,0,0,0,6,0,11,1,10,6,0,11,1,10
CLEAR,DAYLIGHT,TURNING,DIVIDED - W/MEDIAN (NOT RAISED),,STRAIGHT AND LEVEL,DRY,NO DEFECTS,ON SCENE,NO INJURY / DRIVE AWAY,N,,,"OVER $1,500",10/18/2024 17:19,FAILING TO YIELD RIGHT-OF-WAY,IMPROPER TURNING/NO SIGNAL,5152,W,CHICAGO AVE,1531,,,,,,,2,NO INDICATION OF INJURY,0,0,0,0,0,4,0,17,6,10,4,0,17,6,10
UNKNOWN,UNKNOWN,PARKED MOTOR VEHICLE,UNKNOWN,,STRAIGHT AND LEVEL,UNKNOWN,UNKNOWN,NOT ON SCENE (DESK REPORT),NO INJURY / DRIVE AWAY,,,,"$501 - $1,500",10/20/2024 9:15,UNABLE TO DETERMINE,NOT APPLICABLE,1834,W,BALMORAL AVE,2012,,,,,,,3,NO INDICATION OF INJURY,0,0,0,0,0,1,0,11,7,10,1,0,11,7,10
CLEAR,"DARKNESS, LIGHTED ROAD",REAR END,NOT DIVIDED,,STRAIGHT AND LEVEL,DRY,NO DEFECTS,ON SCENE,NO INJURY / DRIVE AWAY,Y,,,"OVER $1,500",10/21/2024 1:53,FOLLOWING TOO CLOSELY,FOLLOWING TOO CLOSELY,11500,S,INDIANA AVE,532,,,,,,,2,NO INDICATION OF INJURY,0,0,0,0,0,3,0,1,2,10,3,0,1,2,10
CLEAR,"DARKNESS, LIGHTED ROAD",PARKED MOTOR VEHICLE,NOT DIVIDED,,STRAIGHT AND LEVEL,DRY,NO DEFECTS,ON SCENE,INJURY AND / OR TOW DUE TO CRASH,,,,"OVER $1,500",10/19/2024 3:09,DRIVING SKILLS/KNOWLEDGE/EXPERIENCE,NOT APPLICABLE,11615,S,VINCENNES AVE,2234,,,,,,,3,NONINCAPACITATING INJURY,1,0,0,1,0,1,0,3,7,10,1,0,3,7,10
CLEAR,DAYLIGHT,OTHER OBJECT,FOUR WAY,,STRAIGHT AND LEVEL,UNKNOWN,UNKNOWN,ON SCENE,NO INJURY / DRIVE AWAY,,,Y,"OVER $1,500",10/20/2024 17:04,DRIVING SKILLS/KNOWLEDGE/EXPERIENCE,NOT APPLICABLE,3459,S,ASHLAND AVE,912,,,,,,,2,NO INDICATION OF INJURY,0,0,0,0,0,2,0,17,1,10,2,0,17,1,10
CLEAR,DAWN,TURNING,PARKING LOT,,STRAIGHT AND LEVEL,DRY,NO DEFECTS,ON SCENE,NO INJURY / DRIVE AWAY,,,,"OVER $1,500",11/19/2024 19:04,IMPROPER OVERTAKING/PASSING,NOT APPLICABLE,3030,N,BROADWAY,1934,,,,,,,2,NO INDICATION OF INJURY,0,0,0,0,0,3,0,18,3,11,3,0,18,3,11
CLEAR,DAYLIGHT,PEDESTRIAN,FOUR WAY,,STRAIGHT AND LEVEL,DRY,UNKNOWN,ON SCENE,INJURY AND / OR TOW DUE TO CRASH,Y,,,$500 OR LESS,11/19/2024 15:12,FAILING TO YIELD RIGHT-OF-WAY,DRIVING SKILLS/KNOWLEDGE/EXPERIENCE,7400,S,DAMEN AVE,735,,,,,,,4,NONINCAPACITATING INJURY,3,0,0,2,1,1,0,15,3,11,1,0,15,3,11
CLEAR,"DARKNESS, LIGHTED ROAD",ANGLE,FOUR WAY,,STRAIGHT AND LEVEL,DRY,NO DEFECTS,ON SCENE,INJURY AND / OR TOW DUE TO CRASH,Y,,,"OVER $1,500",10/20/2024 4:10,DISREGARDING TRAFFIC SIGNALS,NOT APPLICABLE,1159,S,KOSTNER AVE,1131,,,,,,,2,NO INDICATION OF INJURY,0,0,0,0,0,4,0,4,7,10,4,0,4,7,10
RAIN,DAWN,REAR END,NOT DIVIDED,,STRAIGHT AND LEVEL,WET,NO DEFECTS,ON SCENE,NO INJURY / DRIVE AWAY,Y,,,"OVER $1,500",11/18/2024 14:05,UNABLE TO DETERMINE,NOT APPLICABLE,8700,S,HOLLAND RD,634,,,,,,,3,NO INDICATION OF INJURY,0,0,0,0,0,5,0,14,2,11,5,0,14,2,11
CLOUDY/OVERCAST,DAYLIGHT,SIDESWIPE SAME DIRECTION,NOT DIVIDED,,"CURVE, LEVEL",DRY,NO DEFECTS,,NO INJURY / DRIVE AWAY,,,,"$501 - $1,500",11/12/2024 8:30,UNABLE TO DETERMINE,UNABLE TO DETERMINE,3430,W,WASHINGTON BLVD,1123,,,,,,,2,NO INDICATION OF INJURY,0,0,0,0,0,3,0,7,3,11,3,0,7,3,11
CLEAR,"DARKNESS, LIGHTED ROAD",FIXED OBJECT,DIVIDED - W/MEDIAN BARRIER,,STRAIGHT AND LEVEL,DRY,UNKNOWN,ON SCENE,INJURY AND / OR TOW DUE TO CRASH,,,Y,"OVER $1,500",10/20/2024 23:40,UNABLE TO DETERMINE,UNABLE TO DETERMINE,3602,W,MARQUETTE RD,833,,,,,,,1,,,,,,,,,22,1,10,,,22,1,10
CLEAR,DAYLIGHT,PEDESTRIAN,PARKING LOT,,STRAIGHT AND LEVEL,DRY,UNKNOWN,ON SCENE,INJURY AND / OR TOW DUE TO CRASH,,,Y,$500 OR LESS,10/20/2024 8:53,UNABLE TO DETERMINE,UNABLE TO DETERMINE,4844,N,LINCOLN AVE,2031,,N,,,,,2,"REPORTED, NOT EVIDENT",1,0,0,0,1,1,0,5,1,10,1,0,5,1,10
CLEAR,"DARKNESS, LIGHTED ROAD",REAR END,FOUR WAY,,STRAIGHT AND LEVEL,DRY,NO DEFECTS,ON SCENE,INJURY AND / OR TOW DUE TO CRASH,Y,,Y,"OVER $1,500",10/21/2024 1:22,FOLLOWING TOO CLOSELY,NOT APPLICABLE,8700,S,ASHLAND AVE,2221,,,,,,,2,"REPORTED, NOT EVIDENT",1,0,0,0,1,3,0,1,2,10,3,0,1,2,10