WEATHER_CONDITION,LIGHTING_CONDITION,FIRST_CRASH_TYPE,TRAFFICWAY_TYPE,LANE_CNT,ALIGNMENT,ROADWAY_SURFACE_COND,ROAD_DEFECT,REPORT_TYPE,CRASH_TYPE,INTERSECTION_RELATED_I,NOT_RIGHT_OF_WAY_I,HIT_AND_RUN_I,DAMAGE,DATE_POLICE_NOTIFIED,PRIM_CONTRIBUTORY_CAUSE,SEC_CONTRIBUTORY_CAUSE,STREET_NO,STREET_DIRECTION,STREET_NAME,BEAT_OF_OCCURRENCE,PHOTOS_TAKEN_I,STATEMENTS_TAKEN_I,DOORING_I,WORK_ZONE_I,WORK_ZONE_TYPE,WORKERS_PRESENT_I,NUM_UNITS,MOST_SEVERE_INJURY,INJURIES_TOTAL,INJURIES_FATAL,INJURIES_INCAPACITATING,INJURIES_NON_INCAPACITATING,INJURIES_REPORTED_NOT_EVIDENT,INJURIES_NO_INDICATION,INJURIES_UNKNOWN,CRASH_HOUR,CRASH_DAY_OF_WEEK,CRASH_MONTH,INJURIES_NO_INDICATION,INJURIES_UNKNOWN,CRASH_HOUR,CRASH_DAY_OF_WEEK,CRASH_MONTH
CLEAR,DAYLIGHT,TURNING,TRAFFIC ROUTE,,STRAIGHT AND LEVEL,DRY,NO DEFECTS,ON SCENE,NO INJURY / DRIVE AWAY,Y,,Y,"OVER $1,500",10/19/2024 13:25,DRIVING ON WRONG SIDE/WRONG WAY,UNABLE TO DETERMINE,1500,S,SPRINGFIELD AVE,1014,,,,,,,2,NO INDICATION OF INJURY,0,0,0,0,0,3,0,12,7,10,3,0,12,7,10
CLEAR,DARKNESS,PARKED MOTOR VEHICLE,ONE-WAY,,STRAIGHT AND LEVEL,DRY,NO DEFECTS,ON SCENE,NO INJURY / DRIVE AWAY,,,,"OVER $1,500",11/19/2024 17:52,UNABLE TO DETERMINE,NOT APPLICABLE,5065,W,QUINCY ST,1533,,,,,,,2,NO INDICATION OF INJURY,0,0,0,0,0,1,0,17,3,11,1,0,17,3,11
CLEAR,"DARKNESS, LIGHTED ROAD",PARKED MOTOR VEHICLE,NOT DIVIDED,,STRAIGHT AND LEVEL,DRY,NO DEFECTS,ON SCENE,INJURY AND / OR TOW DUE TO CRASH,,,,"OVER $1,500",10/21/2024 2:06,DISTRACTION - FROM INSIDE VEHICLE,NOT APPLICABLE,11447,S,LONGWOOD DR,2212,,,,,,,2,NO INDICATION OF INJURY,0,0,0,0,0,1,0,2,2,10,1,0,2,2,10
CLEAR,DAYLIGHT,SIDESWIPE SAME DIRECTION,ONE-WAY,,STRAIGHT AND LEVEL,DRY,NO DEFECTS,ON SCENE,NO INJURY / DRIVE AWAY,,,,$500 OR LESS,10/18/2024 17:54,IMPROPER OVERTAKING/PASSING,NOT APPLICABLE,8816,S,MARQUETTE AVE,423,,,,,,,2,NO INDICATION OF INJURY,0,0,0,0,0,3,0,17,6,10,3,0,17,6,10
CLEAR,DAWN,REAR END,NOT DIVIDED,,STRAIGHT AND LEVEL,DRY,NO DEFECTS,NOT ON SCENE (DESK REPORT),NO INJURY / DRIVE AWAY,,,Y,"$501 - $1,500",11/19/2024 18:30,UNABLE TO DETERMINE,UNABLE TO DETERMINE,6600,N,CAMPBELL AVE,2412,,,,,,,2,NO INDICATION OF INJURY,0,0,0,0,0,2,0,18,3,11,2,0,18,3,11
CLEAR,DAYLIGHT,REAR END,NOT DIVIDED,,STRAIGHT AND LEVEL,DRY,NO DEFECTS,NOT ON SCENE (DESK REPORT),NO INJURY / DRIVE AWAY,,,,$500 OR LESS,10/20/2024 16:00,FOLLOWING TOO CLOSELY,FAILING TO REDUCE SPEED TO AVOID CRASH,2111,S,CLARK ST,131,,,,,,,2,NO INDICATION OF INJURY,0,0,0,0,0,2,0,15,1,10,2,0,15,1,10
CLEAR,DAYLIGHT,PARKED MOTOR VEHICLE,NOT DIVIDED,,STRAIGHT AND LEVEL,DRY,NO DEFECTS,NOT ON SCENE (DESK REPORT),NO INJURY / DRIVE AWAY,,,Y,"$501 - $1,500",10/19/2024 12:38,FAILING TO REDUCE SPEED TO AVOID CRASH,UNABLE TO DETERMINE,2236,E,85TH ST,412,,,,,,,2,NO INDICATION OF INJURY,0,0,0,0,0,1,0,10,7,10,1,0,10,7,10
CLEAR,DARKNESS,REAR END,NOT DIVIDED,,STRAIGHT AND LEVEL,DRY,NO DEFECTS,NOT ON SCENE (DESK REPORT),INJURY AND / OR TOW DUE TO CRASH,,,,"$501 - $1,500",10/20/2024 20:04,FOLLOWING TOO CLOSELY,NOT APPLICABLE,5100,S,KEDZIE AVE,822,,,,,,,3,NO INDICATION OF INJURY,0,0,0,0,0,3,0,19,1,10,3,0,19,1,10
CLEAR,UNKNOWN,PARKED MOTOR VEHICLE,NOT DIVIDED,,STRAIGHT AND LEVEL,DRY,UNKNOWN,ON SCENE,INJURY AND / OR TOW DUE TO CRASH,,,,"OVER $1,500",10/20/2024 6:40,DRIVING SKILLS/KNOWLEDGE/EXPERIENCE,UNABLE TO DETERMINE,4932,W,48TH ST,814,,,,,,,2,NO INDICATION OF INJURY,0,0,0,0,0,3,0,5,1,10,3,0,5,1,10
RAIN,DAYLIGHT,TURNING,DIVIDED - W/MEDIAN (NOT RAISED),,STRAIGHT AND LEVEL,WET,UNKNOWN,NOT ON SCENE (DESK REPORT),NO INJURY / DRIVE AWAY,,,Y,"OVER $1,500",11/18/2024 20:10,UNABLE TO DETERMINE,UNABLE TO DETERMINE,2350,N,CENTRAL AVE,2515,,,,,,,2,NO INDICATION OF INJURY,0,0,0,0,0,2,0,16,2,11,2,0,16,2,11
RAIN,"DARKNESS, LIGHTED ROAD",FIXED OBJECT,DIVIDED - W/MEDIAN BARRIER,,STRAIGHT AND LEVEL,WET,UNKNOWN,ON SCENE,NO INJURY / DRIVE AWAY,,,,"$501 - $1,500",11/19/2024 4:58,UNABLE TO DETERMINE,NOT APPLICABLE,621,W,63RD ST,723,,,,,,,1,NO INDICATION OF INJURY,0,0,0,0,0,1,0,4,3,11,1,0,4,3,11
CLEAR,DAYLIGHT,PEDALCYCLIST,NOT DIVIDED,,STRAIGHT AND LEVEL,DRY,NO DEFECTS,ON SCENE,INJURY AND / OR TOW DUE TO CRASH,Y,,,"$501 - $1,500",10/19/2024 12:49,FAILING TO YIELD RIGHT-OF-WAY,IMPROPER TURNING/NO SIGNAL,1700,N,HOYNE AVE,1434,,,,,,,2,NONINCAPACITATING INJURY,1,0,0,1,0,1,0,12,7,10,1,0,12,7,10
CLEAR,DAYLIGHT,TURNING,FOUR WAY,,STRAIGHT AND LEVEL,DRY,NO DEFECTS,NOT ON SCENE (DESK REPORT),NO INJURY / DRIVE AWAY,Y,,,"OVER $1,500",10/20/2024 13:50,FAILING TO YIELD RIGHT-OF-WAY,NOT APPLICABLE,3132,W,ADDISON ST,1733,,,,,,,2,NO INDICATION OF INJURY,0,0,0,0,0,2,0,13,1,10,2,0,13,1,10
CLEAR,DARKNESS,TURNING,NOT DIVIDED,,STRAIGHT AND LEVEL,DRY,UNKNOWN,ON SCENE,NO INJURY / DRIVE AWAY,Y,,,"OVER $1,500",11/19/2024 18:09,FAILING TO YIELD RIGHT-OF-WAY,NOT APPLICABLE,8600,S,PULASKI RD,834,,Y,,,,,2,NO INDICATION OF INJURY,0,0,0,0,0,3,0,18,3,11,3,0,18,3,11
CLEAR,DAYLIGHT,PARKED MOTOR VEHICLE,ONE-WAY,,STRAIGHT AND LEVEL,DRY,NO DEFECTS,ON SCENE,NO INJURY / DRIVE AWAY,,,Y,"OVER $1,500",10/20/2024 12:45,UNABLE TO DETERMINE,NOT APPLICABLE,913,N,WINCHESTER AVE,1212,,Y,,,,,2,NO INDICATION OF INJURY,0,0,0,0,0,1,0,12,1,10,1,0,12,1,10
CLEAR,DAYLIGHT,REAR END,FOUR WAY,,STRAIGHT AND LEVEL,DRY,UNKNOWN,ON SCENE,NO INJURY / DRIVE AWAY,Y,,,"OVER $1,500",10/20/2024 18:07,FOLLOWING TOO CLOSELY,NOT APPLICABLE,3656,W,MONTROSE AVE,1723,,,,,,,2,NO INDICATION OF INJURY,0,0,0,0,0,3,0,17,1,10,3,0,17,1,10
CLEAR,"DARKNESS, LIGHTED ROAD",PARKED MOTOR VEHICLE,ONE-WAY,,STRAIGHT AND LEVEL,DRY,NO DEFECTS,ON SCENE,NO INJURY / DRIVE AWAY,,,Y,"OVER $1,500",10/20/2024 3:30,UNABLE TO DETERMINE,UNABLE TO DETERMINE,2600,S,HAMLIN AVE,1031,,,,,,,3,NO INDICATION OF INJURY,0,0,0,0,0,1,0,3,1,10,1,0,3,1,10
CLEAR,DAYLIGHT,REAR END,FOUR WAY,,STRAIGHT AND LEVEL,DRY,NO DEFECTS,ON SCENE,INJURY AND / OR TOW DUE TO CRASH,Y,,,$500 OR LESS,10/20/2024 14:19,FAILING TO REDUCE SPEED TO AVOID CRASH,UNABLE TO DETERMINE,2100,N,CICERO AVE,2522,,,,,,,2,NONINCAPACITATING INJURY,2,0,0,1,1,1,0,14,1,10,1,0,14,1,10
CLEAR,"DARKNESS, LIGHTED ROAD",FIXED OBJECT,ALLEY,,STRAIGHT AND LEVEL,WET,NO DEFECTS,ON SCENE,INJURY AND / OR TOW DUE TO CRASH,,,N,"OVER $1,500",11/19/2024 5:25,UNABLE TO DETERMINE,DRIVING SKILLS/KNOWLEDGE/EXPERIENCE,6914,S,WOOD ST,735,,,,,,,1,,,,,,,,,5,3,11,,,5,3,11
RAIN,DAYLIGHT,REAR END,DIVIDED - W/MEDIAN (NOT RAISED),,STRAIGHT AND LEVEL,WET,UNKNOWN,ON SCENE,INJURY AND / OR TOW DUE TO CRASH,,,,"OVER $1,500",11/18/2024 11:35,FAILING TO REDUCE SPEED TO AVOID CRASH,NOT APPLICABLE,4341,N,NARRAGANSETT AVE,1624,,,,,,,2,INCAPACITATING INJURY,1,0,1,0,0,2,0,11,2,11,2,0,11,2,11
CLEAR,DAYLIGHT,TURNING,FOUR WAY,,STRAIGHT AND LEVEL,DRY,NO DEFECTS,ON SCENE,INJURY AND / OR TOW DUE TO CRASH,Y,,,"OVER $1,500",11/19/2024 16:46,IMPROPER TURNING/NO SIGNAL,FAILING TO YIELD RIGHT-OF-WAY,3200,N,ELSTON AVE,1733,,,,,,,2,NONINCAPACITATING INJURY,1,0,0,1,0,1,0,16,3,11,1,0,16,3,11
CLEAR,DAYLIGHT,REAR END,NOT DIVIDED,,STRAIGHT AND LEVEL,DRY,UNKNOWN,,NO INJURY / DRIVE AWAY,,,,"OVER $1,500",02/16/2024 17:00,UNABLE TO DETERMINE,UNABLE TO DETERMINE,630,W,VAN BUREN ST,121,,,,,,,2,NO INDICATION OF INJURY,0,0,0,0,0,2,0,16,6,2,2,0,16,6,2
CLEAR,DAYLIGHT,REAR END,NOT DIVIDED,,STRAIGHT AND LEVEL,DRY,NO DEFECTS,NOT ON SCENE (DESK REPORT),NO INJURY / DRIVE AWAY,,,,"OVER $1,500",03/27/2022 16:05,UNABLE TO DETERMINE,NOT APPLICABLE,7526,W,BELMONT AVE,1631,,,,,,,2,NO INDICATION OF INJURY,0,0,0,0,0,2,0,13,1,3,2,0,13,1,3
UNKNOWN,UNKNOWN,REAR END,NOT DIVIDED,,STRAIGHT AND LEVEL,UNKNOWN,UNKNOWN,NOT ON SCENE (DESK REPORT),NO INJURY / DRIVE AWAY,,,Y,"OVER $1,500",05/21/2023 13:10,UNABLE TO DETERMINE,NOT APPLICABLE,7226,S,YATES BLVD,334,,,,,,,2,NO INDICATION OF INJURY,0,0,0,0,0,2,0,8,1,5,2,0,8,1,5
CLEAR,DAYLIGHT,ANGLE,NOT DIVIDED,,STRAIGHT AND LEVEL,DRY,NO DEFECTS,NOT ON SCENE (DESK REPORT),NO INJURY / DRIVE AWAY,,,Y,$500 OR LESS,10/20/2024 16:45,UNABLE TO DETERMINE,NOT APPLICABLE,1916,N,KIMBALL AVE,1422,,,,,,,2,NO INDICATION OF INJURY,0,0,0,0,0,2,0,13,1,10,2,0,13,1,10
CLEAR,DAYLIGHT,OTHER OBJECT,NOT DIVIDED,,STRAIGHT AND LEVEL,DRY,NO DEFECTS,NOT ON SCENE (DESK REPORT),NO INJURY / DRIVE AWAY,,,,"$501 - $1,500",11/19/2024 18:00,NOT APPLICABLE,NOT APPLICABLE,4000,S,ASHLAND AVE,924,,,,,,,1,NO INDICATION OF INJURY,0,0,0,0,0,1,0,16,3,11,1,0,16,3,11
CLEAR,"DARKNESS, LIGHTED ROAD",REAR END,DIVIDED - W/MEDIAN (NOT RAISED),,STRAIGHT AND LEVEL,DRY,NO DEFECTS,ON SCENE,NO INJURY / DRIVE AWAY,Y,,Y,"OVER $1,500",05/26/2021 21:22,FOLLOWING TOO CLOSELY,UNABLE TO DETERMINE,4401,W,ARMITAGE AVE,2533,,,,,,,3,NO INDICATION OF INJURY,0,0,0,0,0,3,0,21,4,5,3,0,21,4,5
CLEAR,DAYLIGHT,SIDESWIPE SAME DIRECTION,NOT DIVIDED,,STRAIGHT AND LEVEL,DRY,WORN SURFACE,ON SCENE,INJURY AND / OR TOW DUE TO CRASH,,,,"OVER $1,500",10/19/2024 17:03,IMPROPER LANE USAGE,FAILING TO REDUCE SPEED TO AVOID CRASH,613,W,47TH ST,935,,,,,,,2,NO INDICATION OF INJURY,0,0,0,0,0,5,0,16,7,10,5,0,16,7,10
CLEAR,DAYLIGHT,TURNING,FOUR WAY,,STRAIGHT AND LEVEL,DRY,NO DEFECTS,ON SCENE,INJURY AND / OR TOW DUE TO CRASH,Y,,Y,"OVER $1,500",10/20/2024 10:31,IMPROPER OVERTAKING/PASSING,"OPERATING VEHICLE IN ERRATIC, RECKLESS, CARELESS, NEGLIGENT OR AGGRESSIVE MANNER",2430,W,119TH ST,2212,,,,,,,2,NO INDICATION OF INJURY,0,0,0,0,0,2,0,10,1,10,2,0,10,1,10
RAIN,DAYLIGHT,PARKED MOTOR VEHICLE,ONE-WAY,,STRAIGHT AND LEVEL,WET,UNKNOWN,ON SCENE,INJURY AND / OR TOW DUE TO CRASH,,,,"OVER $1,500",11/18/2024 13:35,"OPERATING VEHICLE IN ERRATIC, RECKLESS, CARELESS, NEGLIGENT OR AGGRESSIVE MANNER",FAILING TO REDUCE SPEED TO AVOID CRASH,2910,N,MOODY AVE,2511,Y,,,,,,3,NO INDICATION OF INJURY,0,0,0,0,0,1,0,13,2,11,1,0,13,2,11
CLEAR,DAYLIGHT,REAR END,DIVIDED - W/MEDIAN (NOT RAISED),,STRAIGHT AND LEVEL,DRY,NO DEFECTS,NOT ON SCENE (DESK REPORT),NO INJURY / DRIVE AWAY,,,,"$501 - $1,500",10/20/2024 15:30,UNABLE TO DETERMINE,NOT APPLICABLE,9650,S,EWING AVE,432,,,,,,,2,NO INDICATION OF INJURY,0,0,0,0,0,2,0,11,1,10,2,0,11,1,10
CLEAR,DAYLIGHT,TURNING,PARKING LOT,,STRAIGHT AND LEVEL,DRY,NO DEFECTS,ON SCENE,INJURY AND / OR TOW DUE TO CRASH,,Y,,"OVER $1,500",11/19/2024 15:37,UNABLE TO DETERMINE,NOT APPLICABLE,1524,N,CICERO AVE,2533,,,,,,,2,NO INDICATION OF INJURY,0,0,0,0,0,2,0,14,3,11,2,0,14,3,11
CLEAR,DARKNESS,PARKED MOTOR VEHICLE,NOT DIVIDED,,STRAIGHT AND LEVEL,DRY,NO DEFECTS,NOT ON SCENE (DESK REPORT),NO INJURY / DRIVE AWAY,,,Y,"$501 - $1,500",10/20/2024 20:30,NOT APPLICABLE,NOT APPLICABLE,1649,W,GARFIELD BLVD,715,,,,,,,2,NO INDICATION OF INJURY,0,0,0,0,0,1,0,18,1,10,1,0,18,1,10
RAIN,DUSK,TURNING,T-INTERSECTION,,STRAIGHT AND LEVEL,WET,NO DEFECTS,NOT ON SCENE (DESK REPORT),INJURY AND / OR TOW DUE TO CRASH,,,,"OVER $1,500",11/18/2024 21:30,UNABLE TO DETERMINE,NOT APPLICABLE,7900,S,JEFFERY BLVD,414,,,,,,,2,NO INDICATION OF INJURY,0,0,0,0,0,2,0,20,2,11,2,0,20,2,11
CLEAR,DAYLIGHT,TURNING,PARKING LOT,,STRAIGHT AND LEVEL,DRY,NO DEFECTS,ON SCENE,INJURY AND / OR TOW DUE TO CRASH,,Y,,"OVER $1,500",06/29/2024 12:33,FAILING TO YIELD RIGHT-OF-WAY,UNABLE TO DETERMINE,10200,W,BALMORAL AVE,1654,,,,,,,2,"REPORTED, NOT EVIDENT",1,0,0,0,1,1,0,12,7,6,1,0,12,7,6
UNKNOWN,UNKNOWN,TURNING,FOUR WAY,,STRAIGHT AND LEVEL,UNKNOWN,UNKNOWN,NOT ON SCENE (DESK REPORT),NO INJURY / DRIVE AWAY,Y,,,"$501 - $1,500",11/19/2024 14:30,UNABLE TO DETERMINE,NOT APPLICABLE,53,E,WASHINGTON ST,112,,,,,,,2,NO INDICATION OF INJURY,0,0,0,0,0,2,0,7,2,11,2,0,7,2,11
CLEAR,DAYLIGHT,REAR END,NOT DIVIDED,,STRAIGHT AND LEVEL,UNKNOWN,UNKNOWN,NOT ON SCENE (DESK REPORT),NO INJURY / DRIVE AWAY,,,,"OVER $1,500",11/19/2024 9:00,UNABLE TO DETERMINE,UNABLE TO DETERMINE,8410,W,BRYN MAWR AVE,1614,,,,,,,2,NO INDICATION OF INJURY,0,0,0,0,0,2,0,8,3,11,2,0,8,3,11
CLEAR,DARKNESS,REAR END,NOT DIVIDED,,STRAIGHT AND LEVEL,DRY,NO DEFECTS,NOT ON SCENE (DESK REPORT),NO INJURY / DRIVE AWAY,,,,"OVER $1,500",01/12/2019 0:25,FOLLOWING TOO CLOSELY,NOT APPLICABLE,7600,S,DAMEN AVE,611,,,,,,,2,NO INDICATION OF INJURY,0,0,0,0,0,3,0,23,6,1,3,0,23,6,1
CLEAR,DAYLIGHT,SIDESWIPE SAME DIRECTION,NOT DIVIDED,,STRAIGHT AND LEVEL,DRY,NO DEFECTS,ON SCENE,INJURY AND / OR TOW DUE TO CRASH,,,,"OVER $1,500",10/20/2024 11:30,UNABLE TO DETERMINE,UNABLE TO DETERMINE,6409,W,DEVON AVE,1611,,,,,,,2,NO INDICATION OF INJURY,0,0,0,0,0,3,0,11,1,10,3,0,11,1,10
CLEAR,DARKNESS,PARKED MOTOR VEHICLE,ONE-WAY,,STRAIGHT AND LEVEL,UNKNOWN,UNKNOWN,NOT ON SCENE (DESK REPORT),NO INJURY / DRIVE AWAY,,,,"OVER $1,500",10/20/2024 10:35,IMPROPER BACKING,NOT APPLICABLE,640,S,FEDERAL ST,123,,,,,,,2,NO INDICATION OF INJURY,0,0,0,0,0,3,0,19,7,10,3,0,19,7,10
RAIN,DAYLIGHT,REAR END,NOT DIVIDED,,STRAIGHT AND LEVEL,WET,NO DEFECTS,NOT ON SCENE (DESK REPORT),NO INJURY / DRIVE AWAY,,,Y,"OVER $1,500",08/19/2023 15:55,NOT APPLICABLE,NOT APPLICABLE,7501,S,CICERO AVE,833,,,,,,,2,NO INDICATION OF INJURY,0,0,0,0,0,2,0,16,2,8,2,0,16,2,8
CLEAR,DAYLIGHT,ANGLE,DIVIDED - W/MEDIAN (NOT RAISED),,STRAIGHT AND LEVEL,DRY,NO DEFECTS,NOT ON SCENE (DESK REPORT),NO INJURY / DRIVE AWAY,,,,"OVER $1,500",02/01/2023 15:49,FAILING TO YIELD RIGHT-OF-WAY,NOT APPLICABLE,2584,S,BLUE ISLAND AVE,1034,,,,,,,2,NO INDICATION OF INJURY,0,0,0,0,0,2,0,15,4,2,2,0,15,4,2
UNKNOWN,UNKNOWN,REAR END,DIVIDED - W/MEDIAN (NOT RAISED),,STRAIGHT AND LEVEL,UNKNOWN,UNKNOWN,NOT ON SCENE (DESK REPORT),NO INJURY / DRIVE AWAY,,,,"OVER $1,500",01/23/2021 13:20,UNABLE TO DETERMINE,UNABLE TO DETERMINE,3414,S,ARCHER AVE,912,,,,,,,2,NO INDICATION OF INJURY,0,0,0,0,0,2,0,12,7,1,2,0,12,7,1
RAIN,"DARKNESS, LIGHTED ROAD",REAR END,NOT DIVIDED,,STRAIGHT AND LEVEL,WET,NO DEFECTS,NOT ON SCENE (DESK REPORT),NO INJURY / DRIVE AWAY,Y,,,"$501 - $1,500",02/23/2019 22:20,IMPROPER BACKING,UNABLE TO DETERMINE,2000,N,WESTERN AVE,1431,,,,,,,2,NO INDICATION OF INJURY,0,0,0,0,0,2,0,21,7,2,2,0,21,7,2
CLEAR,DARKNESS,SIDESWIPE SAME DIRECTION,NOT DIVIDED,,STRAIGHT AND LEVEL,DRY,NO DEFECTS,ON SCENE,NO INJURY / DRIVE AWAY,,,,"$501 - $1,500",10/20/2024 20:03,UNABLE TO DETERMINE,NOT APPLICABLE,3212,N,CLARK ST,1924,,,,,,,2,NO INDICATION OF INJURY,0,0,0,0,0,3,0,19,1,10,3,0,19,1,10
CLEAR,"DARKNESS, LIGHTED ROAD",REAR END,NOT DIVIDED,,STRAIGHT AND LEVEL,DRY,NO DEFECTS,ON SCENE,INJURY AND / OR TOW DUE TO CRASH,,,,"OVER $1,500",10/20/2024 0:08,UNDER THE INFLUENCE OF ALCOHOL/DRUGS (USE WHEN ARREST IS EFFECTED),UNABLE TO DETERMINE,1938,W,ADDISON ST,1922,,,,,,,3,NO INDICATION OF INJURY,0,0,0,0,0,4,0,0,1,10,4,0,0,1,10
CLEAR,DAYLIGHT,PARKED MOTOR VEHICLE,ONE-WAY,,STRAIGHT AND LEVEL,DRY,NO DEFECTS,NOT ON SCENE (DESK REPORT),NO INJURY / DRIVE AWAY,,,Y,"OVER $1,500",10/20/2024 12:05,UNABLE TO DETERMINE,UNABLE TO DETERMINE,1245,W,JACKSON BLVD,1231,,,,,,,2,NO INDICATION OF INJURY,0,0,0,0,0,1,0,15,7,10,1,0,15,7,10
UNKNOWN,"DARKNESS, LIGHTED ROAD",REAR END,DIVIDED - W/MEDIAN BARRIER,,STRAIGHT AND LEVEL,UNKNOWN,UNKNOWN,,INJURY AND / OR TOW DUE TO CRASH,,,,"OVER $1,500",10/05/2024 1:30,UNABLE TO DETERMINE,UNABLE TO DETERMINE,2644,S,LAKE SHORE DR SB,133,,,,,,,4,"REPORTED, NOT EVIDENT",1,0,0,0,1,4,0,23,6,10,4,0,23,6,10
UNKNOWN,DARKNESS,SIDESWIPE SAME DIRECTION,DIVIDED - W/MEDIAN (NOT RAISED),,STRAIGHT AND LEVEL,UNKNOWN,UNKNOWN,NOT ON SCENE (DESK REPORT),NO INJURY / DRIVE AWAY,,,,"OVER $1,500",10/20/2024 13:30,FOLLOWING TOO CLOSELY,NOT APPLICABLE,8700,S,LOWE AVE,2223,,,,,,,2,NO INDICATION OF INJURY,0,0,0,0,0,2,0,1,1,10,2,0,1,1,10
CLEAR,DAYLIGHT,SIDESWIPE SAME DIRECTION,NOT DIVIDED,,STRAIGHT AND LEVEL,UNKNOWN,UNKNOWN,NOT ON SCENE (DESK REPORT),NO INJURY / DRIVE AWAY,,,,"OVER $1,500",12/19/2024 9:29,FAILING TO YIELD RIGHT-OF-WAY,FAILING TO YIELD RIGHT-OF-WAY,5595,N,WESTERN AVE,2012,,,,,,,2,NO INDICATION OF INJURY,0,0,0,0,0,2,0,9,5,12,2,0,9,5,12
RAIN,DARKNESS,SIDESWIPE SAME DIRECTION,ONE-WAY,,STRAIGHT AND LEVEL,WET,NO DEFECTS,NOT ON SCENE (DESK REPORT),NO INJURY / DRIVE AWAY,,,Y,"OVER $1,500",11/18/2024 7:55,IMPROPER LANE USAGE,NOT APPLICABLE,8640,S,LAFAYETTE AVE,622,,,,,,,2,NO INDICATION OF INJURY,0,0,0,0,0,2,0,7,2,11,2,0,7,2,11
CLOUDY/OVERCAST,UNKNOWN,PARKED MOTOR VEHICLE,FOUR WAY,,STRAIGHT AND LEVEL,DRY,UNKNOWN,ON SCENE,NO INJURY / DRIVE AWAY,Y,,,"OVER $1,500",12/19/2024 15:20,FAILING TO REDUCE SPEED TO AVOID CRASH,NOT APPLICABLE,924,W,WEBSTER AVE,1812,,,,,,,2,NO INDICATION OF INJURY,0,0,0,0,0,1,0,15,5,12,1,0,15,5,12
CLEAR,DUSK,REAR END,NOT DIVIDED,,STRAIGHT AND LEVEL,DRY,UNKNOWN,NOT ON SCENE (DESK REPORT),NO INJURY / DRIVE AWAY,,,,"$501 - $1,500",10/20/2024 19:45,FOLLOWING TOO CLOSELY,DRIVING SKILLS/KNOWLEDGE/EXPERIENCE,5821,S,KEDZIE AVE,824,,,,,,,2,NO INDICATION OF INJURY,0,0,0,0,0,3,0,18,1,10,3,0,18,1,10
CLEAR,DAYLIGHT,PARKED MOTOR VEHICLE,NOT DIVIDED,,STRAIGHT AND LEVEL,DRY,NO DEFECTS,NOT ON SCENE (DESK REPORT),NO INJURY / DRIVE AWAY,,,,"OVER $1,500",10/19/2024 12:15,IMPROPER LANE USAGE,IMPROPER LANE USAGE,6325,W,56TH ST,811,,,,,,,2,NO INDICATION OF INJURY,0,0,0,0,0,1,0,17,4,10,1,0,17,4,10
SNOW,"DARKNESS, LIGHTED ROAD",FIXED OBJECT,NOT DIVIDED,,STRAIGHT AND LEVEL,SNOW OR SLUSH,UNKNOWN,ON SCENE,INJURY AND / OR TOW DUE TO CRASH,,,,"OVER $1,500",01/06/2024 3:40,WEATHER,WEATHER,507,N,CENTRAL AVE,1523,,,,,,,1,NO INDICATION OF INJURY,0,0,0,0,0,1,0,3,7,1,1,0,3,7,1
CLEAR,DAYLIGHT,ANGLE,FOUR WAY,,STRAIGHT AND LEVEL,DRY,UNKNOWN,ON SCENE,INJURY AND / OR TOW DUE TO CRASH,Y,,,"$501 - $1,500",10/20/2024 13:46,UNABLE TO DETERMINE,NOT APPLICABLE,5400,S,DAMEN AVE,932,,,,,,,2,"REPORTED, NOT EVIDENT",1,0,0,0,1,4,0,13,1,10,4,0,13,1,10
CLOUDY/OVERCAST,DAYLIGHT,SIDESWIPE SAME DIRECTION,DIVIDED - W/MEDIAN BARRIER,,STRAIGHT AND LEVEL,DRY,NO DEFECTS,NOT ON SCENE (DESK REPORT),NO INJURY / DRIVE AWAY,,,,"OVER $1,500",11/19/2024 9:40,IMPROPER OVERTAKING/PASSING,NOT APPLICABLE,6001,S,STONY ISLAND AVE,331,,,,,,,2,NO INDICATION OF INJURY,0,0,0,0,0,3,0,8,3,11,3,0,8,3,11
CLEAR,DARKNESS,SIDESWIPE SAME DIRECTION,FOUR WAY,,STRAIGHT AND LEVEL,DRY,NO DEFECTS,ON SCENE,NO INJURY / DRIVE AWAY,,,,"OVER $1,500",11/19/2024 17:11,FOLLOWING TOO CLOSELY,UNABLE TO DETERMINE,698,W,ROOSEVELT RD,1232,,N,,,,,2,NO INDICATION OF INJURY,0,0,0,0,0,3,0,17,3,11,3,0,17,3,11
CLOUDY/OVERCAST,DARKNESS,REAR END,DIVIDED - W/MEDIAN (NOT RAISED),,STRAIGHT AND LEVEL,WET,NO DEFECTS,NOT ON SCENE (DESK REPORT),NO INJURY / DRIVE AWAY,,,,"OVER $1,500",11/18/2024 20:02,FOLLOWING TOO CLOSELY,DRIVING SKILLS/KNOWLEDGE/EXPERIENCE,1400,W,IRVING PARK RD,1912,,,,,,,2,NO INDICATION OF INJURY,0,0,0,0,0,2,0,19,2,11,2,0,19,2,11