WEATHER_CONDITION,LIGHTING_CONDITION,FIRST_CRASH_TYPE,TRAFFICWAY_TYPE,LANE_CNT,ALIGNMENT,ROADWAY_SURFACE_COND,ROAD_DEFECT,REPORT_TYPE,CRASH_TYPE,INTERSECTION_RELATED_I,NOT_RIGHT_OF_WAY_I,HIT_AND_RUN_I,DAMAGE,DATE_POLICE_NOTIFIED,PRIM_CONTRIBUTORY_CAUSE,SEC_CONTRIBUTORY_CAUSE,STREET_NO,STREET_DIRECTION,STREET_NAME,BEAT_OF_OCCURRENCE,PHOTOS_TAKEN_I,STATEMENTS_TAKEN_I,DOORING_I,WORK_ZONE_I,WORK_ZONE_TYPE,WORKERS_PRESENT_I,NUM_UNITS,MOST_SEVERE_INJURY,INJURIES_TOTAL,INJURIES_FATAL,INJURIES_INCAPACITATING,INJURIES_NON_INCAPACITATING,INJURIES_REPORTED_NOT_EVIDENT,INJURIES_NO_INDICATION,INJURIES_UNKNOWN,CRASH_HOUR,CRASH_DAY_OF_WEEK,CRASH_MONTH,INJURIES_NO_INDICATION,INJURIES_UNKNOWN,CRASH_HOUR,CRASH_DAY_OF_WEEK,CRASH_MONTH
CLEAR,DAWN,PARKED MOTOR VEHICLE,NOT DIVIDED,,STRAIGHT AND LEVEL,DRY,NO DEFECTS,NOT ON SCENE (DESK REPORT),NO INJURY / DRIVE AWAY,,,Y,"OVER $1,500",10/20/2024 8:39,UNABLE TO DETERMINE,UNABLE TO DETERMINE,4818,S,CORNELL AVE,222,,,,,,,2,NO INDICATION OF INJURY,0,0,0,0,0,1,0,2,1,10,1,0,2,1,10
CLEAR,"DARKNESS, LIGHTED ROAD",PARKED MOTOR VEHICLE,NOT DIVIDED,,CURVE ON GRADE,DRY,NO DEFECTS,ON SCENE,INJURY AND / OR TOW DUE TO CRASH,,,Y,"OVER $1,500",10/19/2024 0:44,UNABLE TO DETERMINE,UNABLE TO DETERMINE,1006,N,PULASKI RD,1111,,,,,,,2,NO INDICATION OF INJURY,0,0,0,0,0,1,0,0,7,10,1,0,0,7,10
CLEAR,DAWN,PARKED MOTOR VEHICLE,NOT DIVIDED,,STRAIGHT AND LEVEL,DRY,NO DEFECTS,NOT ON SCENE (DESK REPORT),NO INJURY / DRIVE AWAY,,,,"OVER $1,500",10/19/2024 12:27,IMPROPER LANE USAGE,NOT APPLICABLE,8734,S,STONY ISLAND AVE,412,,,,,,,2,NO INDICATION OF INJURY,0,0,0,0,0,1,0,18,6,10,1,0,18,6,10
CLEAR,DAWN,TURNING,NOT DIVIDED,,STRAIGHT AND LEVEL,DRY,NO DEFECTS,ON SCENE,INJURY AND / OR TOW DUE TO CRASH,,,,$500 OR LESS,10/20/2024 7:10,PHYSICAL CONDITION OF DRIVER,PHYSICAL CONDITION OF DRIVER,2322,W,ROOSEVELT RD,1225,,,,,,,2,NONINCAPACITATING INJURY,1,0,0,1,0,1,0,7,1,10,1,0,7,1,10
CLEAR,DAYLIGHT,SIDESWIPE SAME DIRECTION,NOT DIVIDED,,STRAIGHT AND LEVEL,DRY,NO DEFECTS,,NO INJURY / DRIVE AWAY,,,,"$501 - $1,500",10/20/2024 15:00,UNABLE TO DETERMINE,NOT APPLICABLE,505,N,LAKE SHORE DR,1834,,,,,,,2,NO INDICATION OF INJURY,0,0,0,0,0,2,0,21,7,10,2,0,21,7,10
CLEAR,"DARKNESS, LIGHTED ROAD",REAR END,DIVIDED - W/MEDIAN (NOT RAISED),,STRAIGHT AND LEVEL,DRY,WORN SURFACE,NOT ON SCENE (DESK REPORT),NO INJURY / DRIVE AWAY,,,Y,"OVER $1,500",10/21/2024 0:20,FOLLOWING TOO CLOSELY,DRIVING SKILLS/KNOWLEDGE/EXPERIENCE,2431,W,TOUHY AVE,2411,,,,,,,2,NO INDICATION OF INJURY,0,0,0,0,0,2,0,23,1,10,2,0,23,1,10
UNKNOWN,UNKNOWN,TURNING,NOT DIVIDED,,STRAIGHT AND LEVEL,UNKNOWN,NO DEFECTS,,NO INJURY / DRIVE AWAY,Y,,,"$501 - $1,500",10/14/2024 12:25,FAILING TO YIELD RIGHT-OF-WAY,NOT APPLICABLE,3400,N,KIMBALL AVE,1732,,,,,,,2,NO INDICATION OF INJURY,0,0,0,0,0,2,0,19,2,10,2,0,19,2,10
CLEAR,DAYLIGHT,PEDESTRIAN,ONE-WAY,,STRAIGHT AND LEVEL,DRY,NO DEFECTS,,INJURY AND / OR TOW DUE TO CRASH,,,,"$501 - $1,500",10/23/2023 10:10,DISREGARDING STOP SIGN,FAILING TO REDUCE SPEED TO AVOID CRASH,3402,N,OZARK AVE,1631,,,,,,,2,FATAL,1,1,0,0,0,1,0,10,2,10,1,0,10,2,10
CLEAR,DAYLIGHT,ANGLE,OTHER,,STRAIGHT AND LEVEL,DRY,UNKNOWN,NOT ON SCENE (DESK REPORT),NO INJURY / DRIVE AWAY,,,,"OVER $1,500",10/19/2024 18:30,UNABLE TO DETERMINE,UNABLE TO DETERMINE,6934,N,CLARK ST,2424,,,,,,,2,NO INDICATION OF INJURY,0,0,0,0,0,2,0,16,7,10,2,0,16,7,10
CLEAR,"DARKNESS, LIGHTED ROAD",REAR END,NOT DIVIDED,,STRAIGHT AND LEVEL,DRY,NO DEFECTS,ON SCENE,NO INJURY / DRIVE AWAY,,,,"OVER $1,500",10/10/2018 20:10,TEXTING,NOT APPLICABLE,3830,N,PULASKI RD,1732,,,,,,,3,NO INDICATION OF INJURY,0,0,0,0,0,4,0,20,4,10,4,0,20,4,10
CLOUDY/OVERCAST,DAYLIGHT,REAR END,NOT DIVIDED,,STRAIGHT AND LEVEL,DRY,NO DEFECTS,ON SCENE,INJURY AND / OR TOW DUE TO CRASH,,,,"$501 - $1,500",11/18/2024 8:35,UNABLE TO DETERMINE,UNABLE TO DETERMINE,2500,W,LAWRENCE AVE,2031,,,,,,,2,NO INDICATION OF INJURY,0,0,0,0,0,2,0,8,2,11,2,0,8,2,11
CLEAR,DAYLIGHT,PARKED MOTOR VEHICLE,NOT DIVIDED,,STRAIGHT AND LEVEL,DRY,NO DEFECTS,NOT ON SCENE (DESK REPORT),NO INJURY / DRIVE AWAY,,,Y,"OVER $1,500",12/18/2024 21:20,UNABLE TO DETERMINE,NOT APPLICABLE,2331,N,PULASKI RD,2525,,,,,,,2,NO INDICATION OF INJURY,0,0,0,0,0,1,0,8,3,12,1,0,8,3,12
CLEAR,DAYLIGHT,PARKED MOTOR VEHICLE,NOT DIVIDED,,STRAIGHT AND LEVEL,DRY,UNKNOWN,ON SCENE,NO INJURY / DRIVE AWAY,,,,$500 OR LESS,11/16/2024 13:28,UNABLE TO DETERMINE,UNABLE TO DETERMINE,5908,W,ROOSEVELT RD,1513,,,,,,,2,NO INDICATION OF INJURY,0,0,0,0,0,3,0,13,7,11,3,0,13,7,11
RAIN,DUSK,PEDESTRIAN,FOUR WAY,,STRAIGHT AND LEVEL,WET,UNKNOWN,ON SCENE,INJURY AND / OR TOW DUE TO CRASH,Y,,,$500 OR LESS,09/22/2024 14:48,UNABLE TO DETERMINE,UNABLE TO DETERMINE,4101,N,LARAMIE AVE,1624,,,,,,,2,"REPORTED, NOT EVIDENT",1,0,0,0,1,1,0,14,1,9,1,0,14,1,9
CLEAR,DAYLIGHT,TURNING,DIVIDED - W/MEDIAN (NOT RAISED),,STRAIGHT AND LEVEL,DRY,NO DEFECTS,NOT ON SCENE (DESK REPORT),NO INJURY / DRIVE AWAY,,,,"OVER $1,500",09/21/2024 18:50,UNABLE TO DETERMINE,NOT APPLICABLE,1332,W,DIVISION ST,1433,,,,,,,2,NO INDICATION OF INJURY,0,0,0,0,0,3,0,16,7,9,3,0,16,7,9
UNKNOWN,UNKNOWN,PARKED MOTOR VEHICLE,PARKING LOT,,STRAIGHT AND LEVEL,UNKNOWN,UNKNOWN,NOT ON SCENE (DESK REPORT),NO INJURY / DRIVE AWAY,,,,"OVER $1,500",09/22/2024 8:58,NOT APPLICABLE,NOT APPLICABLE,222,E,HURON ST,1834,,,,,,,2,NO INDICATION OF INJURY,0,0,0,0,0,1,0,7,1,9,1,0,7,1,9
CLEAR,DAYLIGHT,REAR END,NOT DIVIDED,,STRAIGHT AND LEVEL,DRY,NO DEFECTS,NOT ON SCENE (DESK REPORT),NO INJURY / DRIVE AWAY,,,,"OVER $1,500",11/19/2024 15:57,FOLLOWING TOO CLOSELY,NOT APPLICABLE,349,S,CENTRAL PARK AVE,1133,,,,,,,2,NO INDICATION OF INJURY,0,0,0,0,0,2,0,6,3,11,2,0,6,3,11
CLEAR,DAYLIGHT,TURNING,NOT DIVIDED,,STRAIGHT AND LEVEL,DRY,NO DEFECTS,NOT ON SCENE (DESK REPORT),NO INJURY / DRIVE AWAY,,,,"$501 - $1,500",08/27/2024 9:45,UNABLE TO DETERMINE,UNABLE TO DETERMINE,2828,N,PULASKI RD,2523,,,,,,,2,NO INDICATION OF INJURY,0,0,0,0,0,2,0,9,3,8,2,0,9,3,8
CLEAR,DAYLIGHT,TURNING,DIVIDED - W/MEDIAN BARRIER,,STRAIGHT AND LEVEL,DRY,UNKNOWN,NOT ON SCENE (DESK REPORT),NO INJURY / DRIVE AWAY,,,,"$501 - $1,500",09/22/2024 18:45,IMPROPER TURNING/NO SIGNAL,UNABLE TO DETERMINE,1000,N,LAKE SHORE DR,1824,,,,,,,2,NO INDICATION OF INJURY,0,0,0,0,0,2,0,16,5,9,2,0,16,5,9
UNKNOWN,UNKNOWN,TURNING,NOT DIVIDED,,STRAIGHT AND LEVEL,UNKNOWN,UNKNOWN,NOT ON SCENE (DESK REPORT),INJURY AND / OR TOW DUE TO CRASH,,,,"OVER $1,500",04/20/2025 19:20,UNABLE TO DETERMINE,UNABLE TO DETERMINE,4627,N,MILWAUKEE AVE,1623,,,,,,,2,"REPORTED, NOT EVIDENT",1,0,0,0,1,1,0,20,7,4,1,0,20,7,4
UNKNOWN,UNKNOWN,TURNING,DIVIDED - W/MEDIAN (NOT RAISED),,STRAIGHT AND LEVEL,UNKNOWN,UNKNOWN,NOT ON SCENE (DESK REPORT),NO INJURY / DRIVE AWAY,,,,$500 OR LESS,11/18/2024 20:15,IMPROPER LANE USAGE,IMPROPER LANE USAGE,416,S,KOSTNER AVE,1131,,,,,,,2,NO INDICATION OF INJURY,0,0,0,0,0,2,0,18,5,1,2,0,18,5,1
RAIN,"DARKNESS, LIGHTED ROAD",PARKED MOTOR VEHICLE,DIVIDED - W/MEDIAN (NOT RAISED),,STRAIGHT AND LEVEL,WET,NO DEFECTS,NOT ON SCENE (DESK REPORT),INJURY AND / OR TOW DUE TO CRASH,,,,"OVER $1,500",09/23/2024 0:30,"OPERATING VEHICLE IN ERRATIC, RECKLESS, CARELESS, NEGLIGENT OR AGGRESSIVE MANNER",DRIVING SKILLS/KNOWLEDGE/EXPERIENCE,14,N,PEORIA ST,1224,,,,,,,3,NO INDICATION OF INJURY,0,0,0,0,0,1,0,20,1,9,1,0,20,1,9
CLEAR,DAYLIGHT,PEDALCYCLIST,ALLEY,,STRAIGHT AND LEVEL,DRY,NO DEFECTS,ON SCENE,INJURY AND / OR TOW DUE TO CRASH,Y,,Y,$500 OR LESS,09/21/2024 19:17,UNABLE TO DETERMINE,NOT APPLICABLE,7603,S,SOUTH CHICAGO AVE,411,,Y,,,,,2,"REPORTED, NOT EVIDENT",1,0,0,0,1,1,0,16,7,9,1,0,16,7,9
CLEAR,DAYLIGHT,PARKED MOTOR VEHICLE,T-INTERSECTION,,STRAIGHT AND LEVEL,DRY,NO DEFECTS,NOT ON SCENE (DESK REPORT),NO INJURY / DRIVE AWAY,,,Y,"$501 - $1,500",04/17/2025 20:45,FOLLOWING TOO CLOSELY,NOT APPLICABLE,725,S,SEELEY AVE,1225,,,,,,,2,NO INDICATION OF INJURY,0,0,0,0,0,1,0,14,5,4,1,0,14,5,4
CLEAR,DARKNESS,PARKED MOTOR VEHICLE,NOT DIVIDED,,STRAIGHT AND LEVEL,DRY,NO DEFECTS,ON SCENE,INJURY AND / OR TOW DUE TO CRASH,,,,"OVER $1,500",04/20/2025 20:50,UNABLE TO DETERMINE,UNABLE TO DETERMINE,7240,S,KEDZIE AVE,831,,,,,,,2,NO INDICATION OF INJURY,0,0,0,0,0,1,0,20,1,4,1,0,20,1,4
CLEAR,DAYLIGHT,PARKED MOTOR VEHICLE,ONE-WAY,,STRAIGHT AND LEVEL,DRY,UNKNOWN,NOT ON SCENE (DESK REPORT),NO INJURY / DRIVE AWAY,,,,"OVER $1,500",04/20/2025 15:00,UNABLE TO DETERMINE,NOT APPLICABLE,2025,W,CHARLESTON ST,1432,,,,,,,2,NO INDICATION OF INJURY,0,0,0,0,0,1,0,6,1,4,1,0,6,1,4
RAIN,"DARKNESS, LIGHTED ROAD",REAR END,NOT DIVIDED,,STRAIGHT AND LEVEL,WET,NO DEFECTS,ON SCENE,INJURY AND / OR TOW DUE TO CRASH,,,,"$501 - $1,500",09/22/2024 20:09,FOLLOWING TOO CLOSELY,NOT APPLICABLE,4256,W,ADDISON ST,1731,,,,,,,2,"REPORTED, NOT EVIDENT",1,0,0,0,1,1,0,20,1,9,1,0,20,1,9
CLEAR,DAYLIGHT,TURNING,NOT DIVIDED,,STRAIGHT AND LEVEL,DRY,NO DEFECTS,NOT ON SCENE (DESK REPORT),NO INJURY / DRIVE AWAY,,,,"OVER $1,500",09/21/2024 12:10,UNABLE TO DETERMINE,UNABLE TO DETERMINE,5836,N,PULASKI RD,1711,,,,,,,2,NO INDICATION OF INJURY,0,0,0,0,0,2,0,11,7,9,2,0,11,7,9
CLEAR,"DARKNESS, LIGHTED ROAD",SIDESWIPE SAME DIRECTION,NOT DIVIDED,,STRAIGHT AND LEVEL,DRY,NO DEFECTS,ON SCENE,INJURY AND / OR TOW DUE TO CRASH,,,,$500 OR LESS,09/12/2024 0:17,FAILING TO YIELD RIGHT-OF-WAY,NOT APPLICABLE,29,W,IDA B WELLS DR,123,,,,,,,2,NO INDICATION OF INJURY,0,0,0,0,0,3,0,0,5,9,3,0,0,5,9
CLEAR,DAYLIGHT,PARKED MOTOR VEHICLE,ONE-WAY,,STRAIGHT AND LEVEL,DRY,NO DEFECTS,NOT ON SCENE (DESK REPORT),NO INJURY / DRIVE AWAY,,,,"OVER $1,500",09/16/2024 13:00,UNABLE TO DETERMINE,NOT APPLICABLE,8844,S,CLYDE AVE,412,,,,,,,2,NO INDICATION OF INJURY,0,0,0,0,0,1,0,9,2,9,1,0,9,2,9
CLEAR,"DARKNESS, LIGHTED ROAD",REAR END,FOUR WAY,,STRAIGHT AND LEVEL,DRY,NO DEFECTS,NOT ON SCENE (DESK REPORT),NO INJURY / DRIVE AWAY,Y,,,"OVER $1,500",04/19/2025 23:20,DISTRACTION - FROM OUTSIDE VEHICLE,NOT APPLICABLE,500,N,STATE ST,1831,,,,,,,2,NO INDICATION OF INJURY,0,0,0,0,0,2,0,19,7,4,2,0,19,7,4
RAIN,DAYLIGHT,PARKED MOTOR VEHICLE,DIVIDED - W/MEDIAN (NOT RAISED),,STRAIGHT AND LEVEL,WET,NO DEFECTS,NOT ON SCENE (DESK REPORT),NO INJURY / DRIVE AWAY,,,Y,"OVER $1,500",04/20/2025 15:15,UNABLE TO DETERMINE,UNABLE TO DETERMINE,704,W,47TH ST,925,Y,Y,,,,,2,NO INDICATION OF INJURY,0,0,0,0,0,2,0,14,1,4,2,0,14,1,4
RAIN,DAYLIGHT,SIDESWIPE SAME DIRECTION,UNKNOWN,,STRAIGHT AND LEVEL,WET,UNKNOWN,NOT ON SCENE (DESK REPORT),NO INJURY / DRIVE AWAY,,,Y,"OVER $1,500",09/22/2024 16:14,UNABLE TO DETERMINE,NOT APPLICABLE,999,S,MICHIGAN AVE,114,,,,,,,2,NO INDICATION OF INJURY,0,0,0,0,0,2,0,15,1,9,2,0,15,1,9
CLEAR,DARKNESS,SIDESWIPE SAME DIRECTION,DIVIDED - W/MEDIAN (NOT RAISED),,STRAIGHT AND LEVEL,DRY,UNKNOWN,ON SCENE,NO INJURY / DRIVE AWAY,Y,,Y,"OVER $1,500",09/20/2024 19:48,IMPROPER OVERTAKING/PASSING,UNABLE TO DETERMINE,4828,S,WESTERN AVE,922,,,,,,,2,NO INDICATION OF INJURY,0,0,0,0,0,2,0,19,6,9,2,0,19,6,9
CLEAR,DAYLIGHT,PARKED MOTOR VEHICLE,PARKING LOT,,STRAIGHT AND LEVEL,DRY,NO DEFECTS,NOT ON SCENE (DESK REPORT),NO INJURY / DRIVE AWAY,,,Y,"$501 - $1,500",04/20/2025 18:21,FOLLOWING TOO CLOSELY,FOLLOWING TOO CLOSELY,1722,W,HARRISON ST,1231,,,,,,,2,NO INDICATION OF INJURY,0,0,0,0,0,1,0,10,5,4,1,0,10,5,4
CLEAR,DAYLIGHT,PARKED MOTOR VEHICLE,ONE-WAY,,STRAIGHT AND LEVEL,DRY,NO DEFECTS,ON SCENE,NO INJURY / DRIVE AWAY,,,,$500 OR LESS,04/20/2025 19:25,"OPERATING VEHICLE IN ERRATIC, RECKLESS, CARELESS, NEGLIGENT OR AGGRESSIVE MANNER",NOT APPLICABLE,5201,W,CONGRESS PKWY,1522,,,,,,,2,NO INDICATION OF INJURY,0,0,0,0,0,6,0,19,1,4,6,0,19,1,4
RAIN,UNKNOWN,REAR END,DIVIDED - W/MEDIAN (NOT RAISED),,STRAIGHT AND LEVEL,WET,UNKNOWN,NOT ON SCENE (DESK REPORT),NO INJURY / DRIVE AWAY,,,,"OVER $1,500",11/19/2024 15:00,UNABLE TO DETERMINE,NOT APPLICABLE,2806,N,KOSTNER AVE,2523,,,,,,,2,NO INDICATION OF INJURY,0,0,0,0,0,2,0,16,2,11,2,0,16,2,11
CLEAR,DAYLIGHT,ANGLE,ALLEY,,STRAIGHT AND LEVEL,DRY,NO DEFECTS,ON SCENE,INJURY AND / OR TOW DUE TO CRASH,,,,"OVER $1,500",11/19/2024 8:00,FAILING TO YIELD RIGHT-OF-WAY,DRIVING SKILLS/KNOWLEDGE/EXPERIENCE,2017,W,JARVIS AVE,2424,,,,,,,2,NO INDICATION OF INJURY,0,0,0,0,0,6,0,7,3,11,6,0,7,3,11
CLOUDY/OVERCAST,DUSK,REAR END,DIVIDED - W/MEDIAN (NOT RAISED),,STRAIGHT AND LEVEL,DRY,NO DEFECTS,NOT ON SCENE (DESK REPORT),NO INJURY / DRIVE AWAY,Y,,,$500 OR LESS,11/19/2024 18:20,DRIVING SKILLS/KNOWLEDGE/EXPERIENCE,UNABLE TO DETERMINE,5100,S,STATE ST,225,,,,,,,2,NO INDICATION OF INJURY,0,0,0,0,0,3,0,16,3,11,3,0,16,3,11
CLEAR,DAYLIGHT,PEDESTRIAN,FOUR WAY,,STRAIGHT AND LEVEL,DRY,NO DEFECTS,ON SCENE,NO INJURY / DRIVE AWAY,,,,$500 OR LESS,09/14/2024 10:50,UNABLE TO DETERMINE,NOT APPLICABLE,801,W,GARFIELD BLVD,712,,,,,,,2,NO INDICATION OF INJURY,0,0,0,0,0,2,0,10,7,9,2,0,10,7,9
CLEAR,DAYLIGHT,REAR END,UNKNOWN,,STRAIGHT AND LEVEL,DRY,NO DEFECTS,,NO INJURY / DRIVE AWAY,Y,,,"OVER $1,500",12/13/2024 17:05,UNABLE TO DETERMINE,NOT APPLICABLE,8900,S,STATE ST,634,,,,,,,2,NO INDICATION OF INJURY,0,0,0,0,0,2,0,14,6,12,2,0,14,6,12
SEVERE CROSS WIND GATE,DAYLIGHT,PARKED MOTOR VEHICLE,PARKING LOT,,STRAIGHT AND LEVEL,DRY,NO DEFECTS,ON SCENE,NO INJURY / DRIVE AWAY,,,,"$501 - $1,500",04/18/2025 18:50,DRIVING SKILLS/KNOWLEDGE/EXPERIENCE,NOT APPLICABLE,10000,W,OHARE ST,1651,,,,,,,2,NO INDICATION OF INJURY,0,0,0,0,0,1,0,18,6,4,1,0,18,6,4
CLEAR,"DARKNESS, LIGHTED ROAD",HEAD ON,NOT DIVIDED,,STRAIGHT AND LEVEL,DRY,NO DEFECTS,ON SCENE,INJURY AND / OR TOW DUE TO CRASH,,,,"OVER $1,500",04/19/2025 21:43,UNABLE TO DETERMINE,UNABLE TO DETERMINE,7900,S,VINCENNES AVE,621,,,,,,,2,"REPORTED, NOT EVIDENT",3,0,0,0,3,0,0,21,7,4,0,0,21,7,4
CLEAR,DAYLIGHT,ANGLE,NOT DIVIDED,,STRAIGHT AND LEVEL,UNKNOWN,UNKNOWN,,NO INJURY / DRIVE AWAY,,,,"OVER $1,500",04/19/2025 13:30,UNABLE TO DETERMINE,UNABLE TO DETERMINE,5150,W,DIVERSEY AVE,2521,,,,,,,2,NO INDICATION OF INJURY,0,0,0,0,0,2,0,13,7,4,2,0,13,7,4
CLEAR,DAYLIGHT,REAR TO SIDE,NOT DIVIDED,,STRAIGHT AND LEVEL,WET,NO DEFECTS,NOT ON SCENE (DESK REPORT),NO INJURY / DRIVE AWAY,,,Y,"$501 - $1,500",04/20/2025 14:00,FAILING TO YIELD RIGHT-OF-WAY,FAILING TO YIELD RIGHT-OF-WAY,3331,W,BELMONT AVE,1412,,,,,,,2,NO INDICATION OF INJURY,0,0,0,0,0,3,0,0,1,4,3,0,0,1,4
CLEAR,DAWN,TURNING,FOUR WAY,,STRAIGHT AND LEVEL,DRY,NO DEFECTS,NOT ON SCENE (DESK REPORT),NO INJURY / DRIVE AWAY,Y,,,"$501 - $1,500",04/20/2025 20:48,UNABLE TO DETERMINE,UNABLE TO DETERMINE,8701,S,STATE ST,632,,,,,,,2,NO INDICATION OF INJURY,0,0,0,0,0,3,0,19,1,4,3,0,19,1,4
CLEAR,DAYLIGHT,TURNING,FOUR WAY,,STRAIGHT AND LEVEL,DRY,NO DEFECTS,ON SCENE,NO INJURY / DRIVE AWAY,,,,$500 OR LESS,08/27/2024 11:30,UNABLE TO DETERMINE,UNABLE TO DETERMINE,6900,S,WESTERN AVE,832,,,,,,,2,NO INDICATION OF INJURY,0,0,0,0,0,2,0,11,3,8,2,0,11,3,8
SNOW,"DARKNESS, LIGHTED ROAD",PEDESTRIAN,ONE-WAY,,STRAIGHT AND LEVEL,SNOW OR SLUSH,UNKNOWN,ON SCENE,INJURY AND / OR TOW DUE TO CRASH,Y,,Y,"OVER $1,500",12/19/2024 20:05,UNABLE TO DETERMINE,NOT APPLICABLE,400,E,HURON ST,1834,,,,,,,2,INCAPACITATING INJURY,1,0,1,0,0,1,0,20,5,12,1,0,20,5,12
UNKNOWN,UNKNOWN,REAR END,UNKNOWN,,STRAIGHT AND LEVEL,UNKNOWN,UNKNOWN,ON SCENE,INJURY AND / OR TOW DUE TO CRASH,,,Y,"OVER $1,500",09/22/2024 2:05,UNABLE TO DETERMINE,NOT APPLICABLE,400,W,DIVISION ST,1821,,,,,,,2,NONINCAPACITATING INJURY,1,0,0,1,0,1,0,0,1,9,1,0,0,1,9
CLEAR,DAYLIGHT,PARKED MOTOR VEHICLE,ONE-WAY,,STRAIGHT AND LEVEL,DRY,NO DEFECTS,ON SCENE,INJURY AND / OR TOW DUE TO CRASH,,,Y,"OVER $1,500",04/19/2025 19:58,NOT APPLICABLE,NOT APPLICABLE,5343,S,KIMBARK AVE,234,,,,,,,2,NO INDICATION OF INJURY,0,0,0,0,0,1,0,19,7,4,1,0,19,7,4
RAIN,DAYLIGHT,SIDESWIPE SAME DIRECTION,NOT DIVIDED,,STRAIGHT AND LEVEL,UNKNOWN,UNKNOWN,ON SCENE,NO INJURY / DRIVE AWAY,,,Y,"$501 - $1,500",04/20/2025 16:04,IMPROPER OVERTAKING/PASSING,IMPROPER OVERTAKING/PASSING,750,S,HOMAN AVE,1133,,,,,,,2,NO INDICATION OF INJURY,0,0,0,0,0,2,0,15,1,4,2,0,15,1,4
RAIN,"DARKNESS, LIGHTED ROAD",PARKED MOTOR VEHICLE,NOT DIVIDED,,STRAIGHT AND LEVEL,WET,NO DEFECTS,ON SCENE,INJURY AND / OR TOW DUE TO CRASH,,,,"OVER $1,500",04/21/2025 1:01,DISTRACTION - FROM INSIDE VEHICLE,CELL PHONE USE OTHER THAN TEXTING,4822,W,MONTROSE AVE,1623,,,,,,,3,NO INDICATION OF INJURY,0,0,0,0,0,1,0,0,2,4,1,0,0,2,4
CLEAR,DAYLIGHT,PEDALCYCLIST,OTHER,,STRAIGHT AND LEVEL,UNKNOWN,UNKNOWN,ON SCENE,NO INJURY / DRIVE AWAY,,Y,,$500 OR LESS,09/22/2024 17:29,UNABLE TO DETERMINE,NOT APPLICABLE,4917,N,MILWAUKEE AVE,1623,,,,,,,2,NO INDICATION OF INJURY,0,0,0,0,0,2,0,17,1,9,2,0,17,1,9
UNKNOWN,UNKNOWN,SIDESWIPE SAME DIRECTION,DIVIDED - W/MEDIAN BARRIER,,STRAIGHT ON GRADE,UNKNOWN,UNKNOWN,NOT ON SCENE (DESK REPORT),NO INJURY / DRIVE AWAY,,,,"OVER $1,500",09/21/2024 12:30,UNABLE TO DETERMINE,NOT APPLICABLE,1200,S,LAKE SHORE DR NB,132,,,,,,,2,NO INDICATION OF INJURY,0,0,0,0,0,2,0,12,5,9,2,0,12,5,9
UNKNOWN,UNKNOWN,SIDESWIPE SAME DIRECTION,ONE-WAY,,STRAIGHT AND LEVEL,UNKNOWN,UNKNOWN,NOT ON SCENE (DESK REPORT),INJURY AND / OR TOW DUE TO CRASH,,,,"$501 - $1,500",11/18/2024 12:32,UNABLE TO DETERMINE,UNABLE TO DETERMINE,400,S,LAKE SHORE DR NB,114,,,,,,,2,NONINCAPACITATING INJURY,1,0,0,1,0,2,0,13,1,11,2,0,13,1,11
SNOW,DARKNESS,REAR END,NOT DIVIDED,,STRAIGHT AND LEVEL,SNOW OR SLUSH,UNKNOWN,NOT ON SCENE (DESK REPORT),NO INJURY / DRIVE AWAY,,,,"OVER $1,500",12/19/2024 20:00,WEATHER,WEATHER,1100,W,ARMITAGE AVE,1811,,,,,,,2,NO INDICATION OF INJURY,0,0,0,0,0,2,0,20,5,12,2,0,20,5,12
CLEAR,"DARKNESS, LIGHTED ROAD",TURNING,NOT DIVIDED,,STRAIGHT AND LEVEL,DRY,NO DEFECTS,NOT ON SCENE (DESK REPORT),NO INJURY / DRIVE AWAY,Y,,,"OVER $1,500",09/22/2024 17:30,FOLLOWING TOO CLOSELY,DRIVING SKILLS/KNOWLEDGE/EXPERIENCE,151,E,WACKER DR,114,,,,,,,2,NO INDICATION OF INJURY,0,0,0,0,0,3,0,22,7,9,3,0,22,7,9
RAIN,"DARKNESS, LIGHTED ROAD",PEDESTRIAN,NOT DIVIDED,,STRAIGHT AND LEVEL,WET,NO DEFECTS,ON SCENE,INJURY AND / OR TOW DUE TO CRASH,Y,,Y,"OVER $1,500",04/18/2025 23:30,UNABLE TO DETERMINE,UNABLE TO DETERMINE,2398,S,KOSTNER AVE,1013,,Y,,,,,2,NONINCAPACITATING INJURY,1,0,0,1,0,2,0,23,6,4,2,0,23,6,4
CLEAR,DUSK,PARKED MOTOR VEHICLE,ONE-WAY,,STRAIGHT AND LEVEL,DRY,NO DEFECTS,ON SCENE,NO INJURY / DRIVE AWAY,,,,"OVER $1,500",04/20/2025 18:49,UNABLE TO DETERMINE,UNABLE TO DETERMINE,4701,W,WARWICK AVE,1731,,,,,,,2,NO INDICATION OF INJURY,0,0,0,0,0,1,0,18,1,4,1,0,18,1,4
CLEAR,DAYLIGHT,REAR END,NOT DIVIDED,,STRAIGHT AND LEVEL,DRY,NO DEFECTS,NOT ON SCENE (DESK REPORT),NO INJURY / DRIVE AWAY,,,Y,"$501 - $1,500",04/20/2025 8:30,NOT APPLICABLE,NOT APPLICABLE,2455,N,KIMBALL AVE,1413,,,,,,,2,NO INDICATION OF INJURY,0,0,0,0,0,3,0,8,1,4,3,0,8,1,4