WEATHER_CONDITION,LIGHTING_CONDITION,FIRST_CRASH_TYPE,TRAFFICWAY_TYPE,LANE_CNT,ALIGNMENT,ROADWAY_SURFACE_COND,ROAD_DEFECT,REPORT_TYPE,CRASH_TYPE,INTERSECTION_RELATED_I,NOT_RIGHT_OF_WAY_I,HIT_AND_RUN_I,DAMAGE,DATE_POLICE_NOTIFIED,PRIM_CONTRIBUTORY_CAUSE,SEC_CONTRIBUTORY_CAUSE,STREET_NO,STREET_DIRECTION,STREET_NAME,BEAT_OF_OCCURRENCE,PHOTOS_TAKEN_I,STATEMENTS_TAKEN_I,DOORING_I,WORK_ZONE_I,WORK_ZONE_TYPE,WORKERS_PRESENT_I,NUM_UNITS,MOST_SEVERE_INJURY,INJURIES_TOTAL,INJURIES_FATAL,INJURIES_INCAPACITATING,INJURIES_NON_INCAPACITATING,INJURIES_REPORTED_NOT_EVIDENT,INJURIES_NO_INDICATION,INJURIES_UNKNOWN,CRASH_HOUR,CRASH_DAY_OF_WEEK,CRASH_MONTH,INJURIES_NO_INDICATION,INJURIES_UNKNOWN,CRASH_HOUR,CRASH_DAY_OF_WEEK,CRASH_MONTH
SNOW,"DARKNESS, LIGHTED ROAD",ANGLE,PARKING LOT,,STRAIGHT AND LEVEL,SNOW OR SLUSH,NO DEFECTS,NOT ON SCENE (DESK REPORT),NO INJURY / DRIVE AWAY,,,,"OVER $1,500",12/19/2024 19:28,IMPROPER BACKING,FAILING TO YIELD RIGHT-OF-WAY,4700,S,CALIFORNIA AVE,922,,,,,,,2,NO INDICATION OF INJURY,0,0,0,0,0,3,0,19,5,12,3,0,19,5,12
CLEAR,"DARKNESS, LIGHTED ROAD",REAR END,DIVIDED - W/MEDIAN (NOT RAISED),,STRAIGHT AND LEVEL,DRY,NO DEFECTS,NOT ON SCENE (DESK REPORT),NO INJURY / DRIVE AWAY,,,Y,"OVER $1,500",09/22/2024 2:53,FOLLOWING TOO CLOSELY,DRIVING SKILLS/KNOWLEDGE/EXPERIENCE,1664,S,BLUE ISLAND AVE,1233,,,,,,,2,NO INDICATION OF INJURY,0,0,0,0,0,2,0,2,1,9,2,0,2,1,9
CLEAR,DAYLIGHT,PARKED MOTOR VEHICLE,PARKING LOT,,STRAIGHT AND LEVEL,DRY,NO DEFECTS,ON SCENE,NO INJURY / DRIVE AWAY,,Y,,"OVER $1,500",08/27/2024 9:45,UNABLE TO DETERMINE,NOT APPLICABLE,5117,N,EAST RIVER RD,1614,,,,,,,2,NO INDICATION OF INJURY,0,0,0,0,0,1,0,9,3,8,1,0,9,3,8
CLEAR,DAYLIGHT,ANGLE,NOT DIVIDED,,STRAIGHT AND LEVEL,DRY,NO DEFECTS,ON SCENE,INJURY AND / OR TOW DUE TO CRASH,Y,,,"OVER $1,500",09/20/2024 15:48,FAILING TO REDUCE SPEED TO AVOID CRASH,UNABLE TO DETERMINE,1567,E,92ND ST,413,,,,,,,2,NONINCAPACITATING INJURY,1,0,0,1,0,1,0,15,6,9,1,0,15,6,9
CLEAR,"DARKNESS, LIGHTED ROAD",FIXED OBJECT,FOUR WAY,,STRAIGHT AND LEVEL,DRY,NO DEFECTS,ON SCENE,INJURY AND / OR TOW DUE TO CRASH,Y,,,"OVER $1,500",09/21/2024 23:13,DISTRACTION - FROM INSIDE VEHICLE,NOT APPLICABLE,150,E,LOWER SOUTH WATER ST,114,,,,,,,1,NONINCAPACITATING INJURY,1,0,0,1,0,0,0,23,7,9,0,0,23,7,9
CLEAR,DARKNESS,PARKED MOTOR VEHICLE,ONE-WAY,,STRAIGHT AND LEVEL,DRY,NO DEFECTS,NOT ON SCENE (DESK REPORT),NO INJURY / DRIVE AWAY,,,,"OVER $1,500",12/19/2024 11:30,UNABLE TO DETERMINE,UNABLE TO DETERMINE,4328,W,SHAKESPEARE AVE,2522,,,,,,,2,NO INDICATION OF INJURY,0,0,0,0,0,1,0,18,5,12,1,0,18,5,12
CLEAR,DAYLIGHT,PARKED MOTOR VEHICLE,NOT DIVIDED,,STRAIGHT AND LEVEL,DRY,NO DEFECTS,ON SCENE,NO INJURY / DRIVE AWAY,,,Y,"$501 - $1,500",04/18/2025 12:17,"OPERATING VEHICLE IN ERRATIC, RECKLESS, CARELESS, NEGLIGENT OR AGGRESSIVE MANNER",NOT APPLICABLE,3314,S,MAY ST,913,,,,,,,2,NO INDICATION OF INJURY,0,0,0,0,0,1,0,12,6,4,1,0,12,6,4
CLOUDY/OVERCAST,DAYLIGHT,REAR END,T-INTERSECTION,,STRAIGHT AND LEVEL,WET,NO DEFECTS,ON SCENE,NO INJURY / DRIVE AWAY,Y,,,"$501 - $1,500",04/20/2025 17:28,UNABLE TO DETERMINE,NOT APPLICABLE,2131,E,MARQUETTE DR,331,,,,,,,3,NO INDICATION OF INJURY,0,0,0,0,0,4,0,17,1,4,4,0,17,1,4
CLEAR,UNKNOWN,PARKED MOTOR VEHICLE,NOT DIVIDED,,STRAIGHT AND LEVEL,DRY,NO DEFECTS,NOT ON SCENE (DESK REPORT),INJURY AND / OR TOW DUE TO CRASH,,,,"OVER $1,500",04/20/2025 6:00,UNABLE TO DETERMINE,UNABLE TO DETERMINE,2243,N,HARLEM AVE,2512,,,,,,,2,NO INDICATION OF INJURY,0,0,0,0,0,1,0,3,1,4,1,0,3,1,4
UNKNOWN,DAYLIGHT,REAR END,CENTER TURN LANE,,STRAIGHT AND LEVEL,UNKNOWN,UNKNOWN,NOT ON SCENE (DESK REPORT),NO INJURY / DRIVE AWAY,,,,"OVER $1,500",09/22/2024 14:30,FOLLOWING TOO CLOSELY,NOT APPLICABLE,2023,W,FULLERTON AVE,1432,,,,,,,2,NO INDICATION OF INJURY,0,0,0,0,0,2,0,10,1,9,2,0,10,1,9
CLEAR,DAYLIGHT,ANGLE,DIVIDED - W/MEDIAN (NOT RAISED),,STRAIGHT AND LEVEL,DRY,UNKNOWN,ON SCENE,INJURY AND / OR TOW DUE TO CRASH,Y,,Y,"OVER $1,500",09/21/2024 13:05,FAILING TO YIELD RIGHT-OF-WAY,NOT APPLICABLE,6299,S,TRIPP AVE,813,,,,,,,2,NONINCAPACITATING INJURY,3,0,0,3,0,1,0,13,7,9,1,0,13,7,9
CLEAR,DUSK,TURNING,DIVIDED - W/MEDIAN (NOT RAISED),,STRAIGHT AND LEVEL,DRY,NO DEFECTS,NOT ON SCENE (DESK REPORT),INJURY AND / OR TOW DUE TO CRASH,,,,"OVER $1,500",09/21/2024 21:55,FAILING TO YIELD RIGHT-OF-WAY,NOT APPLICABLE,5253,S,PULASKI RD,822,,,,,,,2,NO INDICATION OF INJURY,0,0,0,0,0,4,0,20,7,9,4,0,20,7,9
RAIN,"DARKNESS, LIGHTED ROAD",REAR END,ONE-WAY,,STRAIGHT AND LEVEL,WET,NO DEFECTS,ON SCENE,INJURY AND / OR TOW DUE TO CRASH,,,Y,"OVER $1,500",09/22/2024 23:47,UNABLE TO DETERMINE,UNABLE TO DETERMINE,8701,S,STATE ST,632,,,,,,,2,NO INDICATION OF INJURY,0,0,0,0,0,2,0,23,1,9,2,0,23,1,9
CLEAR,DARKNESS,ANGLE,ONE-WAY,,STRAIGHT AND LEVEL,DRY,NO DEFECTS,NOT ON SCENE (DESK REPORT),NO INJURY / DRIVE AWAY,,,,"$501 - $1,500",09/22/2024 3:45,FAILING TO YIELD RIGHT-OF-WAY,UNABLE TO DETERMINE,200,W,97TH ST,511,,,,,,,2,NO INDICATION OF INJURY,0,0,0,0,0,2,0,1,1,9,2,0,1,1,9
CLEAR,DUSK,REAR TO FRONT,NOT DIVIDED,,STRAIGHT AND LEVEL,DRY,NO DEFECTS,NOT ON SCENE (DESK REPORT),NO INJURY / DRIVE AWAY,,Y,Y,"$501 - $1,500",08/28/2025 20:00,UNABLE TO DETERMINE,UNABLE TO DETERMINE,353,N,DESPLAINES ST,1214,,,,,,,2,NO INDICATION OF INJURY,0,0,0,0,0,2,0,19,5,8,2,0,19,5,8
CLEAR,DAYLIGHT,REAR END,DIVIDED - W/MEDIAN BARRIER,,STRAIGHT AND LEVEL,DRY,NO DEFECTS,ON SCENE,NO INJURY / DRIVE AWAY,,,,"OVER $1,500",09/20/2024 17:55,IMPROPER LANE USAGE,NOT APPLICABLE,8800,S,CHICAGO SKYWAY OB,412,,,,,,,2,NO INDICATION OF INJURY,0,0,0,0,0,2,0,17,6,9,2,0,17,6,9
CLEAR,DAYLIGHT,ANGLE,NOT DIVIDED,,STRAIGHT AND LEVEL,DRY,NO DEFECTS,ON SCENE,INJURY AND / OR TOW DUE TO CRASH,Y,,,"OVER $1,500",04/19/2025 13:50,UNABLE TO DETERMINE,NOT APPLICABLE,6300,N,CALIFORNIA AVE,2413,,,,,,,2,"REPORTED, NOT EVIDENT",2,0,0,0,2,4,0,13,7,4,4,0,13,7,4
CLEAR,"DARKNESS, LIGHTED ROAD",SIDESWIPE SAME DIRECTION,FOUR WAY,,STRAIGHT AND LEVEL,DRY,UNKNOWN,,NO INJURY / DRIVE AWAY,Y,,Y,"OVER $1,500",04/20/2025 1:03,IMPROPER LANE USAGE,IMPROPER OVERTAKING/PASSING,517,W,LAKE ST,121,,,,,,,2,NO INDICATION OF INJURY,0,0,0,0,0,3,0,0,1,4,3,0,0,1,4
CLOUDY/OVERCAST,DAYLIGHT,SIDESWIPE SAME DIRECTION,DIVIDED - W/MEDIAN (NOT RAISED),,STRAIGHT AND LEVEL,DRY,UNKNOWN,NOT ON SCENE (DESK REPORT),NO INJURY / DRIVE AWAY,,,Y,"OVER $1,500",04/20/2025 13:40,IMPROPER LANE USAGE,NOT APPLICABLE,8100,S,STONY ISLAND AVE,411,,,,,,,2,NO INDICATION OF INJURY,0,0,0,0,0,2,0,12,1,4,2,0,12,1,4
CLEAR,DAYLIGHT,PARKED MOTOR VEHICLE,NOT DIVIDED,,STRAIGHT AND LEVEL,WET,NO DEFECTS,ON SCENE,INJURY AND / OR TOW DUE TO CRASH,,,,"OVER $1,500",04/20/2025 17:07,PHYSICAL CONDITION OF DRIVER,NOT APPLICABLE,3558,N,PINE GROVE AVE,1925,,,,,,,4,NONINCAPACITATING INJURY,1,0,0,1,0,0,0,17,1,4,0,0,17,1,4
RAIN,DAYLIGHT,REAR TO FRONT,NOT DIVIDED,,STRAIGHT AND LEVEL,WET,NO DEFECTS,NOT ON SCENE (DESK REPORT),NO INJURY / DRIVE AWAY,,,,"OVER $1,500",09/22/2024 15:08,DRIVING SKILLS/KNOWLEDGE/EXPERIENCE,UNABLE TO DETERMINE,3151,W,GEORGE ST,1411,,,,,,,2,NO INDICATION OF INJURY,0,0,0,0,0,2,0,14,1,9,2,0,14,1,9
RAIN,DAYLIGHT,REAR END,DIVIDED - W/MEDIAN BARRIER,,STRAIGHT AND LEVEL,DRY,NO DEFECTS,NOT ON SCENE (DESK REPORT),NO INJURY / DRIVE AWAY,,,,"$501 - $1,500",09/22/2024 17:00,WEATHER,WEATHER,1001,N,LAKE SHORE DR SB,1824,,,,,,,2,NO INDICATION OF INJURY,0,0,0,0,0,4,0,16,1,9,4,0,16,1,9
CLOUDY/OVERCAST,DAYLIGHT,PARKED MOTOR VEHICLE,NOT DIVIDED,,STRAIGHT AND LEVEL,DRY,NO DEFECTS,ON SCENE,NO INJURY / DRIVE AWAY,,,Y,"$501 - $1,500",12/19/2024 10:50,UNABLE TO DETERMINE,NOT APPLICABLE,3315,S,CALIFORNIA AVE,911,,,,,,,2,NO INDICATION OF INJURY,0,0,0,0,0,1,0,9,5,12,1,0,9,5,12
SNOW,DARKNESS,TURNING,NOT DIVIDED,,STRAIGHT AND LEVEL,WET,NO DEFECTS,ON SCENE,INJURY AND / OR TOW DUE TO CRASH,Y,,,"OVER $1,500",12/19/2024 17:52,FAILING TO YIELD RIGHT-OF-WAY,FAILING TO YIELD RIGHT-OF-WAY,6561,N,CALDWELL AVE,1621,,,,,,,2,NONINCAPACITATING INJURY,1,0,0,1,0,2,0,17,5,12,2,0,17,5,12
CLEAR,DAYLIGHT,TURNING,T-INTERSECTION,,STRAIGHT AND LEVEL,DRY,UNKNOWN,NOT ON SCENE (DESK REPORT),INJURY AND / OR TOW DUE TO CRASH,Y,,,"OVER $1,500",08/27/2024 17:37,UNABLE TO DETERMINE,UNABLE TO DETERMINE,3334,W,GRAND AVE,1121,,,,,,,2,"REPORTED, NOT EVIDENT",1,0,0,0,1,1,0,17,3,8,1,0,17,3,8
CLEAR,DAYLIGHT,PARKED MOTOR VEHICLE,NOT DIVIDED,,STRAIGHT AND LEVEL,DRY,NO DEFECTS,ON SCENE,INJURY AND / OR TOW DUE TO CRASH,,,,"OVER $1,500",06/07/2025 15:42,UNABLE TO DETERMINE,UNABLE TO DETERMINE,3835,N,WESTERN AVE,1921,,,,,,,2,INCAPACITATING INJURY,1,0,1,0,0,0,0,15,7,6,0,0,15,7,6
CLEAR,DAYLIGHT,PARKED MOTOR VEHICLE,NOT DIVIDED,,STRAIGHT AND LEVEL,DRY,NO DEFECTS,NOT ON SCENE (DESK REPORT),NO INJURY / DRIVE AWAY,,,Y,"OVER $1,500",03/31/2025 19:20,UNABLE TO DETERMINE,NOT APPLICABLE,6150,N,HOYNE AVE,2413,,,,,,,2,NO INDICATION OF INJURY,0,0,0,0,0,1,0,7,5,3,1,0,7,5,3
CLEAR,DAYLIGHT,TURNING,FOUR WAY,,STRAIGHT AND LEVEL,DRY,NO DEFECTS,NOT ON SCENE (DESK REPORT),NO INJURY / DRIVE AWAY,Y,,Y,"OVER $1,500",03/31/2025 12:00,UNABLE TO DETERMINE,NOT APPLICABLE,4786,N,MILWAUKEE AVE,1623,,,,,,,2,NO INDICATION OF INJURY,0,0,0,0,0,2,0,16,7,3,2,0,16,7,3
CLEAR,DAYLIGHT,PARKED MOTOR VEHICLE,PARKING LOT,,STRAIGHT AND LEVEL,DRY,NO DEFECTS,,NO INJURY / DRIVE AWAY,,,Y,"$501 - $1,500",10/15/2022 22:01,UNABLE TO DETERMINE,NOT APPLICABLE,1,W,PARKING LOT A ST,1654,,,,,,,2,NO INDICATION OF INJURY,0,0,0,0,0,1,0,22,7,10,1,0,22,7,10
RAIN,DAYLIGHT,PEDALCYCLIST,FOUR WAY,,STRAIGHT AND LEVEL,WET,NO DEFECTS,ON SCENE,INJURY AND / OR TOW DUE TO CRASH,,,Y,$500 OR LESS,09/22/2024 10:16,UNABLE TO DETERMINE,NOT APPLICABLE,8501,S,LAFAYETTE AVE,622,,,,,,,2,"REPORTED, NOT EVIDENT",1,0,0,0,1,1,0,10,1,9,1,0,10,1,9
CLEAR,DAWN,PARKED MOTOR VEHICLE,NOT DIVIDED,,STRAIGHT AND LEVEL,DRY,NO DEFECTS,ON SCENE,NO INJURY / DRIVE AWAY,,,,"$501 - $1,500",03/31/2025 6:13,NOT APPLICABLE,NOT APPLICABLE,945,W,WAVELAND AVE,1923,,,,,,,2,NO INDICATION OF INJURY,0,0,0,0,0,1,0,6,2,3,1,0,6,2,3
UNKNOWN,UNKNOWN,PARKED MOTOR VEHICLE,ONE-WAY,,STRAIGHT AND LEVEL,UNKNOWN,UNKNOWN,ON SCENE,NO INJURY / DRIVE AWAY,,,Y,"OVER $1,500",04/20/2025 8:19,UNABLE TO DETERMINE,UNABLE TO DETERMINE,4528,W,PARKER AVE,2521,,,,,,,3,NO INDICATION OF INJURY,0,0,0,0,0,1,0,8,1,4,1,0,8,1,4
RAIN,DAYLIGHT,TURNING,Y-INTERSECTION,,STRAIGHT AND LEVEL,WET,NO DEFECTS,ON SCENE,INJURY AND / OR TOW DUE TO CRASH,Y,,,"OVER $1,500",09/22/2024 12:46,DISTRACTION - FROM INSIDE VEHICLE,WEATHER,10500,S,INDIANAPOLIS AVE,432,Y,Y,,,,,2,NONINCAPACITATING INJURY,1,0,0,1,0,3,0,12,1,9,3,0,12,1,9
CLEAR,"DARKNESS, LIGHTED ROAD",FIXED OBJECT,DIVIDED - W/MEDIAN BARRIER,,STRAIGHT AND LEVEL,DRY,NO DEFECTS,ON SCENE,INJURY AND / OR TOW DUE TO CRASH,,,,"OVER $1,500",09/21/2024 21:16,FAILING TO REDUCE SPEED TO AVOID CRASH,NOT APPLICABLE,400,S,LAKE SHORE DR NB,114,,,,,,,1,INCAPACITATING INJURY,1,0,1,0,0,0,0,21,7,9,0,0,21,7,9
CLEAR,DAYLIGHT,PARKED MOTOR VEHICLE,ONE-WAY,,STRAIGHT ON HILLCREST,DRY,NO DEFECTS,ON SCENE,NO INJURY / DRIVE AWAY,,,Y,"$501 - $1,500",08/26/2017 14:02,UNABLE TO DETERMINE,UNABLE TO DETERMINE,2158,W,POTOMAC AVE,1424,,,,,,,2,NO INDICATION OF INJURY,0,0,0,0,0,1,0,14,7,8,1,0,14,7,8
CLEAR,"DARKNESS, LIGHTED ROAD",FIXED OBJECT,ALLEY,,STRAIGHT AND LEVEL,DRY,NO DEFECTS,NOT ON SCENE (DESK REPORT),NO INJURY / DRIVE AWAY,Y,Y,,"OVER $1,500",06/26/2017 23:30,UNABLE TO DETERMINE,UNABLE TO DETERMINE,5540,S,HYDE PARK BLVD,235,,,,,,,1,NO INDICATION OF INJURY,0,0,0,0,0,2,0,23,2,6,2,0,23,2,6
CLEAR,"DARKNESS, LIGHTED ROAD",PARKED MOTOR VEHICLE,NOT DIVIDED,,STRAIGHT AND LEVEL,DRY,NO DEFECTS,NOT ON SCENE (DESK REPORT),NO INJURY / DRIVE AWAY,,,Y,"$501 - $1,500",03/13/2023 14:08,UNABLE TO DETERMINE,UNABLE TO DETERMINE,1214,W,THORNDALE AVE,2013,,,,,,,2,NO INDICATION OF INJURY,0,0,0,0,0,1,0,22,6,3,1,0,22,6,3
CLEAR,DAYLIGHT,SIDESWIPE SAME DIRECTION,NOT DIVIDED,,STRAIGHT AND LEVEL,DRY,NO DEFECTS,NOT ON SCENE (DESK REPORT),NO INJURY / DRIVE AWAY,,,,"OVER $1,500",06/07/2025 9:50,IMPROPER OVERTAKING/PASSING,FOLLOWING TOO CLOSELY,5617,W,FOSTER AVE,1622,,,,,,,2,NO INDICATION OF INJURY,0,0,0,0,0,5,0,9,7,6,5,0,9,7,6
CLEAR,DAYLIGHT,SIDESWIPE SAME DIRECTION,DIVIDED - W/MEDIAN (NOT RAISED),,STRAIGHT AND LEVEL,DRY,UNKNOWN,NOT ON SCENE (DESK REPORT),NO INJURY / DRIVE AWAY,,,,"$501 - $1,500",08/29/2025 11:45,UNABLE TO DETERMINE,UNABLE TO DETERMINE,3050,S,KEDZIE AVE,1032,,,,,,,2,NO INDICATION OF INJURY,0,0,0,0,0,2,0,16,5,8,2,0,16,5,8
CLEAR,DAYLIGHT,PARKED MOTOR VEHICLE,PARKING LOT,,STRAIGHT AND LEVEL,DRY,NO DEFECTS,NOT ON SCENE (DESK REPORT),NO INJURY / DRIVE AWAY,,,,"OVER $1,500",09/21/2024 12:46,UNABLE TO DETERMINE,UNABLE TO DETERMINE,6650,S,STONY ISLAND AVE,321,,,,,,,2,NO INDICATION OF INJURY,0,0,0,0,0,1,0,16,5,9,1,0,16,5,9
CLEAR,DAYLIGHT,PARKED MOTOR VEHICLE,ONE-WAY,,STRAIGHT AND LEVEL,DRY,NO DEFECTS,NOT ON SCENE (DESK REPORT),NO INJURY / DRIVE AWAY,,,Y,"OVER $1,500",09/21/2024 11:30,UNABLE TO DETERMINE,NOT APPLICABLE,2751,N,WOLCOTT AVE,1931,,,,,,,2,NO INDICATION OF INJURY,0,0,0,0,0,1,0,17,6,9,1,0,17,6,9
CLEAR,"DARKNESS, LIGHTED ROAD",SIDESWIPE SAME DIRECTION,DIVIDED - W/MEDIAN BARRIER,,STRAIGHT AND LEVEL,DRY,NO DEFECTS,,NO INJURY / DRIVE AWAY,,,,"OVER $1,500",04/19/2025 21:45,UNABLE TO DETERMINE,NOT APPLICABLE,221,N,LA SALLE ST,122,,,,,,,2,NO INDICATION OF INJURY,0,0,0,0,0,4,0,21,7,4,4,0,21,7,4
CLEAR,DAYLIGHT,SIDESWIPE SAME DIRECTION,DIVIDED - W/MEDIAN (NOT RAISED),,STRAIGHT AND LEVEL,DRY,NO DEFECTS,NOT ON SCENE (DESK REPORT),NO INJURY / DRIVE AWAY,,,N,"$501 - $1,500",03/31/2025 17:00,IMPROPER LANE USAGE,UNABLE TO DETERMINE,4739,W,MONTROSE AVE,1722,,,,,,,2,NO INDICATION OF INJURY,0,0,0,0,0,2,0,16,2,3,2,0,16,2,3
CLEAR,DAYLIGHT,PARKED MOTOR VEHICLE,ONE-WAY,,STRAIGHT AND LEVEL,DRY,NO DEFECTS,NOT ON SCENE (DESK REPORT),NO INJURY / DRIVE AWAY,,,Y,"OVER $1,500",03/31/2025 14:45,UNABLE TO DETERMINE,NOT APPLICABLE,952,E,81ST ST,631,,,,,,,2,NO INDICATION OF INJURY,0,0,0,0,0,1,0,12,2,3,1,0,12,2,3
CLEAR,DAYLIGHT,SIDESWIPE SAME DIRECTION,NOT DIVIDED,,STRAIGHT AND LEVEL,DRY,NO DEFECTS,ON SCENE,NO INJURY / DRIVE AWAY,,,,"OVER $1,500",04/20/2025 12:27,FAILING TO YIELD RIGHT-OF-WAY,NOT APPLICABLE,9132,S,VINCENNES AVE,2222,,,,,,,2,NO INDICATION OF INJURY,0,0,0,0,0,2,0,12,1,4,2,0,12,1,4
CLEAR,DAYLIGHT,PARKED MOTOR VEHICLE,ALLEY,,STRAIGHT AND LEVEL,WET,NO DEFECTS,NOT ON SCENE (DESK REPORT),INJURY AND / OR TOW DUE TO CRASH,,,,"OVER $1,500",04/20/2025 19:25,UNABLE TO DETERMINE,UNABLE TO DETERMINE,4814,W,RACE AVE,1532,,,,,,,2,NO INDICATION OF INJURY,0,0,0,0,0,1,0,19,1,4,1,0,19,1,4
RAIN,DAYLIGHT,ANGLE,PARKING LOT,,STRAIGHT AND LEVEL,WET,UNKNOWN,ON SCENE,NO INJURY / DRIVE AWAY,,,,"$501 - $1,500",04/20/2025 10:45,UNABLE TO DETERMINE,NOT APPLICABLE,2300,S,THROOP ST,1235,,,,,,,2,NO INDICATION OF INJURY,0,0,0,0,0,2,0,10,1,4,2,0,10,1,4
CLEAR,DAYLIGHT,ANGLE,TRAFFIC ROUTE,,STRAIGHT AND LEVEL,DRY,UNKNOWN,ON SCENE,INJURY AND / OR TOW DUE TO CRASH,Y,,,"OVER $1,500",09/15/2024 18:54,DISREGARDING TRAFFIC SIGNALS,UNABLE TO DETERMINE,300,E,RANDOLPH ST,114,,,,,,,2,NO INDICATION OF INJURY,0,0,0,0,0,4,0,18,1,9,4,0,18,1,9
CLEAR,DAYLIGHT,ANGLE,FOUR WAY,,STRAIGHT AND LEVEL,DRY,NO DEFECTS,ON SCENE,INJURY AND / OR TOW DUE TO CRASH,Y,,,"OVER $1,500",08/27/2024 14:58,FAILING TO YIELD RIGHT-OF-WAY,NOT APPLICABLE,2399,W,36TH ST,911,,,,,,,2,NONINCAPACITATING INJURY,2,0,0,2,0,1,0,14,3,8,1,0,14,3,8
CLEAR,DAYLIGHT,REAR TO SIDE,PARKING LOT,,STRAIGHT AND LEVEL,DRY,UNKNOWN,ON SCENE,NO INJURY / DRIVE AWAY,,Y,,"$501 - $1,500",06/07/2025 16:25,NOT APPLICABLE,NOT APPLICABLE,4007,W,59TH ST,813,,,,,,,2,NO INDICATION OF INJURY,0,0,0,0,0,2,0,16,7,6,2,0,16,7,6
CLEAR,DAYLIGHT,ANGLE,NOT DIVIDED,,STRAIGHT AND LEVEL,DRY,NO DEFECTS,,INJURY AND / OR TOW DUE TO CRASH,Y,,,"OVER $1,500",06/07/2025 14:55,FAILING TO YIELD RIGHT-OF-WAY,UNABLE TO DETERMINE,6800,N,NORTHWEST HWY,1612,,,,,,,2,NONINCAPACITATING INJURY,2,0,0,2,0,1,0,14,7,6,1,0,14,7,6
CLEAR,DAYLIGHT,ANGLE,DIVIDED - W/MEDIAN (NOT RAISED),,STRAIGHT AND LEVEL,UNKNOWN,UNKNOWN,NOT ON SCENE (DESK REPORT),NO INJURY / DRIVE AWAY,,,,"OVER $1,500",03/31/2025 19:45,"VISION OBSCURED (SIGNS, TREE LIMBS, BUILDINGS, ETC.)",NOT APPLICABLE,8639,S,KEDZIE AVE,835,,,,,,,2,NO INDICATION OF INJURY,0,0,0,0,0,2,0,14,7,3,2,0,14,7,3
OTHER,DARKNESS,PEDESTRIAN,FOUR WAY,,STRAIGHT AND LEVEL,UNKNOWN,UNKNOWN,ON SCENE,INJURY AND / OR TOW DUE TO CRASH,Y,,Y,$500 OR LESS,12/19/2024 17:05,FAILING TO YIELD RIGHT-OF-WAY,NOT APPLICABLE,801,E,91ST ST,633,,,,,,,2,INCAPACITATING INJURY,2,0,1,0,1,0,0,17,5,12,0,0,17,5,12
CLEAR,DAYLIGHT,ANGLE,ALLEY,,STRAIGHT AND LEVEL,WET,NO DEFECTS,ON SCENE,INJURY AND / OR TOW DUE TO CRASH,,,,"OVER $1,500",03/30/2025 10:35,FAILING TO REDUCE SPEED TO AVOID CRASH,UNABLE TO DETERMINE,2318,S,PRINCETON AVE,914,,,,,,,2,NO INDICATION OF INJURY,0,0,0,0,0,2,0,10,1,3,2,0,10,1,3
CLEAR,DAYLIGHT,PEDALCYCLIST,FOUR WAY,,STRAIGHT AND LEVEL,DRY,NO DEFECTS,ON SCENE,INJURY AND / OR TOW DUE TO CRASH,Y,,,"OVER $1,500",03/31/2025 16:40,FAILING TO YIELD RIGHT-OF-WAY,UNABLE TO DETERMINE,4759,W,DIVERSEY AVE,2521,,,,,,,2,NONINCAPACITATING INJURY,1,0,0,1,0,1,0,16,2,3,1,0,16,2,3
CLEAR,"DARKNESS, LIGHTED ROAD",PEDESTRIAN,FOUR WAY,,STRAIGHT AND LEVEL,DRY,NO DEFECTS,ON SCENE,INJURY AND / OR TOW DUE TO CRASH,Y,,,"OVER $1,500",04/20/2025 2:44,NOT APPLICABLE,NOT APPLICABLE,355,N,CICERO AVE,1113,,,,,,,2,NONINCAPACITATING INJURY,1,0,0,1,0,1,0,2,1,4,1,0,2,1,4
CLEAR,DAYLIGHT,PARKED MOTOR VEHICLE,ONE-WAY,,STRAIGHT AND LEVEL,DRY,NO DEFECTS,NOT ON SCENE (DESK REPORT),NO INJURY / DRIVE AWAY,,,Y,$500 OR LESS,09/22/2024 21:09,IMPROPER OVERTAKING/PASSING,IMPROPER OVERTAKING/PASSING,10000,W,BALMORAL AVE,1654,,,,,,,2,NO INDICATION OF INJURY,0,0,0,0,0,2,0,19,1,9,2,0,19,1,9
CLEAR,DAYLIGHT,ANGLE,ONE-WAY,,STRAIGHT AND LEVEL,DRY,UNKNOWN,ON SCENE,INJURY AND / OR TOW DUE TO CRASH,,,,"OVER $1,500",05/10/2024 6:45,UNABLE TO DETERMINE,UNABLE TO DETERMINE,3455,W,52ND ST,822,,,,,,,2,NO INDICATION OF INJURY,0,0,0,0,0,2,0,5,6,5,2,0,5,6,5
CLEAR,DAYLIGHT,PARKED MOTOR VEHICLE,NOT DIVIDED,,STRAIGHT AND LEVEL,DRY,NO DEFECTS,ON SCENE,NO INJURY / DRIVE AWAY,,,,$500 OR LESS,12/10/2021 12:30,UNABLE TO DETERMINE,UNABLE TO DETERMINE,1248,S,HALSTED ST,1232,,,,,,,2,NO INDICATION OF INJURY,0,0,0,0,0,2,0,12,6,12,2,0,12,6,12