WEATHER_CONDITION,LIGHTING_CONDITION,FIRST_CRASH_TYPE,TRAFFICWAY_TYPE,LANE_CNT,ALIGNMENT,ROADWAY_SURFACE_COND,ROAD_DEFECT,REPORT_TYPE,CRASH_TYPE,INTERSECTION_RELATED_I,NOT_RIGHT_OF_WAY_I,HIT_AND_RUN_I,DAMAGE,DATE_POLICE_NOTIFIED,PRIM_CONTRIBUTORY_CAUSE,SEC_CONTRIBUTORY_CAUSE,STREET_NO,STREET_DIRECTION,STREET_NAME,BEAT_OF_OCCURRENCE,PHOTOS_TAKEN_I,STATEMENTS_TAKEN_I,DOORING_I,WORK_ZONE_I,WORK_ZONE_TYPE,WORKERS_PRESENT_I,NUM_UNITS,MOST_SEVERE_INJURY,INJURIES_TOTAL,INJURIES_FATAL,INJURIES_INCAPACITATING,INJURIES_NON_INCAPACITATING,INJURIES_REPORTED_NOT_EVIDENT,INJURIES_NO_INDICATION,INJURIES_UNKNOWN,CRASH_HOUR,CRASH_DAY_OF_WEEK,CRASH_MONTH,INJURIES_NO_INDICATION,INJURIES_UNKNOWN,CRASH_HOUR,CRASH_DAY_OF_WEEK,CRASH_MONTH
CLEAR,DAYLIGHT,REAR END,PARKING LOT,2,STRAIGHT AND LEVEL,DRY,UNKNOWN,NOT ON SCENE (DESK REPORT),NO INJURY / DRIVE AWAY,,,,"OVER $1,500",09/09/2017 19:20,UNABLE TO DETERMINE,UNABLE TO DETERMINE,3951,W,103RD ST,2211,,,,,,,2,NO INDICATION OF INJURY,0,0,0,0,0,2,0,18,7,9,2,0,18,7,9
CLEAR,DAYLIGHT,ANGLE,FOUR WAY,,STRAIGHT AND LEVEL,UNKNOWN,UNKNOWN,NOT ON SCENE (DESK REPORT),NO INJURY / DRIVE AWAY,Y,,,"OVER $1,500",08/27/2024 15:29,UNABLE TO DETERMINE,NOT APPLICABLE,2800,W,BRYN MAWR AVE,2011,,,,,,,2,NO INDICATION OF INJURY,0,0,0,0,0,2,0,14,3,8,2,0,14,3,8
RAIN,"DARKNESS, LIGHTED ROAD",TURNING,FOUR WAY,,STRAIGHT AND LEVEL,WET,NO DEFECTS,NOT ON SCENE (DESK REPORT),NO INJURY / DRIVE AWAY,,,Y,"OVER $1,500",06/08/2025 0:57,DISREGARDING TRAFFIC SIGNALS,UNABLE TO DETERMINE,4000,W,MARQUETTE RD,833,,,,,,,2,NO INDICATION OF INJURY,0,0,0,0,0,3,0,0,1,6,3,0,0,1,6
CLEAR,DAYLIGHT,REAR END,NOT DIVIDED,,STRAIGHT AND LEVEL,DRY,NO DEFECTS,ON SCENE,NO INJURY / DRIVE AWAY,,,,"OVER $1,500",08/27/2024 15:01,FAILING TO REDUCE SPEED TO AVOID CRASH,FOLLOWING TOO CLOSELY,5699,N,NAGLE AVE,1622,,,,,,,2,NO INDICATION OF INJURY,0,0,0,0,0,2,0,14,3,8,2,0,14,3,8
CLEAR,"DARKNESS, LIGHTED ROAD",OTHER NONCOLLISION,NOT DIVIDED,,STRAIGHT AND LEVEL,OTHER,"RUT, HOLES",NOT ON SCENE (DESK REPORT),NO INJURY / DRIVE AWAY,,,,"OVER $1,500",03/31/2025 8:29,UNABLE TO DETERMINE,UNABLE TO DETERMINE,7125,S,VINCENNES AVE,731,,,,,,,1,NO INDICATION OF INJURY,0,0,0,0,0,1,0,20,1,3,1,0,20,1,3
CLEAR,DAYLIGHT,SIDESWIPE SAME DIRECTION,NOT DIVIDED,,STRAIGHT AND LEVEL,DRY,NO DEFECTS,ON SCENE,NO INJURY / DRIVE AWAY,,,,"OVER $1,500",03/31/2025 17:25,UNABLE TO DETERMINE,UNABLE TO DETERMINE,1232,W,GRAND AVE,1214,,,,,,,2,NO INDICATION OF INJURY,0,0,0,0,0,4,0,17,2,3,4,0,17,2,3
UNKNOWN,DAYLIGHT,REAR TO SIDE,PARKING LOT,,STRAIGHT AND LEVEL,UNKNOWN,UNKNOWN,NOT ON SCENE (DESK REPORT),NO INJURY / DRIVE AWAY,,Y,,"OVER $1,500",03/31/2025 19:45,IMPROPER BACKING,FAILING TO REDUCE SPEED TO AVOID CRASH,8620,S,COTTAGE GROVE AVE,632,,,,,,,2,NO INDICATION OF INJURY,0,0,0,0,0,2,0,16,2,3,2,0,16,2,3
CLEAR,"DARKNESS, LIGHTED ROAD",OTHER OBJECT,DIVIDED - W/MEDIAN (NOT RAISED),,STRAIGHT AND LEVEL,DRY,NO DEFECTS,ON SCENE,INJURY AND / OR TOW DUE TO CRASH,,,,"OVER $1,500",04/01/2025 1:52,DISREGARDING OTHER TRAFFIC SIGNS,DISREGARDING OTHER TRAFFIC SIGNS,582,E,31ST ST,133,,,,Y,CONSTRUCTION,,1,NO INDICATION OF INJURY,0,0,0,0,0,1,0,1,3,4,1,0,1,3,4
RAIN,DAYLIGHT,TURNING,NOT DIVIDED,,STRAIGHT AND LEVEL,WET,NO DEFECTS,ON SCENE,NO INJURY / DRIVE AWAY,,,,$500 OR LESS,04/20/2025 14:53,UNABLE TO DETERMINE,NOT APPLICABLE,5228,N,SHERIDAN RD,2023,,,,,,,2,NO INDICATION OF INJURY,0,0,0,0,0,2,0,14,1,4,2,0,14,1,4
RAIN,DAYLIGHT,SIDESWIPE OPPOSITE DIRECTION,ONE-WAY,,STRAIGHT AND LEVEL,WET,NO DEFECTS,ON SCENE,NO INJURY / DRIVE AWAY,,,,$500 OR LESS,09/22/2024 8:35,IMPROPER BACKING,NOT APPLICABLE,5,W,TERMINAL ST,1655,,,,,,,2,NO INDICATION OF INJURY,0,0,0,0,0,2,0,8,1,9,2,0,8,1,9
CLEAR,UNKNOWN,HEAD ON,T-INTERSECTION,,STRAIGHT AND LEVEL,DRY,UNKNOWN,ON SCENE,INJURY AND / OR TOW DUE TO CRASH,Y,,Y,"OVER $1,500",09/21/2024 21:16,UNABLE TO DETERMINE,UNABLE TO DETERMINE,1458,S,CANAL ST,124,,,,,,,2,NONINCAPACITATING INJURY,1,0,0,1,0,1,0,20,7,9,1,0,20,7,9
CLEAR,"DARKNESS, LIGHTED ROAD",PARKED MOTOR VEHICLE,NOT DIVIDED,,STRAIGHT AND LEVEL,DRY,NO DEFECTS,ON SCENE,NO INJURY / DRIVE AWAY,,,Y,"OVER $1,500",09/22/2024 1:05,UNABLE TO DETERMINE,NOT APPLICABLE,6400,W,52ND ST,811,,,,,,,2,NO INDICATION OF INJURY,0,0,0,0,0,1,0,1,1,9,1,0,1,1,9
RAIN,DAWN,PARKED MOTOR VEHICLE,ONE-WAY,,STRAIGHT AND LEVEL,WET,NO DEFECTS,ON SCENE,NO INJURY / DRIVE AWAY,,,,"OVER $1,500",09/22/2024 16:50,UNABLE TO DETERMINE,NOT APPLICABLE,238,N,PINE AVE,1523,,,,,,,2,NO INDICATION OF INJURY,0,0,0,0,0,1,0,16,1,9,1,0,16,1,9
CLEAR,DAYLIGHT,TURNING,NOT DIVIDED,,STRAIGHT AND LEVEL,DRY,NO DEFECTS,ON SCENE,INJURY AND / OR TOW DUE TO CRASH,Y,,,"OVER $1,500",09/21/2024 11:12,IMPROPER LANE USAGE,IMPROPER LANE USAGE,5100,S,DAMEN AVE,932,,,,,,,3,NO INDICATION OF INJURY,0,0,0,0,0,4,0,11,7,9,4,0,11,7,9
CLEAR,DAYLIGHT,PARKED MOTOR VEHICLE,OTHER,,STRAIGHT AND LEVEL,DRY,NO DEFECTS,ON SCENE,NO INJURY / DRIVE AWAY,,,,"$501 - $1,500",08/14/2023 16:13,IMPROPER BACKING,NOT APPLICABLE,618,W,OHARE ST,1654,,,,,,,2,NO INDICATION OF INJURY,0,0,0,0,0,1,0,16,2,8,1,0,16,2,8
CLEAR,DAYLIGHT,PARKED MOTOR VEHICLE,PARKING LOT,,STRAIGHT AND LEVEL,DRY,NO DEFECTS,ON SCENE,NO INJURY / DRIVE AWAY,,,Y,"OVER $1,500",03/31/2025 20:30,IMPROPER BACKING,IMPROPER BACKING,4701,N,KEDZIE AVE,1713,,,,,,,2,NO INDICATION OF INJURY,0,0,0,0,0,1,0,17,2,3,1,0,17,2,3
CLEAR,DAYLIGHT,PEDALCYCLIST,NOT DIVIDED,,STRAIGHT AND LEVEL,DRY,NO DEFECTS,NOT ON SCENE (DESK REPORT),NO INJURY / DRIVE AWAY,,,,$500 OR LESS,04/20/2025 17:05,UNABLE TO DETERMINE,UNABLE TO DETERMINE,1467,N,MILWAUKEE AVE,1424,,,Y,,,,2,NO INDICATION OF INJURY,0,0,0,0,0,2,0,17,7,4,2,0,17,7,4
RAIN,"DARKNESS, LIGHTED ROAD",FIXED OBJECT,DIVIDED - W/MEDIAN (NOT RAISED),,STRAIGHT AND LEVEL,WET,NO DEFECTS,ON SCENE,INJURY AND / OR TOW DUE TO CRASH,,,,"OVER $1,500",04/20/2025 21:20,"EVASIVE ACTION DUE TO ANIMAL, OBJECT, NONMOTORIST",NOT APPLICABLE,801,S,PULASKI RD,1132,,,,,,,1,INCAPACITATING INJURY,1,0,1,0,0,0,0,21,1,4,0,0,21,1,4
CLEAR,"DARKNESS, LIGHTED ROAD",ANGLE,NOT DIVIDED,,STRAIGHT AND LEVEL,DRY,NO DEFECTS,ON SCENE,INJURY AND / OR TOW DUE TO CRASH,Y,,Y,"OVER $1,500",04/20/2025 2:16,DISREGARDING TRAFFIC SIGNALS,UNABLE TO DETERMINE,5600,W,DIVISION ST,2531,,,,,,,2,NONINCAPACITATING INJURY,3,0,0,1,2,1,0,2,1,4,1,0,2,1,4
CLEAR,DAYLIGHT,OTHER OBJECT,NOT DIVIDED,,STRAIGHT AND LEVEL,DRY,NO DEFECTS,ON SCENE,INJURY AND / OR TOW DUE TO CRASH,,,N,"OVER $1,500",12/19/2024 8:32,UNABLE TO DETERMINE,UNABLE TO DETERMINE,10800,S,DOTY AVE W,513,,,,,,,1,NO INDICATION OF INJURY,0,0,0,0,0,1,0,8,5,12,1,0,8,5,12
UNKNOWN,UNKNOWN,REAR END,NOT DIVIDED,,STRAIGHT AND LEVEL,UNKNOWN,UNKNOWN,NOT ON SCENE (DESK REPORT),NO INJURY / DRIVE AWAY,Y,,,"OVER $1,500",08/27/2024 14:37,UNABLE TO DETERMINE,DRIVING SKILLS/KNOWLEDGE/EXPERIENCE,720,W,LAKE ST,1214,,,,,,,2,NO INDICATION OF INJURY,0,0,0,0,0,2,0,13,3,8,2,0,13,3,8
CLEAR,"DARKNESS, LIGHTED ROAD",SIDESWIPE OPPOSITE DIRECTION,NOT DIVIDED,,STRAIGHT AND LEVEL,DRY,NO DEFECTS,ON SCENE,INJURY AND / OR TOW DUE TO CRASH,Y,,,"OVER $1,500",09/22/2024 4:30,UNABLE TO DETERMINE,NOT APPLICABLE,4499,W,LAKE ST,1113,,,,,,,2,NO INDICATION OF INJURY,0,0,0,0,0,3,0,4,1,9,3,0,4,1,9
CLEAR,DAYLIGHT,REAR END,NOT DIVIDED,,STRAIGHT AND LEVEL,DRY,NO DEFECTS,NOT ON SCENE (DESK REPORT),INJURY AND / OR TOW DUE TO CRASH,Y,,,"$501 - $1,500",09/21/2024 11:10,UNABLE TO DETERMINE,UNABLE TO DETERMINE,7031,N,RIDGE BLVD,2424,,,,,,,2,NONINCAPACITATING INJURY,1,0,0,1,0,1,0,10,7,9,1,0,10,7,9
RAIN,DAYLIGHT,ANGLE,NOT DIVIDED,,STRAIGHT AND LEVEL,WET,NO DEFECTS,NOT ON SCENE (DESK REPORT),NO INJURY / DRIVE AWAY,,,,"OVER $1,500",09/22/2024 10:00,FAILING TO YIELD RIGHT-OF-WAY,FAILING TO REDUCE SPEED TO AVOID CRASH,7045,S,KEDZIE AVE,831,,,,,,,2,NO INDICATION OF INJURY,0,0,0,0,0,2,0,7,1,9,2,0,7,1,9
UNKNOWN,DAYLIGHT,PARKED MOTOR VEHICLE,UNKNOWN,,STRAIGHT AND LEVEL,UNKNOWN,UNKNOWN,NOT ON SCENE (DESK REPORT),NO INJURY / DRIVE AWAY,,,Y,"OVER $1,500",03/31/2025 13:20,UNABLE TO DETERMINE,UNABLE TO DETERMINE,2517,E,77TH ST,421,,,,,,,2,NO INDICATION OF INJURY,0,0,0,0,0,1,0,17,7,3,1,0,17,7,3
CLEAR,DAYLIGHT,ANGLE,NOT DIVIDED,,STRAIGHT AND LEVEL,DRY,NO DEFECTS,ON SCENE,NO INJURY / DRIVE AWAY,,,,"OVER $1,500",03/31/2025 16:05,FAILING TO YIELD RIGHT-OF-WAY,FAILING TO YIELD RIGHT-OF-WAY,3140,W,NORTH AVE,1421,,,,,,,2,NO INDICATION OF INJURY,0,0,0,0,0,2,0,16,2,3,2,0,16,2,3
CLEAR,DAYLIGHT,PARKED MOTOR VEHICLE,NOT DIVIDED,,STRAIGHT AND LEVEL,DRY,UNKNOWN,ON SCENE,NO INJURY / DRIVE AWAY,,,,"$501 - $1,500",06/07/2025 18:49,UNABLE TO DETERMINE,UNABLE TO DETERMINE,1202,W,ALBION AVE,2432,,,,,,,2,NO INDICATION OF INJURY,0,0,0,0,0,1,0,18,7,6,1,0,18,7,6
CLEAR,"DARKNESS, LIGHTED ROAD",TURNING,NOT DIVIDED,,STRAIGHT AND LEVEL,DRY,NO DEFECTS,ON SCENE,INJURY AND / OR TOW DUE TO CRASH,,,,"OVER $1,500",03/31/2025 20:25,IMPROPER TURNING/NO SIGNAL,IMPROPER TURNING/NO SIGNAL,1239,S,HALSTED ST,1232,,,,,,,2,"REPORTED, NOT EVIDENT",1,0,0,0,1,1,0,20,2,3,1,0,20,2,3
CLEAR,"DARKNESS, LIGHTED ROAD",TURNING,NOT DIVIDED,,STRAIGHT AND LEVEL,DRY,UNKNOWN,NOT ON SCENE (DESK REPORT),NO INJURY / DRIVE AWAY,Y,,,"$501 - $1,500",04/19/2025 22:40,IMPROPER TURNING/NO SIGNAL,NOT APPLICABLE,2679,N,LINCOLN AVE,1935,,,,,,,2,NO INDICATION OF INJURY,0,0,0,0,0,2,0,21,7,4,2,0,21,7,4
CLEAR,"DARKNESS, LIGHTED ROAD",TURNING,ONE-WAY,,STRAIGHT AND LEVEL,DRY,UNKNOWN,ON SCENE,NO INJURY / DRIVE AWAY,,,Y,"$501 - $1,500",04/20/2025 1:43,IMPROPER OVERTAKING/PASSING,NOT APPLICABLE,102,N,LECLAIRE AVE,1532,,,,,,,2,NO INDICATION OF INJURY,0,0,0,0,0,2,0,1,1,4,2,0,1,1,4
CLEAR,DAYLIGHT,PARKED MOTOR VEHICLE,NOT DIVIDED,,STRAIGHT ON GRADE,WET,NO DEFECTS,NOT ON SCENE (DESK REPORT),NO INJURY / DRIVE AWAY,,,Y,"$501 - $1,500",09/22/2024 16:12,UNABLE TO DETERMINE,UNABLE TO DETERMINE,4020,W,63RD ST,813,,,,,,,2,NO INDICATION OF INJURY,0,0,0,0,0,1,0,14,1,9,1,0,14,1,9
CLOUDY/OVERCAST,DAYLIGHT,FIXED OBJECT,ALLEY,,STRAIGHT AND LEVEL,WET,"RUT, HOLES",NOT ON SCENE (DESK REPORT),NO INJURY / DRIVE AWAY,,,,$500 OR LESS,09/22/2024 10:10,"VISION OBSCURED (SIGNS, TREE LIMBS, BUILDINGS, ETC.)",NOT APPLICABLE,5518,S,THROOP ST,713,,,,,,,1,NO INDICATION OF INJURY,0,0,0,0,0,1,0,9,1,9,1,0,9,1,9
CLEAR,DAYLIGHT,SIDESWIPE SAME DIRECTION,DIVIDED - W/MEDIAN (NOT RAISED),,STRAIGHT AND LEVEL,DRY,NO DEFECTS,NOT ON SCENE (DESK REPORT),NO INJURY / DRIVE AWAY,,,Y,$500 OR LESS,09/21/2024 19:28,DRIVING SKILLS/KNOWLEDGE/EXPERIENCE,NOT APPLICABLE,9500,S,ASHLAND AVE,2213,,,,,,,2,NO INDICATION OF INJURY,0,0,0,0,0,2,0,15,7,9,2,0,15,7,9
CLEAR,DAYLIGHT,REAR END,FOUR WAY,,STRAIGHT AND LEVEL,DRY,NO DEFECTS,NOT ON SCENE (DESK REPORT),NO INJURY / DRIVE AWAY,Y,,Y,"$501 - $1,500",09/19/2024 8:35,FAILING TO YIELD RIGHT-OF-WAY,FOLLOWING TOO CLOSELY,4053,S,ARCHER AVE,921,,,,,,,2,NO INDICATION OF INJURY,0,0,0,0,0,2,0,7,5,9,2,0,7,5,9
CLEAR,"DARKNESS, LIGHTED ROAD",REAR END,FOUR WAY,,STRAIGHT AND LEVEL,DRY,NO DEFECTS,NOT ON SCENE (DESK REPORT),NO INJURY / DRIVE AWAY,,,,"OVER $1,500",09/22/2024 8:44,UNABLE TO DETERMINE,NOT APPLICABLE,9300,S,STONY ISLAND AVE,413,,,,,,,2,NO INDICATION OF INJURY,0,0,0,0,0,2,0,21,6,9,2,0,21,6,9
CLEAR,DAYLIGHT,PARKED MOTOR VEHICLE,DIVIDED - W/MEDIAN (NOT RAISED),,STRAIGHT AND LEVEL,DRY,NO DEFECTS,NOT ON SCENE (DESK REPORT),NO INJURY / DRIVE AWAY,,,Y,"$501 - $1,500",06/07/2025 17:53,IMPROPER OVERTAKING/PASSING,IMPROPER OVERTAKING/PASSING,11115,S,VERNON AVE,531,,,,,,,2,NO INDICATION OF INJURY,0,0,0,0,0,1,0,16,7,6,1,0,16,7,6
CLEAR,DAYLIGHT,SIDESWIPE SAME DIRECTION,ONE-WAY,,STRAIGHT AND LEVEL,DRY,NO DEFECTS,ON SCENE,NO INJURY / DRIVE AWAY,,,,"OVER $1,500",08/27/2024 8:25,IMPROPER OVERTAKING/PASSING,DRIVING SKILLS/KNOWLEDGE/EXPERIENCE,2,W,TERMINAL ST,1652,,,,,,,2,NO INDICATION OF INJURY,0,0,0,0,0,3,0,8,3,8,3,0,8,3,8
UNKNOWN,UNKNOWN,PARKED MOTOR VEHICLE,PARKING LOT,,STRAIGHT AND LEVEL,UNKNOWN,UNKNOWN,ON SCENE,NO INJURY / DRIVE AWAY,,Y,Y,"OVER $1,500",03/31/2025 14:45,IMPROPER OVERTAKING/PASSING,UNABLE TO DETERMINE,641,N,CLARK ST,1832,,N,,,,,2,NO INDICATION OF INJURY,0,0,0,0,0,1,0,18,1,3,1,0,18,1,3
CLEAR,DAYLIGHT,REAR END,NOT DIVIDED,,STRAIGHT AND LEVEL,DRY,NO DEFECTS,NOT ON SCENE (DESK REPORT),NO INJURY / DRIVE AWAY,Y,,,"OVER $1,500",03/31/2025 16:10,IMPROPER BACKING,NOT APPLICABLE,418,W,31ST ST,914,,,,,,,2,NO INDICATION OF INJURY,0,0,0,0,0,5,0,15,2,3,5,0,15,2,3
CLEAR,"DARKNESS, LIGHTED ROAD",SIDESWIPE SAME DIRECTION,NOT DIVIDED,,STRAIGHT AND LEVEL,DRY,UNKNOWN,ON SCENE,NO INJURY / DRIVE AWAY,,,Y,"$501 - $1,500",04/19/2025 21:50,UNABLE TO DETERMINE,UNABLE TO DETERMINE,366,E,WACKER DR,114,,,,,,,2,NO INDICATION OF INJURY,0,0,0,0,0,3,0,21,7,4,3,0,21,7,4
CLEAR,DAYLIGHT,SIDESWIPE SAME DIRECTION,NOT DIVIDED,,STRAIGHT AND LEVEL,WET,UNKNOWN,NOT ON SCENE (DESK REPORT),NO INJURY / DRIVE AWAY,,,,"OVER $1,500",04/20/2025 17:00,UNABLE TO DETERMINE,NOT APPLICABLE,10300,S,UNION AVE,2232,,,,,,,2,NO INDICATION OF INJURY,0,0,0,0,0,3,0,16,1,4,3,0,16,1,4
CLEAR,DAYLIGHT,TURNING,NOT DIVIDED,,STRAIGHT AND LEVEL,DRY,NO DEFECTS,NOT ON SCENE (DESK REPORT),NO INJURY / DRIVE AWAY,,,Y,"OVER $1,500",09/19/2024 14:45,IMPROPER TURNING/NO SIGNAL,UNABLE TO DETERMINE,557,W,59TH ST,711,,,,,,,2,NO INDICATION OF INJURY,0,0,0,0,0,2,0,13,5,9,2,0,13,5,9
CLEAR,DAYLIGHT,SIDESWIPE SAME DIRECTION,NOT DIVIDED,,STRAIGHT AND LEVEL,DRY,NO DEFECTS,NOT ON SCENE (DESK REPORT),NO INJURY / DRIVE AWAY,Y,,,"OVER $1,500",12/18/2024 19:00,IMPROPER LANE USAGE,IMPROPER LANE USAGE,9500,S,JEFFERY AVE,431,,,,,,,2,NO INDICATION OF INJURY,0,0,0,0,0,2,0,17,4,12,2,0,17,4,12
CLEAR,"DARKNESS, LIGHTED ROAD",PARKED MOTOR VEHICLE,NOT DIVIDED,,STRAIGHT AND LEVEL,WET,NO DEFECTS,,INJURY AND / OR TOW DUE TO CRASH,,,,"OVER $1,500",10/19/2025 3:08,UNABLE TO DETERMINE,NOT APPLICABLE,6322,S,COTTAGE GROVE AVE,312,,,,,,,3,NO INDICATION OF INJURY,0,0,0,0,0,2,0,3,1,10,2,0,3,1,10
CLEAR,"DARKNESS, LIGHTED ROAD",PARKED MOTOR VEHICLE,NOT DIVIDED,,STRAIGHT AND LEVEL,DRY,NO DEFECTS,ON SCENE,NO INJURY / DRIVE AWAY,,,Y,"OVER $1,500",06/07/2025 4:19,UNABLE TO DETERMINE,UNABLE TO DETERMINE,5456,W,WASHINGTON BLVD,1523,,,,,,,2,NO INDICATION OF INJURY,0,0,0,0,0,1,0,4,7,6,1,0,4,7,6
UNKNOWN,DUSK,SIDESWIPE SAME DIRECTION,NOT DIVIDED,,STRAIGHT AND LEVEL,UNKNOWN,UNKNOWN,NOT ON SCENE (DESK REPORT),NO INJURY / DRIVE AWAY,,,Y,"OVER $1,500",04/20/2025 11:22,UNABLE TO DETERMINE,DRIVING SKILLS/KNOWLEDGE/EXPERIENCE,11717,S,STATE ST,532,,,,,,,3,NO INDICATION OF INJURY,0,0,0,0,0,2,0,18,7,4,2,0,18,7,4
UNKNOWN,UNKNOWN,OTHER OBJECT,UNKNOWN,,STRAIGHT AND LEVEL,UNKNOWN,UNKNOWN,NOT ON SCENE (DESK REPORT),NO INJURY / DRIVE AWAY,,,,"OVER $1,500",03/31/2025 12:00,UNABLE TO DETERMINE,UNABLE TO DETERMINE,3122,W,HARRISON ST,1134,,,,,,,1,,,,,,,,,12,5,3,,,12,5,3
CLEAR,"DARKNESS, LIGHTED ROAD",ANGLE,NOT DIVIDED,,STRAIGHT AND LEVEL,DRY,NO DEFECTS,NOT ON SCENE (DESK REPORT),INJURY AND / OR TOW DUE TO CRASH,Y,,Y,"OVER $1,500",03/31/2025 19:05,DISREGARDING STOP SIGN,UNABLE TO DETERMINE,10800,S,STATE LINE RD,432,,,,,,,2,NO INDICATION OF INJURY,0,0,0,0,0,3,0,20,5,3,3,0,20,5,3
CLEAR,DAYLIGHT,PEDESTRIAN,DIVIDED - W/MEDIAN (NOT RAISED),,STRAIGHT AND LEVEL,UNKNOWN,NO DEFECTS,ON SCENE,INJURY AND / OR TOW DUE TO CRASH,,,,"OVER $1,500",03/30/2025 12:23,FAILING TO REDUCE SPEED TO AVOID CRASH,UNABLE TO DETERMINE,3125,W,LAWRENCE AVE,1713,,,,,,,2,NONINCAPACITATING INJURY,1,0,0,1,0,1,0,12,1,3,1,0,12,1,3
CLEAR,DUSK,PEDESTRIAN,TRAFFIC ROUTE,,STRAIGHT AND LEVEL,DRY,NO DEFECTS,ON SCENE,INJURY AND / OR TOW DUE TO CRASH,Y,,Y,$500 OR LESS,03/31/2025 19:22,FAILING TO YIELD RIGHT-OF-WAY,TURNING RIGHT ON RED,118,W,35TH ST,211,,,,,,,2,NONINCAPACITATING INJURY,1,0,0,1,0,1,0,18,2,3,1,0,18,2,3
CLEAR,DAYLIGHT,TURNING,DIVIDED - W/MEDIAN BARRIER,,STRAIGHT AND LEVEL,DRY,NO DEFECTS,NOT ON SCENE (DESK REPORT),NO INJURY / DRIVE AWAY,Y,,Y,"OVER $1,500",03/31/2025 8:45,FOLLOWING TOO CLOSELY,NOT APPLICABLE,6700,S,STONY ISLAND AVE,332,,,,,,,2,NO INDICATION OF INJURY,0,0,0,0,0,2,0,7,2,3,2,0,7,2,3
UNKNOWN,UNKNOWN,REAR END,DIVIDED - W/MEDIAN (NOT RAISED),,STRAIGHT AND LEVEL,UNKNOWN,UNKNOWN,NOT ON SCENE (DESK REPORT),NO INJURY / DRIVE AWAY,,,Y,"$501 - $1,500",04/20/2025 18:06,FOLLOWING TOO CLOSELY,FOLLOWING TOO CLOSELY,4348,W,CONGRESS PKWY,1131,,,,,,,2,NO INDICATION OF INJURY,0,0,0,0,0,3,0,17,1,4,3,0,17,1,4
CLEAR,"DARKNESS, LIGHTED ROAD",PARKED MOTOR VEHICLE,NOT DIVIDED,,STRAIGHT AND LEVEL,DRY,NO DEFECTS,ON SCENE,NO INJURY / DRIVE AWAY,,,Y,"OVER $1,500",10/06/2024 10:30,UNABLE TO DETERMINE,UNABLE TO DETERMINE,4707,W,WASHINGTON BLVD,1113,,,,,,,2,NO INDICATION OF INJURY,0,0,0,0,0,1,0,2,1,10,1,0,2,1,10
CLEAR,DAYLIGHT,SIDESWIPE SAME DIRECTION,NOT DIVIDED,,STRAIGHT AND LEVEL,DRY,NO DEFECTS,ON SCENE,NO INJURY / DRIVE AWAY,,,,"$501 - $1,500",06/07/2025 18:00,FAILING TO YIELD RIGHT-OF-WAY,NOT APPLICABLE,2848,S,KOSTNER AVE,1031,,,,,,,2,NO INDICATION OF INJURY,0,0,0,0,0,3,0,17,7,6,3,0,17,7,6
RAIN,"DARKNESS, LIGHTED ROAD",REAR END,NOT DIVIDED,,STRAIGHT AND LEVEL,WET,NO DEFECTS,ON SCENE,NO INJURY / DRIVE AWAY,Y,,,"OVER $1,500",06/08/2025 0:56,FOLLOWING TOO CLOSELY,WEATHER,100,N,PAULINA ST,1224,,,,,,,2,NO INDICATION OF INJURY,0,0,0,0,0,2,0,0,1,6,2,0,0,1,6
CLEAR,UNKNOWN,REAR END,DIVIDED - W/MEDIAN BARRIER,,STRAIGHT AND LEVEL,WET,UNKNOWN,NOT ON SCENE (DESK REPORT),NO INJURY / DRIVE AWAY,,,Y,"OVER $1,500",03/31/2025 11:20,IMPROPER LANE USAGE,UNABLE TO DETERMINE,13000,S,ELLIS AVE,533,,,,,,,2,NO INDICATION OF INJURY,0,0,0,0,0,2,0,19,1,3,2,0,19,1,3
CLEAR,DUSK,REAR END,NOT DIVIDED,,STRAIGHT AND LEVEL,DRY,NO DEFECTS,ON SCENE,INJURY AND / OR TOW DUE TO CRASH,,,,"OVER $1,500",03/31/2025 19:32,FAILING TO REDUCE SPEED TO AVOID CRASH,UNABLE TO DETERMINE,3018,W,PETERSON AVE,2413,,,,,,,2,NO INDICATION OF INJURY,0,0,0,0,0,2,0,19,2,3,2,0,19,2,3
CLEAR,DAYLIGHT,REAR END,NOT DIVIDED,,STRAIGHT AND LEVEL,DRY,NO DEFECTS,NOT ON SCENE (DESK REPORT),INJURY AND / OR TOW DUE TO CRASH,,,,"OVER $1,500",03/31/2025 16:55,FOLLOWING TOO CLOSELY,NOT APPLICABLE,5210,S,CICERO AVE,814,,,,,,,2,NONINCAPACITATING INJURY,1,0,0,1,0,1,0,16,2,3,1,0,16,2,3
CLEAR,"DARKNESS, LIGHTED ROAD",ANGLE,T-INTERSECTION,,STRAIGHT AND LEVEL,UNKNOWN,UNKNOWN,ON SCENE,INJURY AND / OR TOW DUE TO CRASH,,,,"OVER $1,500",04/01/2025 0:25,NOT APPLICABLE,NOT APPLICABLE,8498,S,JEFFERY BLVD,412,,,,,,,2,"REPORTED, NOT EVIDENT",3,0,0,0,3,0,0,0,3,4,0,0,0,3,4
CLEAR,DAYLIGHT,FIXED OBJECT,PARKING LOT,,STRAIGHT AND LEVEL,WET,NO DEFECTS,ON SCENE,NO INJURY / DRIVE AWAY,,Y,,"$501 - $1,500",09/22/2024 17:10,FAILING TO REDUCE SPEED TO AVOID CRASH,NOT APPLICABLE,2240,S,INDIANA AVE,132,,,,,,,1,NO INDICATION OF INJURY,0,0,0,0,0,1,0,17,1,9,1,0,17,1,9