WEATHER_CONDITION,LIGHTING_CONDITION,FIRST_CRASH_TYPE,TRAFFICWAY_TYPE,LANE_CNT,ALIGNMENT,ROADWAY_SURFACE_COND,ROAD_DEFECT,REPORT_TYPE,CRASH_TYPE,INTERSECTION_RELATED_I,NOT_RIGHT_OF_WAY_I,HIT_AND_RUN_I,DAMAGE,DATE_POLICE_NOTIFIED,PRIM_CONTRIBUTORY_CAUSE,SEC_CONTRIBUTORY_CAUSE,STREET_NO,STREET_DIRECTION,STREET_NAME,BEAT_OF_OCCURRENCE,PHOTOS_TAKEN_I,STATEMENTS_TAKEN_I,DOORING_I,WORK_ZONE_I,WORK_ZONE_TYPE,WORKERS_PRESENT_I,NUM_UNITS,MOST_SEVERE_INJURY,INJURIES_TOTAL,INJURIES_FATAL,INJURIES_INCAPACITATING,INJURIES_NON_INCAPACITATING,INJURIES_REPORTED_NOT_EVIDENT,INJURIES_NO_INDICATION,INJURIES_UNKNOWN,CRASH_HOUR,CRASH_DAY_OF_WEEK,CRASH_MONTH,INJURIES_NO_INDICATION,INJURIES_UNKNOWN,CRASH_HOUR,CRASH_DAY_OF_WEEK,CRASH_MONTH
CLEAR,DAYLIGHT,REAR END,NOT DIVIDED,,STRAIGHT AND LEVEL,UNKNOWN,UNKNOWN,NOT ON SCENE (DESK REPORT),NO INJURY / DRIVE AWAY,,,,"OVER $1,500",08/27/2024 8:20,UNABLE TO DETERMINE,UNABLE TO DETERMINE,3707,N,HARLEM AVE,1632,,,,,,,2,NO INDICATION OF INJURY,0,0,0,0,0,2,0,7,3,8,2,0,7,3,8
RAIN,"DARKNESS, LIGHTED ROAD",TURNING,DIVIDED - W/MEDIAN (NOT RAISED),,STRAIGHT AND LEVEL,WET,NO DEFECTS,ON SCENE,INJURY AND / OR TOW DUE TO CRASH,,,,"OVER $1,500",11/05/2024 18:01,IMPROPER TURNING/NO SIGNAL,NOT APPLICABLE,1130,S,CANAL ST,124,,,,,,,2,NO INDICATION OF INJURY,0,0,0,0,0,2,0,18,3,11,2,0,18,3,11
CLEAR,"DARKNESS, LIGHTED ROAD",REAR END,FOUR WAY,,STRAIGHT AND LEVEL,DRY,NO DEFECTS,ON SCENE,INJURY AND / OR TOW DUE TO CRASH,,,,"OVER $1,500",09/22/2024 5:00,FOLLOWING TOO CLOSELY,UNABLE TO DETERMINE,5600,N,BROADWAY,2013,,,,,,,2,"REPORTED, NOT EVIDENT",2,0,0,0,2,0,0,5,1,9,0,0,5,1,9
CLEAR,DAYLIGHT,REAR END,FOUR WAY,,STRAIGHT AND LEVEL,DRY,NO DEFECTS,NOT ON SCENE (DESK REPORT),NO INJURY / DRIVE AWAY,Y,,,"OVER $1,500",10/27/2025 18:19,DISTRACTION - FROM OUTSIDE VEHICLE,NOT APPLICABLE,6300,S,WENTWORTH AVE,312,,,,,,,2,NO INDICATION OF INJURY,0,0,0,0,0,2,0,17,2,10,2,0,17,2,10
CLEAR,"DARKNESS, LIGHTED ROAD",FIXED OBJECT,FOUR WAY,,STRAIGHT AND LEVEL,DRY,NO DEFECTS,ON SCENE,NO INJURY / DRIVE AWAY,Y,,,"OVER $1,500",09/21/2024 4:18,"EVASIVE ACTION DUE TO ANIMAL, OBJECT, NONMOTORIST",FAILING TO REDUCE SPEED TO AVOID CRASH,1198,N,DAMEN AVE,1212,,,,,,,1,NO INDICATION OF INJURY,0,0,0,0,0,1,0,4,7,9,1,0,4,7,9
CLEAR,DAYLIGHT,SIDESWIPE SAME DIRECTION,NOT DIVIDED,,STRAIGHT AND LEVEL,DRY,UNKNOWN,NOT ON SCENE (DESK REPORT),NO INJURY / DRIVE AWAY,,,,"$501 - $1,500",03/31/2025 13:00,IMPROPER OVERTAKING/PASSING,NOT APPLICABLE,73,E,87TH ST,632,,,,,,,2,NO INDICATION OF INJURY,0,0,0,0,0,2,0,16,2,3,2,0,16,2,3
RAIN,DARKNESS,SIDESWIPE SAME DIRECTION,DIVIDED - W/MEDIAN (NOT RAISED),,STRAIGHT AND LEVEL,WET,NO DEFECTS,ON SCENE,NO INJURY / DRIVE AWAY,,,,"OVER $1,500",06/08/2025 3:17,FAILING TO REDUCE SPEED TO AVOID CRASH,IMPROPER LANE USAGE,4501,S,WESTERN AVE,922,,,,,,,2,NO INDICATION OF INJURY,0,0,0,0,0,3,0,3,1,6,3,0,3,1,6
CLOUDY/OVERCAST,DAYLIGHT,SIDESWIPE SAME DIRECTION,NOT DIVIDED,,STRAIGHT AND LEVEL,DRY,NO DEFECTS,ON SCENE,INJURY AND / OR TOW DUE TO CRASH,,,Y,"OVER $1,500",03/29/2025 15:21,IMPROPER OVERTAKING/PASSING,UNABLE TO DETERMINE,308,N,KEDZIE AVE,1123,,,,,,,2,NO INDICATION OF INJURY,0,0,0,0,0,3,0,15,7,3,3,0,15,7,3
CLEAR,"DARKNESS, LIGHTED ROAD",TURNING,DIVIDED - W/MEDIAN (NOT RAISED),,STRAIGHT AND LEVEL,DRY,NO DEFECTS,ON SCENE,NO INJURY / DRIVE AWAY,,,,"OVER $1,500",03/30/2025 21:20,DRIVING SKILLS/KNOWLEDGE/EXPERIENCE,UNABLE TO DETERMINE,1,W,TERMINAL ST,1651,,,,,,,2,NO INDICATION OF INJURY,0,0,0,0,0,2,0,21,1,3,2,0,21,1,3
CLEAR,DAYLIGHT,PARKED MOTOR VEHICLE,ONE-WAY,,STRAIGHT AND LEVEL,UNKNOWN,UNKNOWN,ON SCENE,NO INJURY / DRIVE AWAY,,,Y,"OVER $1,500",03/30/2025 19:36,IMPROPER BACKING,IMPROPER BACKING,5130,S,SPAULDING AVE,822,,,,,,,2,NO INDICATION OF INJURY,0,0,0,0,0,1,0,17,1,3,1,0,17,1,3
CLEAR,DAYLIGHT,TURNING,NOT DIVIDED,,STRAIGHT AND LEVEL,UNKNOWN,UNKNOWN,NOT ON SCENE (DESK REPORT),NO INJURY / DRIVE AWAY,,,,"OVER $1,500",03/31/2025 15:55,DRIVING SKILLS/KNOWLEDGE/EXPERIENCE,NOT APPLICABLE,5400,S,WESTERN BLVD,923,,,,,,,2,NO INDICATION OF INJURY,0,0,0,0,0,2,0,15,2,3,2,0,15,2,3
UNKNOWN,DAYLIGHT,SIDESWIPE SAME DIRECTION,NOT DIVIDED,,STRAIGHT AND LEVEL,UNKNOWN,UNKNOWN,NOT ON SCENE (DESK REPORT),NO INJURY / DRIVE AWAY,,,,"OVER $1,500",03/31/2025 18:30,UNABLE TO DETERMINE,NOT APPLICABLE,4200,N,ASHLAND AVE,1912,,,,,,,2,NO INDICATION OF INJURY,0,0,0,0,0,2,0,17,2,3,2,0,17,2,3
RAIN,DARKNESS,ANGLE,NOT DIVIDED,,STRAIGHT AND LEVEL,WET,NO DEFECTS,ON SCENE,NO INJURY / DRIVE AWAY,Y,,,"OVER $1,500",09/20/2024 5:39,UNABLE TO DETERMINE,NOT APPLICABLE,2335,W,47TH ST,931,,,,,,,2,NO INDICATION OF INJURY,0,0,0,0,0,2,0,5,6,9,2,0,5,6,9
CLEAR,DAYLIGHT,TURNING,FOUR WAY,,STRAIGHT AND LEVEL,DRY,NO DEFECTS,NOT ON SCENE (DESK REPORT),NO INJURY / DRIVE AWAY,Y,,,"$501 - $1,500",09/20/2024 10:38,FAILING TO YIELD RIGHT-OF-WAY,FAILING TO YIELD RIGHT-OF-WAY,3500,S,CALIFORNIA AVE,911,,,,,,,2,NO INDICATION OF INJURY,0,0,0,0,0,2,0,10,6,9,2,0,10,6,9
RAIN,DAYLIGHT,TURNING,DIVIDED - W/MEDIAN (NOT RAISED),,STRAIGHT AND LEVEL,DRY,NO DEFECTS,NOT ON SCENE (DESK REPORT),NO INJURY / DRIVE AWAY,,,,"$501 - $1,500",09/22/2024 16:12,IMPROPER LANE USAGE,IMPROPER LANE USAGE,1211,S,WESTERN AVE,1233,,,,,,,2,NO INDICATION OF INJURY,0,0,0,0,0,2,0,15,1,9,2,0,15,1,9
UNKNOWN,DAYLIGHT,PARKED MOTOR VEHICLE,ONE-WAY,,STRAIGHT AND LEVEL,UNKNOWN,NO DEFECTS,NOT ON SCENE (DESK REPORT),NO INJURY / DRIVE AWAY,,,,"OVER $1,500",06/24/2025 15:34,UNABLE TO DETERMINE,UNABLE TO DETERMINE,7112,S,EBERHART AVE,323,,,,,,,2,NO INDICATION OF INJURY,0,0,0,0,0,1,0,14,3,6,1,0,14,3,6
UNKNOWN,UNKNOWN,REAR END,NOT DIVIDED,,STRAIGHT AND LEVEL,UNKNOWN,UNKNOWN,NOT ON SCENE (DESK REPORT),NO INJURY / DRIVE AWAY,,,,"OVER $1,500",09/22/2024 13:05,UNABLE TO DETERMINE,UNABLE TO DETERMINE,2429,N,CANNON DR,1935,,,,,,,2,NO INDICATION OF INJURY,0,0,0,0,0,2,0,12,1,9,2,0,12,1,9
CLEAR,"DARKNESS, LIGHTED ROAD",REAR END,NOT DIVIDED,,STRAIGHT AND LEVEL,DRY,UNKNOWN,NOT ON SCENE (DESK REPORT),NO INJURY / DRIVE AWAY,,,,"OVER $1,500",09/21/2024 22:30,UNABLE TO DETERMINE,UNABLE TO DETERMINE,4153,N,PULASKI RD,1723,,,,,,,3,NO INDICATION OF INJURY,0,0,0,0,0,3,0,21,7,9,3,0,21,7,9
CLEAR,DARKNESS,PARKED MOTOR VEHICLE,ONE-WAY,,STRAIGHT AND LEVEL,DRY,NO DEFECTS,ON SCENE,INJURY AND / OR TOW DUE TO CRASH,Y,,,"OVER $1,500",03/30/2025 21:44,"OPERATING VEHICLE IN ERRATIC, RECKLESS, CARELESS, NEGLIGENT OR AGGRESSIVE MANNER",DISREGARDING TRAFFIC SIGNALS,8715,S,DORCHESTER AVE,412,,,,,,,2,NO INDICATION OF INJURY,0,0,0,0,0,1,0,21,1,3,1,0,21,1,3
CLEAR,DAWN,PARKED MOTOR VEHICLE,NOT DIVIDED,,STRAIGHT AND LEVEL,DRY,UNKNOWN,ON SCENE,INJURY AND / OR TOW DUE TO CRASH,,,,"$501 - $1,500",06/07/2025 4:36,CELL PHONE USE OTHER THAN TEXTING,NOT APPLICABLE,6424,S,LOOMIS BLVD,725,,,,,,,3,NO INDICATION OF INJURY,0,0,0,0,0,1,0,4,7,6,1,0,4,7,6
CLEAR,DAYLIGHT,PARKED MOTOR VEHICLE,ONE-WAY,,STRAIGHT AND LEVEL,DRY,NO DEFECTS,NOT ON SCENE (DESK REPORT),NO INJURY / DRIVE AWAY,,,Y,"OVER $1,500",03/31/2025 16:11,IMPROPER OVERTAKING/PASSING,IMPROPER OVERTAKING/PASSING,11535,S,PEORIA ST,524,,,,,,,2,NO INDICATION OF INJURY,0,0,0,0,0,1,0,14,2,3,1,0,14,2,3
CLEAR,DAYLIGHT,PARKED MOTOR VEHICLE,ONE-WAY,,STRAIGHT AND LEVEL,DRY,NO DEFECTS,NOT ON SCENE (DESK REPORT),NO INJURY / DRIVE AWAY,,,,"$501 - $1,500",03/31/2025 10:18,UNABLE TO DETERMINE,UNABLE TO DETERMINE,10336,S,WALDEN PKWY,2212,,,,,,,2,NO INDICATION OF INJURY,0,0,0,0,0,3,0,8,2,3,3,0,8,2,3
CLEAR,DAYLIGHT,REAR END,NOT DIVIDED,,STRAIGHT AND LEVEL,DRY,NO DEFECTS,NOT ON SCENE (DESK REPORT),NO INJURY / DRIVE AWAY,,,,"OVER $1,500",03/31/2025 17:00,FOLLOWING TOO CLOSELY,UNABLE TO DETERMINE,1981,N,CLYBOURN AVE,1811,,,,,,,2,NO INDICATION OF INJURY,0,0,0,0,0,2,0,16,2,3,2,0,16,2,3
CLEAR,"DARKNESS, LIGHTED ROAD",ANGLE,DIVIDED - W/MEDIAN BARRIER,,STRAIGHT AND LEVEL,DRY,NO DEFECTS,ON SCENE,INJURY AND / OR TOW DUE TO CRASH,Y,,,"OVER $1,500",04/19/2025 20:40,FAILING TO YIELD RIGHT-OF-WAY,UNABLE TO DETERMINE,9200,S,STONY ISLAND AVE,413,,,,,,,2,INCAPACITATING INJURY,3,0,1,2,0,0,0,20,7,4,0,0,20,7,4
CLEAR,DAYLIGHT,PARKED MOTOR VEHICLE,NOT DIVIDED,,STRAIGHT AND LEVEL,DRY,NO DEFECTS,NOT ON SCENE (DESK REPORT),NO INJURY / DRIVE AWAY,,,Y,"$501 - $1,500",04/20/2025 18:00,UNABLE TO DETERMINE,UNABLE TO DETERMINE,10000,W,OHARE ST,1651,,,,,,,2,NO INDICATION OF INJURY,0,0,0,0,0,1,0,11,1,4,1,0,11,1,4
CLEAR,DAYLIGHT,PARKED MOTOR VEHICLE,NOT DIVIDED,,STRAIGHT AND LEVEL,UNKNOWN,UNKNOWN,,NO INJURY / DRIVE AWAY,,,,"OVER $1,500",09/22/2024 14:40,IMPROPER TURNING/NO SIGNAL,NOT APPLICABLE,12621,S,STATE ST,532,,,,,,,2,NO INDICATION OF INJURY,0,0,0,0,0,2,0,8,1,9,2,0,8,1,9
RAIN,DAYLIGHT,PARKED MOTOR VEHICLE,NOT DIVIDED,,STRAIGHT AND LEVEL,WET,NO DEFECTS,NOT ON SCENE (DESK REPORT),NO INJURY / DRIVE AWAY,,,Y,"OVER $1,500",09/22/2024 16:24,NOT APPLICABLE,NOT APPLICABLE,2737,W,71ST ST,831,,,,,,,2,NO INDICATION OF INJURY,0,0,0,0,0,1,0,14,1,9,1,0,14,1,9
CLEAR,DAYLIGHT,PARKED MOTOR VEHICLE,NOT DIVIDED,,STRAIGHT AND LEVEL,DRY,NO DEFECTS,,NO INJURY / DRIVE AWAY,,Y,Y,"OVER $1,500",03/29/2025 11:25,PHYSICAL CONDITION OF DRIVER,FAILING TO REDUCE SPEED TO AVOID CRASH,9411,S,CLAREMONT AVE,2221,,,,,,,3,NO INDICATION OF INJURY,0,0,0,0,0,1,0,11,7,3,1,0,11,7,3
CLEAR,DAYLIGHT,OTHER OBJECT,FOUR WAY,,STRAIGHT AND LEVEL,DRY,NO DEFECTS,ON SCENE,INJURY AND / OR TOW DUE TO CRASH,Y,,,$500 OR LESS,03/31/2025 15:21,UNABLE TO DETERMINE,UNABLE TO DETERMINE,5701,N,CALIFORNIA AVE,2011,,,,,,,2,NONINCAPACITATING INJURY,1,0,0,1,0,1,0,15,2,3,1,0,15,2,3
CLEAR,DAYLIGHT,ANGLE,OTHER,,STRAIGHT AND LEVEL,DRY,NO DEFECTS,NOT ON SCENE (DESK REPORT),NO INJURY / DRIVE AWAY,,Y,,"OVER $1,500",03/31/2025 17:05,UNABLE TO DETERMINE,NOT APPLICABLE,400,N,CANAL ST,1214,,,,,,,2,NO INDICATION OF INJURY,0,0,0,0,0,2,0,15,2,3,2,0,15,2,3
CLEAR,"DARKNESS, LIGHTED ROAD",TURNING,FOUR WAY,,STRAIGHT AND LEVEL,DRY,UNKNOWN,NOT ON SCENE (DESK REPORT),NO INJURY / DRIVE AWAY,,,Y,"OVER $1,500",03/31/2025 18:00,UNABLE TO DETERMINE,UNABLE TO DETERMINE,400,N,LAKE SHORE DR NB,1834,,,,,,,2,NO INDICATION OF INJURY,0,0,0,0,0,3,0,18,2,3,3,0,18,2,3
RAIN,DAYLIGHT,REAR END,NOT DIVIDED,,STRAIGHT AND LEVEL,WET,NO DEFECTS,NOT ON SCENE (DESK REPORT),NO INJURY / DRIVE AWAY,,,Y,"OVER $1,500",04/20/2025 15:15,UNABLE TO DETERMINE,NOT APPLICABLE,2500,W,63RD ST,825,,,,,,,2,NO INDICATION OF INJURY,0,0,0,0,0,2,0,12,1,4,2,0,12,1,4
CLEAR,DAYLIGHT,PEDESTRIAN,DIVIDED - W/MEDIAN (NOT RAISED),,STRAIGHT AND LEVEL,DRY,UNKNOWN,ON SCENE,INJURY AND / OR TOW DUE TO CRASH,Y,,Y,"OVER $1,500",10/27/2025 14:52,FAILING TO YIELD RIGHT-OF-WAY,FAILING TO YIELD RIGHT-OF-WAY,2600,S,MICHIGAN AVE,133,,,,,,,2,NONINCAPACITATING INJURY,1,0,0,1,0,1,0,14,2,10,1,0,14,2,10
CLEAR,"DARKNESS, LIGHTED ROAD",PARKED MOTOR VEHICLE,ONE-WAY,,STRAIGHT AND LEVEL,WET,NO DEFECTS,ON SCENE,NO INJURY / DRIVE AWAY,,,Y,"OVER $1,500",09/22/2024 18:50,DRIVING SKILLS/KNOWLEDGE/EXPERIENCE,NOT APPLICABLE,5613,S,SAYRE AVE,811,,,,,,,2,NO INDICATION OF INJURY,0,0,0,0,0,1,0,18,1,9,1,0,18,1,9
CLEAR,DAYLIGHT,TURNING,NOT DIVIDED,,STRAIGHT AND LEVEL,DRY,NO DEFECTS,NOT ON SCENE (DESK REPORT),NO INJURY / DRIVE AWAY,,,,$500 OR LESS,10/06/2024 14:00,FAILING TO YIELD RIGHT-OF-WAY,IMPROPER TURNING/NO SIGNAL,3333,S,HALSTED ST,915,,,,,,,2,NO INDICATION OF INJURY,0,0,0,0,0,2,0,13,1,10,2,0,13,1,10
CLEAR,DARKNESS,PEDALCYCLIST,NOT DIVIDED,,STRAIGHT AND LEVEL,DRY,NO DEFECTS,ON SCENE,INJURY AND / OR TOW DUE TO CRASH,Y,,Y,$500 OR LESS,10/06/2024 0:39,FAILING TO YIELD RIGHT-OF-WAY,NOT APPLICABLE,4700,S,DR MARTIN LUTHER KING JR DR,224,,,,,,,2,INCAPACITATING INJURY,1,0,1,0,0,1,0,0,1,10,1,0,0,1,10
CLEAR,DAYLIGHT,REAR END,NOT DIVIDED,,STRAIGHT AND LEVEL,UNKNOWN,UNKNOWN,NOT ON SCENE (DESK REPORT),NO INJURY / DRIVE AWAY,,,Y,"OVER $1,500",09/21/2024 19:44,UNABLE TO DETERMINE,NOT APPLICABLE,33,W,79TH ST,623,,,,,,,2,NO INDICATION OF INJURY,0,0,0,0,0,2,0,19,7,9,2,0,19,7,9
CLEAR,"DARKNESS, LIGHTED ROAD",PARKED MOTOR VEHICLE,NOT DIVIDED,,STRAIGHT AND LEVEL,DRY,NO DEFECTS,NOT ON SCENE (DESK REPORT),NO INJURY / DRIVE AWAY,,,N,"OVER $1,500",06/07/2025 8:58,IMPROPER BACKING,NOT APPLICABLE,1554,E,90TH ST,413,,,,,,,2,NO INDICATION OF INJURY,0,0,0,0,0,2,0,23,1,5,2,0,23,1,5
CLEAR,DAYLIGHT,SIDESWIPE SAME DIRECTION,NOT DIVIDED,,STRAIGHT AND LEVEL,DRY,UNKNOWN,ON SCENE,NO INJURY / DRIVE AWAY,,,Y,"$501 - $1,500",03/31/2025 9:30,IMPROPER OVERTAKING/PASSING,UNABLE TO DETERMINE,2742,E,75TH ST,334,,,,,,,2,NO INDICATION OF INJURY,0,0,0,0,0,2,0,8,2,3,2,0,8,2,3
CLEAR,DAYLIGHT,REAR END,FOUR WAY,,STRAIGHT AND LEVEL,DRY,UNKNOWN,NOT ON SCENE (DESK REPORT),NO INJURY / DRIVE AWAY,,,Y,"OVER $1,500",03/31/2025 10:12,UNABLE TO DETERMINE,NOT APPLICABLE,800,W,71ST ST,733,,,,,,,2,NO INDICATION OF INJURY,0,0,0,0,0,2,0,8,2,3,2,0,8,2,3
CLEAR,DAYLIGHT,REAR END,DIVIDED - W/MEDIAN (NOT RAISED),,STRAIGHT AND LEVEL,DRY,UNKNOWN,NOT ON SCENE (DESK REPORT),INJURY AND / OR TOW DUE TO CRASH,,,,"OVER $1,500",03/31/2025 17:54,UNABLE TO DETERMINE,UNABLE TO DETERMINE,3743,W,GRAND AVE,2535,,,,,,,2,"REPORTED, NOT EVIDENT",1,0,0,0,1,1,0,16,2,3,1,0,16,2,3
CLEAR,DUSK,REAR END,NOT DIVIDED,,STRAIGHT AND LEVEL,DRY,NO DEFECTS,NOT ON SCENE (DESK REPORT),NO INJURY / DRIVE AWAY,,,,"$501 - $1,500",04/19/2025 23:30,IMPROPER LANE USAGE,UNABLE TO DETERMINE,599,E,73RD ST,323,,,,,,,2,NO INDICATION OF INJURY,0,0,0,0,0,3,0,23,7,4,3,0,23,7,4
RAIN,"DARKNESS, LIGHTED ROAD",PARKED MOTOR VEHICLE,ONE-WAY,,STRAIGHT AND LEVEL,WET,NO DEFECTS,ON SCENE,NO INJURY / DRIVE AWAY,,,,$500 OR LESS,04/20/2025 23:19,UNABLE TO DETERMINE,UNABLE TO DETERMINE,2,W,TERMINAL ST,1652,,,,,,,2,NO INDICATION OF INJURY,0,0,0,0,0,2,0,23,1,4,2,0,23,1,4
CLEAR,DAYLIGHT,TURNING,NOT DIVIDED,,STRAIGHT AND LEVEL,UNKNOWN,UNKNOWN,ON SCENE,INJURY AND / OR TOW DUE TO CRASH,Y,,,"OVER $1,500",06/07/2025 16:48,DISREGARDING STOP SIGN,FAILING TO YIELD RIGHT-OF-WAY,2100,W,DEVON AVE,2412,,,,,,,2,INCAPACITATING INJURY,1,0,1,0,0,1,0,16,7,6,1,0,16,7,6
UNKNOWN,UNKNOWN,REAR END,FOUR WAY,,STRAIGHT AND LEVEL,UNKNOWN,UNKNOWN,NOT ON SCENE (DESK REPORT),NO INJURY / DRIVE AWAY,Y,,,"$501 - $1,500",12/19/2024 14:30,UNABLE TO DETERMINE,NOT APPLICABLE,3000,W,OHIO ST,1221,,,,,,,2,NO INDICATION OF INJURY,0,0,0,0,0,2,0,14,5,12,2,0,14,5,12
CLEAR,DAYLIGHT,REAR END,NOT DIVIDED,,STRAIGHT AND LEVEL,DRY,NO DEFECTS,ON SCENE,NO INJURY / DRIVE AWAY,,,,"OVER $1,500",09/21/2024 8:05,FOLLOWING TOO CLOSELY,DRIVING SKILLS/KNOWLEDGE/EXPERIENCE,532,E,47TH ST,221,,,,,,,2,NO INDICATION OF INJURY,0,0,0,0,0,2,0,7,7,9,2,0,7,7,9
CLEAR,DAYLIGHT,TURNING,NOT DIVIDED,,STRAIGHT AND LEVEL,DRY,NO DEFECTS,NOT ON SCENE (DESK REPORT),NO INJURY / DRIVE AWAY,,,,"OVER $1,500",09/22/2024 15:45,FAILING TO YIELD RIGHT-OF-WAY,NOT APPLICABLE,1531,W,NORTH AVE,1433,,,,,,,2,NO INDICATION OF INJURY,0,0,0,0,0,2,0,14,1,9,2,0,14,1,9
CLOUDY/OVERCAST,"DARKNESS, LIGHTED ROAD",REAR TO FRONT,ONE-WAY,,STRAIGHT AND LEVEL,UNKNOWN,UNKNOWN,NOT ON SCENE (DESK REPORT),NO INJURY / DRIVE AWAY,,,,"OVER $1,500",09/22/2024 19:00,UNABLE TO DETERMINE,UNABLE TO DETERMINE,198,E,PEARSON ST,1833,,,,,,,2,NO INDICATION OF INJURY,0,0,0,0,0,2,0,17,1,9,2,0,17,1,9
CLEAR,DAYLIGHT,TURNING,T-INTERSECTION,,STRAIGHT AND LEVEL,DRY,NO DEFECTS,NOT ON SCENE (DESK REPORT),NO INJURY / DRIVE AWAY,Y,,Y,"OVER $1,500",09/19/2024 17:00,DISREGARDING STOP SIGN,FAILING TO YIELD RIGHT-OF-WAY,10600,S,AVENUE N,432,,,,,,,2,NO INDICATION OF INJURY,0,0,0,0,0,2,0,16,5,9,2,0,16,5,9
CLEAR,DAYLIGHT,TURNING,FOUR WAY,,STRAIGHT AND LEVEL,DRY,NO DEFECTS,ON SCENE,INJURY AND / OR TOW DUE TO CRASH,Y,,,"OVER $1,500",10/27/2025 16:43,FAILING TO YIELD RIGHT-OF-WAY,FAILING TO YIELD RIGHT-OF-WAY,6700,S,WENTWORTH AVE,722,,,,,,,3,INCAPACITATING INJURY,4,0,4,0,0,1,0,16,2,10,1,0,16,2,10
RAIN,DAWN,REAR END,NOT DIVIDED,,STRAIGHT AND LEVEL,DRY,NO DEFECTS,NOT ON SCENE (DESK REPORT),NO INJURY / DRIVE AWAY,,,,"$501 - $1,500",06/24/2025 21:20,FOLLOWING TOO CLOSELY,NOT APPLICABLE,5003,W,CULLOM AVE,1624,,,,,,,2,NO INDICATION OF INJURY,0,0,0,0,0,2,0,20,3,6,2,0,20,3,6
CLEAR,DAYLIGHT,REAR END,NOT DIVIDED,,STRAIGHT AND LEVEL,UNKNOWN,UNKNOWN,NOT ON SCENE (DESK REPORT),NO INJURY / DRIVE AWAY,Y,,,"$501 - $1,500",04/14/2025 16:30,FOLLOWING TOO CLOSELY,UNABLE TO DETERMINE,2901,W,TOUHY AVE,2411,,,,,,,2,NO INDICATION OF INJURY,0,0,0,0,0,2,0,16,2,4,2,0,16,2,4
RAIN,"DARKNESS, LIGHTED ROAD",SIDESWIPE OPPOSITE DIRECTION,NOT DIVIDED,,STRAIGHT AND LEVEL,WET,UNKNOWN,NOT ON SCENE (DESK REPORT),NO INJURY / DRIVE AWAY,,,,"OVER $1,500",04/19/2025 0:04,FAILING TO YIELD RIGHT-OF-WAY,UNABLE TO DETERMINE,5850,S,PEORIA ST,712,,,,,,,2,NO INDICATION OF INJURY,0,0,0,0,0,2,0,23,6,4,2,0,23,6,4
CLEAR,DAYLIGHT,REAR END,NOT DIVIDED,,STRAIGHT AND LEVEL,DRY,UNKNOWN,ON SCENE,INJURY AND / OR TOW DUE TO CRASH,,,Y,"OVER $1,500",06/07/2025 15:27,UNABLE TO DETERMINE,UNABLE TO DETERMINE,1125,N,PULASKI RD,1112,,,,,,,4,NO INDICATION OF INJURY,0,0,0,0,0,6,0,14,7,6,6,0,14,7,6
RAIN,"DARKNESS, LIGHTED ROAD",PARKED MOTOR VEHICLE,DIVIDED - W/MEDIAN (NOT RAISED),,STRAIGHT AND LEVEL,WET,NO DEFECTS,ON SCENE,INJURY AND / OR TOW DUE TO CRASH,,,,"OVER $1,500",06/08/2025 1:33,UNDER THE INFLUENCE OF ALCOHOL/DRUGS (USE WHEN ARREST IS EFFECTED),UNDER THE INFLUENCE OF ALCOHOL/DRUGS (USE WHEN ARREST IS EFFECTED),2748,N,ASHLAND AVE,1931,,,,,,,3,NO INDICATION OF INJURY,0,0,0,0,0,1,0,1,1,6,1,0,1,1,6
RAIN,DAYLIGHT,REAR END,NOT DIVIDED,,STRAIGHT AND LEVEL,WET,NO DEFECTS,NOT ON SCENE (DESK REPORT),NO INJURY / DRIVE AWAY,Y,,,"OVER $1,500",09/22/2024 15:00,FOLLOWING TOO CLOSELY,NOT APPLICABLE,2700,W,DIVISION ST,1423,,,,,,,2,NO INDICATION OF INJURY,0,0,0,0,0,2,0,14,1,9,2,0,14,1,9
CLOUDY/OVERCAST,DAYLIGHT,REAR END,NOT DIVIDED,,STRAIGHT AND LEVEL,DRY,NO DEFECTS,NOT ON SCENE (DESK REPORT),NO INJURY / DRIVE AWAY,,,Y,"OVER $1,500",04/20/2025 13:55,FOLLOWING TOO CLOSELY,UNABLE TO DETERMINE,7621,S,GREENWOOD AVE,624,,,,,,,3,NO INDICATION OF INJURY,0,0,0,0,0,3,0,12,1,4,3,0,12,1,4
CLEAR,DAYLIGHT,SIDESWIPE SAME DIRECTION,DIVIDED - W/MEDIAN (NOT RAISED),,STRAIGHT AND LEVEL,DRY,NO DEFECTS,ON SCENE,INJURY AND / OR TOW DUE TO CRASH,,,,"OVER $1,500",10/06/2024 18:06,UNABLE TO DETERMINE,UNABLE TO DETERMINE,3750,N,LAKE SHORE DR,1925,,,,,,,2,NONINCAPACITATING INJURY,1,0,0,1,0,2,0,18,1,10,2,0,18,1,10