WEATHER_CONDITION,LIGHTING_CONDITION,FIRST_CRASH_TYPE,TRAFFICWAY_TYPE,LANE_CNT,ALIGNMENT,ROADWAY_SURFACE_COND,ROAD_DEFECT,REPORT_TYPE,CRASH_TYPE,INTERSECTION_RELATED_I,NOT_RIGHT_OF_WAY_I,HIT_AND_RUN_I,DAMAGE,DATE_POLICE_NOTIFIED,PRIM_CONTRIBUTORY_CAUSE,SEC_CONTRIBUTORY_CAUSE,STREET_NO,STREET_DIRECTION,STREET_NAME,BEAT_OF_OCCURRENCE,PHOTOS_TAKEN_I,STATEMENTS_TAKEN_I,DOORING_I,WORK_ZONE_I,WORK_ZONE_TYPE,WORKERS_PRESENT_I,NUM_UNITS,MOST_SEVERE_INJURY,INJURIES_TOTAL,INJURIES_FATAL,INJURIES_INCAPACITATING,INJURIES_NON_INCAPACITATING,INJURIES_REPORTED_NOT_EVIDENT,INJURIES_NO_INDICATION,INJURIES_UNKNOWN,CRASH_HOUR,CRASH_DAY_OF_WEEK,CRASH_MONTH,INJURIES_NO_INDICATION,INJURIES_UNKNOWN,CRASH_HOUR,CRASH_DAY_OF_WEEK,CRASH_MONTH
CLEAR,DARKNESS,TURNING,NOT DIVIDED,,STRAIGHT AND LEVEL,DRY,NO DEFECTS,NOT ON SCENE (DESK REPORT),NO INJURY / DRIVE AWAY,,,,$500 OR LESS,09/22/2024 14:05,IMPROPER TURNING/NO SIGNAL,IMPROPER TURNING/NO SIGNAL,6659,S,HALSTED ST,723,,,,,,,2,NO INDICATION OF INJURY,0,0,0,0,0,2,0,0,6,9,2,0,0,6,9
CLEAR,"DARKNESS, LIGHTED ROAD",PEDESTRIAN,Y-INTERSECTION,,STRAIGHT AND LEVEL,DRY,NO DEFECTS,ON SCENE,INJURY AND / OR TOW DUE TO CRASH,,,,$500 OR LESS,09/21/2024 23:16,"OPERATING VEHICLE IN ERRATIC, RECKLESS, CARELESS, NEGLIGENT OR AGGRESSIVE MANNER","OPERATING VEHICLE IN ERRATIC, RECKLESS, CARELESS, NEGLIGENT OR AGGRESSIVE MANNER",5240,N,MILWAUKEE AVE,1623,,,,,,,2,NONINCAPACITATING INJURY,1,0,0,1,0,2,0,23,7,9,2,0,23,7,9
CLEAR,DARKNESS,REAR END,FOUR WAY,,STRAIGHT AND LEVEL,DRY,NO DEFECTS,ON SCENE,INJURY AND / OR TOW DUE TO CRASH,Y,,,"OVER $1,500",10/05/2025 0:15,FOLLOWING TOO CLOSELY,NOT APPLICABLE,4700,S,COTTAGE GROVE AVE,223,,Y,,,,,2,NO INDICATION OF INJURY,0,0,0,0,0,4,0,0,1,10,4,0,0,1,10
CLEAR,DAYLIGHT,REAR END,ONE-WAY,,STRAIGHT AND LEVEL,DRY,NO DEFECTS,NOT ON SCENE (DESK REPORT),NO INJURY / DRIVE AWAY,Y,,Y,"OVER $1,500",10/05/2025 11:00,FOLLOWING TOO CLOSELY,NOT APPLICABLE,1598,W,VAN BUREN ST,1231,,,,,,,2,NO INDICATION OF INJURY,0,0,0,0,0,2,0,11,1,10,2,0,11,1,10
CLEAR,"DARKNESS, LIGHTED ROAD",PARKED MOTOR VEHICLE,NOT DIVIDED,,STRAIGHT AND LEVEL,DRY,NO DEFECTS,ON SCENE,NO INJURY / DRIVE AWAY,,,,"OVER $1,500",03/31/2025 2:39,ANIMAL,NOT APPLICABLE,1276,W,72ND ST,734,,,,,,,3,NO INDICATION OF INJURY,0,0,0,0,0,1,0,2,2,3,1,0,2,2,3
RAIN,"DARKNESS, LIGHTED ROAD",PARKED MOTOR VEHICLE,ONE-WAY,,STRAIGHT AND LEVEL,WET,NO DEFECTS,,NO INJURY / DRIVE AWAY,,,Y,"OVER $1,500",03/31/2025 8:15,WEATHER,UNABLE TO DETERMINE,1856,S,BLUE ISLAND AVE,1233,,,,,,,2,NO INDICATION OF INJURY,0,0,0,0,0,1,0,20,1,3,1,0,20,1,3
CLEAR,DAYLIGHT,TURNING,NOT DIVIDED,,STRAIGHT AND LEVEL,DRY,NO DEFECTS,NOT ON SCENE (DESK REPORT),NO INJURY / DRIVE AWAY,Y,,,"$501 - $1,500",03/31/2025 15:31,IMPROPER OVERTAKING/PASSING,NOT APPLICABLE,2456,N,ASHLAND AVE,1931,,,,,,,2,NO INDICATION OF INJURY,0,0,0,0,0,2,0,15,2,3,2,0,15,2,3
CLEAR,DAYLIGHT,TURNING,NOT DIVIDED,,STRAIGHT AND LEVEL,DRY,UNKNOWN,NOT ON SCENE (DESK REPORT),NO INJURY / DRIVE AWAY,,,,"OVER $1,500",06/07/2025 19:42,UNABLE TO DETERMINE,UNABLE TO DETERMINE,3340,N,PULASKI RD,1731,,,,,,,2,NO INDICATION OF INJURY,0,0,0,0,0,2,0,19,7,6,2,0,19,7,6
CLEAR,DAYLIGHT,TURNING,T-INTERSECTION,,STRAIGHT AND LEVEL,DRY,NO DEFECTS,ON SCENE,INJURY AND / OR TOW DUE TO CRASH,,,,"OVER $1,500",06/07/2025 16:40,UNABLE TO DETERMINE,NOT APPLICABLE,5098,S,DAMEN AVE,931,,,,,,,2,NO INDICATION OF INJURY,0,0,0,0,0,3,0,16,7,6,3,0,16,7,6
CLEAR,DAYLIGHT,PARKED MOTOR VEHICLE,ONE-WAY,,STRAIGHT AND LEVEL,DRY,NO DEFECTS,NOT ON SCENE (DESK REPORT),NO INJURY / DRIVE AWAY,,,,"$501 - $1,500",04/20/2025 10:20,IMPROPER BACKING,NOT APPLICABLE,101,W,GRAND AVE,1831,,,,,,,2,NO INDICATION OF INJURY,0,0,0,0,0,2,0,17,7,4,2,0,17,7,4
CLEAR,"DARKNESS, LIGHTED ROAD",PARKED MOTOR VEHICLE,ONE-WAY,,STRAIGHT AND LEVEL,DRY,NO DEFECTS,ON SCENE,NO INJURY / DRIVE AWAY,,,Y,"$501 - $1,500",04/20/2025 8:01,IMPROPER LANE USAGE,NOT APPLICABLE,3818,W,CONGRESS PKWY,1133,,,,,,,2,NO INDICATION OF INJURY,0,0,0,0,0,1,0,3,1,4,1,0,3,1,4
CLEAR,"DARKNESS, LIGHTED ROAD",REAR END,DIVIDED - W/MEDIAN (NOT RAISED),,STRAIGHT AND LEVEL,DRY,UNKNOWN,NOT ON SCENE (DESK REPORT),NO INJURY / DRIVE AWAY,Y,,,"OVER $1,500",09/22/2024 13:15,UNABLE TO DETERMINE,UNABLE TO DETERMINE,5,W,IDA B WELLS DR,123,,,,,,,2,NO INDICATION OF INJURY,0,0,0,0,0,2,0,19,7,9,2,0,19,7,9
RAIN,DAYLIGHT,REAR TO SIDE,PARKING LOT,,STRAIGHT AND LEVEL,WET,NO DEFECTS,ON SCENE,NO INJURY / DRIVE AWAY,,,,$500 OR LESS,09/22/2024 14:52,IMPROPER BACKING,WEATHER,1930,W,103RD ST,2213,,,,,,,2,NO INDICATION OF INJURY,0,0,0,0,0,2,0,14,1,9,2,0,14,1,9
CLEAR,DUSK,TURNING,NOT DIVIDED,,STRAIGHT AND LEVEL,UNKNOWN,UNKNOWN,ON SCENE,NO INJURY / DRIVE AWAY,Y,,,"OVER $1,500",09/21/2024 19:09,IMPROPER LANE USAGE,NOT APPLICABLE,8700,S,INDIANA AVE,632,,,,,,,2,NO INDICATION OF INJURY,0,0,0,0,0,2,0,19,7,9,2,0,19,7,9
CLEAR,DAYLIGHT,ANGLE,FOUR WAY,,STRAIGHT AND LEVEL,DRY,NO DEFECTS,ON SCENE,INJURY AND / OR TOW DUE TO CRASH,Y,,,"OVER $1,500",09/22/2024 6:59,DISREGARDING TRAFFIC SIGNALS,FAILING TO REDUCE SPEED TO AVOID CRASH,600,S,LARAMIE AVE,1522,,,,,,,2,"REPORTED, NOT EVIDENT",1,0,0,0,1,1,0,6,1,9,1,0,6,1,9
CLEAR,"DARKNESS, LIGHTED ROAD",PARKED MOTOR VEHICLE,NOT DIVIDED,,STRAIGHT AND LEVEL,DRY,NO DEFECTS,NOT ON SCENE (DESK REPORT),NO INJURY / DRIVE AWAY,,,Y,"OVER $1,500",06/07/2025 11:40,UNABLE TO DETERMINE,UNABLE TO DETERMINE,7868,S,KOSTNER AVE,834,,,,,,,2,NO INDICATION OF INJURY,0,0,0,0,0,1,0,9,5,5,1,0,9,5,5
CLEAR,DAYLIGHT,ANGLE,DIVIDED - W/MEDIAN (NOT RAISED),,STRAIGHT AND LEVEL,WET,UNKNOWN,NOT ON SCENE (DESK REPORT),NO INJURY / DRIVE AWAY,,,Y,"OVER $1,500",09/22/2024 15:35,FAILING TO YIELD RIGHT-OF-WAY,IMPROPER TURNING/NO SIGNAL,4231,W,26TH ST,1031,,,,,,,2,NO INDICATION OF INJURY,0,0,0,0,0,2,0,15,1,9,2,0,15,1,9
CLEAR,DAYLIGHT,PARKED MOTOR VEHICLE,PARKING LOT,,STRAIGHT AND LEVEL,UNKNOWN,UNKNOWN,NOT ON SCENE (DESK REPORT),INJURY AND / OR TOW DUE TO CRASH,,,,"OVER $1,500",03/31/2025 17:00,DRIVING SKILLS/KNOWLEDGE/EXPERIENCE,NOT APPLICABLE,4100,S,ASHLAND AVE,924,,,,,,,2,"REPORTED, NOT EVIDENT",1,0,0,0,1,1,0,10,7,3,1,0,10,7,3
CLEAR,DAYLIGHT,ANGLE,DIVIDED - W/MEDIAN (NOT RAISED),,STRAIGHT AND LEVEL,DRY,NO DEFECTS,NOT ON SCENE (DESK REPORT),NO INJURY / DRIVE AWAY,,,,"OVER $1,500",08/27/2024 19:15,FAILING TO YIELD RIGHT-OF-WAY,NOT APPLICABLE,3098,W,DIVISION ST,1423,,,,,,,2,NO INDICATION OF INJURY,0,0,0,0,0,2,0,17,3,8,2,0,17,3,8
RAIN,"DARKNESS, LIGHTED ROAD",TURNING,NOT DIVIDED,,STRAIGHT AND LEVEL,WET,NO DEFECTS,ON SCENE,INJURY AND / OR TOW DUE TO CRASH,Y,,Y,"OVER $1,500",06/07/2025 23:05,FAILING TO REDUCE SPEED TO AVOID CRASH,IMPROPER TURNING/NO SIGNAL,849,W,87TH ST,2222,Y,Y,,,,,2,NO INDICATION OF INJURY,0,0,0,0,0,3,0,23,7,6,3,0,23,7,6
CLEAR,DAWN,PARKED MOTOR VEHICLE,NOT DIVIDED,,STRAIGHT AND LEVEL,WET,NO DEFECTS,ON SCENE,NO INJURY / DRIVE AWAY,,,,"OVER $1,500",03/30/2025 7:33,UNABLE TO DETERMINE,NOT APPLICABLE,941,W,50TH ST,933,,,,,,,2,NO INDICATION OF INJURY,0,0,0,0,0,1,0,7,1,3,1,0,7,1,3
UNKNOWN,UNKNOWN,PARKED MOTOR VEHICLE,NOT DIVIDED,,STRAIGHT AND LEVEL,UNKNOWN,UNKNOWN,ON SCENE,NO INJURY / DRIVE AWAY,,,Y,"OVER $1,500",03/30/2025 13:45,UNABLE TO DETERMINE,UNABLE TO DETERMINE,3314,E,86TH ST,424,,,,,,,2,NO INDICATION OF INJURY,0,0,0,0,0,1,0,13,1,3,1,0,13,1,3
CLOUDY/OVERCAST,DAYLIGHT,REAR END,DIVIDED - W/MEDIAN (NOT RAISED),,STRAIGHT AND LEVEL,DRY,NO DEFECTS,ON SCENE,NO INJURY / DRIVE AWAY,,,,$500 OR LESS,03/31/2025 7:50,FOLLOWING TOO CLOSELY,UNABLE TO DETERMINE,2599,N,LINCOLN AVE,1935,,,,,,,2,NO INDICATION OF INJURY,0,0,0,0,0,40,0,7,2,3,40,0,7,2,3
CLEAR,DAYLIGHT,OTHER OBJECT,DIVIDED - W/MEDIAN BARRIER,,STRAIGHT AND LEVEL,WET,NO DEFECTS,ON SCENE,NO INJURY / DRIVE AWAY,,Y,Y,"OVER $1,500",09/22/2024 17:02,"OPERATING VEHICLE IN ERRATIC, RECKLESS, CARELESS, NEGLIGENT OR AGGRESSIVE MANNER",UNABLE TO DETERMINE,2240,S,INDIANA AVE,132,,,,,,,1,NO INDICATION OF INJURY,0,0,0,0,0,1,0,17,1,9,1,0,17,1,9
CLEAR,DAYLIGHT,SIDESWIPE SAME DIRECTION,ONE-WAY,,STRAIGHT AND LEVEL,DRY,NO DEFECTS,NOT ON SCENE (DESK REPORT),INJURY AND / OR TOW DUE TO CRASH,,,,"OVER $1,500",03/31/2025 9:00,UNABLE TO DETERMINE,UNABLE TO DETERMINE,6901,S,STATE ST,322,,,,,,,2,"REPORTED, NOT EVIDENT",1,0,0,0,1,1,0,8,2,3,1,0,8,2,3
CLEAR,DAYLIGHT,SIDESWIPE SAME DIRECTION,NOT DIVIDED,,STRAIGHT AND LEVEL,DRY,NO DEFECTS,,NO INJURY / DRIVE AWAY,,,,"OVER $1,500",03/31/2025 18:10,IMPROPER TURNING/NO SIGNAL,NOT APPLICABLE,3542,S,ARCHER AVE,912,Y,,,,,,2,NO INDICATION OF INJURY,0,0,0,0,0,2,0,17,2,3,2,0,17,2,3
CLEAR,DAYLIGHT,ANGLE,FOUR WAY,,STRAIGHT AND LEVEL,DRY,NO DEFECTS,ON SCENE,INJURY AND / OR TOW DUE TO CRASH,Y,,,"OVER $1,500",08/28/2025 10:14,DISREGARDING TRAFFIC SIGNALS,DISREGARDING TRAFFIC SIGNALS,30,W,75TH ST,731,,,,,,,2,"REPORTED, NOT EVIDENT",1,0,0,0,1,2,0,10,5,8,2,0,10,5,8
UNKNOWN,DUSK,FIXED OBJECT,NOT DIVIDED,,STRAIGHT AND LEVEL,UNKNOWN,UNKNOWN,ON SCENE,NO INJURY / DRIVE AWAY,,,,"OVER $1,500",03/30/2025 18:37,UNABLE TO DETERMINE,UNABLE TO DETERMINE,999,N,LAKE SHORE DR NB,1833,,,,,,,1,NO INDICATION OF INJURY,0,0,0,0,0,1,0,18,1,3,1,0,18,1,3
CLOUDY/OVERCAST,DUSK,REAR END,DIVIDED - W/MEDIAN BARRIER,,STRAIGHT AND LEVEL,DRY,NO DEFECTS,ON SCENE,NO INJURY / DRIVE AWAY,,,,"$501 - $1,500",03/30/2025 19:23,FOLLOWING TOO CLOSELY,UNABLE TO DETERMINE,903,W,OHARE ST,1654,,,,,,,2,NO INDICATION OF INJURY,0,0,0,0,0,2,0,19,1,3,2,0,19,1,3
RAIN,"DARKNESS, LIGHTED ROAD",PARKED MOTOR VEHICLE,ONE-WAY,,STRAIGHT AND LEVEL,WET,UNKNOWN,ON SCENE,NO INJURY / DRIVE AWAY,,,Y,"OVER $1,500",03/31/2025 2:43,UNABLE TO DETERMINE,UNABLE TO DETERMINE,1713,N,MASON AVE,2531,,,,,,,2,NO INDICATION OF INJURY,0,0,0,0,0,1,0,2,2,3,1,0,2,2,3
CLEAR,DARKNESS,PARKED MOTOR VEHICLE,NOT DIVIDED,,STRAIGHT AND LEVEL,DRY,UNKNOWN,ON SCENE,INJURY AND / OR TOW DUE TO CRASH,,,,"OVER $1,500",03/31/2025 19:52,FAILING TO REDUCE SPEED TO AVOID CRASH,FAILING TO REDUCE SPEED TO AVOID CRASH,1926,W,118TH ST,2234,N,,,,,,3,NO INDICATION OF INJURY,0,0,0,0,0,1,0,19,2,3,1,0,19,2,3
CLEAR,"DARKNESS, LIGHTED ROAD",PEDALCYCLIST,DIVIDED - W/MEDIAN (NOT RAISED),,STRAIGHT AND LEVEL,DRY,NO DEFECTS,ON SCENE,INJURY AND / OR TOW DUE TO CRASH,,,,"$501 - $1,500",03/31/2025 21:31,UNABLE TO DETERMINE,UNABLE TO DETERMINE,2724,N,SHEFFIELD AVE,1935,,,N,,,,2,INCAPACITATING INJURY,1,0,1,0,0,1,0,21,2,3,1,0,21,2,3
RAIN,DAYLIGHT,ANGLE,NOT DIVIDED,,STRAIGHT AND LEVEL,WET,NO DEFECTS,,INJURY AND / OR TOW DUE TO CRASH,Y,,,"OVER $1,500",04/20/2025 13:27,FAILING TO YIELD RIGHT-OF-WAY,FAILING TO YIELD RIGHT-OF-WAY,5298,W,WASHINGTON BLVD,1523,,,,,,,2,NONINCAPACITATING INJURY,1,0,0,1,0,1,0,13,1,4,1,0,13,1,4
CLEAR,DAWN,PARKED MOTOR VEHICLE,ONE-WAY,,STRAIGHT AND LEVEL,DRY,UNKNOWN,NOT ON SCENE (DESK REPORT),NO INJURY / DRIVE AWAY,,,,"OVER $1,500",04/20/2025 19:20,FOLLOWING TOO CLOSELY,FOLLOWING TOO CLOSELY,11,E,WALTON ST,1833,,,,,,,2,NO INDICATION OF INJURY,0,0,0,0,0,1,0,18,1,4,1,0,18,1,4
CLEAR,DAYLIGHT,HEAD ON,PARKING LOT,,STRAIGHT AND LEVEL,WET,NO DEFECTS,ON SCENE,NO INJURY / DRIVE AWAY,,Y,,"OVER $1,500",09/22/2024 11:46,UNABLE TO DETERMINE,UNABLE TO DETERMINE,5200,N,PULASKI RD,1712,,,,,,,2,NO INDICATION OF INJURY,0,0,0,0,0,2,0,11,1,9,2,0,11,1,9
RAIN,DAYLIGHT,ANGLE,NOT DIVIDED,,STRAIGHT AND LEVEL,WET,NO DEFECTS,ON SCENE,INJURY AND / OR TOW DUE TO CRASH,Y,,,"OVER $1,500",09/22/2024 13:05,DISREGARDING TRAFFIC SIGNALS,FAILING TO YIELD RIGHT-OF-WAY,300,S,STATE ST,113,,Y,,,,,2,"REPORTED, NOT EVIDENT",1,0,0,0,1,2,0,13,1,9,2,0,13,1,9
CLEAR,DAYLIGHT,TURNING,NOT DIVIDED,,STRAIGHT AND LEVEL,DRY,NO DEFECTS,NOT ON SCENE (DESK REPORT),NO INJURY / DRIVE AWAY,,,,"OVER $1,500",03/31/2025 11:20,IMPROPER TURNING/NO SIGNAL,IMPROPER OVERTAKING/PASSING,5531,N,NAGLE AVE,1622,,,,,,,2,NO INDICATION OF INJURY,0,0,0,0,0,3,0,12,1,3,3,0,12,1,3
CLEAR,DAYLIGHT,ANGLE,NOT DIVIDED,,STRAIGHT AND LEVEL,DRY,NO DEFECTS,ON SCENE,NO INJURY / DRIVE AWAY,Y,,,"OVER $1,500",03/31/2025 17:09,UNABLE TO DETERMINE,NOT APPLICABLE,7500,S,ST LAWRENCE AVE,624,,,,,,,2,NO INDICATION OF INJURY,0,0,0,0,0,2,0,16,2,3,2,0,16,2,3
RAIN,"DARKNESS, LIGHTED ROAD",TURNING,FOUR WAY,,STRAIGHT AND LEVEL,WET,NO DEFECTS,NOT ON SCENE (DESK REPORT),NO INJURY / DRIVE AWAY,Y,,,"OVER $1,500",11/15/2024 15:45,DISREGARDING TRAFFIC SIGNALS,NOT APPLICABLE,6000,N,ALBANY AVE,2413,,,,,,,2,NO INDICATION OF INJURY,0,0,0,0,0,2,0,18,3,11,2,0,18,3,11
RAIN,DAYLIGHT,SIDESWIPE SAME DIRECTION,DIVIDED - W/MEDIAN (NOT RAISED),,STRAIGHT AND LEVEL,WET,NO DEFECTS,,NO INJURY / DRIVE AWAY,Y,,,"OVER $1,500",09/22/2024 16:58,UNABLE TO DETERMINE,UNABLE TO DETERMINE,5300,N,WESTERN AVE,2011,,,,,,,2,NO INDICATION OF INJURY,0,0,0,0,0,2,0,13,1,9,2,0,13,1,9
CLOUDY/OVERCAST,DAYLIGHT,SIDESWIPE SAME DIRECTION,DIVIDED - W/MEDIAN BARRIER,,STRAIGHT AND LEVEL,DRY,NO DEFECTS,NOT ON SCENE (DESK REPORT),NO INJURY / DRIVE AWAY,,,Y,"OVER $1,500",06/07/2025 17:30,UNABLE TO DETERMINE,UNABLE TO DETERMINE,5847,W,CORCORAN PL,1512,,,,,,,2,NO INDICATION OF INJURY,0,0,0,0,0,4,0,15,7,6,4,0,15,7,6
RAIN,DAYLIGHT,TURNING,FOUR WAY,,STRAIGHT AND LEVEL,WET,WORN SURFACE,ON SCENE,INJURY AND / OR TOW DUE TO CRASH,Y,,,"OVER $1,500",09/22/2024 14:28,FAILING TO YIELD RIGHT-OF-WAY,NOT APPLICABLE,200,W,CERMAK RD,914,,,,,,,2,NONINCAPACITATING INJURY,1,0,0,1,0,3,0,14,1,9,3,0,14,1,9
CLEAR,DAYLIGHT,PARKED MOTOR VEHICLE,NOT DIVIDED,,STRAIGHT AND LEVEL,DRY,NO DEFECTS,ON SCENE,INJURY AND / OR TOW DUE TO CRASH,,,,"OVER $1,500",03/31/2025 7:22,DRIVING SKILLS/KNOWLEDGE/EXPERIENCE,IMPROPER LANE USAGE,3727,N,BROADWAY,1925,,,,,,,4,NO INDICATION OF INJURY,0,0,0,0,0,1,0,7,2,3,1,0,7,2,3
CLEAR,DAYLIGHT,REAR END,NOT DIVIDED,,STRAIGHT AND LEVEL,DRY,NO DEFECTS,ON SCENE,NO INJURY / DRIVE AWAY,,,,"$501 - $1,500",03/31/2025 15:35,UNABLE TO DETERMINE,NOT APPLICABLE,1464,W,WEBSTER AVE,1811,,,,,,,2,NO INDICATION OF INJURY,0,0,0,0,0,2,0,15,2,3,2,0,15,2,3
CLEAR,"DARKNESS, LIGHTED ROAD",PARKED MOTOR VEHICLE,PARKING LOT,,STRAIGHT AND LEVEL,WET,NO DEFECTS,ON SCENE,NO INJURY / DRIVE AWAY,,Y,,$500 OR LESS,03/31/2025 5:07,UNABLE TO DETERMINE,UNABLE TO DETERMINE,4649,S,CICERO AVE,815,,,,,,,2,NO INDICATION OF INJURY,0,0,0,0,0,1,0,5,2,3,1,0,5,2,3
CLEAR,"DARKNESS, LIGHTED ROAD",PARKED MOTOR VEHICLE,ONE-WAY,,STRAIGHT AND LEVEL,DRY,NO DEFECTS,NOT ON SCENE (DESK REPORT),NO INJURY / DRIVE AWAY,,,,"OVER $1,500",04/20/2025 0:42,UNABLE TO DETERMINE,NOT APPLICABLE,410,N,DEARBORN ST,1831,,,,,,,2,NO INDICATION OF INJURY,0,0,0,0,0,2,0,0,1,4,2,0,0,1,4
CLEAR,DAYLIGHT,SIDESWIPE SAME DIRECTION,ONE-WAY,,STRAIGHT AND LEVEL,DRY,NO DEFECTS,ON SCENE,NO INJURY / DRIVE AWAY,,,,"OVER $1,500",04/20/2025 8:51,NOT APPLICABLE,NOT APPLICABLE,2445,W,57TH ST,824,,,,,,,2,NO INDICATION OF INJURY,0,0,0,0,0,2,0,8,1,4,2,0,8,1,4
CLEAR,DAYLIGHT,SIDESWIPE SAME DIRECTION,FOUR WAY,,STRAIGHT AND LEVEL,DRY,NO DEFECTS,NOT ON SCENE (DESK REPORT),NO INJURY / DRIVE AWAY,Y,,,"OVER $1,500",08/28/2025 17:50,UNABLE TO DETERMINE,UNABLE TO DETERMINE,8505,S,PULASKI RD,834,,,,,,,2,NO INDICATION OF INJURY,0,0,0,0,0,2,0,13,5,8,2,0,13,5,8
CLEAR,DAYLIGHT,REAR TO SIDE,PARKING LOT,,STRAIGHT AND LEVEL,DRY,NO DEFECTS,ON SCENE,NO INJURY / DRIVE AWAY,,,,$500 OR LESS,10/05/2025 13:51,IMPROPER BACKING,NOT APPLICABLE,1101,W,31ST ST,913,,,,,,,2,NO INDICATION OF INJURY,0,0,0,0,0,2,0,13,1,10,2,0,13,1,10
CLEAR,"DARKNESS, LIGHTED ROAD",SIDESWIPE SAME DIRECTION,NOT DIVIDED,,STRAIGHT AND LEVEL,DRY,UNKNOWN,NOT ON SCENE (DESK REPORT),INJURY AND / OR TOW DUE TO CRASH,,,Y,"OVER $1,500",04/17/2025 0:00,UNABLE TO DETERMINE,UNABLE TO DETERMINE,100,N,CICERO AVE,1532,,,,,,,2,NONINCAPACITATING INJURY,1,0,0,1,0,1,0,11,4,4,1,0,11,4,4
CLEAR,DAYLIGHT,REAR END,NOT DIVIDED,,STRAIGHT AND LEVEL,DRY,NO DEFECTS,NOT ON SCENE (DESK REPORT),NO INJURY / DRIVE AWAY,,,Y,"$501 - $1,500",06/07/2025 15:15,FOLLOWING TOO CLOSELY,NOT APPLICABLE,2017,W,IRVING PARK RD,1921,,,,,,,2,NO INDICATION OF INJURY,0,0,0,0,0,2,0,15,7,6,2,0,15,7,6
RAIN,DUSK,PARKED MOTOR VEHICLE,ONE-WAY,,STRAIGHT AND LEVEL,WET,UNKNOWN,NOT ON SCENE (DESK REPORT),NO INJURY / DRIVE AWAY,,,Y,"OVER $1,500",03/30/2025 11:50,UNABLE TO DETERMINE,UNABLE TO DETERMINE,9841,S,CLAREMONT AVE,2213,,,,,,,2,NO INDICATION OF INJURY,0,0,0,0,0,1,0,18,7,3,1,0,18,7,3
RAIN,"DARKNESS, LIGHTED ROAD",PARKED MOTOR VEHICLE,NOT DIVIDED,,STRAIGHT AND LEVEL,WET,NO DEFECTS,NOT ON SCENE (DESK REPORT),INJURY AND / OR TOW DUE TO CRASH,,,,"OVER $1,500",03/31/2025 4:12,DISTRACTION - FROM INSIDE VEHICLE,DRIVING SKILLS/KNOWLEDGE/EXPERIENCE,1653,W,43RD ST,924,,,,,,,3,NO INDICATION OF INJURY,0,0,0,0,0,1,0,4,2,3,1,0,4,2,3
CLEAR,"DARKNESS, LIGHTED ROAD",PARKED MOTOR VEHICLE,NOT DIVIDED,,STRAIGHT AND LEVEL,DRY,NO DEFECTS,NOT ON SCENE (DESK REPORT),INJURY AND / OR TOW DUE TO CRASH,,,,"OVER $1,500",04/19/2025 21:27,CELL PHONE USE OTHER THAN TEXTING,NOT APPLICABLE,1623,S,LOOMIS ST,1233,,,,,,,2,NO INDICATION OF INJURY,0,0,0,0,0,1,0,3,7,4,1,0,3,7,4
CLOUDY/OVERCAST,DAYLIGHT,ANGLE,ONE-WAY,,STRAIGHT AND LEVEL,WET,NO DEFECTS,,NO INJURY / DRIVE AWAY,Y,,,"OVER $1,500",04/20/2025 17:35,UNABLE TO DETERMINE,UNABLE TO DETERMINE,8100,S,VERNON AVE,631,,,,,,,2,NO INDICATION OF INJURY,0,0,0,0,0,2,0,16,1,4,2,0,16,1,4
CLEAR,"DARKNESS, LIGHTED ROAD",PEDESTRIAN,NOT DIVIDED,,STRAIGHT AND LEVEL,DRY,NO DEFECTS,ON SCENE,INJURY AND / OR TOW DUE TO CRASH,Y,,,$500 OR LESS,04/20/2025 20:27,FAILING TO YIELD RIGHT-OF-WAY,UNABLE TO DETERMINE,3200,W,MONTROSE AVE,1724,,,,,,,2,"REPORTED, NOT EVIDENT",2,0,0,0,2,0,0,20,1,4,0,0,20,1,4
RAIN,DAYLIGHT,ANGLE,FOUR WAY,,STRAIGHT AND LEVEL,WET,NO DEFECTS,NOT ON SCENE (DESK REPORT),NO INJURY / DRIVE AWAY,,,Y,"OVER $1,500",04/20/2025 15:30,FAILING TO YIELD RIGHT-OF-WAY,FAILING TO YIELD RIGHT-OF-WAY,8400,S,DAMEN AVE,614,,,,,,,2,NO INDICATION OF INJURY,0,0,0,0,0,3,0,14,1,4,3,0,14,1,4
RAIN,DAWN,PARKED MOTOR VEHICLE,NOT DIVIDED,,STRAIGHT AND LEVEL,WET,NO DEFECTS,NOT ON SCENE (DESK REPORT),NO INJURY / DRIVE AWAY,,,Y,"OVER $1,500",03/31/2025 17:26,UNABLE TO DETERMINE,NOT APPLICABLE,3081,S,LOCK ST,913,,,,,,,2,NO INDICATION OF INJURY,0,0,0,0,0,1,0,14,7,3,1,0,14,7,3
CLEAR,DAYLIGHT,TURNING,FOUR WAY,,"CURVE, LEVEL",DRY,NO DEFECTS,NOT ON SCENE (DESK REPORT),NO INJURY / DRIVE AWAY,,,,"OVER $1,500",03/31/2025 9:45,FAILING TO YIELD RIGHT-OF-WAY,NOT APPLICABLE,301,W,VAN BUREN ST,122,,,,,,,2,NO INDICATION OF INJURY,0,0,0,0,0,2,0,7,1,3,2,0,7,1,3
CLEAR,DARKNESS,SIDESWIPE SAME DIRECTION,NOT DIVIDED,,STRAIGHT AND LEVEL,DRY,NO DEFECTS,NOT ON SCENE (DESK REPORT),NO INJURY / DRIVE AWAY,,,Y,"OVER $1,500",03/31/2025 0:00,NOT APPLICABLE,NOT APPLICABLE,161,N,CLARK ST,111,,,,,,,2,NO INDICATION OF INJURY,0,0,0,0,0,5,0,23,1,3,5,0,23,1,3