WEATHER_CONDITION,LIGHTING_CONDITION,FIRST_CRASH_TYPE,TRAFFICWAY_TYPE,LANE_CNT,ALIGNMENT,ROADWAY_SURFACE_COND,ROAD_DEFECT,REPORT_TYPE,CRASH_TYPE,INTERSECTION_RELATED_I,NOT_RIGHT_OF_WAY_I,HIT_AND_RUN_I,DAMAGE,DATE_POLICE_NOTIFIED,PRIM_CONTRIBUTORY_CAUSE,SEC_CONTRIBUTORY_CAUSE,STREET_NO,STREET_DIRECTION,STREET_NAME,BEAT_OF_OCCURRENCE,PHOTOS_TAKEN_I,STATEMENTS_TAKEN_I,DOORING_I,WORK_ZONE_I,WORK_ZONE_TYPE,WORKERS_PRESENT_I,NUM_UNITS,MOST_SEVERE_INJURY,INJURIES_TOTAL,INJURIES_FATAL,INJURIES_INCAPACITATING,INJURIES_NON_INCAPACITATING,INJURIES_REPORTED_NOT_EVIDENT,INJURIES_NO_INDICATION,INJURIES_UNKNOWN,CRASH_HOUR,CRASH_DAY_OF_WEEK,CRASH_MONTH,INJURIES_NO_INDICATION,INJURIES_UNKNOWN,CRASH_HOUR,CRASH_DAY_OF_WEEK,CRASH_MONTH
UNKNOWN,DAYLIGHT,OTHER OBJECT,DIVIDED - W/MEDIAN (NOT RAISED),,STRAIGHT AND LEVEL,UNKNOWN,UNKNOWN,NOT ON SCENE (DESK REPORT),NO INJURY / DRIVE AWAY,,,Y,"OVER $1,500",06/07/2025 17:10,UNABLE TO DETERMINE,UNABLE TO DETERMINE,5447,W,WRIGHTWOOD AVE,2515,,,,,,,1,NO INDICATION OF INJURY,0,0,0,0,0,1,0,6,7,6,1,0,6,7,6
CLEAR,"DARKNESS, LIGHTED ROAD",REAR END,DIVIDED - W/MEDIAN (NOT RAISED),,STRAIGHT AND LEVEL,DRY,NO DEFECTS,,INJURY AND / OR TOW DUE TO CRASH,,,,"OVER $1,500",03/31/2025 5:07,FOLLOWING TOO CLOSELY,NOT APPLICABLE,7101,S,CICERO AVE,833,,,,,,,2,NO INDICATION OF INJURY,0,0,0,0,0,2,0,4,2,3,2,0,4,2,3
CLEAR,UNKNOWN,REAR END,NOT DIVIDED,,STRAIGHT AND LEVEL,DRY,NO DEFECTS,NOT ON SCENE (DESK REPORT),INJURY AND / OR TOW DUE TO CRASH,,,Y,"OVER $1,500",04/20/2025 9:25,UNABLE TO DETERMINE,UNABLE TO DETERMINE,5569,W,DIVISION ST,1524,,,,,,,2,"REPORTED, NOT EVIDENT",1,0,0,0,1,1,0,21,7,4,1,0,21,7,4
CLEAR,DUSK,SIDESWIPE SAME DIRECTION,NOT DIVIDED,,STRAIGHT AND LEVEL,DRY,NO DEFECTS,,NO INJURY / DRIVE AWAY,Y,,,"$501 - $1,500",04/19/2025 22:30,IMPROPER LANE USAGE,UNABLE TO DETERMINE,224,W,63RD ST,711,,,,,,,2,NO INDICATION OF INJURY,0,0,0,0,0,2,0,22,7,4,2,0,22,7,4
UNKNOWN,UNKNOWN,PARKED MOTOR VEHICLE,DIVIDED - W/MEDIAN (NOT RAISED),,STRAIGHT AND LEVEL,UNKNOWN,UNKNOWN,ON SCENE,NO INJURY / DRIVE AWAY,,,Y,"$501 - $1,500",04/20/2025 21:43,UNABLE TO DETERMINE,UNABLE TO DETERMINE,822,N,DAMEN AVE,1212,,,,,,,2,NO INDICATION OF INJURY,0,0,0,0,0,1,0,6,1,4,1,0,6,1,4
CLEAR,DAYLIGHT,REAR TO SIDE,NOT DIVIDED,,STRAIGHT AND LEVEL,DRY,NO DEFECTS,NOT ON SCENE (DESK REPORT),NO INJURY / DRIVE AWAY,,,,"$501 - $1,500",06/07/2025 9:35,UNABLE TO DETERMINE,NOT APPLICABLE,2200,W,FULLERTON AVE,1432,,,,,,,2,NO INDICATION OF INJURY,0,0,0,0,0,3,0,15,6,5,3,0,15,6,5
CLEAR,DAYLIGHT,REAR END,NOT DIVIDED,,STRAIGHT AND LEVEL,DRY,NO DEFECTS,NOT ON SCENE (DESK REPORT),NO INJURY / DRIVE AWAY,,,,"OVER $1,500",09/03/2025 9:10,FOLLOWING TOO CLOSELY,UNABLE TO DETERMINE,7900,S,DAMEN AVE,611,,,,,,,2,NO INDICATION OF INJURY,0,0,0,0,0,2,0,16,5,8,2,0,16,5,8
CLEAR,DAYLIGHT,TURNING,DIVIDED - W/MEDIAN (NOT RAISED),,STRAIGHT AND LEVEL,DRY,NO DEFECTS,ON SCENE,INJURY AND / OR TOW DUE TO CRASH,Y,,,"OVER $1,500",08/28/2025 14:10,FAILING TO YIELD RIGHT-OF-WAY,IMPROPER TURNING/NO SIGNAL,4300,S,DR MARTIN LUTHER KING JR DR,215,,,,,,,2,NO INDICATION OF INJURY,0,0,0,0,0,2,0,14,5,8,2,0,14,5,8
CLEAR,DARKNESS,PARKED MOTOR VEHICLE,NOT DIVIDED,,STRAIGHT AND LEVEL,DRY,NO DEFECTS,ON SCENE,INJURY AND / OR TOW DUE TO CRASH,,,Y,"OVER $1,500",04/19/2025 9:50,UNABLE TO DETERMINE,NOT APPLICABLE,2512,W,AUGUSTA BLVD,1211,,,,,,,3,NO INDICATION OF INJURY,0,0,0,0,0,1,0,1,7,4,1,0,1,7,4
CLEAR,"DARKNESS, LIGHTED ROAD",ANGLE,NOT DIVIDED,,STRAIGHT AND LEVEL,DRY,NO DEFECTS,ON SCENE,INJURY AND / OR TOW DUE TO CRASH,Y,Y,,"OVER $1,500",04/20/2025 2:07,DISREGARDING OTHER TRAFFIC SIGNS,NOT APPLICABLE,1000,N,CENTRAL AVE,1511,N,,,,,,3,FATAL,1,1,0,0,0,2,0,2,1,4,2,0,2,1,4
CLEAR,DAYLIGHT,PEDESTRIAN,DIVIDED - W/MEDIAN (NOT RAISED),,STRAIGHT AND LEVEL,DRY,NO DEFECTS,ON SCENE,NO INJURY / DRIVE AWAY,,,Y,$500 OR LESS,03/25/2025 7:15,IMPROPER BACKING,NOT APPLICABLE,6610,S,HALSTED ST,723,,,,,,,2,NO INDICATION OF INJURY,0,0,0,0,0,2,0,7,3,3,2,0,7,3,3
RAIN,"DARKNESS, LIGHTED ROAD",PARKED MOTOR VEHICLE,NOT DIVIDED,,STRAIGHT AND LEVEL,WET,NO DEFECTS,ON SCENE,INJURY AND / OR TOW DUE TO CRASH,,,,"OVER $1,500",06/08/2025 0:31,EQUIPMENT - VEHICLE CONDITION,UNABLE TO DETERMINE,5701,W,WASHINGTON BLVD,1513,,,,,,,2,NO INDICATION OF INJURY,0,0,0,0,0,1,0,0,1,6,1,0,0,1,6
UNKNOWN,DAYLIGHT,REAR TO SIDE,PARKING LOT,,STRAIGHT AND LEVEL,UNKNOWN,UNKNOWN,NOT ON SCENE (DESK REPORT),NO INJURY / DRIVE AWAY,,,Y,"$501 - $1,500",03/31/2025 10:08,UNABLE TO DETERMINE,NOT APPLICABLE,6559,W,ARCHER AVE,811,,,,,,,2,NO INDICATION OF INJURY,0,0,0,0,0,3,0,13,7,3,3,0,13,7,3
RAIN,"DARKNESS, LIGHTED ROAD",OTHER OBJECT,DIVIDED - W/MEDIAN (NOT RAISED),,STRAIGHT AND LEVEL,WET,UNKNOWN,ON SCENE,INJURY AND / OR TOW DUE TO CRASH,,,,"OVER $1,500",03/30/2025 1:30,IMPROPER OVERTAKING/PASSING,UNABLE TO DETERMINE,7715,S,HALSTED ST,621,,,,,,,1,INCAPACITATING INJURY,1,0,1,0,0,1,0,1,1,3,1,0,1,1,3
CLEAR,DAYLIGHT,REAR END,DIVIDED - W/MEDIAN (NOT RAISED),,STRAIGHT AND LEVEL,DRY,NO DEFECTS,NOT ON SCENE (DESK REPORT),NO INJURY / DRIVE AWAY,Y,,Y,"OVER $1,500",03/31/2025 18:20,DRIVING SKILLS/KNOWLEDGE/EXPERIENCE,UNABLE TO DETERMINE,7900,S,STATE ST,623,,,,,,,2,NO INDICATION OF INJURY,0,0,0,0,0,2,0,13,2,3,2,0,13,2,3
CLEAR,DAYLIGHT,SIDESWIPE OPPOSITE DIRECTION,NOT DIVIDED,,STRAIGHT AND LEVEL,DRY,NO DEFECTS,ON SCENE,INJURY AND / OR TOW DUE TO CRASH,,Y,,"OVER $1,500",04/19/2025 13:42,UNABLE TO DETERMINE,NOT APPLICABLE,7000,W,GRAND AVE,2512,,,,,,,2,NONINCAPACITATING INJURY,1,0,0,1,0,2,0,13,7,4,2,0,13,7,4
CLEAR,DAYLIGHT,SIDESWIPE SAME DIRECTION,NOT DIVIDED,,STRAIGHT AND LEVEL,DRY,NO DEFECTS,ON SCENE,NO INJURY / DRIVE AWAY,,,,"OVER $1,500",03/28/2025 16:56,FOLLOWING TOO CLOSELY,NOT APPLICABLE,3150,W,16TH ST,1022,,,,,,,2,NO INDICATION OF INJURY,0,0,0,0,0,4,0,16,6,3,4,0,16,6,3
CLEAR,DAYLIGHT,PEDESTRIAN,NOT DIVIDED,,STRAIGHT AND LEVEL,DRY,NO DEFECTS,ON SCENE,INJURY AND / OR TOW DUE TO CRASH,Y,,,$500 OR LESS,03/28/2025 16:22,FAILING TO YIELD RIGHT-OF-WAY,NOT APPLICABLE,5300,S,KEDZIE AVE,822,,,,,,,2,NONINCAPACITATING INJURY,1,0,0,1,0,1,0,15,6,3,1,0,15,6,3
CLEAR,DAYLIGHT,PARKED MOTOR VEHICLE,ONE-WAY,,STRAIGHT AND LEVEL,DRY,NO DEFECTS,NOT ON SCENE (DESK REPORT),NO INJURY / DRIVE AWAY,,,Y,"$501 - $1,500",03/31/2025 7:00,NOT APPLICABLE,NOT APPLICABLE,1230,W,CATALPA AVE,2013,,,,,,,2,NO INDICATION OF INJURY,0,0,0,0,0,1,0,18,1,3,1,0,18,1,3
CLEAR,DAYLIGHT,SIDESWIPE SAME DIRECTION,DIVIDED - W/MEDIAN (NOT RAISED),,STRAIGHT AND LEVEL,DRY,NO DEFECTS,,NO INJURY / DRIVE AWAY,,,,"OVER $1,500",03/30/2025 12:30,UNABLE TO DETERMINE,UNABLE TO DETERMINE,2313,N,MILWAUKEE AVE,1414,,,,,,,2,NO INDICATION OF INJURY,0,0,0,0,0,2,0,12,1,3,2,0,12,1,3
CLEAR,DAYLIGHT,REAR END,NOT DIVIDED,,STRAIGHT AND LEVEL,DRY,UNKNOWN,NOT ON SCENE (DESK REPORT),NO INJURY / DRIVE AWAY,,,,"$501 - $1,500",03/31/2025 9:49,FOLLOWING TOO CLOSELY,NOT APPLICABLE,3618,N,ELSTON AVE,1733,,,,,,,2,NO INDICATION OF INJURY,0,0,0,0,0,3,0,9,2,3,3,0,9,2,3
CLEAR,DAYLIGHT,TURNING,NOT DIVIDED,,STRAIGHT AND LEVEL,DRY,NO DEFECTS,ON SCENE,INJURY AND / OR TOW DUE TO CRASH,Y,,,"OVER $1,500",06/07/2025 13:55,FAILING TO YIELD RIGHT-OF-WAY,FAILING TO REDUCE SPEED TO AVOID CRASH,4000,W,BERTEAU AVE,1722,,,,,,,2,NONINCAPACITATING INJURY,2,0,0,1,1,0,0,13,7,6,0,0,13,7,6
RAIN,"DARKNESS, LIGHTED ROAD",SIDESWIPE SAME DIRECTION,FOUR WAY,,STRAIGHT AND LEVEL,WET,NO DEFECTS,ON SCENE,INJURY AND / OR TOW DUE TO CRASH,Y,,Y,"OVER $1,500",06/08/2025 0:54,UNABLE TO DETERMINE,NOT APPLICABLE,8300,S,STONY ISLAND AVE,412,,,,,,,3,NO INDICATION OF INJURY,0,0,0,0,0,3,0,0,1,6,3,0,0,1,6
CLEAR,"DARKNESS, LIGHTED ROAD",ANGLE,FOUR WAY,,STRAIGHT AND LEVEL,DRY,NO DEFECTS,NOT ON SCENE (DESK REPORT),INJURY AND / OR TOW DUE TO CRASH,,,Y,"OVER $1,500",03/31/2025 22:50,DISREGARDING STOP SIGN,NOT APPLICABLE,200,N,KARLOV AVE,1114,,,,,,,2,NO INDICATION OF INJURY,0,0,0,0,0,2,0,21,2,3,2,0,21,2,3
CLEAR,DUSK,PARKED MOTOR VEHICLE,NOT DIVIDED,,STRAIGHT AND LEVEL,DRY,NO DEFECTS,NOT ON SCENE (DESK REPORT),NO INJURY / DRIVE AWAY,,,,"OVER $1,500",03/31/2025 19:50,UNABLE TO DETERMINE,NOT APPLICABLE,2015,W,THOMAS ST,1212,,,,,,,2,NO INDICATION OF INJURY,0,0,0,0,0,1,0,18,2,3,1,0,18,2,3
CLEAR,DARKNESS,FIXED OBJECT,OTHER,,STRAIGHT AND LEVEL,DRY,NO DEFECTS,,NO INJURY / DRIVE AWAY,,,,"OVER $1,500",04/01/2025 2:30,NOT APPLICABLE,NOT APPLICABLE,5200,S,HERMITAGE AVE,932,,,,,,,1,NO INDICATION OF INJURY,0,0,0,0,0,2,0,2,3,4,2,0,2,3,4
RAIN,DAYLIGHT,REAR END,NOT DIVIDED,,STRAIGHT AND LEVEL,WET,UNKNOWN,ON SCENE,NO INJURY / DRIVE AWAY,Y,,,"OVER $1,500",04/20/2025 14:21,UNABLE TO DETERMINE,NOT APPLICABLE,4198,N,CLARK ST,1912,,,,,,,2,NO INDICATION OF INJURY,0,0,0,0,0,3,0,14,1,4,3,0,14,1,4
UNKNOWN,"DARKNESS, LIGHTED ROAD",FIXED OBJECT,ALLEY,,STRAIGHT AND LEVEL,UNKNOWN,UNKNOWN,,INJURY AND / OR TOW DUE TO CRASH,,,Y,"OVER $1,500",05/06/2025 12:49,UNABLE TO DETERMINE,UNABLE TO DETERMINE,6632,W,DIVERSEY AVE,2511,,,,,,,1,NO INDICATION OF INJURY,0,0,0,0,0,1,0,23,2,5,1,0,23,2,5
CLEAR,DAYLIGHT,REAR TO SIDE,FOUR WAY,,STRAIGHT AND LEVEL,DRY,NO DEFECTS,,NO INJURY / DRIVE AWAY,,,N,"OVER $1,500",09/05/2024 17:00,UNABLE TO DETERMINE,UNABLE TO DETERMINE,7600,S,DAMEN AVE,611,,,,,,,3,NO INDICATION OF INJURY,0,0,0,0,0,4,0,16,5,9,4,0,16,5,9
CLEAR,DAYLIGHT,PARKED MOTOR VEHICLE,ONE-WAY,,STRAIGHT AND LEVEL,DRY,NO DEFECTS,ON SCENE,NO INJURY / DRIVE AWAY,,,,"$501 - $1,500",03/30/2025 14:15,UNABLE TO DETERMINE,UNABLE TO DETERMINE,6812,S,ARTESIAN AVE,832,,,,,,,2,NO INDICATION OF INJURY,0,0,0,0,0,1,0,14,1,3,1,0,14,1,3
CLEAR,DAYLIGHT,SIDESWIPE SAME DIRECTION,ONE-WAY,,STRAIGHT AND LEVEL,DRY,NO DEFECTS,NOT ON SCENE (DESK REPORT),NO INJURY / DRIVE AWAY,,,,"OVER $1,500",03/31/2025 16:30,FAILING TO YIELD RIGHT-OF-WAY,NOT APPLICABLE,3444,W,GRACE ST,1732,,,,,,,2,NO INDICATION OF INJURY,0,0,0,0,0,5,0,15,2,3,5,0,15,2,3
CLEAR,DAYLIGHT,REAR END,NOT DIVIDED,,STRAIGHT AND LEVEL,DRY,NO DEFECTS,NOT ON SCENE (DESK REPORT),NO INJURY / DRIVE AWAY,Y,,,$500 OR LESS,03/31/2025 11:39,UNABLE TO DETERMINE,NOT APPLICABLE,3001,W,CHICAGO AVE,1221,,,,,,,2,NO INDICATION OF INJURY,0,0,0,0,0,2,0,10,2,3,2,0,10,2,3
CLEAR,DAYLIGHT,PARKED MOTOR VEHICLE,ONE-WAY,,STRAIGHT AND LEVEL,DRY,NO DEFECTS,ON SCENE,NO INJURY / DRIVE AWAY,,,,"OVER $1,500",06/07/2025 16:35,UNABLE TO DETERMINE,UNABLE TO DETERMINE,7254,S,CALIFORNIA AVE,831,,,,,,,2,NO INDICATION OF INJURY,0,0,0,0,0,2,0,16,7,6,2,0,16,7,6
RAIN,"DARKNESS, LIGHTED ROAD",PEDESTRIAN,NOT DIVIDED,,STRAIGHT AND LEVEL,WET,NO DEFECTS,ON SCENE,INJURY AND / OR TOW DUE TO CRASH,,,,"$501 - $1,500",06/08/2025 2:03,FAILING TO REDUCE SPEED TO AVOID CRASH,NOT APPLICABLE,5619,W,DIVERSEY AVE,2514,,,,,,,2,INCAPACITATING INJURY,1,0,1,0,0,2,0,2,1,6,2,0,2,1,6
RAIN,DARKNESS,PARKED MOTOR VEHICLE,NOT DIVIDED,,STRAIGHT AND LEVEL,WET,NO DEFECTS,ON SCENE,NO INJURY / DRIVE AWAY,,,Y,"OVER $1,500",04/19/2025 9:15,UNABLE TO DETERMINE,UNABLE TO DETERMINE,2015,N,CENTRAL PARK AVE,1413,,,,,,,3,NO INDICATION OF INJURY,0,0,0,0,0,1,0,3,7,4,1,0,3,7,4
RAIN,DAYLIGHT,SIDESWIPE SAME DIRECTION,ONE-WAY,,STRAIGHT AND LEVEL,WET,UNKNOWN,NOT ON SCENE (DESK REPORT),NO INJURY / DRIVE AWAY,,,Y,"OVER $1,500",04/20/2025 15:30,UNABLE TO DETERMINE,UNABLE TO DETERMINE,9508,S,EXCHANGE AVE,431,,,,,,,2,NO INDICATION OF INJURY,0,0,0,0,0,2,0,14,1,4,2,0,14,1,4
RAIN,DAYLIGHT,TURNING,DIVIDED - W/MEDIAN (NOT RAISED),,STRAIGHT AND LEVEL,WET,NO DEFECTS,ON SCENE,INJURY AND / OR TOW DUE TO CRASH,,,,"OVER $1,500",04/20/2025 12:18,WEATHER,UNABLE TO DETERMINE,5059,N,ELSTON AVE,1712,,,,,,,2,NO INDICATION OF INJURY,0,0,0,0,0,2,0,12,1,4,2,0,12,1,4
CLEAR,DAYLIGHT,REAR END,DIVIDED - W/MEDIAN (NOT RAISED),,STRAIGHT AND LEVEL,DRY,NO DEFECTS,ON SCENE,NO INJURY / DRIVE AWAY,,,,$500 OR LESS,10/27/2025 8:47,FAILING TO REDUCE SPEED TO AVOID CRASH,NOT APPLICABLE,1340,W,79TH ST,612,,,,,,,2,NO INDICATION OF INJURY,0,0,0,0,0,2,0,8,2,10,2,0,8,2,10
CLEAR,"DARKNESS, LIGHTED ROAD",PARKED MOTOR VEHICLE,ONE-WAY,,STRAIGHT AND LEVEL,DRY,NO DEFECTS,ON SCENE,NO INJURY / DRIVE AWAY,,,,"$501 - $1,500",10/27/2025 20:52,UNABLE TO DETERMINE,UNABLE TO DETERMINE,3540,W,13TH PL,1021,,,,,,,2,NO INDICATION OF INJURY,0,0,0,0,0,3,0,20,2,10,3,0,20,2,10
CLEAR,DAYLIGHT,REAR END,DIVIDED - W/MEDIAN (NOT RAISED),,STRAIGHT AND LEVEL,DRY,UNKNOWN,NOT ON SCENE (DESK REPORT),NO INJURY / DRIVE AWAY,N,,,"$501 - $1,500",03/31/2025 14:55,UNABLE TO DETERMINE,NOT APPLICABLE,2399,W,87TH ST,2221,,,,,,,2,NO INDICATION OF INJURY,0,0,0,0,0,2,0,14,5,3,2,0,14,5,3
CLEAR,"DARKNESS, LIGHTED ROAD",FIXED OBJECT,PARKING LOT,,STRAIGHT ON GRADE,DRY,NO DEFECTS,ON SCENE,INJURY AND / OR TOW DUE TO CRASH,,Y,Y,"OVER $1,500",03/31/2025 0:06,FAILING TO REDUCE SPEED TO AVOID CRASH,UNABLE TO DETERMINE,60,E,LAKE ST,111,,,,,,,1,NO INDICATION OF INJURY,0,0,0,0,0,1,0,21,1,3,1,0,21,1,3
CLOUDY/OVERCAST,DAYLIGHT,SIDESWIPE SAME DIRECTION,NOT DIVIDED,,STRAIGHT AND LEVEL,DRY,UNKNOWN,NOT ON SCENE (DESK REPORT),NO INJURY / DRIVE AWAY,,,,"OVER $1,500",03/31/2025 9:45,UNABLE TO DETERMINE,NOT APPLICABLE,790,W,107TH ST,2233,,,,,,,2,NO INDICATION OF INJURY,0,0,0,0,0,2,0,9,2,3,2,0,9,2,3
CLEAR,DAYLIGHT,PARKED MOTOR VEHICLE,ALLEY,,STRAIGHT AND LEVEL,DRY,NO DEFECTS,ON SCENE,NO INJURY / DRIVE AWAY,,,,"$501 - $1,500",03/31/2025 7:30,UNABLE TO DETERMINE,DRIVING SKILLS/KNOWLEDGE/EXPERIENCE,733,W,BUCKINGHAM PL,1925,,,,,,,2,,,,,,,,,7,2,3,,,7,2,3
CLOUDY/OVERCAST,DAYLIGHT,ANGLE,NOT DIVIDED,,STRAIGHT AND LEVEL,DRY,NO DEFECTS,NOT ON SCENE (DESK REPORT),NO INJURY / DRIVE AWAY,,,Y,"OVER $1,500",06/07/2025 13:40,IMPROPER LANE USAGE,FAILING TO YIELD RIGHT-OF-WAY,2300,W,TOUHY AVE,2411,,,,,,,2,NO INDICATION OF INJURY,0,0,0,0,0,2,0,13,7,6,2,0,13,7,6
CLEAR,"DARKNESS, LIGHTED ROAD",REAR END,NOT DIVIDED,,STRAIGHT AND LEVEL,DRY,NO DEFECTS,ON SCENE,INJURY AND / OR TOW DUE TO CRASH,,,,"OVER $1,500",04/20/2025 0:58,IMPROPER LANE USAGE,IMPROPER LANE USAGE,6901,N,SHERIDAN RD,2431,,,,,,,2,NO INDICATION OF INJURY,0,0,0,0,0,2,0,0,1,4,2,0,0,1,4
UNKNOWN,DAWN,PARKED MOTOR VEHICLE,NOT DIVIDED,,STRAIGHT AND LEVEL,DRY,NO DEFECTS,NOT ON SCENE (DESK REPORT),NO INJURY / DRIVE AWAY,,,Y,"OVER $1,500",04/20/2025 11:59,UNABLE TO DETERMINE,DRIVING SKILLS/KNOWLEDGE/EXPERIENCE,4627,S,DREXEL BLVD,222,,,,,,,2,NO INDICATION OF INJURY,0,0,0,0,0,1,0,10,1,4,1,0,10,1,4
CLEAR,"DARKNESS, LIGHTED ROAD",TURNING,DIVIDED - W/MEDIAN (NOT RAISED),,STRAIGHT AND LEVEL,DRY,NO DEFECTS,NOT ON SCENE (DESK REPORT),NO INJURY / DRIVE AWAY,Y,,,"OVER $1,500",04/20/2025 0:15,FAILING TO YIELD RIGHT-OF-WAY,NOT APPLICABLE,2400,N,ASHLAND AVE,1931,,,,,,,2,NO INDICATION OF INJURY,0,0,0,0,0,3,0,23,7,4,3,0,23,7,4
UNKNOWN,UNKNOWN,PARKED MOTOR VEHICLE,ONE-WAY,,STRAIGHT AND LEVEL,UNKNOWN,UNKNOWN,NOT ON SCENE (DESK REPORT),NO INJURY / DRIVE AWAY,,,Y,"OVER $1,500",03/31/2025 16:15,UNABLE TO DETERMINE,NOT APPLICABLE,6132,N,OAKLEY AVE,2413,,,,,,,2,NO INDICATION OF INJURY,0,0,0,0,0,1,0,6,2,3,1,0,6,2,3
CLEAR,DARKNESS,SIDESWIPE OPPOSITE DIRECTION,NOT DIVIDED,,STRAIGHT AND LEVEL,DRY,UNKNOWN,ON SCENE,INJURY AND / OR TOW DUE TO CRASH,,,,"OVER $1,500",04/19/2025 21:27,DRIVING SKILLS/KNOWLEDGE/EXPERIENCE,DRIVING SKILLS/KNOWLEDGE/EXPERIENCE,7231,S,KEDZIE AVE,831,,,,,,,3,NO INDICATION OF INJURY,0,0,0,0,0,2,0,21,7,4,2,0,21,7,4
CLEAR,DARKNESS,SIDESWIPE SAME DIRECTION,ONE-WAY,,STRAIGHT AND LEVEL,DRY,UNKNOWN,NOT ON SCENE (DESK REPORT),NO INJURY / DRIVE AWAY,,,,"OVER $1,500",03/29/2025 12:00,FAILING TO YIELD RIGHT-OF-WAY,FAILING TO YIELD RIGHT-OF-WAY,224,W,ONTARIO ST,1831,,,,,,,2,NO INDICATION OF INJURY,0,0,0,0,0,3,0,0,7,3,3,0,0,7,3
CLEAR,"DARKNESS, LIGHTED ROAD",REAR END,DIVIDED - W/MEDIAN (NOT RAISED),,STRAIGHT AND LEVEL,DRY,NO DEFECTS,ON SCENE,INJURY AND / OR TOW DUE TO CRASH,,,,"OVER $1,500",03/30/2025 21:08,FOLLOWING TOO CLOSELY,NOT APPLICABLE,5743,N,SHERIDAN RD,2022,,,,,,,2,NO INDICATION OF INJURY,0,0,0,0,0,2,0,21,1,3,2,0,21,1,3
RAIN,"DARKNESS, LIGHTED ROAD",REAR END,NOT DIVIDED,,STRAIGHT ON GRADE,WET,NO DEFECTS,ON SCENE,INJURY AND / OR TOW DUE TO CRASH,,,,"OVER $1,500",03/31/2025 3:39,UNABLE TO DETERMINE,UNABLE TO DETERMINE,5210,S,ARCHER AVE,815,,,,,,,2,NO INDICATION OF INJURY,0,0,0,0,0,2,0,3,2,3,2,0,3,2,3
CLEAR,DAYLIGHT,PARKED MOTOR VEHICLE,NOT DIVIDED,,STRAIGHT AND LEVEL,UNKNOWN,UNKNOWN,NOT ON SCENE (DESK REPORT),NO INJURY / DRIVE AWAY,,,,"OVER $1,500",03/31/2025 15:38,DRIVING SKILLS/KNOWLEDGE/EXPERIENCE,NOT APPLICABLE,6459,S,TRIPP AVE,813,,,,,,,2,NO INDICATION OF INJURY,0,0,0,0,0,1,0,14,2,3,1,0,14,2,3
RAIN,"DARKNESS, LIGHTED ROAD",PARKED MOTOR VEHICLE,NOT DIVIDED,,STRAIGHT AND LEVEL,WET,NO DEFECTS,ON SCENE,INJURY AND / OR TOW DUE TO CRASH,,,Y,"OVER $1,500",06/07/2025 23:46,FAILING TO REDUCE SPEED TO AVOID CRASH,UNABLE TO DETERMINE,8317,W,IRVING PARK RD,1631,,,,,,,3,NO INDICATION OF INJURY,0,0,0,0,0,2,0,23,7,6,2,0,23,7,6
CLEAR,DAYLIGHT,SIDESWIPE SAME DIRECTION,DIVIDED - W/MEDIAN (NOT RAISED),,STRAIGHT AND LEVEL,DRY,NO DEFECTS,ON SCENE,INJURY AND / OR TOW DUE TO CRASH,,,N,"OVER $1,500",03/31/2025 17:54,FAILING TO YIELD RIGHT-OF-WAY,NOT APPLICABLE,3104,W,FULLERTON AVE,1414,,,,,,,2,NONINCAPACITATING INJURY,1,0,0,1,0,3,0,17,2,3,3,0,17,2,3
RAIN,"DARKNESS, LIGHTED ROAD",REAR END,DIVIDED - W/MEDIAN (NOT RAISED),,STRAIGHT AND LEVEL,WET,NO DEFECTS,ON SCENE,INJURY AND / OR TOW DUE TO CRASH,,,,"OVER $1,500",04/20/2025 22:51,FAILING TO REDUCE SPEED TO AVOID CRASH,NOT APPLICABLE,3898,S,WESTERN AVE,911,,,,,,,2,NO INDICATION OF INJURY,0,0,0,0,0,6,0,22,1,4,6,0,22,1,4
CLEAR,DAYLIGHT,REAR END,DIVIDED - W/MEDIAN (NOT RAISED),,STRAIGHT AND LEVEL,DRY,UNKNOWN,NOT ON SCENE (DESK REPORT),NO INJURY / DRIVE AWAY,,,,"OVER $1,500",04/20/2025 16:55,UNABLE TO DETERMINE,UNABLE TO DETERMINE,2107,S,KILDARE AVE,1012,,,,,,,2,NO INDICATION OF INJURY,0,0,0,0,0,2,0,15,1,4,2,0,15,1,4
UNKNOWN,UNKNOWN,PARKED MOTOR VEHICLE,ONE-WAY,,STRAIGHT AND LEVEL,UNKNOWN,UNKNOWN,ON SCENE,NO INJURY / DRIVE AWAY,,,Y,"OVER $1,500",03/31/2025 9:30,UNABLE TO DETERMINE,UNABLE TO DETERMINE,1011,E,62ND ST,314,,,,,,,2,NO INDICATION OF INJURY,0,0,0,0,0,1,0,6,5,3,1,0,6,5,3
UNKNOWN,UNKNOWN,TURNING,T-INTERSECTION,,STRAIGHT AND LEVEL,UNKNOWN,UNKNOWN,NOT ON SCENE (DESK REPORT),NO INJURY / DRIVE AWAY,Y,,,$500 OR LESS,03/31/2025 15:30,UNABLE TO DETERMINE,UNABLE TO DETERMINE,735,N,STATE ST,1833,,,,,,,2,NO INDICATION OF INJURY,0,0,0,0,0,2,0,11,2,3,2,0,11,2,3