WEATHER_CONDITION,LIGHTING_CONDITION,FIRST_CRASH_TYPE,TRAFFICWAY_TYPE,LANE_CNT,ALIGNMENT,ROADWAY_SURFACE_COND,ROAD_DEFECT,REPORT_TYPE,CRASH_TYPE,INTERSECTION_RELATED_I,NOT_RIGHT_OF_WAY_I,HIT_AND_RUN_I,DAMAGE,DATE_POLICE_NOTIFIED,PRIM_CONTRIBUTORY_CAUSE,SEC_CONTRIBUTORY_CAUSE,STREET_NO,STREET_DIRECTION,STREET_NAME,BEAT_OF_OCCURRENCE,PHOTOS_TAKEN_I,STATEMENTS_TAKEN_I,DOORING_I,WORK_ZONE_I,WORK_ZONE_TYPE,WORKERS_PRESENT_I,NUM_UNITS,MOST_SEVERE_INJURY,INJURIES_TOTAL,INJURIES_FATAL,INJURIES_INCAPACITATING,INJURIES_NON_INCAPACITATING,INJURIES_REPORTED_NOT_EVIDENT,INJURIES_NO_INDICATION,INJURIES_UNKNOWN,CRASH_HOUR,CRASH_DAY_OF_WEEK,CRASH_MONTH,INJURIES_NO_INDICATION,INJURIES_UNKNOWN,CRASH_HOUR,CRASH_DAY_OF_WEEK,CRASH_MONTH
CLEAR,DARKNESS,PARKED MOTOR VEHICLE,NOT DIVIDED,,STRAIGHT AND LEVEL,DRY,UNKNOWN,ON SCENE,NO INJURY / DRIVE AWAY,,,,"$501 - $1,500",03/27/2025 22:13,UNABLE TO DETERMINE,UNABLE TO DETERMINE,4739,W,ARTHINGTON ST,1131,,,,,,,2,NO INDICATION OF INJURY,0,0,0,0,0,1,0,22,5,3,1,0,22,5,3
RAIN,"DARKNESS, LIGHTED ROAD",REAR END,NOT DIVIDED,,STRAIGHT AND LEVEL,WET,UNKNOWN,NOT ON SCENE (DESK REPORT),NO INJURY / DRIVE AWAY,Y,,,"$501 - $1,500",03/31/2025 15:35,FOLLOWING TOO CLOSELY,DRIVING SKILLS/KNOWLEDGE/EXPERIENCE,1800,W,WASHINGTON BLVD,1223,,,,,,,2,NO INDICATION OF INJURY,0,0,0,0,0,2,0,23,7,3,2,0,23,7,3
CLEAR,DARKNESS,SIDESWIPE SAME DIRECTION,NOT DIVIDED,,STRAIGHT AND LEVEL,DRY,NO DEFECTS,NOT ON SCENE (DESK REPORT),NO INJURY / DRIVE AWAY,,,,"OVER $1,500",03/30/2025 22:38,UNABLE TO DETERMINE,NOT APPLICABLE,3001,W,OGDEN AVE,1022,,,,,,,2,NO INDICATION OF INJURY,0,0,0,0,0,2,0,22,1,3,2,0,22,1,3
CLEAR,DAYLIGHT,SIDESWIPE SAME DIRECTION,NOT DIVIDED,,STRAIGHT AND LEVEL,DRY,UNKNOWN,ON SCENE,INJURY AND / OR TOW DUE TO CRASH,,,,"OVER $1,500",03/30/2025 12:36,IMPROPER OVERTAKING/PASSING,FAILING TO REDUCE SPEED TO AVOID CRASH,5900,W,BELMONT AVE,1633,,,,,,,2,NONINCAPACITATING INJURY,1,0,0,1,0,2,0,12,1,3,2,0,12,1,3
CLEAR,DAYLIGHT,SIDESWIPE SAME DIRECTION,ONE-WAY,,STRAIGHT AND LEVEL,DRY,NO DEFECTS,ON SCENE,INJURY AND / OR TOW DUE TO CRASH,,,,"OVER $1,500",03/31/2025 12:01,FAILING TO YIELD RIGHT-OF-WAY,NOT APPLICABLE,1629,W,JUNEWAY TER,2422,,,,,,,3,NO INDICATION OF INJURY,0,0,0,0,0,2,0,11,2,3,2,0,11,2,3
CLOUDY/OVERCAST,DAYLIGHT,REAR END,NOT DIVIDED,,STRAIGHT AND LEVEL,DRY,NO DEFECTS,ON SCENE,INJURY AND / OR TOW DUE TO CRASH,Y,,Y,"OVER $1,500",03/31/2025 10:21,UNABLE TO DETERMINE,NOT APPLICABLE,2400,W,LAKE ST,1222,,,,,,,2,NONINCAPACITATING INJURY,2,0,0,2,0,3,0,10,2,3,3,0,10,2,3
CLEAR,DAYLIGHT,SIDESWIPE SAME DIRECTION,NOT DIVIDED,,STRAIGHT AND LEVEL,UNKNOWN,UNKNOWN,NOT ON SCENE (DESK REPORT),NO INJURY / DRIVE AWAY,,,,"OVER $1,500",03/31/2025 14:40,FAILING TO YIELD RIGHT-OF-WAY,NOT APPLICABLE,6300,S,KEDZIE AVE,823,,,,,,,2,NO INDICATION OF INJURY,0,0,0,0,0,3,0,14,2,3,3,0,14,2,3
CLEAR,DAYLIGHT,SIDESWIPE SAME DIRECTION,DIVIDED - W/MEDIAN BARRIER,,STRAIGHT AND LEVEL,DRY,NO DEFECTS,NOT ON SCENE (DESK REPORT),NO INJURY / DRIVE AWAY,,,N,$500 OR LESS,10/27/2025 14:45,UNABLE TO DETERMINE,UNABLE TO DETERMINE,4833,S,WESTERN AVE,922,,,,,,,2,NO INDICATION OF INJURY,0,0,0,0,0,2,0,14,2,10,2,0,14,2,10
CLEAR,DAYLIGHT,FIXED OBJECT,DIVIDED - W/MEDIAN BARRIER,,"CURVE, LEVEL",DRY,UNKNOWN,ON SCENE,INJURY AND / OR TOW DUE TO CRASH,,,,"$501 - $1,500",03/28/2025 8:48,UNABLE TO DETERMINE,UNABLE TO DETERMINE,990,N,LAKE SHORE DR SB,1833,,,,,,,1,NO INDICATION OF INJURY,0,0,0,0,0,1,0,8,6,3,1,0,8,6,3
CLOUDY/OVERCAST,DAYLIGHT,REAR END,ONE-WAY,,STRAIGHT AND LEVEL,DRY,NO DEFECTS,ON SCENE,NO INJURY / DRIVE AWAY,,,,$500 OR LESS,03/31/2025 10:30,IMPROPER BACKING,NOT APPLICABLE,8600,S,WABASH AVE,632,,,,,,,2,NO INDICATION OF INJURY,0,0,0,0,0,2,0,10,2,3,2,0,10,2,3
CLEAR,DAYLIGHT,FIXED OBJECT,ALLEY,,STRAIGHT AND LEVEL,DRY,UNKNOWN,ON SCENE,NO INJURY / DRIVE AWAY,,Y,,"OVER $1,500",04/18/2025 11:31,UNABLE TO DETERMINE,UNABLE TO DETERMINE,2959,N,PULASKI RD,2523,,,,,,,1,NO INDICATION OF INJURY,0,0,0,0,0,1,0,11,6,4,1,0,11,6,4
UNKNOWN,UNKNOWN,PARKED MOTOR VEHICLE,NOT DIVIDED,,STRAIGHT AND LEVEL,UNKNOWN,UNKNOWN,ON SCENE,NO INJURY / DRIVE AWAY,,,Y,"OVER $1,500",04/19/2025 19:40,UNABLE TO DETERMINE,NOT APPLICABLE,419,E,73RD ST,323,,,,,,,2,NO INDICATION OF INJURY,0,0,0,0,0,1,0,18,7,4,1,0,18,7,4
CLEAR,DAYLIGHT,ANGLE,PARKING LOT,,STRAIGHT AND LEVEL,DRY,NO DEFECTS,,NO INJURY / DRIVE AWAY,,,,"$501 - $1,500",06/07/2025 16:32,FAILING TO YIELD RIGHT-OF-WAY,FAILING TO YIELD RIGHT-OF-WAY,11751,S,MARSHFIELD AVE,2234,,,,,,,2,NO INDICATION OF INJURY,0,0,0,0,0,2,0,15,7,6,2,0,15,7,6
CLEAR,"DARKNESS, LIGHTED ROAD",REAR END,DIVIDED - W/MEDIAN (NOT RAISED),,STRAIGHT AND LEVEL,DRY,NO DEFECTS,ON SCENE,INJURY AND / OR TOW DUE TO CRASH,,,,"OVER $1,500",06/07/2025 3:36,CELL PHONE USE OTHER THAN TEXTING,NOT APPLICABLE,9802,S,HALSTED ST,2223,,,,,,,2,NO INDICATION OF INJURY,0,0,0,0,0,2,0,3,7,6,2,0,3,7,6
CLEAR,DAYLIGHT,REAR END,NOT DIVIDED,,STRAIGHT AND LEVEL,DRY,NO DEFECTS,ON SCENE,INJURY AND / OR TOW DUE TO CRASH,,,,"OVER $1,500",04/20/2025 7:02,FAILING TO REDUCE SPEED TO AVOID CRASH,FAILING TO REDUCE SPEED TO AVOID CRASH,1301,S,WESTERN AVE,1233,,Y,,,,,2,NONINCAPACITATING INJURY,3,0,0,2,1,0,0,6,1,4,0,0,6,1,4
CLEAR,"DARKNESS, LIGHTED ROAD",TURNING,FOUR WAY,,STRAIGHT AND LEVEL,DRY,NO DEFECTS,ON SCENE,INJURY AND / OR TOW DUE TO CRASH,,,,"OVER $1,500",04/20/2025 0:03,FAILING TO YIELD RIGHT-OF-WAY,UNABLE TO DETERMINE,2558,S,ALBANY AVE,1033,,,,,,,2,NONINCAPACITATING INJURY,1,0,0,1,0,2,0,0,1,4,2,0,0,1,4
CLEAR,DAYLIGHT,REAR END,NOT DIVIDED,,STRAIGHT AND LEVEL,DRY,NO DEFECTS,,NO INJURY / DRIVE AWAY,,,N,"OVER $1,500",08/05/2025 14:20,FAILING TO YIELD RIGHT-OF-WAY,NOT APPLICABLE,8800,S,HALSTED ST,2223,,,,,,,2,NO INDICATION OF INJURY,0,0,0,0,0,2,0,14,3,8,2,0,14,3,8
CLEAR,DAYLIGHT,PARKED MOTOR VEHICLE,NOT DIVIDED,,STRAIGHT AND LEVEL,DRY,NO DEFECTS,NOT ON SCENE (DESK REPORT),NO INJURY / DRIVE AWAY,,,,"OVER $1,500",10/05/2025 14:30,NOT APPLICABLE,NOT APPLICABLE,2736,N,CLARK ST,1935,,,,,,,2,NO INDICATION OF INJURY,0,0,0,0,0,3,0,13,1,10,3,0,13,1,10
CLEAR,DAWN,REAR END,NOT DIVIDED,,STRAIGHT AND LEVEL,DRY,NO DEFECTS,NOT ON SCENE (DESK REPORT),NO INJURY / DRIVE AWAY,,,,"OVER $1,500",03/30/2025 23:30,NOT APPLICABLE,NOT APPLICABLE,1849,W,CHICAGO AVE,1221,,,,,,,2,NO INDICATION OF INJURY,0,0,0,0,0,3,0,19,6,3,3,0,19,6,3
UNKNOWN,UNKNOWN,REAR END,T-INTERSECTION,,STRAIGHT AND LEVEL,UNKNOWN,UNKNOWN,NOT ON SCENE (DESK REPORT),NO INJURY / DRIVE AWAY,,,,"OVER $1,500",03/31/2025 18:20,FAILING TO REDUCE SPEED TO AVOID CRASH,NOT APPLICABLE,501,N,CLINTON ST,1214,,,,,,,2,NO INDICATION OF INJURY,0,0,0,0,0,2,0,20,7,3,2,0,20,7,3
CLEAR,DAYLIGHT,PEDESTRIAN,DRIVEWAY,,STRAIGHT AND LEVEL,DRY,NO DEFECTS,NOT ON SCENE (DESK REPORT),NO INJURY / DRIVE AWAY,,,Y,$500 OR LESS,03/31/2025 11:30,FAILING TO YIELD RIGHT-OF-WAY,UNABLE TO DETERMINE,4010,W,LAWRENCE AVE,1712,,,,,,,2,NO INDICATION OF INJURY,0,0,0,0,0,2,0,19,1,3,2,0,19,1,3
CLEAR,DAYLIGHT,SIDESWIPE SAME DIRECTION,DIVIDED - W/MEDIAN (NOT RAISED),,STRAIGHT AND LEVEL,DRY,NO DEFECTS,ON SCENE,INJURY AND / OR TOW DUE TO CRASH,,,Y,"OVER $1,500",03/31/2025 13:57,UNABLE TO DETERMINE,UNABLE TO DETERMINE,2700,S,WESTERN AVE,1034,,,,,,,2,NO INDICATION OF INJURY,0,0,0,0,0,2,0,13,2,3,2,0,13,2,3
CLEAR,DUSK,REAR END,TRAFFIC ROUTE,,STRAIGHT AND LEVEL,DRY,NO DEFECTS,NOT ON SCENE (DESK REPORT),INJURY AND / OR TOW DUE TO CRASH,,,Y,"OVER $1,500",04/19/2025 20:38,UNABLE TO DETERMINE,UNABLE TO DETERMINE,9500,S,COTTAGE GROVE AVE,511,,,,,,,2,"REPORTED, NOT EVIDENT",1,0,0,0,1,3,0,20,7,4,3,0,20,7,4
UNKNOWN,UNKNOWN,PARKED MOTOR VEHICLE,OTHER,,STRAIGHT AND LEVEL,OTHER,OTHER,NOT ON SCENE (DESK REPORT),NO INJURY / DRIVE AWAY,,,,"OVER $1,500",06/08/2025 0:20,UNABLE TO DETERMINE,UNABLE TO DETERMINE,3,W,GARFIELD BLVD,225,,,,,,,2,NO INDICATION OF INJURY,0,0,0,0,0,1,0,18,7,6,1,0,18,7,6
CLEAR,DAYLIGHT,REAR END,NOT DIVIDED,,STRAIGHT AND LEVEL,DRY,NO DEFECTS,ON SCENE,INJURY AND / OR TOW DUE TO CRASH,,,Y,"OVER $1,500",06/07/2025 18:03,UNABLE TO DETERMINE,UNABLE TO DETERMINE,540,W,18TH ST,1235,,,,,,,3,NO INDICATION OF INJURY,0,0,0,0,0,6,0,17,7,6,6,0,17,7,6
RAIN,"DARKNESS, LIGHTED ROAD",REAR END,NOT DIVIDED,,STRAIGHT AND LEVEL,WET,NO DEFECTS,NOT ON SCENE (DESK REPORT),NO INJURY / DRIVE AWAY,,,,"OVER $1,500",06/08/2025 0:20,UNABLE TO DETERMINE,NOT APPLICABLE,5762,N,MILWAUKEE AVE,1622,,,,,,,2,NO INDICATION OF INJURY,0,0,0,0,0,4,0,0,1,6,4,0,0,1,6
CLEAR,"DARKNESS, LIGHTED ROAD",SIDESWIPE SAME DIRECTION,DIVIDED - W/MEDIAN (NOT RAISED),,STRAIGHT AND LEVEL,DRY,NO DEFECTS,NOT ON SCENE (DESK REPORT),NO INJURY / DRIVE AWAY,,,,"OVER $1,500",04/20/2025 22:45,UNABLE TO DETERMINE,NOT APPLICABLE,6737,S,PULASKI RD,833,,,,,,,2,NO INDICATION OF INJURY,0,0,0,0,0,2,0,21,1,4,2,0,21,1,4
UNKNOWN,UNKNOWN,PARKED MOTOR VEHICLE,NOT DIVIDED,,STRAIGHT AND LEVEL,UNKNOWN,UNKNOWN,NOT ON SCENE (DESK REPORT),NO INJURY / DRIVE AWAY,,,,"OVER $1,500",03/31/2025 11:15,UNABLE TO DETERMINE,UNABLE TO DETERMINE,1202,W,BRYN MAWR AVE,2013,,,,,,,2,NO INDICATION OF INJURY,0,0,0,0,0,1,0,13,1,3,1,0,13,1,3
CLEAR,DAYLIGHT,PARKED MOTOR VEHICLE,NOT DIVIDED,,STRAIGHT AND LEVEL,DRY,NO DEFECTS,NOT ON SCENE (DESK REPORT),NO INJURY / DRIVE AWAY,,,Y,"OVER $1,500",03/31/2025 13:45,IMPROPER LANE USAGE,NOT APPLICABLE,1911,E,93RD ST,413,,,,,,,2,NO INDICATION OF INJURY,0,0,0,0,0,1,0,15,1,3,1,0,15,1,3
CLEAR,DAYLIGHT,ANGLE,PARKING LOT,,STRAIGHT AND LEVEL,DRY,NO DEFECTS,NOT ON SCENE (DESK REPORT),NO INJURY / DRIVE AWAY,,Y,,"OVER $1,500",03/31/2025 19:25,FAILING TO YIELD RIGHT-OF-WAY,NOT APPLICABLE,3611,E,106TH ST,432,,,,,,,2,NO INDICATION OF INJURY,0,0,0,0,0,3,0,18,2,3,3,0,18,2,3
CLEAR,DUSK,ANGLE,ONE-WAY,,STRAIGHT AND LEVEL,DRY,NO DEFECTS,ON SCENE,INJURY AND / OR TOW DUE TO CRASH,Y,,,"OVER $1,500",03/31/2025 19:09,DRIVING ON WRONG SIDE/WRONG WAY,NOT APPLICABLE,6499,N,TROY ST,2412,,,,,,,2,INCAPACITATING INJURY,1,0,1,0,0,1,0,19,2,3,1,0,19,2,3
CLEAR,DAYLIGHT,REAR TO REAR,ONE-WAY,,STRAIGHT AND LEVEL,DRY,NO DEFECTS,ON SCENE,NO INJURY / DRIVE AWAY,,,,"OVER $1,500",04/01/2025 7:50,IMPROPER BACKING,UNABLE TO DETERMINE,1901,N,RICHMOND ST,1421,,,,,,,2,NO INDICATION OF INJURY,0,0,0,0,0,2,0,7,3,4,2,0,7,3,4
CLEAR,"DARKNESS, LIGHTED ROAD",PARKED MOTOR VEHICLE,NOT DIVIDED,,STRAIGHT AND LEVEL,DRY,UNKNOWN,NOT ON SCENE (DESK REPORT),INJURY AND / OR TOW DUE TO CRASH,Y,,,"OVER $1,500",06/07/2025 21:15,UNABLE TO DETERMINE,NOT APPLICABLE,4001,S,DEARBORN ST,213,,,,,,,2,NO INDICATION OF INJURY,0,0,0,0,0,1,0,22,6,6,1,0,22,6,6
CLEAR,DAYLIGHT,SIDESWIPE SAME DIRECTION,NOT DIVIDED,,STRAIGHT AND LEVEL,UNKNOWN,UNKNOWN,NOT ON SCENE (DESK REPORT),NO INJURY / DRIVE AWAY,,,Y,"OVER $1,500",06/07/2025 16:50,UNABLE TO DETERMINE,UNABLE TO DETERMINE,1824,W,DIVISION ST,1424,,,,,,,2,NO INDICATION OF INJURY,0,0,0,0,0,2,0,15,7,6,2,0,15,7,6
CLEAR,DAYLIGHT,SIDESWIPE SAME DIRECTION,NOT DIVIDED,,STRAIGHT AND LEVEL,DRY,NO DEFECTS,NOT ON SCENE (DESK REPORT),NO INJURY / DRIVE AWAY,,,,"$501 - $1,500",06/07/2025 11:11,FAILING TO YIELD RIGHT-OF-WAY,NOT APPLICABLE,801,W,NORTH AVE,1822,,,,,,,2,NO INDICATION OF INJURY,0,0,0,0,0,3,0,11,7,6,3,0,11,7,6
RAIN,"DARKNESS, LIGHTED ROAD",REAR END,NOT DIVIDED,,STRAIGHT AND LEVEL,WET,NO DEFECTS,NOT ON SCENE (DESK REPORT),NO INJURY / DRIVE AWAY,,,,"OVER $1,500",06/08/2025 2:25,UNABLE TO DETERMINE,NOT APPLICABLE,3037,N,CICERO AVE,2521,,,,,,,2,NO INDICATION OF INJURY,0,0,0,0,0,3,0,2,1,6,3,0,2,1,6
CLOUDY/OVERCAST,DAYLIGHT,REAR END,NOT DIVIDED,,STRAIGHT AND LEVEL,DRY,NO DEFECTS,NOT ON SCENE (DESK REPORT),INJURY AND / OR TOW DUE TO CRASH,,,,"OVER $1,500",05/21/2025 15:10,FOLLOWING TOO CLOSELY,UNABLE TO DETERMINE,6301,N,CALDWELL AVE,1621,,,,,,,2,NO INDICATION OF INJURY,0,0,0,0,0,2,0,14,4,5,2,0,14,4,5
CLEAR,DAYLIGHT,PARKED MOTOR VEHICLE,NOT DIVIDED,,STRAIGHT AND LEVEL,DRY,UNKNOWN,ON SCENE,NO INJURY / DRIVE AWAY,,,Y,"OVER $1,500",10/27/2025 17:07,NOT APPLICABLE,NOT APPLICABLE,5349,W,BELMONT AVE,2514,,,,,,,2,NO INDICATION OF INJURY,0,0,0,0,0,1,0,14,2,10,1,0,14,2,10
CLEAR,DAYLIGHT,FIXED OBJECT,PARKING LOT,,STRAIGHT AND LEVEL,DRY,UNKNOWN,NOT ON SCENE (DESK REPORT),NO INJURY / DRIVE AWAY,,,,"OVER $1,500",10/06/2025 10:30,UNABLE TO DETERMINE,UNABLE TO DETERMINE,8800,S,SOUTH CHICAGO AVE,423,,,,,,,2,NO INDICATION OF INJURY,0,0,0,0,0,1,0,11,1,10,1,0,11,1,10
CLEAR,DAYLIGHT,PARKED MOTOR VEHICLE,ONE-WAY,,STRAIGHT ON GRADE,DRY,NO DEFECTS,NOT ON SCENE (DESK REPORT),NO INJURY / DRIVE AWAY,,,Y,"OVER $1,500",06/07/2025 10:15,UNABLE TO DETERMINE,UNABLE TO DETERMINE,1213,W,EDDY ST,1924,,,,,,,2,NO INDICATION OF INJURY,0,0,0,0,0,1,0,14,6,5,1,0,14,6,5
CLEAR,DAYLIGHT,HEAD ON,NOT DIVIDED,,STRAIGHT AND LEVEL,DRY,NO DEFECTS,,INJURY AND / OR TOW DUE TO CRASH,,,,"OVER $1,500",06/06/2025 13:05,UNABLE TO DETERMINE,UNABLE TO DETERMINE,8145,S,CICERO AVE,834,,,,,,,2,NONINCAPACITATING INJURY,1,0,0,1,0,1,0,12,6,6,1,0,12,6,6
CLEAR,DUSK,PARKED MOTOR VEHICLE,ALLEY,,STRAIGHT AND LEVEL,DRY,NO DEFECTS,ON SCENE,NO INJURY / DRIVE AWAY,,,Y,"$501 - $1,500",06/07/2025 19:05,UNABLE TO DETERMINE,UNABLE TO DETERMINE,1545,W,NORTH AVE,1433,,,,,,,2,NO INDICATION OF INJURY,0,0,0,0,0,1,0,17,7,6,1,0,17,7,6
CLEAR,DAYLIGHT,TURNING,DIVIDED - W/MEDIAN (NOT RAISED),,STRAIGHT AND LEVEL,DRY,NO DEFECTS,NOT ON SCENE (DESK REPORT),NO INJURY / DRIVE AWAY,,,Y,"$501 - $1,500",06/07/2025 13:05,FAILING TO YIELD RIGHT-OF-WAY,FOLLOWING TOO CLOSELY,4401,W,ROOSEVELT RD,1011,,,,,,,2,NO INDICATION OF INJURY,0,0,0,0,0,2,0,12,7,6,2,0,12,7,6
RAIN,"DARKNESS, LIGHTED ROAD",PARKED MOTOR VEHICLE,ONE-WAY,,STRAIGHT AND LEVEL,WET,NO DEFECTS,ON SCENE,NO INJURY / DRIVE AWAY,Y,,,$500 OR LESS,06/08/2025 1:37,IMPROPER OVERTAKING/PASSING,NOT APPLICABLE,6001,S,ALBANY AVE,823,,,,,,,2,NO INDICATION OF INJURY,0,0,0,0,0,1,0,1,1,6,1,0,1,1,6
RAIN,"DARKNESS, LIGHTED ROAD",REAR END,DIVIDED - W/MEDIAN BARRIER,,STRAIGHT AND LEVEL,WET,NO DEFECTS,ON SCENE,INJURY AND / OR TOW DUE TO CRASH,,,Y,"OVER $1,500",06/08/2025 2:18,FOLLOWING TOO CLOSELY,UNABLE TO DETERMINE,1350,N,LAKE SHORE DR SB,1824,,,,,,,2,NO INDICATION OF INJURY,0,0,0,0,0,2,0,2,1,6,2,0,2,1,6
CLEAR,DUSK,TURNING,CENTER TURN LANE,,STRAIGHT AND LEVEL,DRY,NO DEFECTS,,NO INJURY / DRIVE AWAY,,,,"OVER $1,500",06/02/2023 19:43,FAILING TO YIELD RIGHT-OF-WAY,IMPROPER TURNING/NO SIGNAL,1699,E,HYDE PARK BLVD,234,,,,,,,2,NO INDICATION OF INJURY,0,0,0,0,0,2,0,19,6,6,2,0,19,6,6
CLEAR,DAYLIGHT,TURNING,DIVIDED - W/MEDIAN BARRIER,,STRAIGHT AND LEVEL,DRY,NO DEFECTS,,INJURY AND / OR TOW DUE TO CRASH,Y,,,"OVER $1,500",10/05/2025 16:32,FAILING TO YIELD RIGHT-OF-WAY,IMPROPER TURNING/NO SIGNAL,4398,N,CUMBERLAND AVE,1614,,,,,,,2,NONINCAPACITATING INJURY,4,0,0,3,1,0,0,16,1,10,0,0,16,1,10
CLEAR,DAYLIGHT,REAR END,ONE-WAY,,STRAIGHT AND LEVEL,DRY,NO DEFECTS,ON SCENE,INJURY AND / OR TOW DUE TO CRASH,,,,"OVER $1,500",04/06/2025 13:51,FOLLOWING TOO CLOSELY,DRIVING SKILLS/KNOWLEDGE/EXPERIENCE,4001,N,PAULINA ST,1912,,,,,,,2,NO INDICATION OF INJURY,0,0,0,0,0,2,0,13,1,4,2,0,13,1,4
CLOUDY/OVERCAST,DAYLIGHT,SIDESWIPE SAME DIRECTION,FOUR WAY,,STRAIGHT AND LEVEL,UNKNOWN,UNKNOWN,NOT ON SCENE (DESK REPORT),NO INJURY / DRIVE AWAY,Y,,,"OVER $1,500",06/04/2025 17:20,IMPROPER OVERTAKING/PASSING,NOT APPLICABLE,3300,N,CLARK ST,1924,,,,,,,2,NO INDICATION OF INJURY,0,0,0,0,0,2,0,17,4,6,2,0,17,4,6
CLEAR,DAYLIGHT,HEAD ON,NOT DIVIDED,,STRAIGHT AND LEVEL,DRY,NO DEFECTS,,INJURY AND / OR TOW DUE TO CRASH,,,,"OVER $1,500",06/06/2025 13:07,PHYSICAL CONDITION OF DRIVER,PHYSICAL CONDITION OF DRIVER,5798,N,KIMBALL AVE,1711,,,,,,,10,NONINCAPACITATING INJURY,5,0,0,5,0,4,0,13,6,6,4,0,13,6,6
UNKNOWN,DUSK,REAR END,NOT DIVIDED,,STRAIGHT AND LEVEL,OTHER,UNKNOWN,NOT ON SCENE (DESK REPORT),NO INJURY / DRIVE AWAY,,,,"OVER $1,500",06/07/2025 15:00,UNABLE TO DETERMINE,UNABLE TO DETERMINE,7038,W,BELMONT AVE,1632,,,,,,,2,NO INDICATION OF INJURY,0,0,0,0,0,2,0,21,6,6,2,0,21,6,6
RAIN,DARKNESS,PARKED MOTOR VEHICLE,DIVIDED - W/MEDIAN (NOT RAISED),,STRAIGHT AND LEVEL,WET,NO DEFECTS,ON SCENE,NO INJURY / DRIVE AWAY,,,,"OVER $1,500",06/07/2025 23:39,FAILING TO REDUCE SPEED TO AVOID CRASH,IMPROPER LANE USAGE,2626,W,55TH ST,923,Y,,,,,,3,NO INDICATION OF INJURY,0,0,0,0,0,1,0,23,7,6,1,0,23,7,6
CLEAR,"DARKNESS, LIGHTED ROAD",REAR END,DIVIDED - W/MEDIAN (NOT RAISED),,STRAIGHT AND LEVEL,DRY,UNKNOWN,ON SCENE,NO INJURY / DRIVE AWAY,,,Y,"$501 - $1,500",06/07/2025 20:48,UNABLE TO DETERMINE,UNABLE TO DETERMINE,1002,E,47TH ST,222,,,,,,,2,NO INDICATION OF INJURY,0,0,0,0,0,4,0,20,7,6,4,0,20,7,6
CLEAR,DAYLIGHT,ANGLE,PARKING LOT,,STRAIGHT AND LEVEL,DRY,NO DEFECTS,NOT ON SCENE (DESK REPORT),NO INJURY / DRIVE AWAY,,Y,,"OVER $1,500",08/06/2025 11:00,FAILING TO YIELD RIGHT-OF-WAY,UNABLE TO DETERMINE,5419,W,ARMSTRONG AVE,1621,,,,,,,2,NO INDICATION OF INJURY,0,0,0,0,0,2,0,19,3,8,2,0,19,3,8
CLEAR,DAYLIGHT,SIDESWIPE SAME DIRECTION,NOT DIVIDED,,STRAIGHT AND LEVEL,DRY,NO DEFECTS,NOT ON SCENE (DESK REPORT),NO INJURY / DRIVE AWAY,,,Y,"OVER $1,500",10/27/2025 15:00,UNABLE TO DETERMINE,UNABLE TO DETERMINE,2214,W,51ST ST,931,,,,,,,2,NO INDICATION OF INJURY,0,0,0,0,0,2,0,14,2,10,2,0,14,2,10
CLEAR,"DARKNESS, LIGHTED ROAD",SIDESWIPE SAME DIRECTION,NOT DIVIDED,,STRAIGHT AND LEVEL,DRY,NO DEFECTS,ON SCENE,INJURY AND / OR TOW DUE TO CRASH,,,Y,$500 OR LESS,10/27/2025 22:50,NOT APPLICABLE,NOT APPLICABLE,5229,N,WESTERN AVE,2012,,,,,,,2,INCAPACITATING INJURY,1,0,1,0,0,1,0,22,2,10,1,0,22,2,10
CLEAR,DAYLIGHT,TURNING,DIVIDED - W/MEDIAN (NOT RAISED),,STRAIGHT AND LEVEL,DRY,UNKNOWN,NOT ON SCENE (DESK REPORT),NO INJURY / DRIVE AWAY,,,Y,"OVER $1,500",06/07/2025 9:55,IMPROPER LANE USAGE,UNABLE TO DETERMINE,1520,W,DIVISION ST,1433,,,,,,,2,NO INDICATION OF INJURY,0,0,0,0,0,2,0,15,6,6,2,0,15,6,6
CLEAR,DAYLIGHT,TURNING,NOT DIVIDED,,STRAIGHT AND LEVEL,DRY,NO DEFECTS,ON SCENE,INJURY AND / OR TOW DUE TO CRASH,Y,,,"OVER $1,500",06/07/2025 16:16,UNABLE TO DETERMINE,UNABLE TO DETERMINE,4150,W,PETERSON AVE,1711,,,,,,,3,NONINCAPACITATING INJURY,3,0,0,2,1,1,0,16,7,6,1,0,16,7,6
RAIN,"DARKNESS, LIGHTED ROAD",ANGLE,NOT DIVIDED,,STRAIGHT AND LEVEL,WET,NO DEFECTS,ON SCENE,INJURY AND / OR TOW DUE TO CRASH,Y,,,"OVER $1,500",06/07/2025 22:35,FAILING TO REDUCE SPEED TO AVOID CRASH,UNDER THE INFLUENCE OF ALCOHOL/DRUGS (USE WHEN ARREST IS EFFECTED),1000,W,69TH ST,724,,,,,,,3,NONINCAPACITATING INJURY,4,0,0,4,0,6,0,22,7,6,6,0,22,7,6
CLEAR,DAYLIGHT,PARKED MOTOR VEHICLE,NOT DIVIDED,,STRAIGHT AND LEVEL,DRY,NO DEFECTS,,INJURY AND / OR TOW DUE TO CRASH,,,Y,"OVER $1,500",06/07/2025 17:37,UNABLE TO DETERMINE,NOT APPLICABLE,1542,W,69TH ST,725,,,,,,,2,NONINCAPACITATING INJURY,1,0,0,1,0,1,0,16,7,6,1,0,16,7,6