WEATHER_CONDITION,LIGHTING_CONDITION,FIRST_CRASH_TYPE,TRAFFICWAY_TYPE,LANE_CNT,ALIGNMENT,ROADWAY_SURFACE_COND,ROAD_DEFECT,REPORT_TYPE,CRASH_TYPE,INTERSECTION_RELATED_I,NOT_RIGHT_OF_WAY_I,HIT_AND_RUN_I,DAMAGE,DATE_POLICE_NOTIFIED,PRIM_CONTRIBUTORY_CAUSE,SEC_CONTRIBUTORY_CAUSE,STREET_NO,STREET_DIRECTION,STREET_NAME,BEAT_OF_OCCURRENCE,PHOTOS_TAKEN_I,STATEMENTS_TAKEN_I,DOORING_I,WORK_ZONE_I,WORK_ZONE_TYPE,WORKERS_PRESENT_I,NUM_UNITS,MOST_SEVERE_INJURY,INJURIES_TOTAL,INJURIES_FATAL,INJURIES_INCAPACITATING,INJURIES_NON_INCAPACITATING,INJURIES_REPORTED_NOT_EVIDENT,INJURIES_NO_INDICATION,INJURIES_UNKNOWN,CRASH_HOUR,CRASH_DAY_OF_WEEK,CRASH_MONTH,INJURIES_NO_INDICATION,INJURIES_UNKNOWN,CRASH_HOUR,CRASH_DAY_OF_WEEK,CRASH_MONTH
CLEAR,DAYLIGHT,PARKED MOTOR VEHICLE,ONE-WAY,,STRAIGHT AND LEVEL,DRY,NO DEFECTS,,NO INJURY / DRIVE AWAY,,,,"OVER $1,500",04/06/2025 9:08,IMPROPER LANE USAGE,NOT APPLICABLE,1522,W,FARGO AVE,2422,,,,,,,2,NO INDICATION OF INJURY,0,0,0,0,0,1,0,9,1,4,1,0,9,1,4
CLEAR,"DARKNESS, LIGHTED ROAD",SIDESWIPE SAME DIRECTION,DIVIDED - W/MEDIAN (NOT RAISED),,STRAIGHT AND LEVEL,UNKNOWN,UNKNOWN,NOT ON SCENE (DESK REPORT),NO INJURY / DRIVE AWAY,,,,"OVER $1,500",04/07/2025 9:50,FAILING TO YIELD RIGHT-OF-WAY,FAILING TO REDUCE SPEED TO AVOID CRASH,6655,W,GRAND AVE,2512,,,,,,,2,NO INDICATION OF INJURY,0,0,0,0,0,2,0,21,1,4,2,0,21,1,4
UNKNOWN,UNKNOWN,PARKED MOTOR VEHICLE,ONE-WAY,,STRAIGHT AND LEVEL,UNKNOWN,UNKNOWN,ON SCENE,NO INJURY / DRIVE AWAY,,,Y,"OVER $1,500",06/07/2025 9:07,UNABLE TO DETERMINE,NOT APPLICABLE,8409,S,KERFOOT AVE,622,,,,,,,3,NO INDICATION OF INJURY,0,0,0,0,0,1,0,3,7,6,1,0,3,7,6
CLEAR,DAYLIGHT,HEAD ON,NOT DIVIDED,,STRAIGHT AND LEVEL,DRY,NO DEFECTS,NOT ON SCENE (DESK REPORT),NO INJURY / DRIVE AWAY,,,Y,"OVER $1,500",06/07/2025 16:11,FAILING TO YIELD RIGHT-OF-WAY,FAILING TO YIELD RIGHT-OF-WAY,5900,S,JUSTINE ST,713,,,,,,,2,NO INDICATION OF INJURY,0,0,0,0,0,2,0,16,7,6,2,0,16,7,6
RAIN,"DARKNESS, LIGHTED ROAD",REAR END,FOUR WAY,,STRAIGHT AND LEVEL,WET,UNKNOWN,NOT ON SCENE (DESK REPORT),NO INJURY / DRIVE AWAY,Y,,Y,"$501 - $1,500",06/08/2025 1:25,UNABLE TO DETERMINE,UNABLE TO DETERMINE,2345,N,SHEFFIELD AVE,1812,,,,,,,3,NO INDICATION OF INJURY,0,0,0,0,0,3,0,0,1,6,3,0,0,1,6
RAIN,"DARKNESS, LIGHTED ROAD",TURNING,FOUR WAY,,STRAIGHT AND LEVEL,WET,NO DEFECTS,ON SCENE,INJURY AND / OR TOW DUE TO CRASH,Y,,,"OVER $1,500",06/08/2025 0:14,DISREGARDING TRAFFIC SIGNALS,NOT APPLICABLE,3716,S,ARCHER AVE,911,,,,,,,3,NO INDICATION OF INJURY,0,0,0,0,0,5,0,0,1,6,5,0,0,1,6
RAIN,"DARKNESS, LIGHTED ROAD",TURNING,NOT DIVIDED,,STRAIGHT AND LEVEL,WET,NO DEFECTS,NOT ON SCENE (DESK REPORT),NO INJURY / DRIVE AWAY,,,,"$501 - $1,500",06/08/2025 1:10,UNABLE TO DETERMINE,UNABLE TO DETERMINE,2246,N,MILWAUKEE AVE,1431,,,,,,,2,NO INDICATION OF INJURY,0,0,0,0,0,2,0,0,1,6,2,0,0,1,6
RAIN,"DARKNESS, LIGHTED ROAD",ANGLE,Y-INTERSECTION,,STRAIGHT AND LEVEL,WET,NO DEFECTS,ON SCENE,INJURY AND / OR TOW DUE TO CRASH,Y,,Y,"OVER $1,500",06/08/2025 0:46,DISREGARDING TRAFFIC SIGNALS,FAILING TO YIELD RIGHT-OF-WAY,7259,S,VINCENNES AVE,731,,,,,,,2,"REPORTED, NOT EVIDENT",1,0,0,0,1,2,0,0,1,6,2,0,0,1,6
CLEAR,"DARKNESS, LIGHTED ROAD",PARKED MOTOR VEHICLE,DIVIDED - W/MEDIAN (NOT RAISED),,STRAIGHT AND LEVEL,DRY,NO DEFECTS,,INJURY AND / OR TOW DUE TO CRASH,,,Y,"OVER $1,500",03/20/2025 22:38,IMPROPER LANE USAGE,NOT APPLICABLE,2940,W,AUGUSTA BLVD,1211,,,,,,,4,NO INDICATION OF INJURY,0,0,0,0,0,1,0,22,5,3,1,0,22,5,3
CLEAR,DAYLIGHT,PARKED MOTOR VEHICLE,NOT DIVIDED,,STRAIGHT AND LEVEL,DRY,UNKNOWN,NOT ON SCENE (DESK REPORT),NO INJURY / DRIVE AWAY,,,,"OVER $1,500",10/27/2025 8:40,IMPROPER TURNING/NO SIGNAL,IMPROPER TURNING/NO SIGNAL,1476,W,73RD ST,734,,,,,,,2,NO INDICATION OF INJURY,0,0,0,0,0,1,0,8,2,10,1,0,8,2,10
CLEAR,DAYLIGHT,PARKED MOTOR VEHICLE,OTHER,,STRAIGHT AND LEVEL,DRY,UNKNOWN,NOT ON SCENE (DESK REPORT),INJURY AND / OR TOW DUE TO CRASH,,,Y,"OVER $1,500",06/07/2025 12:22,NOT APPLICABLE,NOT APPLICABLE,250,S,ST LOUIS AVE,1123,,,,,,,2,NO INDICATION OF INJURY,0,0,0,0,0,1,0,17,6,6,1,0,17,6,6
CLEAR,DAYLIGHT,REAR END,NOT DIVIDED,,STRAIGHT AND LEVEL,DRY,NO DEFECTS,ON SCENE,INJURY AND / OR TOW DUE TO CRASH,Y,,,"OVER $1,500",06/07/2025 16:10,FOLLOWING TOO CLOSELY,UNABLE TO DETERMINE,7532,W,BELMONT AVE,1631,,,,,,,2,NO INDICATION OF INJURY,0,0,0,0,0,2,0,16,7,6,2,0,16,7,6
CLEAR,DAYLIGHT,SIDESWIPE SAME DIRECTION,NOT DIVIDED,,STRAIGHT AND LEVEL,DRY,NO DEFECTS,ON SCENE,INJURY AND / OR TOW DUE TO CRASH,,,,"OVER $1,500",06/07/2025 9:47,FAILING TO YIELD RIGHT-OF-WAY,NOT APPLICABLE,1800,W,ROSCOE ST,1922,,,,,,,2,NONINCAPACITATING INJURY,1,0,0,1,0,2,0,9,7,6,2,0,9,7,6
CLEAR,DAYLIGHT,PARKED MOTOR VEHICLE,NOT DIVIDED,,STRAIGHT AND LEVEL,DRY,UNKNOWN,NOT ON SCENE (DESK REPORT),NO INJURY / DRIVE AWAY,,,Y,"OVER $1,500",06/07/2025 19:40,DRIVING SKILLS/KNOWLEDGE/EXPERIENCE,NOT APPLICABLE,1966,W,AINSLIE ST,2032,,,,,,,2,NO INDICATION OF INJURY,0,0,0,0,0,1,0,18,7,6,1,0,18,7,6
UNKNOWN,UNKNOWN,SIDESWIPE SAME DIRECTION,DIVIDED - W/MEDIAN (NOT RAISED),,STRAIGHT AND LEVEL,UNKNOWN,UNKNOWN,NOT ON SCENE (DESK REPORT),NO INJURY / DRIVE AWAY,,,Y,"$501 - $1,500",06/24/2025 16:56,IMPROPER OVERTAKING/PASSING,IMPROPER OVERTAKING/PASSING,414,S,KOSTNER AVE,1131,,,,,,,2,NO INDICATION OF INJURY,0,0,0,0,0,2,0,16,3,6,2,0,16,3,6
RAIN,DAYLIGHT,TURNING,Y-INTERSECTION,,STRAIGHT AND LEVEL,WET,NO DEFECTS,,INJURY AND / OR TOW DUE TO CRASH,Y,,Y,"OVER $1,500",10/19/2025 10:59,IMPROPER TURNING/NO SIGNAL,DRIVING SKILLS/KNOWLEDGE/EXPERIENCE,7900,S,STONY ISLAND AVE,411,,,,,,,2,NO INDICATION OF INJURY,0,0,0,0,0,2,0,10,1,10,2,0,10,1,10
UNKNOWN,UNKNOWN,PARKED MOTOR VEHICLE,PARKING LOT,,STRAIGHT AND LEVEL,UNKNOWN,UNKNOWN,NOT ON SCENE (DESK REPORT),NO INJURY / DRIVE AWAY,,Y,,"$501 - $1,500",06/07/2025 17:30,UNABLE TO DETERMINE,UNABLE TO DETERMINE,1655,E,95TH ST,431,,,,,,,2,NO INDICATION OF INJURY,0,0,0,0,0,1,0,12,2,6,1,0,12,2,6
CLEAR,DAYLIGHT,SIDESWIPE SAME DIRECTION,NOT DIVIDED,,STRAIGHT AND LEVEL,DRY,NO DEFECTS,NOT ON SCENE (DESK REPORT),NO INJURY / DRIVE AWAY,,,,"OVER $1,500",03/17/2025 8:30,DRIVING SKILLS/KNOWLEDGE/EXPERIENCE,UNABLE TO DETERMINE,10329,S,TORRENCE AVE,434,,,,,,,2,NO INDICATION OF INJURY,0,0,0,0,0,2,0,7,2,3,2,0,7,2,3
CLEAR,DAYLIGHT,PARKED MOTOR VEHICLE,ONE-WAY,,STRAIGHT AND LEVEL,DRY,NO DEFECTS,NOT ON SCENE (DESK REPORT),NO INJURY / DRIVE AWAY,,,,$500 OR LESS,04/06/2025 18:20,DRIVING SKILLS/KNOWLEDGE/EXPERIENCE,DRIVING SKILLS/KNOWLEDGE/EXPERIENCE,1356,W,NEWPORT AVE,1924,,,,,,,2,NO INDICATION OF INJURY,0,0,0,0,0,1,0,17,1,4,1,0,17,1,4
CLEAR,DAYLIGHT,ANGLE,PARKING LOT,,STRAIGHT AND LEVEL,DRY,NO DEFECTS,ON SCENE,NO INJURY / DRIVE AWAY,,,,"OVER $1,500",06/07/2025 9:48,IMPROPER BACKING,UNABLE TO DETERMINE,2300,S,ARCHER AVE,914,,,,,,,2,NO INDICATION OF INJURY,0,0,0,0,0,4,0,9,7,6,4,0,9,7,6
CLEAR,"DARKNESS, LIGHTED ROAD",SIDESWIPE SAME DIRECTION,PARKING LOT,,STRAIGHT AND LEVEL,UNKNOWN,UNKNOWN,NOT ON SCENE (DESK REPORT),NO INJURY / DRIVE AWAY,,,,"$501 - $1,500",06/07/2025 21:10,UNABLE TO DETERMINE,UNABLE TO DETERMINE,4660,W,IRVING PARK RD,1722,,,,,,,2,NO INDICATION OF INJURY,0,0,0,0,0,3,0,18,7,6,3,0,18,7,6
CLEAR,DAYLIGHT,PARKED MOTOR VEHICLE,NOT DIVIDED,,STRAIGHT AND LEVEL,DRY,NO DEFECTS,ON SCENE,INJURY AND / OR TOW DUE TO CRASH,,,,"OVER $1,500",06/07/2025 15:05,EQUIPMENT - VEHICLE CONDITION,NOT APPLICABLE,1601,N,CLARK ST,1814,,,,,,,5,NO INDICATION OF INJURY,0,0,0,0,0,1,0,15,7,6,1,0,15,7,6
RAIN,"DARKNESS, LIGHTED ROAD",PARKED MOTOR VEHICLE,OTHER,,STRAIGHT AND LEVEL,WET,UNKNOWN,ON SCENE,NO INJURY / DRIVE AWAY,,,,"OVER $1,500",06/08/2025 3:10,UNABLE TO DETERMINE,UNABLE TO DETERMINE,2535,W,PETERSON AVE,2011,,Y,,,,,2,NO INDICATION OF INJURY,0,0,0,0,0,2,0,3,1,6,2,0,3,1,6
CLEAR,"DARKNESS, LIGHTED ROAD",PARKED MOTOR VEHICLE,ONE-WAY,,STRAIGHT AND LEVEL,DRY,NO DEFECTS,ON SCENE,NO INJURY / DRIVE AWAY,,,Y,"OVER $1,500",07/15/2025 21:35,"OPERATING VEHICLE IN ERRATIC, RECKLESS, CARELESS, NEGLIGENT OR AGGRESSIVE MANNER","OPERATING VEHICLE IN ERRATIC, RECKLESS, CARELESS, NEGLIGENT OR AGGRESSIVE MANNER",9527,S,EXCHANGE AVE,431,,,,,,,2,NO INDICATION OF INJURY,0,0,0,0,0,1,0,21,3,7,1,0,21,3,7
RAIN,DAYLIGHT,REAR END,NOT DIVIDED,,STRAIGHT AND LEVEL,WET,NO DEFECTS,,INJURY AND / OR TOW DUE TO CRASH,,,N,"OVER $1,500",04/20/2025 14:47,FOLLOWING TOO CLOSELY,NOT APPLICABLE,7900,S,PARNELL AVE,621,,,,,,,2,NONINCAPACITATING INJURY,1,0,0,1,0,2,0,14,1,4,2,0,14,1,4
UNKNOWN,UNKNOWN,ANGLE,DIVIDED - W/MEDIAN (NOT RAISED),,STRAIGHT AND LEVEL,UNKNOWN,UNKNOWN,NOT ON SCENE (DESK REPORT),NO INJURY / DRIVE AWAY,,,,"OVER $1,500",06/07/2025 11:00,UNABLE TO DETERMINE,UNABLE TO DETERMINE,2859,W,GRAND AVE,1221,,,,,,,2,NO INDICATION OF INJURY,0,0,0,0,0,2,0,11,5,5,2,0,11,5,5
CLEAR,DAYLIGHT,REAR END,DIVIDED - W/MEDIAN (NOT RAISED),,STRAIGHT AND LEVEL,DRY,NO DEFECTS,NOT ON SCENE (DESK REPORT),NO INJURY / DRIVE AWAY,,,,"$501 - $1,500",04/06/2025 11:00,FAILING TO YIELD RIGHT-OF-WAY,UNABLE TO DETERMINE,2832,N,PULASKI RD,2523,,,,,,,2,NO INDICATION OF INJURY,0,0,0,0,0,2,0,10,1,4,2,0,10,1,4
RAIN,"DARKNESS, LIGHTED ROAD",OTHER NONCOLLISION,NOT DIVIDED,,STRAIGHT AND LEVEL,WET,"RUT, HOLES",NOT ON SCENE (DESK REPORT),NO INJURY / DRIVE AWAY,,,,"OVER $1,500",06/08/2025 1:00,ROAD ENGINEERING/SURFACE/MARKING DEFECTS,ROAD ENGINEERING/SURFACE/MARKING DEFECTS,925,N,LARRABEE ST,1823,,,,,,,1,NO INDICATION OF INJURY,0,0,0,0,0,1,0,0,1,6,1,0,0,1,6
CLEAR,DAYLIGHT,OTHER OBJECT,DIVIDED - W/MEDIAN (NOT RAISED),,STRAIGHT AND LEVEL,DRY,OTHER,ON SCENE,NO INJURY / DRIVE AWAY,,Y,,$500 OR LESS,08/06/2025 6:49,NOT APPLICABLE,NOT APPLICABLE,3413,N,HARLEM AVE,1632,,,,,,,1,NO INDICATION OF INJURY,0,0,0,0,0,1,0,11,3,8,1,0,11,3,8
CLEAR,DAYLIGHT,REAR TO SIDE,PARKING LOT,,STRAIGHT AND LEVEL,DRY,UNKNOWN,NOT ON SCENE (DESK REPORT),NO INJURY / DRIVE AWAY,,,,"OVER $1,500",08/05/2025 12:19,DRIVING SKILLS/KNOWLEDGE/EXPERIENCE,IMPROPER BACKING,5036,S,COTTAGE GROVE AVE,223,,,,,,,2,NO INDICATION OF INJURY,0,0,0,0,0,3,0,10,3,8,3,0,10,3,8
CLEAR,DAYLIGHT,REAR END,ONE-WAY,,STRAIGHT AND LEVEL,DRY,UNKNOWN,ON SCENE,NO INJURY / DRIVE AWAY,,,,"$501 - $1,500",06/24/2025 16:48,IMPROPER OVERTAKING/PASSING,NOT APPLICABLE,5,W,TERMINAL ST,1655,,,,,,,2,NO INDICATION OF INJURY,0,0,0,0,0,2,0,16,3,6,2,0,16,3,6
CLEAR,DAYLIGHT,PARKED MOTOR VEHICLE,NOT DIVIDED,,STRAIGHT AND LEVEL,DRY,NO DEFECTS,NOT ON SCENE (DESK REPORT),NO INJURY / DRIVE AWAY,,,Y,"OVER $1,500",03/17/2025 16:00,DRIVING SKILLS/KNOWLEDGE/EXPERIENCE,NOT APPLICABLE,6400,S,KEELER AVE,813,,,,,,,2,NO INDICATION OF INJURY,0,0,0,0,0,1,0,15,2,3,1,0,15,2,3
CLEAR,DAYLIGHT,PARKED MOTOR VEHICLE,ONE-WAY,,STRAIGHT AND LEVEL,UNKNOWN,UNKNOWN,NOT ON SCENE (DESK REPORT),NO INJURY / DRIVE AWAY,,,Y,"$501 - $1,500",04/06/2025 15:50,IMPROPER BACKING,NOT APPLICABLE,1600,N,LAKE SHORE DR,1814,,,,,,,2,NO INDICATION OF INJURY,0,0,0,0,0,2,0,14,1,4,2,0,14,1,4
CLEAR,DAYLIGHT,TURNING,ONE-WAY,,STRAIGHT AND LEVEL,DRY,NO DEFECTS,ON SCENE,NO INJURY / DRIVE AWAY,,,,"OVER $1,500",06/05/2025 8:54,IMPROPER LANE USAGE,NOT APPLICABLE,800,E,59TH ST,235,,,,,,,2,NO INDICATION OF INJURY,0,0,0,0,0,2,0,8,5,6,2,0,8,5,6
CLEAR,DAYLIGHT,TURNING,NOT DIVIDED,,STRAIGHT AND LEVEL,DRY,UNKNOWN,ON SCENE,INJURY AND / OR TOW DUE TO CRASH,,,,"OVER $1,500",06/06/2025 15:16,UNABLE TO DETERMINE,UNABLE TO DETERMINE,399,E,69TH ST,322,,,,,,,2,NONINCAPACITATING INJURY,2,0,0,2,0,1,0,15,6,6,1,0,15,6,6
CLEAR,DAYLIGHT,REAR END,PARKING LOT,,STRAIGHT AND LEVEL,DRY,NO DEFECTS,NOT ON SCENE (DESK REPORT),NO INJURY / DRIVE AWAY,,Y,Y,"OVER $1,500",06/07/2025 18:35,UNABLE TO DETERMINE,UNABLE TO DETERMINE,3241,W,NORTH AVE,1422,,,,,,,2,NO INDICATION OF INJURY,0,0,0,0,0,3,0,17,7,6,3,0,17,7,6
CLEAR,"DARKNESS, LIGHTED ROAD",ANGLE,FOUR WAY,,STRAIGHT AND LEVEL,DRY,UNKNOWN,ON SCENE,INJURY AND / OR TOW DUE TO CRASH,Y,,Y,"OVER $1,500",06/07/2025 3:54,DISREGARDING TRAFFIC SIGNALS,DISREGARDING TRAFFIC SIGNALS,4400,W,AUGUSTA BLVD,1111,,,,,,,3,NO INDICATION OF INJURY,0,0,0,0,0,3,0,3,7,6,3,0,3,7,6
CLEAR,DAYLIGHT,TURNING,NOT DIVIDED,,STRAIGHT AND LEVEL,DRY,NO DEFECTS,ON SCENE,NO INJURY / DRIVE AWAY,,,,"OVER $1,500",06/07/2025 8:41,FOLLOWING TOO CLOSELY,IMPROPER TURNING/NO SIGNAL,3360,W,PETERSON AVE,1711,,,,,,,2,NO INDICATION OF INJURY,0,0,0,0,0,2,0,8,7,6,2,0,8,7,6
CLEAR,DAWN,REAR END,DIVIDED - W/MEDIAN (NOT RAISED),,STRAIGHT AND LEVEL,DRY,NO DEFECTS,ON SCENE,NO INJURY / DRIVE AWAY,Y,,,"OVER $1,500",04/06/2025 6:39,UNABLE TO DETERMINE,NOT APPLICABLE,4300,S,WESTERN AVE,922,,,,,,,2,NO INDICATION OF INJURY,0,0,0,0,0,2,0,6,1,4,2,0,6,1,4
CLEAR,DAYLIGHT,FIXED OBJECT,DIVIDED - W/MEDIAN (NOT RAISED),,STRAIGHT AND LEVEL,DRY,NO DEFECTS,NOT ON SCENE (DESK REPORT),NO INJURY / DRIVE AWAY,,,Y,"OVER $1,500",04/06/2025 7:50,UNABLE TO DETERMINE,UNABLE TO DETERMINE,3628,W,MARQUETTE RD,833,,,,,,,1,NO INDICATION OF INJURY,0,0,0,0,0,1,0,6,1,4,1,0,6,1,4
CLEAR,DAYLIGHT,TURNING,DIVIDED - W/MEDIAN (NOT RAISED),,STRAIGHT AND LEVEL,DRY,UNKNOWN,ON SCENE,INJURY AND / OR TOW DUE TO CRASH,,,,"OVER $1,500",04/06/2025 12:26,FAILING TO YIELD RIGHT-OF-WAY,FAILING TO YIELD RIGHT-OF-WAY,3241,W,NORTH AVE,1422,,,,,,,2,"REPORTED, NOT EVIDENT",2,0,0,0,2,3,0,12,1,4,3,0,12,1,4
CLEAR,"DARKNESS, LIGHTED ROAD",PARKED MOTOR VEHICLE,PARKING LOT,,STRAIGHT AND LEVEL,"SAND, MUD, DIRT",WORN SURFACE,ON SCENE,NO INJURY / DRIVE AWAY,,Y,,"$501 - $1,500",03/17/2025 20:00,DRIVING SKILLS/KNOWLEDGE/EXPERIENCE,DRIVING SKILLS/KNOWLEDGE/EXPERIENCE,403,N,CICERO AVE,1111,,,,,,,2,NO INDICATION OF INJURY,0,0,0,0,0,1,0,19,2,3,1,0,19,2,3
CLEAR,DAYLIGHT,PARKED MOTOR VEHICLE,ALLEY,,STRAIGHT AND LEVEL,DRY,UNKNOWN,NOT ON SCENE (DESK REPORT),NO INJURY / DRIVE AWAY,,,Y,"OVER $1,500",06/07/2025 11:07,NOT APPLICABLE,NOT APPLICABLE,3505,W,ARTHINGTON ST,1133,,,,,,,2,NO INDICATION OF INJURY,0,0,0,0,0,1,0,13,6,6,1,0,13,6,6
CLEAR,DAYLIGHT,FIXED OBJECT,NOT DIVIDED,,STRAIGHT AND LEVEL,DRY,NO DEFECTS,ON SCENE,INJURY AND / OR TOW DUE TO CRASH,,,,"OVER $1,500",06/07/2025 5:19,CELL PHONE USE OTHER THAN TEXTING,UNABLE TO DETERMINE,2821,W,111TH ST,2212,,,,,,,1,NO INDICATION OF INJURY,0,0,0,0,0,1,0,5,7,6,1,0,5,7,6
CLEAR,DAYLIGHT,REAR END,NOT DIVIDED,,STRAIGHT AND LEVEL,DRY,NO DEFECTS,ON SCENE,NO INJURY / DRIVE AWAY,Y,,,"OVER $1,500",06/07/2025 16:10,FOLLOWING TOO CLOSELY,NOT APPLICABLE,1000,W,MARQUETTE RD,724,,,,,,,2,NO INDICATION OF INJURY,0,0,0,0,0,6,0,16,7,6,6,0,16,7,6
CLEAR,DAYLIGHT,PARKED MOTOR VEHICLE,NOT DIVIDED,,STRAIGHT AND LEVEL,DRY,NO DEFECTS,ON SCENE,NO INJURY / DRIVE AWAY,,,Y,"OVER $1,500",06/07/2025 5:49,UNABLE TO DETERMINE,UNABLE TO DETERMINE,1745,E,87TH ST,412,,Y,,,,,3,NO INDICATION OF INJURY,0,0,0,0,0,1,0,5,7,6,1,0,5,7,6
UNKNOWN,UNKNOWN,PARKED MOTOR VEHICLE,ONE-WAY,,STRAIGHT AND LEVEL,UNKNOWN,NO DEFECTS,,NO INJURY / DRIVE AWAY,,,Y,"OVER $1,500",11/01/2019 7:45,UNABLE TO DETERMINE,UNABLE TO DETERMINE,4511,S,VINCENNES AVE,221,,,,,,,2,NO INDICATION OF INJURY,0,0,0,0,0,1,0,2,6,11,1,0,2,6,11
CLEAR,DAYLIGHT,REAR TO SIDE,DIVIDED - W/MEDIAN (NOT RAISED),,STRAIGHT AND LEVEL,DRY,OTHER,ON SCENE,INJURY AND / OR TOW DUE TO CRASH,,,,"OVER $1,500",07/15/2025 18:59,FAILING TO YIELD RIGHT-OF-WAY,DRIVING SKILLS/KNOWLEDGE/EXPERIENCE,3033,S,HALSTED ST,914,,,,,,,2,"REPORTED, NOT EVIDENT",1,0,0,0,1,1,0,18,3,7,1,0,18,3,7
CLEAR,DAYLIGHT,PARKED MOTOR VEHICLE,ONE-WAY,,STRAIGHT AND LEVEL,DRY,NO DEFECTS,NOT ON SCENE (DESK REPORT),NO INJURY / DRIVE AWAY,,,Y,"$501 - $1,500",10/27/2025 10:20,UNABLE TO DETERMINE,NOT APPLICABLE,315,S,JEFFERSON ST,121,,,,,,,2,NO INDICATION OF INJURY,0,0,0,0,0,1,0,9,2,10,1,0,9,2,10
CLEAR,DAYLIGHT,PARKED MOTOR VEHICLE,NOT DIVIDED,,STRAIGHT AND LEVEL,DRY,UNKNOWN,NOT ON SCENE (DESK REPORT),NO INJURY / DRIVE AWAY,,,Y,"OVER $1,500",06/07/2025 14:50,UNABLE TO DETERMINE,UNABLE TO DETERMINE,10900,S,HALSTED ST,2233,,,,,,,2,NO INDICATION OF INJURY,0,0,0,0,0,3,0,14,7,6,3,0,14,7,6
RAIN,"DARKNESS, LIGHTED ROAD",SIDESWIPE SAME DIRECTION,NOT DIVIDED,,STRAIGHT AND LEVEL,WET,NO DEFECTS,ON SCENE,INJURY AND / OR TOW DUE TO CRASH,,,Y,"OVER $1,500",06/07/2025 23:53,UNABLE TO DETERMINE,UNABLE TO DETERMINE,630,E,41ST ST,214,,,,,,,2,NO INDICATION OF INJURY,0,0,0,0,0,3,0,23,7,6,3,0,23,7,6
CLEAR,DAYLIGHT,ANGLE,NOT DIVIDED,,STRAIGHT AND LEVEL,DRY,NO DEFECTS,ON SCENE,INJURY AND / OR TOW DUE TO CRASH,Y,,N,"$501 - $1,500",10/14/2025 9:56,DISREGARDING STOP SIGN,FAILING TO YIELD RIGHT-OF-WAY,7900,S,WABASH AVE,623,Y,Y,,,,,2,NO INDICATION OF INJURY,0,0,0,0,0,2,0,9,3,10,2,0,9,3,10
RAIN,DAYLIGHT,FIXED OBJECT,DIVIDED - W/MEDIAN (NOT RAISED),,STRAIGHT AND LEVEL,WET,NO DEFECTS,ON SCENE,INJURY AND / OR TOW DUE TO CRASH,,,,"OVER $1,500",08/28/2025 6:41,UNABLE TO DETERMINE,UNABLE TO DETERMINE,4669,W,IRVING PARK RD,1731,,,,,,,1,NONINCAPACITATING INJURY,1,0,0,1,0,0,0,6,5,8,0,0,6,5,8
CLOUDY/OVERCAST,DAYLIGHT,TURNING,FOUR WAY,,STRAIGHT AND LEVEL,UNKNOWN,UNKNOWN,ON SCENE,NO INJURY / DRIVE AWAY,Y,,,"OVER $1,500",08/28/2025 8:15,IMPROPER TURNING/NO SIGNAL,UNABLE TO DETERMINE,4333,W,55TH ST,813,,,,,,,2,NO INDICATION OF INJURY,0,0,0,0,0,2,0,7,5,8,2,0,7,5,8
CLEAR,DAYLIGHT,REAR END,NOT DIVIDED,,STRAIGHT AND LEVEL,DRY,NO DEFECTS,ON SCENE,NO INJURY / DRIVE AWAY,,,,"OVER $1,500",03/17/2025 7:57,UNABLE TO DETERMINE,NOT APPLICABLE,7200,S,HALSTED ST,733,,,,,,,2,NO INDICATION OF INJURY,0,0,0,0,0,2,0,7,2,3,2,0,7,2,3
CLEAR,DAYLIGHT,SIDESWIPE SAME DIRECTION,NOT DIVIDED,,STRAIGHT AND LEVEL,DRY,NO DEFECTS,ON SCENE,NO INJURY / DRIVE AWAY,Y,,,"OVER $1,500",06/02/2025 12:41,IMPROPER OVERTAKING/PASSING,FAILING TO REDUCE SPEED TO AVOID CRASH,3411,S,DAMEN AVE,912,,,,,,,2,NO INDICATION OF INJURY,0,0,0,0,0,2,0,12,2,6,2,0,12,2,6
UNKNOWN,UNKNOWN,REAR END,UNKNOWN,,STRAIGHT AND LEVEL,UNKNOWN,UNKNOWN,NOT ON SCENE (DESK REPORT),NO INJURY / DRIVE AWAY,,,,"OVER $1,500",06/07/2025 13:15,UNABLE TO DETERMINE,UNABLE TO DETERMINE,4832,S,ASHLAND AVE,931,,,,,,,2,NO INDICATION OF INJURY,0,0,0,0,0,2,0,12,4,6,2,0,12,4,6
RAIN,"DARKNESS, LIGHTED ROAD",HEAD ON,DIVIDED - W/MEDIAN (NOT RAISED),,STRAIGHT AND LEVEL,WET,NO DEFECTS,ON SCENE,INJURY AND / OR TOW DUE TO CRASH,,,,"OVER $1,500",06/04/2025 5:00,IMPROPER TURNING/NO SIGNAL,IMPROPER TURNING/NO SIGNAL,544,E,51ST ST,223,,,,,,,2,NO INDICATION OF INJURY,0,0,0,0,0,3,0,4,4,6,3,0,4,4,6