WEATHER_CONDITION,LIGHTING_CONDITION,FIRST_CRASH_TYPE,TRAFFICWAY_TYPE,LANE_CNT,ALIGNMENT,ROADWAY_SURFACE_COND,ROAD_DEFECT,REPORT_TYPE,CRASH_TYPE,INTERSECTION_RELATED_I,NOT_RIGHT_OF_WAY_I,HIT_AND_RUN_I,DAMAGE,DATE_POLICE_NOTIFIED,PRIM_CONTRIBUTORY_CAUSE,SEC_CONTRIBUTORY_CAUSE,STREET_NO,STREET_DIRECTION,STREET_NAME,BEAT_OF_OCCURRENCE,PHOTOS_TAKEN_I,STATEMENTS_TAKEN_I,DOORING_I,WORK_ZONE_I,WORK_ZONE_TYPE,WORKERS_PRESENT_I,NUM_UNITS,MOST_SEVERE_INJURY,INJURIES_TOTAL,INJURIES_FATAL,INJURIES_INCAPACITATING,INJURIES_NON_INCAPACITATING,INJURIES_REPORTED_NOT_EVIDENT,INJURIES_NO_INDICATION,INJURIES_UNKNOWN,CRASH_HOUR,CRASH_DAY_OF_WEEK,CRASH_MONTH,INJURIES_NO_INDICATION,INJURIES_UNKNOWN,CRASH_HOUR,CRASH_DAY_OF_WEEK,CRASH_MONTH
CLEAR,"DARKNESS, LIGHTED ROAD",REAR END,ONE-WAY,,STRAIGHT AND LEVEL,DRY,UNKNOWN,ON SCENE,INJURY AND / OR TOW DUE TO CRASH,,,Y,"OVER $1,500",06/06/2025 22:19,UNABLE TO DETERMINE,UNABLE TO DETERMINE,1601,S,LAKE SHORE DR NB,132,,,,,,,2,NONINCAPACITATING INJURY,1,0,0,1,0,2,0,22,6,6,2,0,22,6,6
UNKNOWN,UNKNOWN,PEDESTRIAN,OTHER,,STRAIGHT AND LEVEL,UNKNOWN,UNKNOWN,,INJURY AND / OR TOW DUE TO CRASH,,,Y,"$501 - $1,500",06/07/2025 22:41,UNABLE TO DETERMINE,FAILING TO REDUCE SPEED TO AVOID CRASH,6745,S,JEFFERY BLVD,331,,,,,,,2,NONINCAPACITATING INJURY,1,0,0,1,0,1,0,22,7,6,1,0,22,7,6
CLEAR,DAYLIGHT,REAR TO SIDE,PARKING LOT,,STRAIGHT AND LEVEL,DRY,NO DEFECTS,NOT ON SCENE (DESK REPORT),NO INJURY / DRIVE AWAY,,,,"OVER $1,500",06/07/2025 15:00,UNABLE TO DETERMINE,UNABLE TO DETERMINE,4723,S,BISHOP ST,933,,,,,,,2,NO INDICATION OF INJURY,0,0,0,0,0,2,0,6,7,6,2,0,6,7,6
CLEAR,"DARKNESS, LIGHTED ROAD",FIXED OBJECT,ALLEY,,STRAIGHT AND LEVEL,DRY,NO DEFECTS,NOT ON SCENE (DESK REPORT),NO INJURY / DRIVE AWAY,,Y,Y,"OVER $1,500",10/15/2025 23:00,UNABLE TO DETERMINE,NOT APPLICABLE,4642,N,SPRINGFIELD AVE,1723,N,,,,,,1,NO INDICATION OF INJURY,0,0,0,0,0,1,0,18,5,9,1,0,18,5,9
CLEAR,DAYLIGHT,REAR END,DIVIDED - W/MEDIAN (NOT RAISED),,STRAIGHT AND LEVEL,DRY,UNKNOWN,NOT ON SCENE (DESK REPORT),NO INJURY / DRIVE AWAY,,,,"$501 - $1,500",04/10/2025 17:45,UNABLE TO DETERMINE,NOT APPLICABLE,1551,N,KEDZIE AVE,1423,,,,,,,2,NO INDICATION OF INJURY,0,0,0,0,0,2,0,13,1,4,2,0,13,1,4
CLEAR,DAYLIGHT,SIDESWIPE SAME DIRECTION,DIVIDED - W/MEDIAN BARRIER,,STRAIGHT AND LEVEL,DRY,NO DEFECTS,ON SCENE,INJURY AND / OR TOW DUE TO CRASH,,,,"OVER $1,500",03/17/2025 9:48,IMPROPER OVERTAKING/PASSING,FAILING TO YIELD RIGHT-OF-WAY,7201,S,STONY ISLAND AVE,324,,,,,,,2,"REPORTED, NOT EVIDENT",1,0,0,0,1,2,0,9,2,3,2,0,9,2,3
CLEAR,DAWN,PARKED MOTOR VEHICLE,ALLEY,,STRAIGHT AND LEVEL,DRY,NO DEFECTS,NOT ON SCENE (DESK REPORT),NO INJURY / DRIVE AWAY,,,Y,"OVER $1,500",10/05/2025 14:48,NOT APPLICABLE,NOT APPLICABLE,5925,S,FRANCISCO AVE,824,,,,,,,2,NO INDICATION OF INJURY,0,0,0,0,0,2,0,2,1,10,2,0,2,1,10
CLEAR,DAYLIGHT,SIDESWIPE SAME DIRECTION,NOT DIVIDED,,STRAIGHT AND LEVEL,DRY,UNKNOWN,NOT ON SCENE (DESK REPORT),NO INJURY / DRIVE AWAY,,,,"OVER $1,500",03/17/2025 15:49,UNABLE TO DETERMINE,NOT APPLICABLE,4039,W,26TH ST,1031,,,,,,,2,NO INDICATION OF INJURY,0,0,0,0,0,2,0,15,2,3,2,0,15,2,3
CLEAR,"DARKNESS, LIGHTED ROAD",SIDESWIPE SAME DIRECTION,DIVIDED - W/MEDIAN (NOT RAISED),,STRAIGHT AND LEVEL,DRY,NO DEFECTS,NOT ON SCENE (DESK REPORT),NO INJURY / DRIVE AWAY,Y,,Y,"OVER $1,500",03/17/2025 20:33,IMPROPER OVERTAKING/PASSING,UNABLE TO DETERMINE,8300,S,DR MARTIN LUTHER KING JR DR,632,,,,,,,2,NO INDICATION OF INJURY,0,0,0,0,0,2,0,19,2,3,2,0,19,2,3
CLEAR,DAYLIGHT,ANGLE,FOUR WAY,,STRAIGHT AND LEVEL,DRY,NO DEFECTS,NOT ON SCENE (DESK REPORT),NO INJURY / DRIVE AWAY,Y,,,"$501 - $1,500",06/06/2025 12:10,FAILING TO YIELD RIGHT-OF-WAY,NOT APPLICABLE,4236,W,BERTEAU AVE,1722,,,,,,,2,NO INDICATION OF INJURY,0,0,0,0,0,2,0,10,6,6,2,0,10,6,6
CLEAR,"DARKNESS, LIGHTED ROAD",PARKED MOTOR VEHICLE,PARKING LOT,,STRAIGHT AND LEVEL,DRY,NO DEFECTS,NOT ON SCENE (DESK REPORT),NO INJURY / DRIVE AWAY,,,Y,"OVER $1,500",06/07/2025 10:35,UNABLE TO DETERMINE,NOT APPLICABLE,2120,S,CANAL ST,914,,,,,,,2,NO INDICATION OF INJURY,0,0,0,0,0,2,0,19,6,6,2,0,19,6,6
CLOUDY/OVERCAST,DAYLIGHT,REAR END,DIVIDED - W/MEDIAN (NOT RAISED),,STRAIGHT AND LEVEL,DRY,NO DEFECTS,NOT ON SCENE (DESK REPORT),NO INJURY / DRIVE AWAY,,,,"$501 - $1,500",06/07/2025 17:40,NOT APPLICABLE,NOT APPLICABLE,5150,W,BELMONT AVE,1634,,,,,,,2,NO INDICATION OF INJURY,0,0,0,0,0,2,0,17,7,6,2,0,17,7,6
UNKNOWN,UNKNOWN,REAR END,NOT DIVIDED,,STRAIGHT AND LEVEL,UNKNOWN,UNKNOWN,ON SCENE,INJURY AND / OR TOW DUE TO CRASH,,,Y,"OVER $1,500",06/07/2025 20:06,UNABLE TO DETERMINE,NOT APPLICABLE,5927,W,BELMONT AVE,2514,,,,,,,2,NO INDICATION OF INJURY,0,0,0,0,0,3,0,19,7,6,3,0,19,7,6
CLEAR,DAYLIGHT,SIDESWIPE SAME DIRECTION,NOT DIVIDED,,STRAIGHT AND LEVEL,DRY,NO DEFECTS,ON SCENE,NO INJURY / DRIVE AWAY,Y,,,"OVER $1,500",06/07/2025 9:25,IMPROPER LANE USAGE,DRIVING SKILLS/KNOWLEDGE/EXPERIENCE,400,E,63RD ST,313,,,,,,,2,NO INDICATION OF INJURY,0,0,0,0,0,2,0,9,7,6,2,0,9,7,6
CLEAR,DAYLIGHT,TURNING,NOT DIVIDED,,STRAIGHT AND LEVEL,DRY,NO DEFECTS,NOT ON SCENE (DESK REPORT),INJURY AND / OR TOW DUE TO CRASH,,,Y,"OVER $1,500",10/05/2025 18:10,FAILING TO YIELD RIGHT-OF-WAY,NOT APPLICABLE,3350,W,47TH ST,821,,,,,,,2,NONINCAPACITATING INJURY,1,0,0,1,0,2,0,16,1,10,2,0,16,1,10
CLEAR,"DARKNESS, LIGHTED ROAD",REAR END,NOT DIVIDED,,STRAIGHT AND LEVEL,DRY,NO DEFECTS,ON SCENE,NO INJURY / DRIVE AWAY,,,,"OVER $1,500",08/28/2025 22:03,ROAD ENGINEERING/SURFACE/MARKING DEFECTS,FAILING TO REDUCE SPEED TO AVOID CRASH,4202,N,CENTRAL AVE,1624,,,,,,,2,NO INDICATION OF INJURY,0,0,0,0,0,2,0,22,5,8,2,0,22,5,8
CLEAR,DAYLIGHT,REAR END,DIVIDED - W/MEDIAN (NOT RAISED),,STRAIGHT AND LEVEL,DRY,NO DEFECTS,NOT ON SCENE (DESK REPORT),NO INJURY / DRIVE AWAY,,,,"$501 - $1,500",04/06/2025 12:30,UNABLE TO DETERMINE,NOT APPLICABLE,7555,N,RIDGE BLVD,2424,,,,,,,2,NO INDICATION OF INJURY,0,0,0,0,0,3,0,12,1,4,3,0,12,1,4
CLEAR,DAYLIGHT,REAR END,DIVIDED - W/MEDIAN BARRIER,,STRAIGHT AND LEVEL,DRY,NO DEFECTS,ON SCENE,NO INJURY / DRIVE AWAY,Y,,,"OVER $1,500",06/06/2025 12:09,FOLLOWING TOO CLOSELY,NOT APPLICABLE,600,E,95TH ST,633,,,,,,,2,NO INDICATION OF INJURY,0,0,0,0,0,3,0,12,6,6,3,0,12,6,6
CLEAR,"DARKNESS, LIGHTED ROAD",PARKED MOTOR VEHICLE,ONE-WAY,,STRAIGHT AND LEVEL,DRY,NO DEFECTS,NOT ON SCENE (DESK REPORT),NO INJURY / DRIVE AWAY,,,Y,"OVER $1,500",06/07/2025 8:30,UNABLE TO DETERMINE,UNABLE TO DETERMINE,3900,W,54TH ST,822,,,,,,,2,NO INDICATION OF INJURY,0,0,0,0,0,1,0,7,7,6,1,0,7,7,6
CLEAR,"DARKNESS, LIGHTED ROAD",TURNING,FOUR WAY,,STRAIGHT AND LEVEL,DRY,NO DEFECTS,ON SCENE,INJURY AND / OR TOW DUE TO CRASH,Y,,Y,"OVER $1,500",06/07/2025 1:00,FAILING TO YIELD RIGHT-OF-WAY,NOT APPLICABLE,1158,W,87TH ST,613,,,,,,,2,NO INDICATION OF INJURY,0,0,0,0,0,2,0,0,7,6,2,0,0,7,6
RAIN,"DARKNESS, LIGHTED ROAD",REAR TO FRONT,ONE-WAY,,STRAIGHT AND LEVEL,WET,UNKNOWN,NOT ON SCENE (DESK REPORT),NO INJURY / DRIVE AWAY,,,,"OVER $1,500",06/08/2025 2:20,UNABLE TO DETERMINE,NOT APPLICABLE,6732,N,DAMEN AVE,2412,,,,,,,2,NO INDICATION OF INJURY,0,0,0,0,0,4,0,2,1,6,4,0,2,1,6
CLEAR,DAYLIGHT,PARKED MOTOR VEHICLE,DIVIDED - W/MEDIAN (NOT RAISED),,STRAIGHT AND LEVEL,DRY,NO DEFECTS,NOT ON SCENE (DESK REPORT),NO INJURY / DRIVE AWAY,,,,"OVER $1,500",03/17/2025 14:20,IMPROPER OVERTAKING/PASSING,UNABLE TO DETERMINE,7900,S,RICHMOND ST,835,,,,,,,2,NO INDICATION OF INJURY,0,0,0,0,0,1,0,13,2,3,1,0,13,2,3
CLEAR,DAYLIGHT,PEDESTRIAN,FOUR WAY,,STRAIGHT AND LEVEL,DRY,NO DEFECTS,ON SCENE,INJURY AND / OR TOW DUE TO CRASH,Y,,,"$501 - $1,500",03/17/2025 7:57,FAILING TO YIELD RIGHT-OF-WAY,UNABLE TO DETERMINE,5100,S,PRAIRIE AVE,231,,,,,,,2,NONINCAPACITATING INJURY,1,0,0,1,0,1,0,7,2,3,1,0,7,2,3
CLEAR,DUSK,REAR END,NOT DIVIDED,,STRAIGHT AND LEVEL,DRY,NO DEFECTS,ON SCENE,INJURY AND / OR TOW DUE TO CRASH,Y,,Y,"OVER $1,500",04/06/2025 19:20,IMPROPER TURNING/NO SIGNAL,IMPROPER OVERTAKING/PASSING,743,S,LARAMIE AVE,1533,,,,,,,2,INCAPACITATING INJURY,1,0,1,0,0,1,0,19,1,4,1,0,19,1,4
CLEAR,DAYLIGHT,REAR END,DIVIDED - W/MEDIAN (NOT RAISED),,STRAIGHT AND LEVEL,DRY,UNKNOWN,NOT ON SCENE (DESK REPORT),NO INJURY / DRIVE AWAY,,,Y,$500 OR LESS,04/06/2025 18:15,FOLLOWING TOO CLOSELY,UNABLE TO DETERMINE,1200,S,LAKE SHORE DR NB,132,,,,,,,2,NO INDICATION OF INJURY,0,0,0,0,0,2,0,16,1,4,2,0,16,1,4
CLEAR,DAYLIGHT,SIDESWIPE SAME DIRECTION,ONE-WAY,,STRAIGHT AND LEVEL,DRY,NO DEFECTS,NOT ON SCENE (DESK REPORT),NO INJURY / DRIVE AWAY,,,,"OVER $1,500",03/17/2025 18:49,FAILING TO YIELD RIGHT-OF-WAY,NOT APPLICABLE,5832,S,SPRINGFIELD AVE,822,,,,,,,2,NO INDICATION OF INJURY,0,0,0,0,0,2,0,18,2,3,2,0,18,2,3
CLEAR,DUSK,PARKED MOTOR VEHICLE,NOT DIVIDED,,STRAIGHT AND LEVEL,DRY,NO DEFECTS,ON SCENE,NO INJURY / DRIVE AWAY,,,Y,"OVER $1,500",06/07/2025 20:05,UNABLE TO DETERMINE,NOT APPLICABLE,13300,S,LANGLEY AVE,533,,,,,,,2,NO INDICATION OF INJURY,0,0,0,0,0,1,0,20,7,6,1,0,20,7,6
CLEAR,DAYLIGHT,PARKED MOTOR VEHICLE,NOT DIVIDED,,STRAIGHT AND LEVEL,DRY,NO DEFECTS,ON SCENE,NO INJURY / DRIVE AWAY,,,Y,"OVER $1,500",06/07/2025 14:36,IMPROPER LANE USAGE,NOT APPLICABLE,2412,W,71ST ST,832,,,,,,,2,NO INDICATION OF INJURY,0,0,0,0,0,1,0,14,7,6,1,0,14,7,6
CLEAR,DAYLIGHT,SIDESWIPE SAME DIRECTION,DIVIDED - W/MEDIAN BARRIER,,STRAIGHT AND LEVEL,DRY,NO DEFECTS,NOT ON SCENE (DESK REPORT),NO INJURY / DRIVE AWAY,,,,"OVER $1,500",06/07/2025 18:55,FOLLOWING TOO CLOSELY,UNABLE TO DETERMINE,1035,S,LAKE SHORE DR NB,114,,,,,,,2,NO INDICATION OF INJURY,0,0,0,0,0,2,0,18,7,6,2,0,18,7,6
CLEAR,DAYLIGHT,REAR TO FRONT,NOT DIVIDED,,STRAIGHT AND LEVEL,DRY,NO DEFECTS,NOT ON SCENE (DESK REPORT),NO INJURY / DRIVE AWAY,,,,"OVER $1,500",03/17/2025 9:35,UNABLE TO DETERMINE,UNABLE TO DETERMINE,2500,S,LEAVITT ST,1034,,,,,,,2,NO INDICATION OF INJURY,0,0,0,0,0,2,0,8,2,3,2,0,8,2,3
CLEAR,DAYLIGHT,ANGLE,PARKING LOT,,STRAIGHT AND LEVEL,DRY,NO DEFECTS,ON SCENE,NO INJURY / DRIVE AWAY,,,Y,"OVER $1,500",07/15/2025 10:40,UNABLE TO DETERMINE,NOT APPLICABLE,10900,S,DOTY AVE W,513,,,,,,,2,NO INDICATION OF INJURY,0,0,0,0,0,2,0,10,3,7,2,0,10,3,7
CLEAR,DAYLIGHT,SIDESWIPE SAME DIRECTION,NOT DIVIDED,,STRAIGHT AND LEVEL,DRY,NO DEFECTS,ON SCENE,NO INJURY / DRIVE AWAY,,,,"$501 - $1,500",10/27/2025 15:33,FAILING TO YIELD RIGHT-OF-WAY,NOT APPLICABLE,700,E,47TH ST,221,,,,,,,2,NO INDICATION OF INJURY,0,0,0,0,0,2,0,15,2,10,2,0,15,2,10
RAIN,"DARKNESS, LIGHTED ROAD",FIXED OBJECT,DIVIDED - W/MEDIAN BARRIER,,STRAIGHT AND LEVEL,WET,UNKNOWN,ON SCENE,INJURY AND / OR TOW DUE TO CRASH,,,,"OVER $1,500",06/07/2025 22:47,UNDER THE INFLUENCE OF ALCOHOL/DRUGS (USE WHEN ARREST IS EFFECTED),DRIVING ON WRONG SIDE/WRONG WAY,4502,W,CHICAGO AVE,1111,,,,,,,1,NONINCAPACITATING INJURY,1,0,0,1,0,0,0,22,7,6,0,0,22,7,6
CLEAR,DAYLIGHT,REAR END,PARKING LOT,,STRAIGHT AND LEVEL,UNKNOWN,UNKNOWN,NOT ON SCENE (DESK REPORT),NO INJURY / DRIVE AWAY,,Y,,"OVER $1,500",06/07/2025 16:20,UNABLE TO DETERMINE,UNABLE TO DETERMINE,1550,N,KINGSBURY ST,1822,,,,,,,2,NO INDICATION OF INJURY,0,0,0,0,0,2,0,15,7,6,2,0,15,7,6
CLEAR,DAYLIGHT,ANGLE,NOT DIVIDED,,STRAIGHT AND LEVEL,DRY,NO DEFECTS,ON SCENE,NO INJURY / DRIVE AWAY,,,Y,"OVER $1,500",06/07/2025 17:55,UNABLE TO DETERMINE,NOT APPLICABLE,3947,S,KEDZIE AVE,921,,,,,,,2,NO INDICATION OF INJURY,0,0,0,0,0,2,0,17,7,6,2,0,17,7,6
CLEAR,DAYLIGHT,PARKED MOTOR VEHICLE,PARKING LOT,,STRAIGHT AND LEVEL,DRY,NO DEFECTS,NOT ON SCENE (DESK REPORT),NO INJURY / DRIVE AWAY,,Y,,"$501 - $1,500",06/07/2025 14:10,UNABLE TO DETERMINE,NOT APPLICABLE,1430,S,ASHLAND AVE,1233,,,,,,,2,NO INDICATION OF INJURY,0,0,0,0,0,2,0,12,7,6,2,0,12,7,6
CLEAR,DAYLIGHT,PARKED MOTOR VEHICLE,FOUR WAY,,STRAIGHT AND LEVEL,DRY,NO DEFECTS,ON SCENE,NO INJURY / DRIVE AWAY,,,,"OVER $1,500",06/07/2025 11:56,NOT APPLICABLE,NOT APPLICABLE,7100,S,WESTERN AVE,832,,,,,,,3,NO INDICATION OF INJURY,0,0,0,0,0,2,0,11,7,6,2,0,11,7,6
RAIN,"DARKNESS, LIGHTED ROAD",SIDESWIPE SAME DIRECTION,ONE-WAY,,"CURVE, LEVEL",WET,NO DEFECTS,ON SCENE,INJURY AND / OR TOW DUE TO CRASH,,,,"OVER $1,500",06/08/2025 1:28,FAILING TO REDUCE SPEED TO AVOID CRASH,WEATHER,1000,N,LAKE SHORE DR SB,1824,,,,,,,2,NO INDICATION OF INJURY,0,0,0,0,0,2,0,1,1,6,2,0,1,1,6
CLEAR,DAYLIGHT,PARKED MOTOR VEHICLE,PARKING LOT,,STRAIGHT AND LEVEL,DRY,NO DEFECTS,NOT ON SCENE (DESK REPORT),NO INJURY / DRIVE AWAY,,,Y,"OVER $1,500",04/06/2025 15:39,NOT APPLICABLE,NOT APPLICABLE,4314,W,MARQUETTE RD,833,,,,,,,2,NO INDICATION OF INJURY,0,0,0,0,0,1,0,11,1,4,1,0,11,1,4
CLEAR,DAYLIGHT,ANGLE,NOT DIVIDED,,STRAIGHT AND LEVEL,DRY,NO DEFECTS,NOT ON SCENE (DESK REPORT),INJURY AND / OR TOW DUE TO CRASH,Y,,Y,"OVER $1,500",03/17/2025 17:19,UNABLE TO DETERMINE,NOT APPLICABLE,1007,S,PAULINA ST,1231,,,,,,,2,"REPORTED, NOT EVIDENT",1,0,0,0,1,1,0,15,2,3,1,0,15,2,3
CLEAR,DAYLIGHT,TURNING,NOT DIVIDED,,STRAIGHT AND LEVEL,DRY,NO DEFECTS,ON SCENE,NO INJURY / DRIVE AWAY,Y,,,"OVER $1,500",04/06/2025 19:02,FAILING TO YIELD RIGHT-OF-WAY,FAILING TO YIELD RIGHT-OF-WAY,3800,S,HERMITAGE AVE,912,,,,,,,2,NO INDICATION OF INJURY,0,0,0,0,0,4,0,18,1,4,4,0,18,1,4
CLEAR,DAYLIGHT,REAR END,NOT DIVIDED,,STRAIGHT AND LEVEL,DRY,NO DEFECTS,NOT ON SCENE (DESK REPORT),NO INJURY / DRIVE AWAY,,,,"OVER $1,500",06/07/2025 16:15,UNABLE TO DETERMINE,NOT APPLICABLE,748,W,47TH ST,925,,,,,,,2,NO INDICATION OF INJURY,0,0,0,0,0,2,0,8,6,6,2,0,8,6,6
CLEAR,DAYLIGHT,SIDESWIPE SAME DIRECTION,FOUR WAY,,STRAIGHT AND LEVEL,DRY,NO DEFECTS,NOT ON SCENE (DESK REPORT),NO INJURY / DRIVE AWAY,Y,,,"OVER $1,500",06/07/2025 14:45,UNABLE TO DETERMINE,NOT APPLICABLE,10258,S,WESTERN AVE,2211,,,,,,,2,NO INDICATION OF INJURY,0,0,0,0,0,3,0,14,7,6,3,0,14,7,6
RAIN,"DARKNESS, LIGHTED ROAD",FIXED OBJECT,NOT DIVIDED,,STRAIGHT AND LEVEL,WET,NO DEFECTS,ON SCENE,INJURY AND / OR TOW DUE TO CRASH,,,,"OVER $1,500",06/07/2025 22:35,DISTRACTION - FROM INSIDE VEHICLE,WEATHER,1354,E,95TH ST,413,,,,,,,1,NONINCAPACITATING INJURY,2,0,0,1,1,0,0,22,7,6,0,0,22,7,6
RAIN,"DARKNESS, LIGHTED ROAD",PARKED MOTOR VEHICLE,NOT DIVIDED,,STRAIGHT AND LEVEL,WET,WORN SURFACE,ON SCENE,INJURY AND / OR TOW DUE TO CRASH,,,Y,"OVER $1,500",06/08/2025 1:48,FAILING TO REDUCE SPEED TO AVOID CRASH,FAILING TO REDUCE SPEED TO AVOID CRASH,4285,S,KEDZIE AVE,921,,,,,,,3,NO INDICATION OF INJURY,0,0,0,0,0,1,0,1,1,6,1,0,1,1,6
RAIN,"DARKNESS, LIGHTED ROAD",REAR TO FRONT,NOT DIVIDED,,STRAIGHT AND LEVEL,WET,NO DEFECTS,NOT ON SCENE (DESK REPORT),NO INJURY / DRIVE AWAY,,,,"OVER $1,500",06/08/2025 2:15,UNABLE TO DETERMINE,UNABLE TO DETERMINE,4715,S,DR MARTIN LUTHER KING JR DR,223,,,,,,,2,NO INDICATION OF INJURY,0,0,0,0,0,2,0,1,1,6,2,0,1,1,6
CLEAR,DAYLIGHT,TURNING,FOUR WAY,,STRAIGHT AND LEVEL,DRY,NO DEFECTS,ON SCENE,NO INJURY / DRIVE AWAY,,,,"$501 - $1,500",08/05/2025 9:24,UNABLE TO DETERMINE,UNABLE TO DETERMINE,1301,W,DIVISION ST,1213,,,,,,,2,NO INDICATION OF INJURY,0,0,0,0,0,2,0,9,3,8,2,0,9,3,8
CLEAR,DAYLIGHT,REAR END,NOT DIVIDED,,STRAIGHT AND LEVEL,DRY,NO DEFECTS,NOT ON SCENE (DESK REPORT),NO INJURY / DRIVE AWAY,,,,"$501 - $1,500",06/07/2025 11:41,FOLLOWING TOO CLOSELY,NOT APPLICABLE,655,W,IRVING PARK RD,1925,,,,,,,2,NO INDICATION OF INJURY,0,0,0,0,0,3,0,11,6,6,3,0,11,6,6
CLEAR,DAYLIGHT,REAR END,ONE-WAY,,STRAIGHT AND LEVEL,DRY,UNKNOWN,NOT ON SCENE (DESK REPORT),NO INJURY / DRIVE AWAY,,,,"OVER $1,500",06/07/2025 14:07,UNABLE TO DETERMINE,UNABLE TO DETERMINE,4412,S,FRANCISCO AVE,922,,,,,,,2,NO INDICATION OF INJURY,0,0,0,0,0,3,0,7,6,6,3,0,7,6,6
CLEAR,"DARKNESS, LIGHTED ROAD",SIDESWIPE SAME DIRECTION,DIVIDED - W/MEDIAN (NOT RAISED),,STRAIGHT AND LEVEL,DRY,NO DEFECTS,ON SCENE,INJURY AND / OR TOW DUE TO CRASH,,,Y,"OVER $1,500",06/07/2025 22:13,UNABLE TO DETERMINE,NOT APPLICABLE,504,S,KOSTNER AVE,1131,,,,,,,2,INCAPACITATING INJURY,1,0,1,0,0,1,0,22,7,6,1,0,22,7,6
CLEAR,DAYLIGHT,PARKED MOTOR VEHICLE,PARKING LOT,,STRAIGHT AND LEVEL,DRY,NO DEFECTS,ON SCENE,NO INJURY / DRIVE AWAY,,,,"OVER $1,500",06/07/2025 17:40,UNABLE TO DETERMINE,UNABLE TO DETERMINE,1653,W,CONGRESS PKWY,1231,,,,,,,2,NO INDICATION OF INJURY,0,0,0,0,0,2,0,17,7,6,2,0,17,7,6
CLEAR,DAYLIGHT,SIDESWIPE SAME DIRECTION,ONE-WAY,,STRAIGHT AND LEVEL,DRY,UNKNOWN,NOT ON SCENE (DESK REPORT),NO INJURY / DRIVE AWAY,,,,"OVER $1,500",06/24/2025 9:18,FAILING TO YIELD RIGHT-OF-WAY,UNABLE TO DETERMINE,1106,W,78TH ST,612,,Y,,,,,2,NO INDICATION OF INJURY,0,0,0,0,0,3,0,8,3,6,3,0,8,3,6
CLEAR,DAYLIGHT,REAR END,DIVIDED - W/MEDIAN (NOT RAISED),,STRAIGHT AND LEVEL,DRY,NO DEFECTS,NOT ON SCENE (DESK REPORT),NO INJURY / DRIVE AWAY,Y,,Y,"OVER $1,500",08/28/2025 18:20,UNABLE TO DETERMINE,NOT APPLICABLE,1651,E,95TH ST,431,,,,,,,2,NO INDICATION OF INJURY,0,0,0,0,0,4,0,17,5,8,4,0,17,5,8
CLEAR,DAYLIGHT,SIDESWIPE SAME DIRECTION,DIVIDED - W/MEDIAN (NOT RAISED),,STRAIGHT AND LEVEL,DRY,NO DEFECTS,,NO INJURY / DRIVE AWAY,,,,"OVER $1,500",03/17/2025 15:20,FAILING TO YIELD RIGHT-OF-WAY,IMPROPER TURNING/NO SIGNAL,3031,W,COLUMBUS AVE,835,Y,,,,,,2,NO INDICATION OF INJURY,0,0,0,0,0,2,0,15,2,3,2,0,15,2,3
UNKNOWN,DAYLIGHT,SIDESWIPE SAME DIRECTION,OTHER,,STRAIGHT AND LEVEL,DRY,UNKNOWN,NOT ON SCENE (DESK REPORT),NO INJURY / DRIVE AWAY,,,,"OVER $1,500",06/07/2025 15:00,IMPROPER OVERTAKING/PASSING,NOT APPLICABLE,800,N,LAKE SHORE DR,1833,,,,,,,2,NO INDICATION OF INJURY,0,0,0,0,0,2,0,12,5,5,2,0,12,5,5
CLEAR,DAYLIGHT,SIDESWIPE SAME DIRECTION,DIVIDED - W/MEDIAN BARRIER,,STRAIGHT AND LEVEL,DRY,NO DEFECTS,ON SCENE,NO INJURY / DRIVE AWAY,,,,"$501 - $1,500",06/07/2025 8:20,IMPROPER LANE USAGE,DRIVING SKILLS/KNOWLEDGE/EXPERIENCE,758,W,95TH ST,2223,,,,,,,2,NO INDICATION OF INJURY,0,0,0,0,0,2,0,7,7,6,2,0,7,7,6
RAIN,"DARKNESS, LIGHTED ROAD",PARKED MOTOR VEHICLE,DIVIDED - W/MEDIAN (NOT RAISED),,STRAIGHT AND LEVEL,WET,UNKNOWN,NOT ON SCENE (DESK REPORT),NO INJURY / DRIVE AWAY,,,Y,"OVER $1,500",06/08/2025 1:30,UNABLE TO DETERMINE,NOT APPLICABLE,5700,N,ASHLAND AVE,2012,,,,,,,2,NO INDICATION OF INJURY,0,0,0,0,0,1,0,1,1,6,1,0,1,1,6
RAIN,"DARKNESS, LIGHTED ROAD",FIXED OBJECT,NOT DIVIDED,,STRAIGHT AND LEVEL,WET,NO DEFECTS,ON SCENE,INJURY AND / OR TOW DUE TO CRASH,,,Y,"OVER $1,500",06/08/2025 1:52,UNABLE TO DETERMINE,UNABLE TO DETERMINE,1026,W,63RD ST,712,,,,,,,1,NO INDICATION OF INJURY,0,0,0,0,0,1,0,1,1,6,1,0,1,1,6
RAIN,"DARKNESS, LIGHTED ROAD",SIDESWIPE SAME DIRECTION,FOUR WAY,,STRAIGHT AND LEVEL,WET,UNKNOWN,NOT ON SCENE (DESK REPORT),NO INJURY / DRIVE AWAY,,,,"OVER $1,500",06/08/2025 0:15,UNABLE TO DETERMINE,NOT APPLICABLE,4010,W,LAWRENCE AVE,1712,,,,,,,2,NO INDICATION OF INJURY,0,0,0,0,0,7,0,0,1,6,7,0,0,1,6