WEATHER_CONDITION,LIGHTING_CONDITION,FIRST_CRASH_TYPE,TRAFFICWAY_TYPE,LANE_CNT,ALIGNMENT,ROADWAY_SURFACE_COND,ROAD_DEFECT,REPORT_TYPE,CRASH_TYPE,INTERSECTION_RELATED_I,NOT_RIGHT_OF_WAY_I,HIT_AND_RUN_I,DAMAGE,DATE_POLICE_NOTIFIED,PRIM_CONTRIBUTORY_CAUSE,SEC_CONTRIBUTORY_CAUSE,STREET_NO,STREET_DIRECTION,STREET_NAME,BEAT_OF_OCCURRENCE,PHOTOS_TAKEN_I,STATEMENTS_TAKEN_I,DOORING_I,WORK_ZONE_I,WORK_ZONE_TYPE,WORKERS_PRESENT_I,NUM_UNITS,MOST_SEVERE_INJURY,INJURIES_TOTAL,INJURIES_FATAL,INJURIES_INCAPACITATING,INJURIES_NON_INCAPACITATING,INJURIES_REPORTED_NOT_EVIDENT,INJURIES_NO_INDICATION,INJURIES_UNKNOWN,CRASH_HOUR,CRASH_DAY_OF_WEEK,CRASH_MONTH,INJURIES_NO_INDICATION,INJURIES_UNKNOWN,CRASH_HOUR,CRASH_DAY_OF_WEEK,CRASH_MONTH
CLOUDY/OVERCAST,DAYLIGHT,ANGLE,PARKING LOT,,STRAIGHT AND LEVEL,DRY,NO DEFECTS,NOT ON SCENE (DESK REPORT),NO INJURY / DRIVE AWAY,,,Y,"$501 - $1,500",07/15/2025 11:35,IMPROPER BACKING,IMPROPER BACKING,4700,S,CALIFORNIA AVE,922,,,,,,,2,NO INDICATION OF INJURY,0,0,0,0,0,3,0,10,3,7,3,0,10,3,7
CLEAR,DAYLIGHT,REAR END,NOT DIVIDED,,STRAIGHT AND LEVEL,DRY,NO DEFECTS,NOT ON SCENE (DESK REPORT),NO INJURY / DRIVE AWAY,,,Y,"OVER $1,500",06/24/2025 17:37,UNABLE TO DETERMINE,NOT APPLICABLE,3400,N,WESTERN AVE,1921,,,,,,,2,NO INDICATION OF INJURY,0,0,0,0,0,2,0,17,3,6,2,0,17,3,6
CLEAR,DAWN,PARKED MOTOR VEHICLE,ONE-WAY,,STRAIGHT AND LEVEL,DRY,NO DEFECTS,,INJURY AND / OR TOW DUE TO CRASH,,,,"OVER $1,500",04/06/2025 7:02,UNABLE TO DETERMINE,NOT APPLICABLE,8554,S,WOLCOTT AVE,614,,,,,,,3,NO INDICATION OF INJURY,0,0,0,0,0,1,0,3,1,4,1,0,3,1,4
CLEAR,DAYLIGHT,REAR END,NOT DIVIDED,,STRAIGHT AND LEVEL,DRY,NO DEFECTS,NOT ON SCENE (DESK REPORT),NO INJURY / DRIVE AWAY,,,,"OVER $1,500",06/07/2025 11:15,UNABLE TO DETERMINE,UNABLE TO DETERMINE,5800,N,BROADWAY,2013,,,,,,,2,NO INDICATION OF INJURY,0,0,0,0,0,2,0,14,6,6,2,0,14,6,6
UNKNOWN,UNKNOWN,REAR END,DIVIDED - W/MEDIAN (NOT RAISED),,STRAIGHT AND LEVEL,UNKNOWN,UNKNOWN,NOT ON SCENE (DESK REPORT),NO INJURY / DRIVE AWAY,,,,"OVER $1,500",06/07/2025 15:40,FOLLOWING TOO CLOSELY,UNABLE TO DETERMINE,2800,N,SHERIDAN RD,1934,,,,,,,2,NO INDICATION OF INJURY,0,0,0,0,0,2,0,14,7,6,2,0,14,7,6
UNKNOWN,UNKNOWN,SIDESWIPE SAME DIRECTION,UNKNOWN,,STRAIGHT AND LEVEL,UNKNOWN,UNKNOWN,NOT ON SCENE (DESK REPORT),NO INJURY / DRIVE AWAY,,,Y,"OVER $1,500",06/07/2025 16:15,UNABLE TO DETERMINE,UNABLE TO DETERMINE,1400,N,LAKE SHORE DR,1824,,,,,,,2,NO INDICATION OF INJURY,0,0,0,0,0,2,0,14,7,6,2,0,14,7,6
CLEAR,"DARKNESS, LIGHTED ROAD",ANGLE,FOUR WAY,,STRAIGHT AND LEVEL,DRY,NO DEFECTS,ON SCENE,INJURY AND / OR TOW DUE TO CRASH,Y,,Y,"OVER $1,500",06/07/2025 4:34,FAILING TO YIELD RIGHT-OF-WAY,UNABLE TO DETERMINE,1159,N,HOMAN AVE,1121,,,,,,,2,"REPORTED, NOT EVIDENT",1,0,0,0,1,1,0,4,7,6,1,0,4,7,6
CLEAR,"DARKNESS, LIGHTED ROAD",PARKED MOTOR VEHICLE,NOT DIVIDED,,STRAIGHT AND LEVEL,DRY,NO DEFECTS,ON SCENE,INJURY AND / OR TOW DUE TO CRASH,,,,"OVER $1,500",06/07/2025 4:40,UNABLE TO DETERMINE,DRIVING ON WRONG SIDE/WRONG WAY,5664,S,LAWNDALE AVE,822,,,,,,,3,INCAPACITATING INJURY,1,0,1,0,0,0,0,4,7,6,0,0,4,7,6
CLEAR,DAYLIGHT,TURNING,DIVIDED - W/MEDIAN BARRIER,,STRAIGHT AND LEVEL,DRY,UNKNOWN,,NO INJURY / DRIVE AWAY,Y,,,"OVER $1,500",07/27/2023 19:05,UNABLE TO DETERMINE,UNABLE TO DETERMINE,131,S,WESTERN AVE,1223,,,,,,,2,NO INDICATION OF INJURY,0,0,0,0,0,9,0,16,5,7,9,0,16,5,7
CLEAR,"DARKNESS, LIGHTED ROAD",PARKED MOTOR VEHICLE,ONE-WAY,,STRAIGHT AND LEVEL,DRY,NO DEFECTS,ON SCENE,INJURY AND / OR TOW DUE TO CRASH,,,,"OVER $1,500",03/17/2025 3:55,"OPERATING VEHICLE IN ERRATIC, RECKLESS, CARELESS, NEGLIGENT OR AGGRESSIVE MANNER",IMPROPER LANE USAGE,12024,S,LOWE AVE,523,,,,,,,2,NO INDICATION OF INJURY,0,0,0,0,0,1,0,3,2,3,1,0,3,2,3
CLEAR,DAYLIGHT,PARKED MOTOR VEHICLE,DIVIDED - W/MEDIAN BARRIER,,STRAIGHT AND LEVEL,DRY,NO DEFECTS,ON SCENE,INJURY AND / OR TOW DUE TO CRASH,,,,"OVER $1,500",06/24/2025 16:26,DRIVING SKILLS/KNOWLEDGE/EXPERIENCE,UNABLE TO DETERMINE,5500,W,IRVING PARK RD,1624,,,,,,,3,NO INDICATION OF INJURY,0,0,0,0,0,1,0,16,3,6,1,0,16,3,6
CLEAR,DAYLIGHT,TURNING,FOUR WAY,,STRAIGHT AND LEVEL,DRY,NO DEFECTS,ON SCENE,INJURY AND / OR TOW DUE TO CRASH,N,,,"OVER $1,500",04/06/2025 16:36,"EVASIVE ACTION DUE TO ANIMAL, OBJECT, NONMOTORIST",NOT APPLICABLE,1900,S,WABASH AVE,131,,,,,,,2,"REPORTED, NOT EVIDENT",1,0,0,0,1,1,0,15,1,4,1,0,15,1,4
CLEAR,DUSK,SIDESWIPE SAME DIRECTION,NOT DIVIDED,,STRAIGHT AND LEVEL,DRY,NO DEFECTS,NOT ON SCENE (DESK REPORT),NO INJURY / DRIVE AWAY,,,Y,"$501 - $1,500",04/06/2025 0:40,IMPROPER LANE USAGE,UNABLE TO DETERMINE,1537,E,53RD ST,234,,,,,,,2,NO INDICATION OF INJURY,0,0,0,0,0,2,0,0,1,4,2,0,0,1,4
CLEAR,"DARKNESS, LIGHTED ROAD",REAR END,DIVIDED - W/MEDIAN (NOT RAISED),,STRAIGHT AND LEVEL,DRY,NO DEFECTS,ON SCENE,NO INJURY / DRIVE AWAY,,,,$500 OR LESS,04/06/2025 4:29,FAILING TO REDUCE SPEED TO AVOID CRASH,UNABLE TO DETERMINE,7856,S,PULASKI RD,834,,,,,,,2,NO INDICATION OF INJURY,0,0,0,0,0,3,0,4,1,4,3,0,4,1,4
CLEAR,"DARKNESS, LIGHTED ROAD",PARKED MOTOR VEHICLE,NOT DIVIDED,,STRAIGHT AND LEVEL,DRY,UNKNOWN,ON SCENE,NO INJURY / DRIVE AWAY,,,Y,"OVER $1,500",10/05/2025 20:50,DRIVING SKILLS/KNOWLEDGE/EXPERIENCE,UNABLE TO DETERMINE,9119,S,COMMERCIAL AVE,424,,,,,,,2,NO INDICATION OF INJURY,0,0,0,0,0,3,0,20,1,10,3,0,20,1,10
CLEAR,DAYLIGHT,PARKED MOTOR VEHICLE,NOT DIVIDED,,STRAIGHT AND LEVEL,DRY,NO DEFECTS,ON SCENE,NO INJURY / DRIVE AWAY,,,Y,"$501 - $1,500",06/05/2025 15:14,UNABLE TO DETERMINE,NOT APPLICABLE,2252,S,MARSHALL BLVD,1033,N,,,,,,2,NO INDICATION OF INJURY,0,0,0,0,0,1,0,15,5,6,1,0,15,5,6
UNKNOWN,"DARKNESS, LIGHTED ROAD",PARKED MOTOR VEHICLE,ONE-WAY,,STRAIGHT AND LEVEL,UNKNOWN,NO DEFECTS,ON SCENE,NO INJURY / DRIVE AWAY,,,,$500 OR LESS,06/07/2025 23:59,IMPROPER LANE USAGE,NOT APPLICABLE,5879,N,MEDINA AVE,1622,,,,,,,2,NO INDICATION OF INJURY,0,0,0,0,0,1,0,21,7,6,1,0,21,7,6
RAIN,"DARKNESS, LIGHTED ROAD",SIDESWIPE SAME DIRECTION,DIVIDED - W/MEDIAN BARRIER,,STRAIGHT AND LEVEL,WET,NO DEFECTS,NOT ON SCENE (DESK REPORT),NO INJURY / DRIVE AWAY,,,,$500 OR LESS,06/08/2025 0:45,FAILING TO REDUCE SPEED TO AVOID CRASH,DRIVING SKILLS/KNOWLEDGE/EXPERIENCE,110,N,LAKE SHORE DR SB,114,,,,,,,2,NO INDICATION OF INJURY,0,0,0,0,0,2,0,0,1,6,2,0,0,1,6
RAIN,"DARKNESS, LIGHTED ROAD",REAR END,NOT DIVIDED,,STRAIGHT AND LEVEL,WET,NO DEFECTS,,NO INJURY / DRIVE AWAY,,,,$500 OR LESS,06/07/2025 23:44,FAILING TO YIELD RIGHT-OF-WAY,NOT APPLICABLE,806,E,63RD ST,313,,Y,,,,,2,NO INDICATION OF INJURY,0,0,0,0,0,3,0,23,7,6,3,0,23,7,6
CLEAR,DAYLIGHT,SIDESWIPE SAME DIRECTION,NOT DIVIDED,,STRAIGHT AND LEVEL,DRY,NO DEFECTS,ON SCENE,INJURY AND / OR TOW DUE TO CRASH,,,,"OVER $1,500",04/06/2025 13:15,UNABLE TO DETERMINE,NOT APPLICABLE,1740,W,LUNT AVE,2423,,,,,,,2,NONINCAPACITATING INJURY,1,0,0,1,0,4,0,12,1,4,4,0,12,1,4
CLEAR,DAYLIGHT,REAR END,DIVIDED - W/MEDIAN BARRIER,,STRAIGHT AND LEVEL,WET,UNKNOWN,NOT ON SCENE (DESK REPORT),NO INJURY / DRIVE AWAY,,,,"OVER $1,500",10/15/2025 11:23,UNABLE TO DETERMINE,UNABLE TO DETERMINE,999,N,LAKE SHORE DR,1833,,,,,,,2,NO INDICATION OF INJURY,0,0,0,0,0,4,0,10,4,10,4,0,10,4,10
CLEAR,DAYLIGHT,REAR END,DIVIDED - W/MEDIAN (NOT RAISED),,STRAIGHT AND LEVEL,UNKNOWN,NO DEFECTS,NOT ON SCENE (DESK REPORT),NO INJURY / DRIVE AWAY,,,Y,"OVER $1,500",08/29/2025 17:00,FOLLOWING TOO CLOSELY,NOT APPLICABLE,2601,N,WESTERN AVE,1432,,,,,,,2,NO INDICATION OF INJURY,0,0,0,0,0,2,0,6,5,8,2,0,6,5,8
CLEAR,DAYLIGHT,PARKED MOTOR VEHICLE,ONE-WAY,,STRAIGHT AND LEVEL,DRY,UNKNOWN,,INJURY AND / OR TOW DUE TO CRASH,,,,"OVER $1,500",04/06/2025 17:37,UNABLE TO DETERMINE,UNABLE TO DETERMINE,2141,N,KILPATRICK AVE,2522,,Y,,,,,4,NONINCAPACITATING INJURY,1,0,0,1,0,0,0,17,1,4,0,0,17,1,4
CLEAR,DAYLIGHT,PEDALCYCLIST,FOUR WAY,,STRAIGHT ON GRADE,DRY,NO DEFECTS,ON SCENE,INJURY AND / OR TOW DUE TO CRASH,Y,,,"OVER $1,500",04/06/2025 17:34,FAILING TO REDUCE SPEED TO AVOID CRASH,DISREGARDING TRAFFIC SIGNALS,2601,S,CANAL ST,914,,,,,,,2,NONINCAPACITATING INJURY,1,0,0,1,0,1,0,17,1,4,1,0,17,1,4
CLEAR,DAYLIGHT,REAR END,NOT DIVIDED,,STRAIGHT AND LEVEL,DRY,UNKNOWN,NOT ON SCENE (DESK REPORT),NO INJURY / DRIVE AWAY,,,,"$501 - $1,500",02/23/2025 15:45,UNABLE TO DETERMINE,NOT APPLICABLE,4351,N,NORMANDY AVE,1632,,,,,,,2,NO INDICATION OF INJURY,0,0,0,0,0,2,0,7,5,2,2,0,7,5,2
UNKNOWN,UNKNOWN,PEDALCYCLIST,UNKNOWN,,STRAIGHT AND LEVEL,UNKNOWN,UNKNOWN,NOT ON SCENE (DESK REPORT),NO INJURY / DRIVE AWAY,,,,$500 OR LESS,02/22/2025 20:20,UNABLE TO DETERMINE,UNABLE TO DETERMINE,112,W,GRAND AVE,1831,,,Y,,,,2,NO INDICATION OF INJURY,0,0,0,0,0,3,0,18,7,2,3,0,18,7,2
CLEAR,DARKNESS,PARKED MOTOR VEHICLE,NOT DIVIDED,,STRAIGHT AND LEVEL,DRY,UNKNOWN,ON SCENE,NO INJURY / DRIVE AWAY,,,Y,"OVER $1,500",02/23/2025 1:30,UNABLE TO DETERMINE,NOT APPLICABLE,5312,W,NORTH AVE,2532,,,,,,,3,NO INDICATION OF INJURY,0,0,0,0,0,1,0,1,1,2,1,0,1,1,2
CLEAR,"DARKNESS, LIGHTED ROAD",REAR END,DIVIDED - W/MEDIAN (NOT RAISED),,STRAIGHT AND LEVEL,DRY,NO DEFECTS,NOT ON SCENE (DESK REPORT),NO INJURY / DRIVE AWAY,,,Y,$500 OR LESS,02/23/2025 3:10,UNABLE TO DETERMINE,NOT APPLICABLE,4400,S,KEDZIE AVE,821,,,,,,,2,NO INDICATION OF INJURY,0,0,0,0,0,2,0,2,1,2,2,0,2,1,2
CLEAR,DAYLIGHT,PARKED MOTOR VEHICLE,NOT DIVIDED,,STRAIGHT AND LEVEL,DRY,NO DEFECTS,NOT ON SCENE (DESK REPORT),NO INJURY / DRIVE AWAY,,,Y,"$501 - $1,500",04/06/2025 15:50,UNABLE TO DETERMINE,NOT APPLICABLE,1875,N,WINNEBAGO AVE,1434,,,,,,,2,NO INDICATION OF INJURY,0,0,0,0,0,1,0,14,1,4,1,0,14,1,4
CLEAR,DAYLIGHT,TURNING,NOT DIVIDED,,STRAIGHT AND LEVEL,DRY,NO DEFECTS,NOT ON SCENE (DESK REPORT),NO INJURY / DRIVE AWAY,,,Y,"OVER $1,500",03/17/2025 10:20,FAILING TO YIELD RIGHT-OF-WAY,FAILING TO YIELD RIGHT-OF-WAY,2337,N,CICERO AVE,2522,,,,,,,2,NO INDICATION OF INJURY,0,0,0,0,0,2,0,10,2,3,2,0,10,2,3
CLEAR,DAYLIGHT,TURNING,NOT DIVIDED,,STRAIGHT AND LEVEL,DRY,UNKNOWN,ON SCENE,NO INJURY / DRIVE AWAY,Y,,,"OVER $1,500",10/27/2025 12:26,UNABLE TO DETERMINE,NOT APPLICABLE,7500,S,YATES BLVD,414,,,,,,,2,NO INDICATION OF INJURY,0,0,0,0,0,3,0,12,2,10,3,0,12,2,10
CLEAR,"DARKNESS, LIGHTED ROAD",REAR END,NOT DIVIDED,,STRAIGHT AND LEVEL,DRY,NO DEFECTS,NOT ON SCENE (DESK REPORT),NO INJURY / DRIVE AWAY,Y,,,"$501 - $1,500",03/18/2025 11:00,DRIVING SKILLS/KNOWLEDGE/EXPERIENCE,DRIVING SKILLS/KNOWLEDGE/EXPERIENCE,9300,S,STONY ISLAND AVE,413,,,,,,,2,NO INDICATION OF INJURY,0,0,0,0,0,2,0,22,2,3,2,0,22,2,3
UNKNOWN,UNKNOWN,PARKED MOTOR VEHICLE,DIVIDED - W/MEDIAN (NOT RAISED),,STRAIGHT AND LEVEL,UNKNOWN,UNKNOWN,NOT ON SCENE (DESK REPORT),NO INJURY / DRIVE AWAY,,,Y,"OVER $1,500",02/23/2025 10:45,UNABLE TO DETERMINE,NOT APPLICABLE,4058,W,ARMITAGE AVE,2525,,,,,,,2,NO INDICATION OF INJURY,0,0,0,0,0,1,0,22,5,2,1,0,22,5,2
CLEAR,"DARKNESS, LIGHTED ROAD",PARKED MOTOR VEHICLE,NOT DIVIDED,,STRAIGHT AND LEVEL,DRY,NO DEFECTS,ON SCENE,INJURY AND / OR TOW DUE TO CRASH,,,Y,"OVER $1,500",02/21/2025 18:33,UNABLE TO DETERMINE,NOT APPLICABLE,1848,S,WESTERN AVE,1023,,,,,,,2,NO INDICATION OF INJURY,0,0,0,0,0,1,0,18,6,2,1,0,18,6,2
CLEAR,"DARKNESS, LIGHTED ROAD",SIDESWIPE SAME DIRECTION,DIVIDED - W/MEDIAN (NOT RAISED),,STRAIGHT AND LEVEL,DRY,UNKNOWN,ON SCENE,NO INJURY / DRIVE AWAY,Y,,,"OVER $1,500",02/22/2025 20:51,UNABLE TO DETERMINE,NOT APPLICABLE,3051,S,CALIFORNIA AVE,1034,,,,,,,2,NO INDICATION OF INJURY,0,0,0,0,0,4,0,20,7,2,4,0,20,7,2
CLEAR,"DARKNESS, LIGHTED ROAD",TURNING,Y-INTERSECTION,,STRAIGHT AND LEVEL,DRY,NO DEFECTS,ON SCENE,NO INJURY / DRIVE AWAY,Y,,,"OVER $1,500",02/22/2025 1:12,UNABLE TO DETERMINE,UNABLE TO DETERMINE,6055,N,LINCOLN AVE,2413,,,,,,,2,NO INDICATION OF INJURY,0,0,0,0,0,3,0,1,7,2,3,0,1,7,2
CLEAR,DAYLIGHT,ANGLE,FOUR WAY,,STRAIGHT AND LEVEL,UNKNOWN,UNKNOWN,ON SCENE,INJURY AND / OR TOW DUE TO CRASH,Y,,,"OVER $1,500",02/23/2025 17:11,FAILING TO YIELD RIGHT-OF-WAY,UNABLE TO DETERMINE,6400,S,ASHLAND AVE,725,,,,,,,2,"REPORTED, NOT EVIDENT",1,0,0,0,1,2,0,17,1,2,2,0,17,1,2
CLEAR,DAYLIGHT,TURNING,DIVIDED - W/MEDIAN (NOT RAISED),,STRAIGHT AND LEVEL,DRY,NO DEFECTS,NOT ON SCENE (DESK REPORT),NO INJURY / DRIVE AWAY,,,,"OVER $1,500",02/23/2025 13:11,FAILING TO YIELD RIGHT-OF-WAY,NOT APPLICABLE,2013,N,LARAMIE AVE,2522,,,,,,,2,NO INDICATION OF INJURY,0,0,0,0,0,3,0,12,1,2,3,0,12,1,2
CLEAR,"DARKNESS, LIGHTED ROAD",PARKED MOTOR VEHICLE,PARKING LOT,,STRAIGHT AND LEVEL,DRY,NO DEFECTS,NOT ON SCENE (DESK REPORT),NO INJURY / DRIVE AWAY,,,,"$501 - $1,500",02/24/2025 1:15,IMPROPER BACKING,IMPROPER BACKING,801,W,ADDISON ST,1924,,,,,,,2,NO INDICATION OF INJURY,0,0,0,0,0,1,0,1,2,2,1,0,1,2,2
CLEAR,"DARKNESS, LIGHTED ROAD",ANGLE,T-INTERSECTION,,STRAIGHT AND LEVEL,DRY,NO DEFECTS,ON SCENE,NO INJURY / DRIVE AWAY,Y,,Y,"OVER $1,500",01/17/2025 20:47,DISREGARDING STOP SIGN,DISREGARDING STOP SIGN,7200,S,MAY ST,733,,,,,,,2,NO INDICATION OF INJURY,0,0,0,0,0,3,0,20,6,1,3,0,20,6,1
RAIN,DARKNESS,PARKED MOTOR VEHICLE,ONE-WAY,,STRAIGHT AND LEVEL,WET,NO DEFECTS,ON SCENE,INJURY AND / OR TOW DUE TO CRASH,,,,"OVER $1,500",06/08/2025 0:48,EQUIPMENT - VEHICLE CONDITION,NOT APPLICABLE,3500,W,61ST ST,823,,,,,,,5,NO INDICATION OF INJURY,0,0,0,0,0,1,0,0,1,6,1,0,0,1,6
CLEAR,DAYLIGHT,REAR END,NOT DIVIDED,,STRAIGHT AND LEVEL,DRY,UNKNOWN,NOT ON SCENE (DESK REPORT),NO INJURY / DRIVE AWAY,,,,"OVER $1,500",04/06/2025 16:39,UNABLE TO DETERMINE,UNABLE TO DETERMINE,755,W,LAWRENCE AVE,1914,,,,,,,2,NO INDICATION OF INJURY,0,0,0,0,0,2,0,15,1,4,2,0,15,1,4
CLEAR,DAYLIGHT,PARKED MOTOR VEHICLE,PARKING LOT,,STRAIGHT AND LEVEL,DRY,NO DEFECTS,NOT ON SCENE (DESK REPORT),NO INJURY / DRIVE AWAY,,,,"OVER $1,500",02/20/2025 18:15,IMPROPER BACKING,UNABLE TO DETERMINE,3525,N,CICERO AVE,1731,,,,,,,2,NO INDICATION OF INJURY,0,0,0,0,0,1,0,14,5,2,1,0,14,5,2
CLEAR,DAYLIGHT,PARKED MOTOR VEHICLE,PARKING LOT,,STRAIGHT AND LEVEL,DRY,NO DEFECTS,NOT ON SCENE (DESK REPORT),NO INJURY / DRIVE AWAY,,,Y,"OVER $1,500",02/23/2025 10:05,UNABLE TO DETERMINE,NOT APPLICABLE,1835,W,HARRISON ST,1231,,,,,,,2,NO INDICATION OF INJURY,0,0,0,0,0,2,0,9,6,2,2,0,9,6,2
CLEAR,"DARKNESS, LIGHTED ROAD",TURNING,NOT DIVIDED,,STRAIGHT AND LEVEL,DRY,NO DEFECTS,ON SCENE,INJURY AND / OR TOW DUE TO CRASH,Y,,,"OVER $1,500",02/22/2025 19:36,FAILING TO YIELD RIGHT-OF-WAY,FAILING TO YIELD RIGHT-OF-WAY,800,W,71ST ST,733,,,,,,,2,"REPORTED, NOT EVIDENT",1,0,0,0,1,2,0,19,7,2,2,0,19,7,2
CLEAR,DAYLIGHT,SIDESWIPE SAME DIRECTION,DIVIDED - W/MEDIAN (NOT RAISED),,STRAIGHT AND LEVEL,DRY,NO DEFECTS,NOT ON SCENE (DESK REPORT),NO INJURY / DRIVE AWAY,,,,"OVER $1,500",02/22/2025 12:30,FAILING TO YIELD RIGHT-OF-WAY,NOT APPLICABLE,2338,W,GRANVILLE AVE,2413,,,,,,,2,NO INDICATION OF INJURY,0,0,0,0,0,2,0,12,7,2,2,0,12,7,2
CLEAR,DAWN,PARKED MOTOR VEHICLE,DIVIDED - W/MEDIAN BARRIER,,STRAIGHT ON HILLCREST,ICE,NO DEFECTS,ON SCENE,INJURY AND / OR TOW DUE TO CRASH,,,,"OVER $1,500",02/23/2025 0:02,UNABLE TO DETERMINE,UNABLE TO DETERMINE,702,N,HALSTED ST,1214,,,,,,,2,NO INDICATION OF INJURY,0,0,0,0,0,1,0,23,7,2,1,0,23,7,2
CLEAR,UNKNOWN,PARKED MOTOR VEHICLE,ONE-WAY,,STRAIGHT AND LEVEL,DRY,NO DEFECTS,NOT ON SCENE (DESK REPORT),NO INJURY / DRIVE AWAY,,,Y,"OVER $1,500",02/23/2025 18:05,NOT APPLICABLE,NOT APPLICABLE,5833,S,MOZART ST,824,,,,,,,2,NO INDICATION OF INJURY,0,0,0,0,0,1,0,15,1,2,1,0,15,1,2
CLEAR,"DARKNESS, LIGHTED ROAD",ANGLE,FOUR WAY,,STRAIGHT AND LEVEL,DRY,NO DEFECTS,,INJURY AND / OR TOW DUE TO CRASH,Y,,Y,"$501 - $1,500",02/23/2025 0:46,IMPROPER OVERTAKING/PASSING,NOT APPLICABLE,1958,W,DIVISION ST,1424,,,,,,,3,"REPORTED, NOT EVIDENT",1,0,0,0,1,6,0,0,1,2,6,0,0,1,2
CLEAR,"DARKNESS, LIGHTED ROAD",SIDESWIPE SAME DIRECTION,DIVIDED - W/MEDIAN BARRIER,,STRAIGHT AND LEVEL,DRY,NO DEFECTS,ON SCENE,INJURY AND / OR TOW DUE TO CRASH,,,Y,"OVER $1,500",02/24/2025 1:26,UNABLE TO DETERMINE,NOT APPLICABLE,4102,N,CUMBERLAND AVE,1614,,,,,,,2,NO INDICATION OF INJURY,0,0,0,0,0,2,0,0,2,2,2,0,0,2,2
CLEAR,DAYLIGHT,REAR END,NOT DIVIDED,,STRAIGHT AND LEVEL,DRY,UNKNOWN,NOT ON SCENE (DESK REPORT),NO INJURY / DRIVE AWAY,Y,,,"OVER $1,500",03/17/2025 8:50,NOT APPLICABLE,NOT APPLICABLE,3301,S,DAMEN AVE,912,,,,,,,2,NO INDICATION OF INJURY,0,0,0,0,0,2,0,8,2,3,2,0,8,2,3
RAIN,"DARKNESS, LIGHTED ROAD",REAR END,NOT DIVIDED,,STRAIGHT AND LEVEL,WET,NO DEFECTS,ON SCENE,NO INJURY / DRIVE AWAY,,,Y,"OVER $1,500",06/08/2025 1:55,FOLLOWING TOO CLOSELY,NOT APPLICABLE,5700,S,CALIFORNIA AVE,824,,,,,,,2,NO INDICATION OF INJURY,0,0,0,0,0,4,0,1,1,6,4,0,1,1,6
CLEAR,DAYLIGHT,ANGLE,UNKNOWN INTERSECTION TYPE,,STRAIGHT AND LEVEL,DRY,UNKNOWN,ON SCENE,INJURY AND / OR TOW DUE TO CRASH,Y,,,"OVER $1,500",03/17/2025 10:01,UNABLE TO DETERMINE,NOT APPLICABLE,801,E,DREXEL SQUARE DR,233,,,,,,,2,"REPORTED, NOT EVIDENT",2,0,0,0,2,0,0,9,2,3,0,0,9,2,3
CLEAR,DUSK,SIDESWIPE SAME DIRECTION,ONE-WAY,,STRAIGHT AND LEVEL,DRY,NO DEFECTS,NOT ON SCENE (DESK REPORT),NO INJURY / DRIVE AWAY,,,,"OVER $1,500",03/17/2025 22:50,FAILING TO YIELD RIGHT-OF-WAY,UNABLE TO DETERMINE,2330,W,ARTHUR AVE,2412,,,,,,,2,NO INDICATION OF INJURY,0,0,0,0,0,2,0,18,2,3,2,0,18,2,3
CLEAR,DUSK,SIDESWIPE SAME DIRECTION,NOT DIVIDED,,STRAIGHT AND LEVEL,WET,UNKNOWN,NOT ON SCENE (DESK REPORT),NO INJURY / DRIVE AWAY,,,,"$501 - $1,500",02/23/2025 15:40,IMPROPER LANE USAGE,UNABLE TO DETERMINE,11102,S,LANGLEY AVE,531,,Y,,,,,2,NO INDICATION OF INJURY,0,0,0,0,0,2,0,18,5,2,2,0,18,5,2
CLEAR,DAYLIGHT,TURNING,FOUR WAY,,STRAIGHT AND LEVEL,DRY,NO DEFECTS,ON SCENE,INJURY AND / OR TOW DUE TO CRASH,Y,,,"OVER $1,500",02/18/2025 13:05,FAILING TO YIELD RIGHT-OF-WAY,FAILING TO REDUCE SPEED TO AVOID CRASH,8700,S,ASHLAND AVE,2221,,,,,,,2,NO INDICATION OF INJURY,0,0,0,0,0,2,0,13,3,2,2,0,13,3,2
CLEAR,DAYLIGHT,PARKED MOTOR VEHICLE,PARKING LOT,,STRAIGHT AND LEVEL,DRY,NO DEFECTS,NOT ON SCENE (DESK REPORT),NO INJURY / DRIVE AWAY,,Y,,"$501 - $1,500",02/23/2025 16:45,UNABLE TO DETERMINE,UNABLE TO DETERMINE,235,W,VAN BUREN ST,122,,,,,,,2,NO INDICATION OF INJURY,0,0,0,0,0,1,0,12,7,2,1,0,12,7,2
CLEAR,"DARKNESS, LIGHTED ROAD",ANGLE,FOUR WAY,,STRAIGHT AND LEVEL,DRY,NO DEFECTS,,INJURY AND / OR TOW DUE TO CRASH,Y,,Y,"OVER $1,500",02/23/2025 2:03,DISREGARDING TRAFFIC SIGNALS,NOT APPLICABLE,10700,S,HALSTED ST,2233,,,,,,,2,NO INDICATION OF INJURY,0,0,0,0,0,2,0,2,1,2,2,0,2,1,2
CLEAR,DAYLIGHT,REAR END,DIVIDED - W/MEDIAN (NOT RAISED),,STRAIGHT AND LEVEL,DRY,UNKNOWN,NOT ON SCENE (DESK REPORT),NO INJURY / DRIVE AWAY,,,,"$501 - $1,500",02/23/2025 9:49,FOLLOWING TOO CLOSELY,UNABLE TO DETERMINE,1559,N,PULASKI RD,2535,,,,,,,2,NO INDICATION OF INJURY,0,0,0,0,0,2,0,9,1,2,2,0,9,1,2