WEATHER_CONDITION,LIGHTING_CONDITION,FIRST_CRASH_TYPE,TRAFFICWAY_TYPE,LANE_CNT,ALIGNMENT,ROADWAY_SURFACE_COND,ROAD_DEFECT,REPORT_TYPE,CRASH_TYPE,INTERSECTION_RELATED_I,NOT_RIGHT_OF_WAY_I,HIT_AND_RUN_I,DAMAGE,DATE_POLICE_NOTIFIED,PRIM_CONTRIBUTORY_CAUSE,SEC_CONTRIBUTORY_CAUSE,STREET_NO,STREET_DIRECTION,STREET_NAME,BEAT_OF_OCCURRENCE,PHOTOS_TAKEN_I,STATEMENTS_TAKEN_I,DOORING_I,WORK_ZONE_I,WORK_ZONE_TYPE,WORKERS_PRESENT_I,NUM_UNITS,MOST_SEVERE_INJURY,INJURIES_TOTAL,INJURIES_FATAL,INJURIES_INCAPACITATING,INJURIES_NON_INCAPACITATING,INJURIES_REPORTED_NOT_EVIDENT,INJURIES_NO_INDICATION,INJURIES_UNKNOWN,CRASH_HOUR,CRASH_DAY_OF_WEEK,CRASH_MONTH,INJURIES_NO_INDICATION,INJURIES_UNKNOWN,CRASH_HOUR,CRASH_DAY_OF_WEEK,CRASH_MONTH
CLOUDY/OVERCAST,DAYLIGHT,PARKED MOTOR VEHICLE,ONE-WAY,,STRAIGHT AND LEVEL,DRY,NO DEFECTS,NOT ON SCENE (DESK REPORT),NO INJURY / DRIVE AWAY,,,Y,"OVER $1,500",02/23/2025 14:40,UNABLE TO DETERMINE,NOT APPLICABLE,9400,S,LOOMIS ST,2222,,,,,,,2,NO INDICATION OF INJURY,0,0,0,0,0,1,0,14,1,2,1,0,14,1,2
CLEAR,DAYLIGHT,REAR END,DIVIDED - W/MEDIAN (NOT RAISED),,STRAIGHT AND LEVEL,DRY,NO DEFECTS,ON SCENE,INJURY AND / OR TOW DUE TO CRASH,,,,"OVER $1,500",02/23/2025 9:36,UNABLE TO DETERMINE,FOLLOWING TOO CLOSELY,8066,S,SOUTH CHICAGO AVE,414,,,,,,,2,"REPORTED, NOT EVIDENT",1,0,0,0,1,2,0,9,1,2,2,0,9,1,2
CLEAR,"DARKNESS, LIGHTED ROAD",REAR END,DIVIDED - W/MEDIAN BARRIER,,STRAIGHT AND LEVEL,DRY,NO DEFECTS,ON SCENE,INJURY AND / OR TOW DUE TO CRASH,,,,"OVER $1,500",02/22/2025 18:50,DISTRACTION - FROM OUTSIDE VEHICLE,UNABLE TO DETERMINE,8942,S,STONY ISLAND AVE,413,,,,,,,2,NONINCAPACITATING INJURY,3,0,0,3,0,0,0,18,7,2,0,0,18,7,2
CLEAR,DAYLIGHT,REAR END,FOUR WAY,,STRAIGHT AND LEVEL,DRY,NO DEFECTS,NOT ON SCENE (DESK REPORT),NO INJURY / DRIVE AWAY,Y,,Y,"$501 - $1,500",02/22/2025 12:30,UNABLE TO DETERMINE,NOT APPLICABLE,100,E,83RD ST,631,,,,,,,2,NO INDICATION OF INJURY,0,0,0,0,0,2,0,11,7,2,2,0,11,7,2
UNKNOWN,"DARKNESS, LIGHTED ROAD",PARKED MOTOR VEHICLE,NOT DIVIDED,,STRAIGHT AND LEVEL,UNKNOWN,UNKNOWN,,NO INJURY / DRIVE AWAY,,,Y,"OVER $1,500",02/23/2025 15:30,UNABLE TO DETERMINE,NOT APPLICABLE,439,W,BELMONT AVE,1934,,,,,,,2,NO INDICATION OF INJURY,0,0,0,0,0,1,0,2,7,2,1,0,2,7,2
CLEAR,"DARKNESS, LIGHTED ROAD",SIDESWIPE SAME DIRECTION,ONE-WAY,,STRAIGHT AND LEVEL,DRY,UNKNOWN,ON SCENE,NO INJURY / DRIVE AWAY,Y,,,"OVER $1,500",02/23/2025 1:46,UNABLE TO DETERMINE,UNABLE TO DETERMINE,340,W,ONTARIO ST,1831,,,,,,,2,NO INDICATION OF INJURY,0,0,0,0,0,3,0,1,1,2,3,0,1,1,2
CLEAR,"DARKNESS, LIGHTED ROAD",PARKED MOTOR VEHICLE,DIVIDED - W/MEDIAN (NOT RAISED),,STRAIGHT AND LEVEL,DRY,UNKNOWN,ON SCENE,NO INJURY / DRIVE AWAY,,,Y,"OVER $1,500",02/23/2025 1:38,UNABLE TO DETERMINE,NOT APPLICABLE,3145,W,59TH ST,824,,,,,,,3,NO INDICATION OF INJURY,0,0,0,0,0,1,0,1,1,2,1,0,1,1,2
UNKNOWN,UNKNOWN,FIXED OBJECT,DIVIDED - W/MEDIAN BARRIER,,STRAIGHT AND LEVEL,UNKNOWN,UNKNOWN,ON SCENE,INJURY AND / OR TOW DUE TO CRASH,,,Y,"OVER $1,500",02/23/2025 6:30,UNABLE TO DETERMINE,UNABLE TO DETERMINE,8400,S,WESTERN AVE,835,,,,,,,1,NO INDICATION OF INJURY,0,0,0,0,0,1,0,5,1,2,1,0,5,1,2
CLEAR,DAYLIGHT,PARKED MOTOR VEHICLE,PARKING LOT,,STRAIGHT AND LEVEL,DRY,NO DEFECTS,,NO INJURY / DRIVE AWAY,,,,"OVER $1,500",06/30/2024 15:18,IMPROPER TURNING/NO SIGNAL,NOT APPLICABLE,2452,W,BELMONT AVE,1921,,,,,,,2,NO INDICATION OF INJURY,0,0,0,0,0,2,0,15,1,6,2,0,15,1,6
CLEAR,DAYLIGHT,TURNING,NOT DIVIDED,,STRAIGHT AND LEVEL,DRY,NO DEFECTS,ON SCENE,INJURY AND / OR TOW DUE TO CRASH,Y,,,"$501 - $1,500",03/17/2025 9:31,FAILING TO YIELD RIGHT-OF-WAY,FAILING TO REDUCE SPEED TO AVOID CRASH,7900,S,WESTERN AVE,835,,,,,,,2,NO INDICATION OF INJURY,0,0,0,0,0,3,0,9,2,3,3,0,9,2,3
CLEAR,DAYLIGHT,PARKED MOTOR VEHICLE,OTHER,,STRAIGHT AND LEVEL,DRY,NO DEFECTS,ON SCENE,NO INJURY / DRIVE AWAY,Y,,,"OVER $1,500",04/06/2025 14:10,UNABLE TO DETERMINE,UNABLE TO DETERMINE,200,W,WISCONSIN ST,1814,,,,,,,2,NO INDICATION OF INJURY,0,0,0,0,0,1,0,14,1,4,1,0,14,1,4
CLEAR,DAYLIGHT,ANGLE,PARKING LOT,,STRAIGHT AND LEVEL,DRY,NO DEFECTS,NOT ON SCENE (DESK REPORT),NO INJURY / DRIVE AWAY,,,,"OVER $1,500",03/17/2025 19:14,NOT APPLICABLE,NOT APPLICABLE,4160,S,ARCHER AVE,921,,,,,,,2,NO INDICATION OF INJURY,0,0,0,0,0,2,0,18,2,3,2,0,18,2,3
CLEAR,"DARKNESS, LIGHTED ROAD",PARKED MOTOR VEHICLE,ONE-WAY,,STRAIGHT AND LEVEL,DRY,NO DEFECTS,ON SCENE,INJURY AND / OR TOW DUE TO CRASH,,,,"OVER $1,500",03/17/2025 3:53,FAILING TO REDUCE SPEED TO AVOID CRASH,NOT APPLICABLE,3700,W,CONGRESS PKWY,1133,,,,,,,4,NO INDICATION OF INJURY,0,0,0,0,0,1,0,3,2,3,1,0,3,2,3
CLEAR,DAYLIGHT,SIDESWIPE SAME DIRECTION,NOT DIVIDED,,STRAIGHT AND LEVEL,DRY,NO DEFECTS,ON SCENE,INJURY AND / OR TOW DUE TO CRASH,,,,"OVER $1,500",03/17/2025 11:15,FAILING TO YIELD RIGHT-OF-WAY,NOT APPLICABLE,269,N,PULASKI RD,1122,,Y,,,,,2,"REPORTED, NOT EVIDENT",1,0,0,0,1,2,0,11,2,3,2,0,11,2,3
CLEAR,DAYLIGHT,SIDESWIPE SAME DIRECTION,DIVIDED - W/MEDIAN (NOT RAISED),,STRAIGHT AND LEVEL,DRY,UNKNOWN,NOT ON SCENE (DESK REPORT),NO INJURY / DRIVE AWAY,,,,"$501 - $1,500",03/17/2025 18:00,UNABLE TO DETERMINE,UNABLE TO DETERMINE,6700,N,WHIPPLE ST,2412,,,,,,,2,NO INDICATION OF INJURY,0,0,0,0,0,4,0,17,2,3,4,0,17,2,3
UNKNOWN,UNKNOWN,PARKED MOTOR VEHICLE,DIVIDED - W/MEDIAN (NOT RAISED),,STRAIGHT AND LEVEL,UNKNOWN,UNKNOWN,NOT ON SCENE (DESK REPORT),INJURY AND / OR TOW DUE TO CRASH,,,Y,"OVER $1,500",02/23/2025 17:00,UNABLE TO DETERMINE,UNABLE TO DETERMINE,4210,W,DIVISION ST,2534,,,,,,,2,NO INDICATION OF INJURY,0,0,0,0,0,1,0,22,4,2,1,0,22,4,2
UNKNOWN,UNKNOWN,TURNING,ONE-WAY,,STRAIGHT AND LEVEL,UNKNOWN,UNKNOWN,NOT ON SCENE (DESK REPORT),NO INJURY / DRIVE AWAY,,,Y,"$501 - $1,500",02/22/2025 18:36,IMPROPER OVERTAKING/PASSING,IMPROPER OVERTAKING/PASSING,4701,S,CORNELL AVE,222,,,,,,,2,NO INDICATION OF INJURY,0,0,0,0,0,3,0,15,6,2,3,0,15,6,2
CLEAR,DARKNESS,HEAD ON,NOT DIVIDED,,STRAIGHT AND LEVEL,DRY,NO DEFECTS,ON SCENE,INJURY AND / OR TOW DUE TO CRASH,,,,"OVER $1,500",02/22/2025 21:55,IMPROPER TURNING/NO SIGNAL,FAILING TO YIELD RIGHT-OF-WAY,598,N,KEDZIE AVE,1121,,,,,,,2,NO INDICATION OF INJURY,0,0,0,0,0,4,0,21,7,2,4,0,21,7,2
CLEAR,"DARKNESS, LIGHTED ROAD",PARKED MOTOR VEHICLE,NOT DIVIDED,,STRAIGHT AND LEVEL,DRY,NO DEFECTS,ON SCENE,INJURY AND / OR TOW DUE TO CRASH,,,Y,"OVER $1,500",02/23/2025 2:57,FAILING TO REDUCE SPEED TO AVOID CRASH,UNABLE TO DETERMINE,1340,W,WASHINGTON BLVD,1224,,,,,,,5,NO INDICATION OF INJURY,0,0,0,0,0,1,0,2,1,2,1,0,2,1,2
CLEAR,DAYLIGHT,REAR END,NOT DIVIDED,,STRAIGHT AND LEVEL,DRY,NO DEFECTS,NOT ON SCENE (DESK REPORT),NO INJURY / DRIVE AWAY,,,Y,"OVER $1,500",02/23/2025 18:39,FOLLOWING TOO CLOSELY,NOT APPLICABLE,60,E,GRAND AVE,1834,,,,,,,2,NO INDICATION OF INJURY,0,0,0,0,0,2,0,17,1,2,2,0,17,1,2
UNKNOWN,UNKNOWN,TURNING,DIVIDED - W/MEDIAN (NOT RAISED),,STRAIGHT AND LEVEL,UNKNOWN,UNKNOWN,NOT ON SCENE (DESK REPORT),NO INJURY / DRIVE AWAY,Y,,N,"$501 - $1,500",03/18/2025 18:50,IMPROPER LANE USAGE,IMPROPER LANE USAGE,2202,W,CHICAGO AVE,1212,,,,,,,2,NO INDICATION OF INJURY,0,0,0,0,0,2,0,7,2,3,2,0,7,2,3
CLEAR,DAYLIGHT,TURNING,NOT DIVIDED,,STRAIGHT AND LEVEL,DRY,NO DEFECTS,NOT ON SCENE (DESK REPORT),NO INJURY / DRIVE AWAY,Y,,,"OVER $1,500",04/06/2025 15:25,FAILING TO YIELD RIGHT-OF-WAY,DISREGARDING OTHER TRAFFIC SIGNS,2610,W,PERSHING RD,911,,,,,,,3,NO INDICATION OF INJURY,0,0,0,0,0,3,0,14,1,4,3,0,14,1,4
CLEAR,"DARKNESS, LIGHTED ROAD",TURNING,DIVIDED - W/MEDIAN (NOT RAISED),,STRAIGHT AND LEVEL,DRY,UNKNOWN,NOT ON SCENE (DESK REPORT),NO INJURY / DRIVE AWAY,,,,"OVER $1,500",03/17/2025 16:35,UNABLE TO DETERMINE,NOT APPLICABLE,3954,W,FULLERTON AVE,2524,,,,,,,2,NO INDICATION OF INJURY,0,0,0,0,0,2,0,6,2,3,2,0,6,2,3
CLEAR,DAYLIGHT,ANGLE,FOUR WAY,,STRAIGHT AND LEVEL,DRY,NO DEFECTS,ON SCENE,NO INJURY / DRIVE AWAY,Y,,,"OVER $1,500",03/17/2025 7:53,DISREGARDING STOP SIGN,"VISION OBSCURED (SIGNS, TREE LIMBS, BUILDINGS, ETC.)",800,N,WASHTENAW AVE,1211,,,,,,,2,NO INDICATION OF INJURY,0,0,0,0,0,3,0,7,2,3,3,0,7,2,3
CLEAR,DAYLIGHT,ANGLE,OTHER,,STRAIGHT AND LEVEL,DRY,UNKNOWN,ON SCENE,NO INJURY / DRIVE AWAY,Y,,Y,"OVER $1,500",03/17/2025 17:45,FAILING TO YIELD RIGHT-OF-WAY,NOT APPLICABLE,5500,S,ALBANY AVE,824,,,,,,,2,NO INDICATION OF INJURY,0,0,0,0,0,3,0,16,2,3,3,0,16,2,3
CLEAR,DAYLIGHT,SIDESWIPE SAME DIRECTION,NOT DIVIDED,,STRAIGHT AND LEVEL,DRY,NO DEFECTS,ON SCENE,INJURY AND / OR TOW DUE TO CRASH,,,,"OVER $1,500",03/17/2025 15:00,IMPROPER OVERTAKING/PASSING,IMPROPER OVERTAKING/PASSING,7355,S,RACINE AVE,733,,,,,,,2,NO INDICATION OF INJURY,0,0,0,0,0,2,0,15,2,3,2,0,15,2,3
CLEAR,DAYLIGHT,TURNING,ONE-WAY,,STRAIGHT AND LEVEL,DRY,NO DEFECTS,NOT ON SCENE (DESK REPORT),NO INJURY / DRIVE AWAY,,,,"$501 - $1,500",02/20/2025 7:43,UNABLE TO DETERMINE,NOT APPLICABLE,1607,E,71ST ST,324,,,,,,,2,NO INDICATION OF INJURY,0,0,0,0,0,2,0,7,5,2,2,0,7,5,2
UNKNOWN,UNKNOWN,FIXED OBJECT,OTHER,,STRAIGHT AND LEVEL,UNKNOWN,UNKNOWN,NOT ON SCENE (DESK REPORT),NO INJURY / DRIVE AWAY,,,,"OVER $1,500",02/23/2025 11:30,UNABLE TO DETERMINE,NOT APPLICABLE,3218,W,IRVING PARK RD,1724,,,,,,,1,NO INDICATION OF INJURY,0,0,0,0,0,1,0,14,6,2,1,0,14,6,2
CLEAR,"DARKNESS, LIGHTED ROAD",ANGLE,FOUR WAY,,STRAIGHT AND LEVEL,DRY,NO DEFECTS,ON SCENE,NO INJURY / DRIVE AWAY,,,,"OVER $1,500",02/22/2025 21:16,UNABLE TO DETERMINE,UNABLE TO DETERMINE,8000,S,VINCENNES AVE,621,,,,,,,2,NO INDICATION OF INJURY,0,0,0,0,0,2,0,21,7,2,2,0,21,7,2
CLEAR,DARKNESS,ANGLE,NOT DIVIDED,,STRAIGHT AND LEVEL,DRY,NO DEFECTS,ON SCENE,INJURY AND / OR TOW DUE TO CRASH,Y,,Y,"$501 - $1,500",02/23/2025 1:23,DISREGARDING TRAFFIC SIGNALS,DISREGARDING TRAFFIC SIGNALS,5900,S,KEDZIE AVE,822,,,,,,,2,NO INDICATION OF INJURY,0,0,0,0,0,3,0,1,1,2,3,0,1,1,2
CLEAR,DAYLIGHT,TURNING,UNKNOWN,,STRAIGHT AND LEVEL,UNKNOWN,UNKNOWN,NOT ON SCENE (DESK REPORT),NO INJURY / DRIVE AWAY,,,,"OVER $1,500",02/23/2025 14:45,UNABLE TO DETERMINE,UNABLE TO DETERMINE,3010,W,VAN BUREN ST,1124,,,,,,,2,NO INDICATION OF INJURY,0,0,0,0,0,2,0,13,1,2,2,0,13,1,2
CLEAR,DAYLIGHT,PARKED MOTOR VEHICLE,ONE-WAY,,STRAIGHT AND LEVEL,DRY,NO DEFECTS,NOT ON SCENE (DESK REPORT),NO INJURY / DRIVE AWAY,,,Y,"$501 - $1,500",03/17/2025 16:15,UNABLE TO DETERMINE,NOT APPLICABLE,1574,W,ROSCOE ST,1922,Y,,,,,,2,NO INDICATION OF INJURY,0,0,0,0,0,1,0,12,2,3,1,0,12,2,3
CLEAR,DAYLIGHT,SIDESWIPE SAME DIRECTION,DIVIDED - W/MEDIAN BARRIER,,STRAIGHT AND LEVEL,DRY,NO DEFECTS,ON SCENE,NO INJURY / DRIVE AWAY,,,,$500 OR LESS,03/17/2025 16:57,UNABLE TO DETERMINE,UNABLE TO DETERMINE,3718,W,IRVING PARK RD,1723,,,,,,,2,NO INDICATION OF INJURY,0,0,0,0,0,3,0,16,2,3,3,0,16,2,3
CLEAR,DAYLIGHT,REAR END,NOT DIVIDED,,STRAIGHT AND LEVEL,DRY,NO DEFECTS,ON SCENE,INJURY AND / OR TOW DUE TO CRASH,,,,"OVER $1,500",03/17/2025 15:52,DISTRACTION - FROM INSIDE VEHICLE,NOT APPLICABLE,11100,S,COTTAGE GROVE AVE,531,,,,,,,2,NO INDICATION OF INJURY,0,0,0,0,0,5,0,15,2,3,5,0,15,2,3
CLEAR,DAYLIGHT,ANGLE,FOUR WAY,,STRAIGHT AND LEVEL,DRY,NO DEFECTS,ON SCENE,INJURY AND / OR TOW DUE TO CRASH,Y,,,"OVER $1,500",03/17/2025 18:31,UNABLE TO DETERMINE,UNABLE TO DETERMINE,5700,S,STONY ISLAND AVE,235,,,,,,,2,NO INDICATION OF INJURY,0,0,0,0,0,2,0,18,2,3,2,0,18,2,3
CLEAR,DAYLIGHT,REAR END,DIVIDED - W/MEDIAN (NOT RAISED),,STRAIGHT AND LEVEL,DRY,NO DEFECTS,NOT ON SCENE (DESK REPORT),NO INJURY / DRIVE AWAY,,,,"OVER $1,500",03/17/2025 16:45,FAILING TO REDUCE SPEED TO AVOID CRASH,UNABLE TO DETERMINE,3330,N,WESTERN AVE,1921,,,,,,,2,NO INDICATION OF INJURY,0,0,0,0,0,4,0,15,2,3,4,0,15,2,3
UNKNOWN,DAYLIGHT,REAR TO FRONT,NOT DIVIDED,,STRAIGHT AND LEVEL,UNKNOWN,UNKNOWN,NOT ON SCENE (DESK REPORT),NO INJURY / DRIVE AWAY,,,Y,"OVER $1,500",02/23/2025 15:05,FOLLOWING TOO CLOSELY,NOT APPLICABLE,7500,S,STATE ST,623,,,,,,,2,NO INDICATION OF INJURY,0,0,0,0,0,2,0,15,5,2,2,0,15,5,2
CLEAR,DAYLIGHT,ANGLE,NOT DIVIDED,,STRAIGHT AND LEVEL,DRY,NO DEFECTS,ON SCENE,INJURY AND / OR TOW DUE TO CRASH,Y,,Y,"OVER $1,500",02/22/2025 12:19,FAILING TO YIELD RIGHT-OF-WAY,FAILING TO YIELD RIGHT-OF-WAY,8814,S,SOUTH CHICAGO AVE,423,,,,,,,2,"REPORTED, NOT EVIDENT",1,0,0,0,1,1,0,12,7,2,1,0,12,7,2
CLOUDY/OVERCAST,DAYLIGHT,FIXED OBJECT,DRIVEWAY,,STRAIGHT AND LEVEL,DRY,UNKNOWN,NOT ON SCENE (DESK REPORT),NO INJURY / DRIVE AWAY,,Y,,"OVER $1,500",02/23/2025 16:15,UNABLE TO DETERMINE,NOT APPLICABLE,8053,S,SOUTH SHORE DR,422,,,,,,,1,NO INDICATION OF INJURY,0,0,0,0,0,1,0,15,1,2,1,0,15,1,2
CLEAR,"DARKNESS, LIGHTED ROAD",PARKED MOTOR VEHICLE,ONE-WAY,,STRAIGHT AND LEVEL,DRY,UNKNOWN,ON SCENE,NO INJURY / DRIVE AWAY,,,Y,"OVER $1,500",06/03/2025 22:20,UNABLE TO DETERMINE,UNABLE TO DETERMINE,3106,N,SPAULDING AVE,1412,,,,,,,3,NO INDICATION OF INJURY,0,0,0,0,0,1,0,22,3,6,1,0,22,3,6
CLEAR,DAYLIGHT,SIDESWIPE SAME DIRECTION,DIVIDED - W/MEDIAN (NOT RAISED),,STRAIGHT AND LEVEL,DRY,NO DEFECTS,NOT ON SCENE (DESK REPORT),NO INJURY / DRIVE AWAY,,,,"OVER $1,500",03/17/2025 21:00,IMPROPER LANE USAGE,IMPROPER OVERTAKING/PASSING,2952,W,FULTON ST,1222,,,,,,,2,NO INDICATION OF INJURY,0,0,0,0,0,3,0,18,2,3,3,0,18,2,3
CLEAR,DARKNESS,PARKED MOTOR VEHICLE,ONE-WAY,,STRAIGHT AND LEVEL,DRY,NO DEFECTS,NOT ON SCENE (DESK REPORT),NO INJURY / DRIVE AWAY,,,,"$501 - $1,500",03/18/2025 20:09,NOT APPLICABLE,NOT APPLICABLE,6200,S,CAMPBELL AVE,825,,,,,,,2,NO INDICATION OF INJURY,0,0,0,0,0,1,0,21,2,3,1,0,21,2,3
CLEAR,DAYLIGHT,ANGLE,ONE-WAY,,STRAIGHT AND LEVEL,UNKNOWN,UNKNOWN,NOT ON SCENE (DESK REPORT),NO INJURY / DRIVE AWAY,Y,,,"OVER $1,500",02/23/2025 19:15,DRIVING SKILLS/KNOWLEDGE/EXPERIENCE,NOT APPLICABLE,5700,S,SPRINGFIELD AVE,822,,,,,,,2,NO INDICATION OF INJURY,0,0,0,0,0,3,0,9,5,2,3,0,9,5,2
CLEAR,DAYLIGHT,REAR TO FRONT,NOT DIVIDED,,STRAIGHT AND LEVEL,DRY,NO DEFECTS,NOT ON SCENE (DESK REPORT),NO INJURY / DRIVE AWAY,,,N,"$501 - $1,500",02/22/2025 14:50,IMPROPER BACKING,IMPROPER BACKING,1598,W,16TH ST,1233,,,,,,,2,NO INDICATION OF INJURY,0,0,0,0,0,2,0,9,6,2,2,0,9,6,2
CLEAR,DAYLIGHT,ANGLE,NOT DIVIDED,,"CURVE, LEVEL",DRY,UNKNOWN,ON SCENE,INJURY AND / OR TOW DUE TO CRASH,,,,"OVER $1,500",02/22/2025 12:22,FAILING TO YIELD RIGHT-OF-WAY,NOT APPLICABLE,2240,S,ROCKWELL ST,1034,,,,,,,2,NO INDICATION OF INJURY,0,0,0,0,0,2,0,12,7,2,2,0,12,7,2
CLOUDY/OVERCAST,DAYLIGHT,SIDESWIPE OPPOSITE DIRECTION,NOT DIVIDED,,STRAIGHT AND LEVEL,DRY,NO DEFECTS,ON SCENE,NO INJURY / DRIVE AWAY,,,,"OVER $1,500",02/23/2025 11:49,UNABLE TO DETERMINE,NOT APPLICABLE,2915,N,AUSTIN AVE,2514,,,,,,,3,NO INDICATION OF INJURY,0,0,0,0,0,2,0,10,1,2,2,0,10,1,2
CLOUDY/OVERCAST,DAYLIGHT,ANGLE,FOUR WAY,,STRAIGHT AND LEVEL,DRY,UNKNOWN,ON SCENE,INJURY AND / OR TOW DUE TO CRASH,Y,,,"OVER $1,500",02/23/2025 10:14,DISREGARDING TRAFFIC SIGNALS,DISTRACTION - FROM INSIDE VEHICLE,200,S,STATE ST,113,,,,,,,2,NO INDICATION OF INJURY,0,0,0,0,0,4,0,10,1,2,4,0,10,1,2
CLEAR,"DARKNESS, LIGHTED ROAD",ANGLE,NOT DIVIDED,,STRAIGHT AND LEVEL,DRY,NO DEFECTS,,INJURY AND / OR TOW DUE TO CRASH,,,,"OVER $1,500",02/23/2025 1:49,UNABLE TO DETERMINE,UNABLE TO DETERMINE,2,W,63RD ST,311,,,,,,,2,NO INDICATION OF INJURY,0,0,0,0,0,2,0,1,1,2,2,0,1,1,2
CLEAR,"DARKNESS, LIGHTED ROAD",TURNING,NOT DIVIDED,,STRAIGHT AND LEVEL,DRY,NO DEFECTS,ON SCENE,INJURY AND / OR TOW DUE TO CRASH,,,,"OVER $1,500",02/23/2025 0:15,FOLLOWING TOO CLOSELY,NOT APPLICABLE,931,N,KEDZIE AVE,1211,,,,,,,2,"REPORTED, NOT EVIDENT",1,0,0,0,1,1,0,0,1,2,1,0,0,1,2
CLEAR,DAYLIGHT,REAR END,DIVIDED - W/MEDIAN (NOT RAISED),,STRAIGHT AND LEVEL,DRY,NO DEFECTS,NOT ON SCENE (DESK REPORT),NO INJURY / DRIVE AWAY,,,,"OVER $1,500",03/17/2025 9:04,UNABLE TO DETERMINE,UNABLE TO DETERMINE,5955,W,MONTROSE AVE,1624,,,,,,,2,NO INDICATION OF INJURY,0,0,0,0,0,2,0,8,2,3,2,0,8,2,3
CLEAR,DAYLIGHT,REAR END,DIVIDED - W/MEDIAN BARRIER,,STRAIGHT AND LEVEL,DRY,NO DEFECTS,NOT ON SCENE (DESK REPORT),NO INJURY / DRIVE AWAY,,,Y,"OVER $1,500",03/17/2025 14:10,FAILING TO REDUCE SPEED TO AVOID CRASH,UNABLE TO DETERMINE,4865,W,IRVING PARK RD,1634,,,,,,,2,NO INDICATION OF INJURY,0,0,0,0,0,2,0,14,2,3,2,0,14,2,3
CLEAR,DAYLIGHT,ANGLE,FOUR WAY,,STRAIGHT AND LEVEL,DRY,NO DEFECTS,ON SCENE,INJURY AND / OR TOW DUE TO CRASH,Y,,Y,"OVER $1,500",02/23/2025 15:32,FAILING TO YIELD RIGHT-OF-WAY,NOT APPLICABLE,5301,S,ABERDEEN ST,934,,,,,,,2,NO INDICATION OF INJURY,0,0,0,0,0,2,0,15,1,2,2,0,15,1,2
CLEAR,"DARKNESS, LIGHTED ROAD",REAR END,NOT DIVIDED,,STRAIGHT AND LEVEL,DRY,NO DEFECTS,NOT ON SCENE (DESK REPORT),NO INJURY / DRIVE AWAY,Y,,N,"OVER $1,500",02/23/2025 19:50,UNABLE TO DETERMINE,NOT APPLICABLE,1718,N,DAMEN AVE,1434,,,,,,,2,NO INDICATION OF INJURY,0,0,0,0,0,2,0,19,1,2,2,0,19,1,2
CLEAR,DAWN,TURNING,FOUR WAY,,STRAIGHT AND LEVEL,DRY,NO DEFECTS,ON SCENE,NO INJURY / DRIVE AWAY,,,Y,"$501 - $1,500",02/23/2025 17:52,FAILING TO YIELD RIGHT-OF-WAY,NOT APPLICABLE,8700,S,BEVERLY AVE,2221,,,,,,,2,NO INDICATION OF INJURY,0,0,0,0,0,2,0,17,1,2,2,0,17,1,2
CLEAR,"DARKNESS, LIGHTED ROAD",SIDESWIPE SAME DIRECTION,ONE-WAY,,STRAIGHT AND LEVEL,DRY,WORN SURFACE,ON SCENE,NO INJURY / DRIVE AWAY,,,Y,"OVER $1,500",02/23/2025 21:17,IMPROPER TURNING/NO SIGNAL,NOT APPLICABLE,101,W,OHIO ST,1831,,,,,,,2,NO INDICATION OF INJURY,0,0,0,0,0,2,0,21,1,2,2,0,21,1,2
CLEAR,"DARKNESS, LIGHTED ROAD",ANGLE,PARKING LOT,,STRAIGHT AND LEVEL,DRY,NO DEFECTS,ON SCENE,NO INJURY / DRIVE AWAY,,N,,$500 OR LESS,02/21/2025 18:20,UNABLE TO DETERMINE,NOT APPLICABLE,5430,S,KILPATRICK AVE,815,,,,,,,2,NO INDICATION OF INJURY,0,0,0,0,0,2,0,18,6,2,2,0,18,6,2
CLEAR,"DARKNESS, LIGHTED ROAD",REAR TO FRONT,ONE-WAY,,STRAIGHT AND LEVEL,DRY,NO DEFECTS,NOT ON SCENE (DESK REPORT),NO INJURY / DRIVE AWAY,,,,"$501 - $1,500",02/23/2025 0:05,IMPROPER LANE USAGE,NOT APPLICABLE,2522,W,SHAKESPEARE AVE,1431,,,,,,,2,NO INDICATION OF INJURY,0,0,0,0,0,2,0,23,7,2,2,0,23,7,2
CLEAR,DAYLIGHT,OTHER OBJECT,OTHER,,STRAIGHT AND LEVEL,DRY,NO DEFECTS,ON SCENE,INJURY AND / OR TOW DUE TO CRASH,,,,"OVER $1,500",02/22/2025 16:38,UNABLE TO DETERMINE,UNABLE TO DETERMINE,5400,S,LAKE SHORE DR SB,234,,,,,,,1,NO INDICATION OF INJURY,0,0,0,0,0,1,0,14,7,2,1,0,14,7,2
CLEAR,DARKNESS,REAR END,NOT DIVIDED,,STRAIGHT AND LEVEL,DRY,UNKNOWN,ON SCENE,NO INJURY / DRIVE AWAY,,,Y,"OVER $1,500",02/23/2025 17:55,FOLLOWING TOO CLOSELY,NOT APPLICABLE,311,E,75TH ST,623,,,,,,,3,NO INDICATION OF INJURY,0,0,0,0,0,2,0,17,1,2,2,0,17,1,2