WEATHER_CONDITION,LIGHTING_CONDITION,FIRST_CRASH_TYPE,TRAFFICWAY_TYPE,LANE_CNT,ALIGNMENT,ROADWAY_SURFACE_COND,ROAD_DEFECT,REPORT_TYPE,CRASH_TYPE,INTERSECTION_RELATED_I,NOT_RIGHT_OF_WAY_I,HIT_AND_RUN_I,DAMAGE,DATE_POLICE_NOTIFIED,PRIM_CONTRIBUTORY_CAUSE,SEC_CONTRIBUTORY_CAUSE,STREET_NO,STREET_DIRECTION,STREET_NAME,BEAT_OF_OCCURRENCE,PHOTOS_TAKEN_I,STATEMENTS_TAKEN_I,DOORING_I,WORK_ZONE_I,WORK_ZONE_TYPE,WORKERS_PRESENT_I,NUM_UNITS,MOST_SEVERE_INJURY,INJURIES_TOTAL,INJURIES_FATAL,INJURIES_INCAPACITATING,INJURIES_NON_INCAPACITATING,INJURIES_REPORTED_NOT_EVIDENT,INJURIES_NO_INDICATION,INJURIES_UNKNOWN,CRASH_HOUR,CRASH_DAY_OF_WEEK,CRASH_MONTH,INJURIES_NO_INDICATION,INJURIES_UNKNOWN,CRASH_HOUR,CRASH_DAY_OF_WEEK,CRASH_MONTH
CLEAR,"DARKNESS, LIGHTED ROAD",FIXED OBJECT,FOUR WAY,,STRAIGHT AND LEVEL,DRY,NO DEFECTS,ON SCENE,INJURY AND / OR TOW DUE TO CRASH,Y,,,"OVER $1,500",02/23/2025 1:38,UNDER THE INFLUENCE OF ALCOHOL/DRUGS (USE WHEN ARREST IS EFFECTED),UNDER THE INFLUENCE OF ALCOHOL/DRUGS (USE WHEN ARREST IS EFFECTED),1600,S,ASHLAND AVE,1234,,,,,,,1,"REPORTED, NOT EVIDENT",2,0,0,0,2,0,0,1,1,2,0,0,1,1,2
CLEAR,"DARKNESS, LIGHTED ROAD",TURNING,FOUR WAY,,STRAIGHT AND LEVEL,DRY,NO DEFECTS,ON SCENE,INJURY AND / OR TOW DUE TO CRASH,Y,,Y,"OVER $1,500",05/24/2025 3:36,FAILING TO YIELD RIGHT-OF-WAY,NOT APPLICABLE,4200,W,31ST ST,1031,,,,,,,4,INCAPACITATING INJURY,2,0,1,1,0,3,0,3,7,5,3,0,3,7,5
CLEAR,"DARKNESS, LIGHTED ROAD",ANGLE,NOT DIVIDED,,STRAIGHT AND LEVEL,DRY,NO DEFECTS,NOT ON SCENE (DESK REPORT),NO INJURY / DRIVE AWAY,,,,$500 OR LESS,03/18/2025 11:20,FAILING TO YIELD RIGHT-OF-WAY,NOT APPLICABLE,310,W,103RD ST,511,,,,,,,2,NO INDICATION OF INJURY,0,0,0,0,0,2,0,19,2,3,2,0,19,2,3
CLEAR,"DARKNESS, LIGHTED ROAD",PARKED MOTOR VEHICLE,ONE-WAY,,STRAIGHT AND LEVEL,DRY,UNKNOWN,,INJURY AND / OR TOW DUE TO CRASH,,,Y,"OVER $1,500",02/22/2025 7:00,UNABLE TO DETERMINE,UNABLE TO DETERMINE,5728,N,RICHMOND ST,2011,,,,,,,2,NO INDICATION OF INJURY,0,0,0,0,0,1,0,6,7,2,1,0,6,7,2
CLEAR,DAYLIGHT,PARKED MOTOR VEHICLE,PARKING LOT,,STRAIGHT AND LEVEL,DRY,NO DEFECTS,,NO INJURY / DRIVE AWAY,,,Y,"OVER $1,500",02/23/2025 9:30,UNABLE TO DETERMINE,UNABLE TO DETERMINE,1501,N,STATE PKWY,1824,,,,,,,2,NO INDICATION OF INJURY,0,0,0,0,0,1,0,16,3,2,1,0,16,3,2
CLEAR,"DARKNESS, LIGHTED ROAD",TURNING,NOT DIVIDED,,STRAIGHT AND LEVEL,DRY,NO DEFECTS,ON SCENE,NO INJURY / DRIVE AWAY,,,,"OVER $1,500",02/22/2025 23:31,FAILING TO YIELD RIGHT-OF-WAY,FAILING TO YIELD RIGHT-OF-WAY,4251,W,LAWRENCE AVE,1722,,,,,,,2,NO INDICATION OF INJURY,0,0,0,0,0,4,0,23,7,2,4,0,23,7,2
CLOUDY/OVERCAST,DAYLIGHT,SIDESWIPE SAME DIRECTION,NOT DIVIDED,,STRAIGHT AND LEVEL,DRY,NO DEFECTS,ON SCENE,NO INJURY / DRIVE AWAY,N,,Y,$500 OR LESS,02/23/2025 9:35,RELATED TO BUS STOP,IMPROPER OVERTAKING/PASSING,300,S,HALSTED ST,1232,,,,,,,2,NO INDICATION OF INJURY,0,0,0,0,0,2,0,9,1,2,2,0,9,1,2
CLEAR,DAYLIGHT,OTHER OBJECT,NOT DIVIDED,,STRAIGHT AND LEVEL,DRY,UNKNOWN,ON SCENE,INJURY AND / OR TOW DUE TO CRASH,,,,"OVER $1,500",02/23/2025 9:02,UNABLE TO DETERMINE,UNABLE TO DETERMINE,3200,E,106TH ST,431,,,,,,,1,NO INDICATION OF INJURY,0,0,0,0,0,1,0,9,1,2,1,0,9,1,2
CLEAR,DAYLIGHT,REAR TO FRONT,DIVIDED - W/MEDIAN (NOT RAISED),,STRAIGHT AND LEVEL,DRY,UNKNOWN,NOT ON SCENE (DESK REPORT),NO INJURY / DRIVE AWAY,,,,"OVER $1,500",02/23/2025 15:10,IMPROPER BACKING,FAILING TO REDUCE SPEED TO AVOID CRASH,1422,N,KINGSBURY ST,1822,,,,,,,2,NO INDICATION OF INJURY,0,0,0,0,0,2,0,14,1,2,2,0,14,1,2
CLEAR,DARKNESS,PARKED MOTOR VEHICLE,NOT DIVIDED,,STRAIGHT AND LEVEL,DRY,NO DEFECTS,ON SCENE,INJURY AND / OR TOW DUE TO CRASH,,,Y,"OVER $1,500",04/06/2025 7:00,UNABLE TO DETERMINE,UNABLE TO DETERMINE,220,W,101ST ST,511,,,,,,,2,NO INDICATION OF INJURY,0,0,0,0,0,1,0,3,1,4,1,0,3,1,4
CLEAR,DAYLIGHT,ANGLE,DIVIDED - W/MEDIAN BARRIER,,STRAIGHT AND LEVEL,DRY,NO DEFECTS,ON SCENE,NO INJURY / DRIVE AWAY,,,,"OVER $1,500",04/06/2025 18:44,FAILING TO YIELD RIGHT-OF-WAY,NOT APPLICABLE,215,W,NORTH AVE,1821,,,,,,,2,NO INDICATION OF INJURY,0,0,0,0,0,2,0,18,1,4,2,0,18,1,4
CLEAR,"DARKNESS, LIGHTED ROAD",HEAD ON,ONE-WAY,,"CURVE, LEVEL",DRY,NO DEFECTS,ON SCENE,NO INJURY / DRIVE AWAY,,,Y,"OVER $1,500",02/22/2025 3:50,DRIVING ON WRONG SIDE/WRONG WAY,UNABLE TO DETERMINE,1,S,MIDWAY ST,813,,,,,,,2,NO INDICATION OF INJURY,0,0,0,0,0,2,0,3,7,2,2,0,3,7,2
CLEAR,"DARKNESS, LIGHTED ROAD",PARKED MOTOR VEHICLE,ALLEY,,STRAIGHT AND LEVEL,ICE,NO DEFECTS,ON SCENE,NO INJURY / DRIVE AWAY,,Y,Y,"OVER $1,500",02/23/2025 4:09,NOT APPLICABLE,NOT APPLICABLE,6243,S,WHIPPLE ST,823,,,,,,,2,NO INDICATION OF INJURY,0,0,0,0,0,2,0,3,1,2,2,0,3,1,2
CLEAR,DAYLIGHT,REAR END,DIVIDED - W/MEDIAN (NOT RAISED),,STRAIGHT AND LEVEL,DRY,NO DEFECTS,NOT ON SCENE (DESK REPORT),NO INJURY / DRIVE AWAY,,,,$500 OR LESS,02/23/2025 17:40,NOT APPLICABLE,NOT APPLICABLE,3950,S,PULASKI RD,815,,,,,,,2,NO INDICATION OF INJURY,0,0,0,0,0,2,0,17,1,2,2,0,17,1,2
UNKNOWN,UNKNOWN,REAR END,DIVIDED - W/MEDIAN BARRIER,,STRAIGHT AND LEVEL,UNKNOWN,UNKNOWN,NOT ON SCENE (DESK REPORT),NO INJURY / DRIVE AWAY,,,Y,"OVER $1,500",02/23/2025 17:30,FOLLOWING TOO CLOSELY,UNABLE TO DETERMINE,999,N,LAKE SHORE DR,1833,,,,,,,2,NO INDICATION OF INJURY,0,0,0,0,0,2,0,4,1,2,2,0,4,1,2
CLEAR,DAYLIGHT,TURNING,NOT DIVIDED,,STRAIGHT AND LEVEL,DRY,NO DEFECTS,NOT ON SCENE (DESK REPORT),NO INJURY / DRIVE AWAY,Y,,,"OVER $1,500",02/23/2025 13:00,UNABLE TO DETERMINE,UNABLE TO DETERMINE,3902,S,CICERO AVE,1031,,,,,,,2,NO INDICATION OF INJURY,0,0,0,0,0,2,0,12,1,2,2,0,12,1,2
CLEAR,DAYLIGHT,TURNING,FOUR WAY,,STRAIGHT AND LEVEL,DRY,NO DEFECTS,NOT ON SCENE (DESK REPORT),NO INJURY / DRIVE AWAY,Y,,,"OVER $1,500",02/23/2025 8:10,DISREGARDING ROAD MARKINGS,DISREGARDING OTHER TRAFFIC SIGNS,2121,S,PRAIRIE AVE,132,,,,,,,2,NO INDICATION OF INJURY,0,0,0,0,0,2,0,7,1,2,2,0,7,1,2
CLEAR,DAYLIGHT,TURNING,FOUR WAY,,STRAIGHT AND LEVEL,DRY,NO DEFECTS,ON SCENE,INJURY AND / OR TOW DUE TO CRASH,Y,,,"OVER $1,500",02/23/2025 15:15,IMPROPER OVERTAKING/PASSING,IMPROPER TURNING/NO SIGNAL,5701,S,ASHLAND AVE,713,,Y,,,,,2,NONINCAPACITATING INJURY,5,0,0,5,0,1,0,15,1,2,1,0,15,1,2
CLEAR,DAYLIGHT,TURNING,FOUR WAY,,STRAIGHT AND LEVEL,DRY,NO DEFECTS,ON SCENE,INJURY AND / OR TOW DUE TO CRASH,Y,,,"OVER $1,500",03/17/2025 6:29,UNABLE TO DETERMINE,UNABLE TO DETERMINE,3900,W,47TH ST,821,,,,,,,2,NONINCAPACITATING INJURY,2,0,0,1,1,0,0,6,2,3,0,0,6,2,3
CLOUDY/OVERCAST,DAYLIGHT,SIDESWIPE SAME DIRECTION,NOT DIVIDED,,STRAIGHT AND LEVEL,DRY,NO DEFECTS,NOT ON SCENE (DESK REPORT),NO INJURY / DRIVE AWAY,,,,"OVER $1,500",02/23/2025 10:30,UNABLE TO DETERMINE,NOT APPLICABLE,1350,N,WELLS ST,1821,,,,,,,2,NO INDICATION OF INJURY,0,0,0,0,0,2,0,7,5,1,2,0,7,5,1
CLEAR,DAYLIGHT,PARKED MOTOR VEHICLE,NOT DIVIDED,,STRAIGHT AND LEVEL,DRY,NO DEFECTS,ON SCENE,NO INJURY / DRIVE AWAY,,,,"OVER $1,500",10/27/2025 16:01,TEXTING,NOT APPLICABLE,7755,S,TRUMBULL AVE,835,,Y,,,,,2,NO INDICATION OF INJURY,0,0,0,0,0,2,0,15,2,10,2,0,15,2,10
CLEAR,DAYLIGHT,REAR END,NOT DIVIDED,,STRAIGHT AND LEVEL,DRY,NO DEFECTS,ON SCENE,NO INJURY / DRIVE AWAY,,,,"OVER $1,500",02/22/2025 12:15,PHYSICAL CONDITION OF DRIVER,NOT APPLICABLE,3739,W,26TH ST,1031,,,,,,,3,NO INDICATION OF INJURY,0,0,0,0,0,5,0,12,7,2,5,0,12,7,2
CLEAR,"DARKNESS, LIGHTED ROAD",REAR END,FOUR WAY,,STRAIGHT AND LEVEL,DRY,NO DEFECTS,NOT ON SCENE (DESK REPORT),NO INJURY / DRIVE AWAY,,,,"$501 - $1,500",02/23/2025 13:05,FOLLOWING TOO CLOSELY,NOT APPLICABLE,2800,N,MANGO AVE,2514,,,,,,,2,NO INDICATION OF INJURY,0,0,0,0,0,2,0,3,1,2,2,0,3,1,2
SNOW,DAYLIGHT,PARKED MOTOR VEHICLE,NOT DIVIDED,,STRAIGHT ON GRADE,WET,NO DEFECTS,,INJURY AND / OR TOW DUE TO CRASH,,,,"OVER $1,500",01/01/2025 6:07,DRIVING SKILLS/KNOWLEDGE/EXPERIENCE,NOT APPLICABLE,6332,W,BELMONT AVE,1633,,,,,,,5,NO INDICATION OF INJURY,0,0,0,0,0,1,0,6,4,1,1,0,6,4,1
CLEAR,DAYLIGHT,TURNING,NOT DIVIDED,,STRAIGHT AND LEVEL,DRY,NO DEFECTS,ON SCENE,INJURY AND / OR TOW DUE TO CRASH,,Y,Y,"OVER $1,500",05/24/2025 6:32,FAILING TO YIELD RIGHT-OF-WAY,UNABLE TO DETERMINE,2635,N,CENTRAL AVE,2514,,,,,,,2,NO INDICATION OF INJURY,0,0,0,0,0,2,0,6,7,5,2,0,6,7,5
CLEAR,DAYLIGHT,ANGLE,NOT DIVIDED,,STRAIGHT AND LEVEL,DRY,NO DEFECTS,ON SCENE,INJURY AND / OR TOW DUE TO CRASH,Y,,,"OVER $1,500",02/23/2025 9:21,FAILING TO YIELD RIGHT-OF-WAY,FAILING TO YIELD RIGHT-OF-WAY,1880,W,CONGRESS PKWY,1225,,,,,,,2,NO INDICATION OF INJURY,0,0,0,0,0,2,0,9,1,2,2,0,9,1,2
CLEAR,DAYLIGHT,TURNING,T-INTERSECTION,,STRAIGHT AND LEVEL,UNKNOWN,UNKNOWN,NOT ON SCENE (DESK REPORT),NO INJURY / DRIVE AWAY,,,,"$501 - $1,500",02/19/2025 10:20,NOT APPLICABLE,NOT APPLICABLE,531,S,HOMAN AVE,1134,,,,,,,2,NO INDICATION OF INJURY,0,0,0,0,0,2,0,9,4,2,2,0,9,4,2
UNKNOWN,UNKNOWN,PARKED MOTOR VEHICLE,OTHER,,STRAIGHT AND LEVEL,UNKNOWN,NO DEFECTS,ON SCENE,NO INJURY / DRIVE AWAY,,Y,Y,"OVER $1,500",02/23/2025 8:36,UNABLE TO DETERMINE,UNABLE TO DETERMINE,3021,S,HOMAN AVE,1032,,,,,,,2,NO INDICATION OF INJURY,0,0,0,0,0,1,0,15,6,2,1,0,15,6,2
CLEAR,DAYLIGHT,ANGLE,NOT DIVIDED,,STRAIGHT AND LEVEL,DRY,UNKNOWN,ON SCENE,NO INJURY / DRIVE AWAY,Y,,,"OVER $1,500",02/22/2025 14:00,UNABLE TO DETERMINE,UNABLE TO DETERMINE,9400,S,PLEASANT AVE,2221,,,,,,,2,NO INDICATION OF INJURY,0,0,0,0,0,2,0,13,7,2,2,0,13,7,2
CLEAR,"DARKNESS, LIGHTED ROAD",REAR END,NOT DIVIDED,,STRAIGHT AND LEVEL,DRY,NO DEFECTS,NOT ON SCENE (DESK REPORT),INJURY AND / OR TOW DUE TO CRASH,Y,,,"OVER $1,500",02/22/2025 23:30,UNABLE TO DETERMINE,UNABLE TO DETERMINE,402,N,CENTRAL AVE,1512,,,,,,,2,NO INDICATION OF INJURY,0,0,0,0,0,2,0,22,7,2,2,0,22,7,2
UNKNOWN,UNKNOWN,SIDESWIPE SAME DIRECTION,UNKNOWN,,STRAIGHT AND LEVEL,UNKNOWN,UNKNOWN,,NO INJURY / DRIVE AWAY,,,,"OVER $1,500",06/07/2025 16:00,UNABLE TO DETERMINE,UNABLE TO DETERMINE,5500,S,CHRISTIANA AVE,822,,,,,,,2,NO INDICATION OF INJURY,0,0,0,0,0,2,0,15,7,6,2,0,15,7,6
CLEAR,"DARKNESS, LIGHTED ROAD",SIDESWIPE SAME DIRECTION,ONE-WAY,,"CURVE, LEVEL",DRY,NO DEFECTS,ON SCENE,INJURY AND / OR TOW DUE TO CRASH,,,,"OVER $1,500",02/22/2025 4:08,IMPROPER TURNING/NO SIGNAL,NOT APPLICABLE,5,W,TERMINAL ST,1655,,,,,,,2,NONINCAPACITATING INJURY,1,0,0,1,0,1,0,4,7,2,1,0,4,7,2
CLEAR,UNKNOWN,PARKED MOTOR VEHICLE,ONE-WAY,,STRAIGHT AND LEVEL,DRY,NO DEFECTS,NOT ON SCENE (DESK REPORT),NO INJURY / DRIVE AWAY,,,Y,"$501 - $1,500",02/23/2025 11:00,UNABLE TO DETERMINE,UNABLE TO DETERMINE,4020,N,TROY ST,1724,,,,,,,2,NO INDICATION OF INJURY,0,0,0,0,0,1,0,10,1,2,1,0,10,1,2
CLEAR,DAYLIGHT,SIDESWIPE SAME DIRECTION,NOT DIVIDED,,STRAIGHT AND LEVEL,DRY,NO DEFECTS,NOT ON SCENE (DESK REPORT),NO INJURY / DRIVE AWAY,,,Y,"OVER $1,500",03/18/2025 7:15,DRIVING SKILLS/KNOWLEDGE/EXPERIENCE,DRIVING SKILLS/KNOWLEDGE/EXPERIENCE,1600,E,83RD ST,411,,,,,,,2,NO INDICATION OF INJURY,0,0,0,0,0,2,0,17,2,3,2,0,17,2,3
CLEAR,DAYLIGHT,PARKED MOTOR VEHICLE,PARKING LOT,,STRAIGHT AND LEVEL,DRY,NO DEFECTS,ON SCENE,INJURY AND / OR TOW DUE TO CRASH,,,,"OVER $1,500",04/06/2025 17:19,UNABLE TO DETERMINE,NOT APPLICABLE,2708,S,PULASKI RD,1031,,,,,,,4,"REPORTED, NOT EVIDENT",1,0,0,0,1,0,0,17,1,4,0,0,17,1,4
CLEAR,DAYLIGHT,TURNING,NOT DIVIDED,,STRAIGHT AND LEVEL,DRY,NO DEFECTS,NOT ON SCENE (DESK REPORT),NO INJURY / DRIVE AWAY,,,,"OVER $1,500",03/17/2025 8:45,UNABLE TO DETERMINE,UNABLE TO DETERMINE,4435,S,KEDZIE AVE,922,,,,,,,2,NO INDICATION OF INJURY,0,0,0,0,0,2,0,7,2,3,2,0,7,2,3
CLEAR,"DARKNESS, LIGHTED ROAD",REAR END,NOT DIVIDED,,STRAIGHT AND LEVEL,DRY,NO DEFECTS,NOT ON SCENE (DESK REPORT),NO INJURY / DRIVE AWAY,,,Y,"$501 - $1,500",02/23/2025 7:20,UNABLE TO DETERMINE,UNABLE TO DETERMINE,1305,S,HALSTED ST,1232,,,,,,,2,NO INDICATION OF INJURY,0,0,0,0,0,2,0,22,7,2,2,0,22,7,2
CLEAR,"DARKNESS, LIGHTED ROAD",REAR END,NOT DIVIDED,,STRAIGHT AND LEVEL,DRY,NO DEFECTS,,INJURY AND / OR TOW DUE TO CRASH,,,,"OVER $1,500",02/22/2025 23:08,FAILING TO REDUCE SPEED TO AVOID CRASH,UNABLE TO DETERMINE,1551,S,BLUE ISLAND AVE,1233,,,,,,,2,NONINCAPACITATING INJURY,2,0,0,2,0,1,0,22,7,2,1,0,22,7,2
CLEAR,"DARKNESS, LIGHTED ROAD",PARKED MOTOR VEHICLE,DIVIDED - W/MEDIAN (NOT RAISED),,STRAIGHT AND LEVEL,DRY,NO DEFECTS,NOT ON SCENE (DESK REPORT),NO INJURY / DRIVE AWAY,,,,"OVER $1,500",02/23/2025 13:56,UNABLE TO DETERMINE,NOT APPLICABLE,2811,N,NARRAGANSETT AVE,2511,,,,,,,2,NO INDICATION OF INJURY,0,0,0,0,0,1,0,0,1,2,1,0,0,1,2
CLEAR,"DARKNESS, LIGHTED ROAD",PARKED MOTOR VEHICLE,NOT DIVIDED,,STRAIGHT AND LEVEL,DRY,NO DEFECTS,ON SCENE,INJURY AND / OR TOW DUE TO CRASH,,,,"$501 - $1,500",02/23/2025 4:10,IMPROPER LANE USAGE,FAILING TO REDUCE SPEED TO AVOID CRASH,1464,W,74TH ST,734,,,,,,,3,NO INDICATION OF INJURY,0,0,0,0,0,2,0,4,1,2,2,0,4,1,2
UNKNOWN,UNKNOWN,PARKED MOTOR VEHICLE,NOT DIVIDED,,STRAIGHT AND LEVEL,UNKNOWN,UNKNOWN,,NO INJURY / DRIVE AWAY,,,Y,"OVER $1,500",02/23/2025 15:00,FAILING TO REDUCE SPEED TO AVOID CRASH,UNABLE TO DETERMINE,848,W,EASTMAN ST,1822,,,,,,,2,NO INDICATION OF INJURY,0,0,0,0,0,1,0,15,1,2,1,0,15,1,2
CLEAR,DAYLIGHT,PARKED MOTOR VEHICLE,NOT DIVIDED,,STRAIGHT AND LEVEL,UNKNOWN,UNKNOWN,NOT ON SCENE (DESK REPORT),NO INJURY / DRIVE AWAY,,,,"OVER $1,500",03/17/2025 14:15,UNABLE TO DETERMINE,NOT APPLICABLE,1333,E,57TH ST,235,,,,,,,2,NO INDICATION OF INJURY,0,0,0,0,0,1,0,13,2,3,1,0,13,2,3
CLEAR,"DARKNESS, LIGHTED ROAD",REAR END,NOT DIVIDED,,STRAIGHT AND LEVEL,DRY,NO DEFECTS,ON SCENE,NO INJURY / DRIVE AWAY,,,,"OVER $1,500",04/06/2025 21:34,UNABLE TO DETERMINE,NOT APPLICABLE,739,S,CICERO AVE,1131,,,,,,,2,NO INDICATION OF INJURY,0,0,0,0,0,2,0,20,1,4,2,0,20,1,4
CLEAR,"DARKNESS, LIGHTED ROAD",REAR TO FRONT,NOT DIVIDED,,STRAIGHT AND LEVEL,DRY,NO DEFECTS,NOT ON SCENE (DESK REPORT),NO INJURY / DRIVE AWAY,,,Y,"$501 - $1,500",05/24/2025 22:16,IMPROPER LANE USAGE,NOT APPLICABLE,5733,W,WEST END AVE,1512,,,,,,,2,NO INDICATION OF INJURY,0,0,0,0,0,2,0,22,7,5,2,0,22,7,5
UNKNOWN,UNKNOWN,PARKED MOTOR VEHICLE,OTHER,,STRAIGHT AND LEVEL,UNKNOWN,UNKNOWN,NOT ON SCENE (DESK REPORT),NO INJURY / DRIVE AWAY,,,Y,"$501 - $1,500",04/06/2025 18:25,UNABLE TO DETERMINE,NOT APPLICABLE,10969,S,ABERDEEN ST,2234,,,,,,,2,NO INDICATION OF INJURY,0,0,0,0,0,1,0,2,1,4,1,0,2,1,4
CLEAR,DAYLIGHT,ANGLE,FOUR WAY,,STRAIGHT AND LEVEL,DRY,NO DEFECTS,ON SCENE,NO INJURY / DRIVE AWAY,Y,,,"OVER $1,500",02/20/2025 10:31,UNABLE TO DETERMINE,UNABLE TO DETERMINE,532,S,KOSTNER AVE,1131,,,,,,,2,NO INDICATION OF INJURY,0,0,0,0,0,2,0,10,5,2,2,0,10,5,2
CLEAR,"DARKNESS, LIGHTED ROAD",OTHER OBJECT,ONE-WAY,,STRAIGHT AND LEVEL,DRY,NO DEFECTS,ON SCENE,INJURY AND / OR TOW DUE TO CRASH,,,,"OVER $1,500",02/22/2025 23:09,UNDER THE INFLUENCE OF ALCOHOL/DRUGS (USE WHEN ARREST IS EFFECTED),UNABLE TO DETERMINE,126,E,105TH ST,512,,,,,,,1,NO INDICATION OF INJURY,0,0,0,0,0,1,0,23,7,2,1,0,23,7,2
CLEAR,DAYLIGHT,REAR END,NOT DIVIDED,,STRAIGHT AND LEVEL,DRY,NO DEFECTS,,NO INJURY / DRIVE AWAY,,,,"OVER $1,500",02/23/2025 16:00,FOLLOWING TOO CLOSELY,NOT APPLICABLE,5900,S,PULASKI RD,813,,,,,,,3,NO INDICATION OF INJURY,0,0,0,0,0,3,0,15,1,2,3,0,15,1,2
CLOUDY/OVERCAST,DAYLIGHT,TURNING,T-INTERSECTION,,STRAIGHT AND LEVEL,DRY,NO DEFECTS,ON SCENE,NO INJURY / DRIVE AWAY,N,,,"OVER $1,500",02/23/2025 11:40,DISREGARDING STOP SIGN,UNABLE TO DETERMINE,6501,S,UNION AVE,723,,,,,,,2,NO INDICATION OF INJURY,0,0,0,0,0,3,0,11,1,2,3,0,11,1,2
CLEAR,UNKNOWN,SIDESWIPE SAME DIRECTION,DIVIDED - W/MEDIAN (NOT RAISED),,STRAIGHT AND LEVEL,DRY,UNKNOWN,NOT ON SCENE (DESK REPORT),NO INJURY / DRIVE AWAY,,,,"OVER $1,500",04/06/2025 6:00,UNABLE TO DETERMINE,UNABLE TO DETERMINE,4211,W,26TH ST,1031,,,,,,,2,NO INDICATION OF INJURY,0,0,0,0,0,2,0,5,1,4,2,0,5,1,4
CLEAR,DAYLIGHT,FIXED OBJECT,PARKING LOT,,STRAIGHT AND LEVEL,DRY,NO DEFECTS,ON SCENE,NO INJURY / DRIVE AWAY,,Y,Y,"$501 - $1,500",03/17/2025 12:00,DISREGARDING OTHER TRAFFIC SIGNS,UNABLE TO DETERMINE,10,E,GRAND AVE,1834,,,,,,,1,NO INDICATION OF INJURY,0,0,0,0,0,1,0,11,2,3,1,0,11,2,3
CLEAR,"DARKNESS, LIGHTED ROAD",SIDESWIPE SAME DIRECTION,DIVIDED - W/MEDIAN BARRIER,,STRAIGHT AND LEVEL,DRY,NO DEFECTS,ON SCENE,INJURY AND / OR TOW DUE TO CRASH,,,,"OVER $1,500",02/22/2025 19:03,FAILING TO YIELD RIGHT-OF-WAY,NOT APPLICABLE,10202,S,HALSTED ST,2232,,,,,,,2,"REPORTED, NOT EVIDENT",2,0,0,0,2,10,0,19,7,2,10,0,19,7,2
CLEAR,DAYLIGHT,SIDESWIPE SAME DIRECTION,NOT DIVIDED,,STRAIGHT AND LEVEL,DRY,NO DEFECTS,ON SCENE,NO INJURY / DRIVE AWAY,,,,"OVER $1,500",02/23/2025 10:46,FAILING TO YIELD RIGHT-OF-WAY,FAILING TO YIELD RIGHT-OF-WAY,2498,W,FOSTER AVE,2011,,,,,,,2,NO INDICATION OF INJURY,0,0,0,0,0,2,0,10,1,2,2,0,10,1,2
UNKNOWN,UNKNOWN,PARKED MOTOR VEHICLE,DIVIDED - W/MEDIAN (NOT RAISED),,STRAIGHT AND LEVEL,DRY,UNKNOWN,NOT ON SCENE (DESK REPORT),NO INJURY / DRIVE AWAY,,,Y,"OVER $1,500",02/23/2025 15:40,FAILING TO REDUCE SPEED TO AVOID CRASH,UNABLE TO DETERMINE,1237,W,FULLERTON AVE,1811,,,,,,,2,NO INDICATION OF INJURY,0,0,0,0,0,1,0,13,1,2,1,0,13,1,2
CLEAR,DUSK,ANGLE,DIVIDED - W/MEDIAN (NOT RAISED),,STRAIGHT AND LEVEL,DRY,UNKNOWN,ON SCENE,INJURY AND / OR TOW DUE TO CRASH,Y,,Y,"OVER $1,500",02/23/2025 19:03,IMPROPER LANE USAGE,NOT APPLICABLE,6329,W,63RD ST,812,,,,,,,2,NO INDICATION OF INJURY,0,0,0,0,0,2,0,19,1,2,2,0,19,1,2
CLEAR,"DARKNESS, LIGHTED ROAD",TURNING,NOT DIVIDED,,STRAIGHT AND LEVEL,DRY,NO DEFECTS,NOT ON SCENE (DESK REPORT),NO INJURY / DRIVE AWAY,Y,,Y,"OVER $1,500",02/23/2025 13:00,NOT APPLICABLE,NOT APPLICABLE,3973,W,HARRISON ST,1132,,,,,,,2,NO INDICATION OF INJURY,0,0,0,0,0,2,0,2,1,2,2,0,2,1,2
CLEAR,DAYLIGHT,TURNING,DIVIDED - W/MEDIAN (NOT RAISED),,STRAIGHT AND LEVEL,DRY,NO DEFECTS,ON SCENE,INJURY AND / OR TOW DUE TO CRASH,Y,,,"OVER $1,500",05/24/2025 12:10,"VISION OBSCURED (SIGNS, TREE LIMBS, BUILDINGS, ETC.)",FAILING TO YIELD RIGHT-OF-WAY,250,W,47TH ST,925,,,,,,,2,NO INDICATION OF INJURY,0,0,0,0,0,2,0,12,7,5,2,0,12,7,5
CLEAR,DAYLIGHT,ANGLE,FOUR WAY,,STRAIGHT AND LEVEL,DRY,UNKNOWN,ON SCENE,INJURY AND / OR TOW DUE TO CRASH,Y,,,"OVER $1,500",03/17/2025 17:05,DISREGARDING STOP SIGN,DISREGARDING STOP SIGN,9900,S,GENOA AVE,2232,,,,,,,3,"REPORTED, NOT EVIDENT",3,0,0,0,3,1,0,17,2,3,1,0,17,2,3
CLEAR,"DARKNESS, LIGHTED ROAD",REAR END,DIVIDED - W/MEDIAN BARRIER,,STRAIGHT AND LEVEL,DRY,NO DEFECTS,ON SCENE,NO INJURY / DRIVE AWAY,,,,"OVER $1,500",05/24/2025 23:19,FAILING TO REDUCE SPEED TO AVOID CRASH,NOT APPLICABLE,425,S,LAKE SHORE DR NB,114,,,,,,,2,NO INDICATION OF INJURY,0,0,0,0,0,2,0,23,7,5,2,0,23,7,5
CLEAR,"DARKNESS, LIGHTED ROAD",FIXED OBJECT,NOT DIVIDED,,STRAIGHT AND LEVEL,DRY,UNKNOWN,ON SCENE,NO INJURY / DRIVE AWAY,,,,"OVER $1,500",12/18/2022 23:15,UNABLE TO DETERMINE,NOT APPLICABLE,582,W,OHARE ST,1654,,,,,,,1,,,,,,,,,23,1,12,,,23,1,12