WEATHER_CONDITION,LIGHTING_CONDITION,FIRST_CRASH_TYPE,TRAFFICWAY_TYPE,LANE_CNT,ALIGNMENT,ROADWAY_SURFACE_COND,ROAD_DEFECT,REPORT_TYPE,CRASH_TYPE,INTERSECTION_RELATED_I,NOT_RIGHT_OF_WAY_I,HIT_AND_RUN_I,DAMAGE,DATE_POLICE_NOTIFIED,PRIM_CONTRIBUTORY_CAUSE,SEC_CONTRIBUTORY_CAUSE,STREET_NO,STREET_DIRECTION,STREET_NAME,BEAT_OF_OCCURRENCE,PHOTOS_TAKEN_I,STATEMENTS_TAKEN_I,DOORING_I,WORK_ZONE_I,WORK_ZONE_TYPE,WORKERS_PRESENT_I,NUM_UNITS,MOST_SEVERE_INJURY,INJURIES_TOTAL,INJURIES_FATAL,INJURIES_INCAPACITATING,INJURIES_NON_INCAPACITATING,INJURIES_REPORTED_NOT_EVIDENT,INJURIES_NO_INDICATION,INJURIES_UNKNOWN,CRASH_HOUR,CRASH_DAY_OF_WEEK,CRASH_MONTH,INJURIES_NO_INDICATION,INJURIES_UNKNOWN,CRASH_HOUR,CRASH_DAY_OF_WEEK,CRASH_MONTH
CLEAR,DAYLIGHT,REAR END,NOT DIVIDED,,STRAIGHT AND LEVEL,DRY,NO DEFECTS,ON SCENE,INJURY AND / OR TOW DUE TO CRASH,,,Y,$500 OR LESS,04/06/2025 17:18,FAILING TO REDUCE SPEED TO AVOID CRASH,NOT APPLICABLE,7054,S,KEDZIE AVE,831,,,,,,,2,"REPORTED, NOT EVIDENT",1,0,0,0,1,1,0,17,1,4,1,0,17,1,4
CLEAR,"DARKNESS, LIGHTED ROAD",TURNING,NOT DIVIDED,,STRAIGHT AND LEVEL,DRY,NO DEFECTS,ON SCENE,INJURY AND / OR TOW DUE TO CRASH,Y,,,"OVER $1,500",04/06/2025 2:55,IMPROPER TURNING/NO SIGNAL,UNABLE TO DETERMINE,2000,N,LARAMIE AVE,2515,,,,,,,2,"REPORTED, NOT EVIDENT",1,0,0,0,1,2,0,2,1,4,2,0,2,1,4
CLEAR,DAYLIGHT,TURNING,NOT DIVIDED,,STRAIGHT AND LEVEL,DRY,NO DEFECTS,ON SCENE,INJURY AND / OR TOW DUE TO CRASH,,,,"OVER $1,500",03/17/2025 13:19,NOT APPLICABLE,NOT APPLICABLE,5242,S,PRINCETON AVE,935,,,,,,,5,NONINCAPACITATING INJURY,2,0,0,1,1,0,0,13,2,3,0,0,13,2,3
CLEAR,DAYLIGHT,SIDESWIPE OPPOSITE DIRECTION,NOT DIVIDED,,STRAIGHT AND LEVEL,DRY,NO DEFECTS,NOT ON SCENE (DESK REPORT),NO INJURY / DRIVE AWAY,,,Y,"OVER $1,500",03/17/2025 7:00,DRIVING ON WRONG SIDE/WRONG WAY,FAILING TO REDUCE SPEED TO AVOID CRASH,2000,E,103RD ST,431,,,,,,,2,NO INDICATION OF INJURY,0,0,0,0,0,2,0,6,2,3,2,0,6,2,3
CLEAR,DAYLIGHT,TURNING,NOT DIVIDED,,STRAIGHT AND LEVEL,ICE,NO DEFECTS,,INJURY AND / OR TOW DUE TO CRASH,Y,,,"OVER $1,500",03/17/2025 7:04,ROAD ENGINEERING/SURFACE/MARKING DEFECTS,NOT APPLICABLE,6800,S,CALIFORNIA AVE,831,,,,,,,2,"REPORTED, NOT EVIDENT",1,0,0,0,1,3,0,7,2,3,3,0,7,2,3
CLEAR,DAYLIGHT,FIXED OBJECT,ALLEY,,STRAIGHT AND LEVEL,DRY,NO DEFECTS,ON SCENE,NO INJURY / DRIVE AWAY,,Y,,"$501 - $1,500",04/06/2025 18:39,UNABLE TO DETERMINE,UNABLE TO DETERMINE,1143,N,KEYSTONE AVE,1111,,,,,,,1,NO INDICATION OF INJURY,0,0,0,0,0,1,0,18,1,4,1,0,18,1,4
CLEAR,DAYLIGHT,TURNING,FOUR WAY,,STRAIGHT AND LEVEL,DRY,UNKNOWN,ON SCENE,NO INJURY / DRIVE AWAY,Y,,,"$501 - $1,500",06/24/2025 10:16,FAILING TO YIELD RIGHT-OF-WAY,FAILING TO YIELD RIGHT-OF-WAY,3100,E,CHELTENHAM PL,421,,,,,,,2,NO INDICATION OF INJURY,0,0,0,0,0,3,0,10,3,6,3,0,10,3,6
CLEAR,DAYLIGHT,TURNING,FOUR WAY,,STRAIGHT AND LEVEL,DRY,NO DEFECTS,ON SCENE,NO INJURY / DRIVE AWAY,Y,,,"OVER $1,500",03/17/2025 16:29,UNABLE TO DETERMINE,UNABLE TO DETERMINE,7800,S,HOMAN AVE,835,,,,,,,2,NO INDICATION OF INJURY,0,0,0,0,0,2,0,16,2,3,2,0,16,2,3
CLEAR,DAYLIGHT,SIDESWIPE SAME DIRECTION,NOT DIVIDED,,STRAIGHT AND LEVEL,DRY,NO DEFECTS,NOT ON SCENE (DESK REPORT),NO INJURY / DRIVE AWAY,,,Y,"$501 - $1,500",03/17/2025 9:10,UNABLE TO DETERMINE,UNABLE TO DETERMINE,4109,W,EASTWOOD AVE,1722,,,,,,,2,NO INDICATION OF INJURY,0,0,0,0,0,2,0,8,2,3,2,0,8,2,3
UNKNOWN,UNKNOWN,PARKED MOTOR VEHICLE,NOT DIVIDED,,STRAIGHT AND LEVEL,UNKNOWN,UNKNOWN,NOT ON SCENE (DESK REPORT),NO INJURY / DRIVE AWAY,,,Y,"OVER $1,500",03/19/2025 12:20,UNABLE TO DETERMINE,NOT APPLICABLE,4806,N,MAGNOLIA AVE,2033,,,,,,,2,NO INDICATION OF INJURY,0,0,0,0,0,1,0,22,2,3,1,0,22,2,3
CLEAR,DAYLIGHT,REAR END,FOUR WAY,,STRAIGHT AND LEVEL,DRY,NO DEFECTS,NOT ON SCENE (DESK REPORT),NO INJURY / DRIVE AWAY,,,,"$501 - $1,500",04/06/2025 17:03,FOLLOWING TOO CLOSELY,NOT APPLICABLE,650,W,ADDISON ST,1925,,,,,,,2,NO INDICATION OF INJURY,0,0,0,0,0,2,0,16,1,4,2,0,16,1,4
CLEAR,DAYLIGHT,SIDESWIPE SAME DIRECTION,NOT DIVIDED,,STRAIGHT AND LEVEL,UNKNOWN,NO DEFECTS,NOT ON SCENE (DESK REPORT),NO INJURY / DRIVE AWAY,,,Y,"OVER $1,500",03/17/2025 16:40,DRIVING SKILLS/KNOWLEDGE/EXPERIENCE,NOT APPLICABLE,2640,W,PERSHING RD,911,,,,,,,2,NO INDICATION OF INJURY,0,0,0,0,0,2,0,15,2,3,2,0,15,2,3
UNKNOWN,UNKNOWN,ANGLE,UNKNOWN INTERSECTION TYPE,,STRAIGHT AND LEVEL,UNKNOWN,UNKNOWN,NOT ON SCENE (DESK REPORT),NO INJURY / DRIVE AWAY,,,Y,"OVER $1,500",10/29/2025 14:55,UNABLE TO DETERMINE,UNABLE TO DETERMINE,3906,N,LINDER AVE,1633,,,,,,,2,NO INDICATION OF INJURY,0,0,0,0,0,2,0,7,2,10,2,0,7,2,10
CLEAR,"DARKNESS, LIGHTED ROAD",TURNING,DIVIDED - W/MEDIAN (NOT RAISED),,STRAIGHT AND LEVEL,DRY,WORN SURFACE,ON SCENE,INJURY AND / OR TOW DUE TO CRASH,,,,"OVER $1,500",03/17/2025 5:07,DISTRACTION - FROM INSIDE VEHICLE,UNABLE TO DETERMINE,410,W,47TH ST,925,,,,,,,2,NO INDICATION OF INJURY,0,0,0,0,0,2,0,5,2,3,2,0,5,2,3
CLEAR,DAYLIGHT,PEDESTRIAN,NOT DIVIDED,,STRAIGHT AND LEVEL,DRY,UNKNOWN,ON SCENE,INJURY AND / OR TOW DUE TO CRASH,,,,"OVER $1,500",03/17/2025 18:50,UNABLE TO DETERMINE,UNABLE TO DETERMINE,4314,S,ARCHER AVE,922,,,,,,,2,"REPORTED, NOT EVIDENT",1,0,0,0,1,1,0,18,2,3,1,0,18,2,3
CLEAR,DAYLIGHT,REAR TO FRONT,ALLEY,,STRAIGHT AND LEVEL,DRY,NO DEFECTS,NOT ON SCENE (DESK REPORT),NO INJURY / DRIVE AWAY,,,,"$501 - $1,500",04/07/2025 15:45,IMPROPER LANE USAGE,NOT APPLICABLE,3411,N,SOUTHPORT AVE,1924,,,,,,,2,NO INDICATION OF INJURY,0,0,0,0,0,2,0,17,1,4,2,0,17,1,4
CLEAR,DAYLIGHT,ANGLE,NOT DIVIDED,,STRAIGHT AND LEVEL,DRY,NO DEFECTS,ON SCENE,INJURY AND / OR TOW DUE TO CRASH,N,,,"OVER $1,500",04/06/2025 17:49,FAILING TO YIELD RIGHT-OF-WAY,NOT APPLICABLE,1164,W,76TH ST,612,,,,,,,2,NO INDICATION OF INJURY,0,0,0,0,0,3,0,17,1,4,3,0,17,1,4
CLEAR,DAYLIGHT,SIDESWIPE SAME DIRECTION,DIVIDED - W/MEDIAN BARRIER,,STRAIGHT AND LEVEL,DRY,UNKNOWN,ON SCENE,INJURY AND / OR TOW DUE TO CRASH,,,,"OVER $1,500",03/17/2025 9:17,UNABLE TO DETERMINE,UNABLE TO DETERMINE,1900,S,LAKE SHORE DR SB,132,,,,,,,2,"REPORTED, NOT EVIDENT",1,0,0,0,1,2,0,9,2,3,2,0,9,2,3
CLEAR,DAYLIGHT,TURNING,FOUR WAY,,STRAIGHT AND LEVEL,DRY,NO DEFECTS,ON SCENE,INJURY AND / OR TOW DUE TO CRASH,Y,,,"OVER $1,500",04/06/2025 12:58,IMPROPER TURNING/NO SIGNAL,FAILING TO YIELD RIGHT-OF-WAY,3540,W,16TH ST,1021,,,,,,,2,"REPORTED, NOT EVIDENT",2,0,0,0,2,1,0,12,1,4,1,0,12,1,4
CLEAR,DAYLIGHT,ANGLE,FOUR WAY,,STRAIGHT AND LEVEL,DRY,UNKNOWN,ON SCENE,INJURY AND / OR TOW DUE TO CRASH,,,,"OVER $1,500",03/17/2025 8:16,UNABLE TO DETERMINE,UNABLE TO DETERMINE,5109,S,KENNETH AVE,815,,,,,,,3,NO INDICATION OF INJURY,0,0,0,0,0,4,0,7,2,3,4,0,7,2,3
CLEAR,DAWN,OTHER OBJECT,NOT DIVIDED,,STRAIGHT AND LEVEL,DRY,NO DEFECTS,ON SCENE,NO INJURY / DRIVE AWAY,,,,"$501 - $1,500",04/06/2025 8:40,UNABLE TO DETERMINE,UNABLE TO DETERMINE,8544,S,WOLCOTT AVE,614,,,,,,,2,NO INDICATION OF INJURY,0,0,0,0,0,1,0,8,1,4,1,0,8,1,4
UNKNOWN,UNKNOWN,REAR TO FRONT,ONE-WAY,,STRAIGHT AND LEVEL,UNKNOWN,UNKNOWN,NOT ON SCENE (DESK REPORT),NO INJURY / DRIVE AWAY,,,Y,$500 OR LESS,04/06/2025 15:34,UNABLE TO DETERMINE,UNABLE TO DETERMINE,6389,N,RAVENSWOOD AVE,2433,,,,,,,2,NO INDICATION OF INJURY,0,0,0,0,0,2,0,14,1,4,2,0,14,1,4
CLEAR,DAYLIGHT,REAR END,NOT DIVIDED,,STRAIGHT AND LEVEL,DRY,NO DEFECTS,ON SCENE,INJURY AND / OR TOW DUE TO CRASH,,,Y,"$501 - $1,500",03/17/2025 17:00,UNABLE TO DETERMINE,UNABLE TO DETERMINE,2299,E,103RD ST,434,,,,,,,2,"REPORTED, NOT EVIDENT",1,0,0,0,1,5,0,14,2,3,5,0,14,2,3
CLEAR,DUSK,SIDESWIPE SAME DIRECTION,NOT DIVIDED,,STRAIGHT AND LEVEL,DRY,NO DEFECTS,NOT ON SCENE (DESK REPORT),NO INJURY / DRIVE AWAY,Y,,,"$501 - $1,500",05/24/2025 19:00,IMPROPER LANE USAGE,UNABLE TO DETERMINE,700,N,MICHIGAN AVE,1834,,,,,,,2,NO INDICATION OF INJURY,0,0,0,0,0,2,0,19,7,5,2,0,19,7,5
CLEAR,DAYLIGHT,REAR TO FRONT,CENTER TURN LANE,,STRAIGHT AND LEVEL,DRY,NO DEFECTS,NOT ON SCENE (DESK REPORT),NO INJURY / DRIVE AWAY,Y,,,$500 OR LESS,03/17/2025 14:50,UNABLE TO DETERMINE,NOT APPLICABLE,2800,N,CALIFORNIA AVE,1411,,,,,,,2,NO INDICATION OF INJURY,0,0,0,0,0,2,0,11,2,3,2,0,11,2,3
UNKNOWN,DARKNESS,PARKED MOTOR VEHICLE,PARKING LOT,,STRAIGHT AND LEVEL,UNKNOWN,UNKNOWN,NOT ON SCENE (DESK REPORT),NO INJURY / DRIVE AWAY,,,,"OVER $1,500",04/10/2025 7:30,UNABLE TO DETERMINE,UNABLE TO DETERMINE,3515,S,COTTAGE GROVE AVE,212,,,,,,,2,NO INDICATION OF INJURY,0,0,0,0,0,1,0,22,1,4,1,0,22,1,4
UNKNOWN,UNKNOWN,PARKED MOTOR VEHICLE,NOT DIVIDED,,STRAIGHT AND LEVEL,UNKNOWN,NO DEFECTS,ON SCENE,NO INJURY / DRIVE AWAY,,,Y,"$501 - $1,500",05/24/2025 9:53,UNABLE TO DETERMINE,NOT APPLICABLE,3052,W,59TH ST,824,,,,,,,2,NO INDICATION OF INJURY,0,0,0,0,0,1,0,1,7,5,1,0,1,7,5
CLEAR,"DARKNESS, LIGHTED ROAD",PARKED MOTOR VEHICLE,NOT DIVIDED,,STRAIGHT AND LEVEL,DRY,NO DEFECTS,NOT ON SCENE (DESK REPORT),NO INJURY / DRIVE AWAY,,,Y,$500 OR LESS,04/06/2025 21:25,UNABLE TO DETERMINE,NOT APPLICABLE,2044,N,DAMEN AVE,1432,,,,,,,2,NO INDICATION OF INJURY,0,0,0,0,0,4,0,20,1,4,4,0,20,1,4
CLEAR,DAYLIGHT,SIDESWIPE SAME DIRECTION,NOT DIVIDED,,STRAIGHT AND LEVEL,DRY,NO DEFECTS,NOT ON SCENE (DESK REPORT),NO INJURY / DRIVE AWAY,,,Y,"OVER $1,500",03/17/2025 17:45,UNABLE TO DETERMINE,UNABLE TO DETERMINE,1,W,127TH ST,523,,,,,,,2,NO INDICATION OF INJURY,0,0,0,0,0,5,0,16,2,3,5,0,16,2,3
CLEAR,DAYLIGHT,TURNING,FOUR WAY,,STRAIGHT AND LEVEL,DRY,UNKNOWN,NOT ON SCENE (DESK REPORT),NO INJURY / DRIVE AWAY,Y,,,"OVER $1,500",04/06/2025 19:45,IMPROPER TURNING/NO SIGNAL,IMPROPER OVERTAKING/PASSING,8000,S,DR MARTIN LUTHER KING JR DR,623,,,,,,,2,NO INDICATION OF INJURY,0,0,0,0,0,2,0,16,1,4,2,0,16,1,4
CLEAR,DAYLIGHT,REAR END,NOT DIVIDED,,STRAIGHT AND LEVEL,DRY,NO DEFECTS,ON SCENE,NO INJURY / DRIVE AWAY,,,,$500 OR LESS,04/06/2025 18:39,FOLLOWING TOO CLOSELY,DRIVING SKILLS/KNOWLEDGE/EXPERIENCE,650,W,63RD ST,711,,,,,,,2,NO INDICATION OF INJURY,0,0,0,0,0,2,0,18,1,4,2,0,18,1,4
CLEAR,DAYLIGHT,PARKED MOTOR VEHICLE,NOT DIVIDED,,STRAIGHT AND LEVEL,DRY,UNKNOWN,NOT ON SCENE (DESK REPORT),NO INJURY / DRIVE AWAY,,,Y,"OVER $1,500",03/17/2025 16:50,UNABLE TO DETERMINE,UNABLE TO DETERMINE,2816,W,46TH ST,922,,,,,,,2,NO INDICATION OF INJURY,0,0,0,0,0,2,0,15,2,3,2,0,15,2,3
CLEAR,DAYLIGHT,SIDESWIPE SAME DIRECTION,NOT DIVIDED,,STRAIGHT AND LEVEL,DRY,NO DEFECTS,NOT ON SCENE (DESK REPORT),NO INJURY / DRIVE AWAY,,,,$500 OR LESS,04/06/2025 17:50,UNABLE TO DETERMINE,NOT APPLICABLE,2911,W,BELMONT AVE,1411,,,,,,,2,NO INDICATION OF INJURY,0,0,0,0,0,2,0,17,1,4,2,0,17,1,4
UNKNOWN,UNKNOWN,TURNING,DIVIDED - W/MEDIAN (NOT RAISED),,STRAIGHT AND LEVEL,UNKNOWN,UNKNOWN,NOT ON SCENE (DESK REPORT),NO INJURY / DRIVE AWAY,Y,,Y,"$501 - $1,500",02/10/2025 12:45,UNABLE TO DETERMINE,UNABLE TO DETERMINE,2896,W,23RD ST,1033,,,,,,,2,NO INDICATION OF INJURY,0,0,0,0,0,2,0,3,1,2,2,0,3,1,2
CLEAR,DAYLIGHT,PEDALCYCLIST,FOUR WAY,,STRAIGHT AND LEVEL,DRY,UNKNOWN,ON SCENE,INJURY AND / OR TOW DUE TO CRASH,Y,,Y,"OVER $1,500",04/06/2025 12:16,UNABLE TO DETERMINE,UNABLE TO DETERMINE,7900,S,ELLIS AVE,624,,,,,,,2,INCAPACITATING INJURY,1,0,1,0,0,1,0,12,1,4,1,0,12,1,4
CLEAR,DAYLIGHT,PEDESTRIAN,FOUR WAY,,STRAIGHT AND LEVEL,DRY,NO DEFECTS,ON SCENE,INJURY AND / OR TOW DUE TO CRASH,Y,,,$500 OR LESS,04/06/2025 14:20,FAILING TO YIELD RIGHT-OF-WAY,DRIVING SKILLS/KNOWLEDGE/EXPERIENCE,6600,N,ARTESIAN AVE,2412,,,,,,,2,INCAPACITATING INJURY,1,0,1,0,0,1,0,14,1,4,1,0,14,1,4
CLEAR,DAYLIGHT,OTHER OBJECT,ALLEY,,STRAIGHT AND LEVEL,DRY,NO DEFECTS,ON SCENE,INJURY AND / OR TOW DUE TO CRASH,,,,"OVER $1,500",03/17/2025 18:32,NOT APPLICABLE,NOT APPLICABLE,5109,N,MELVINA AVE,1622,,,,,,,2,NONINCAPACITATING INJURY,1,0,0,1,0,1,0,18,2,3,1,0,18,2,3
CLEAR,"DARKNESS, LIGHTED ROAD",TURNING,NOT DIVIDED,,STRAIGHT AND LEVEL,DRY,NO DEFECTS,ON SCENE,INJURY AND / OR TOW DUE TO CRASH,Y,,Y,"OVER $1,500",02/09/2025 5:35,FAILING TO YIELD RIGHT-OF-WAY,NOT APPLICABLE,600,S,DAMEN AVE,1225,,,,,,,2,"REPORTED, NOT EVIDENT",1,0,0,0,1,1,0,5,1,2,1,0,5,1,2
CLEAR,DAYLIGHT,REAR END,UNKNOWN,,STRAIGHT AND LEVEL,DRY,UNKNOWN,ON SCENE,NO INJURY / DRIVE AWAY,,,,$500 OR LESS,05/24/2025 8:42,FAILING TO REDUCE SPEED TO AVOID CRASH,NOT APPLICABLE,410,S,MORGAN ST,1232,,,,,,,2,NO INDICATION OF INJURY,0,0,0,0,0,6,0,8,7,5,6,0,8,7,5
CLEAR,DAYLIGHT,PARKED MOTOR VEHICLE,ONE-WAY,,STRAIGHT ON GRADE,DRY,UNKNOWN,NOT ON SCENE (DESK REPORT),NO INJURY / DRIVE AWAY,,,Y,"OVER $1,500",03/17/2025 15:35,IMPROPER BACKING,NOT APPLICABLE,2810,W,WALTON ST,1211,,,,,,,2,NO INDICATION OF INJURY,0,0,0,0,0,1,0,13,2,3,1,0,13,2,3
CLEAR,DAYLIGHT,PARKED MOTOR VEHICLE,OTHER,,STRAIGHT AND LEVEL,DRY,NO DEFECTS,ON SCENE,NO INJURY / DRIVE AWAY,,,,"OVER $1,500",03/17/2025 15:30,IMPROPER BACKING,IMPROPER BACKING,1555,W,44TH ST,924,,,,,,,2,NO INDICATION OF INJURY,0,0,0,0,0,1,0,15,2,3,1,0,15,2,3
CLEAR,DAYLIGHT,ANGLE,T-INTERSECTION,,STRAIGHT AND LEVEL,DRY,NO DEFECTS,ON SCENE,NO INJURY / DRIVE AWAY,Y,,,"OVER $1,500",03/17/2025 15:05,UNABLE TO DETERMINE,NOT APPLICABLE,2,W,TERMINAL ST,1652,,,,,,,2,NO INDICATION OF INJURY,0,0,0,0,0,2,0,15,2,3,2,0,15,2,3
CLEAR,DAYLIGHT,PARKED MOTOR VEHICLE,PARKING LOT,,STRAIGHT AND LEVEL,DRY,NO DEFECTS,ON SCENE,NO INJURY / DRIVE AWAY,,,,"OVER $1,500",03/17/2025 10:08,UNABLE TO DETERMINE,UNABLE TO DETERMINE,5619,W,DIVISION ST,1511,,,,,,,2,NO INDICATION OF INJURY,0,0,0,0,0,2,0,9,2,3,2,0,9,2,3
CLEAR,DAYLIGHT,REAR END,NOT DIVIDED,,STRAIGHT AND LEVEL,DRY,UNKNOWN,NOT ON SCENE (DESK REPORT),NO INJURY / DRIVE AWAY,,,Y,"OVER $1,500",06/24/2025 17:30,FOLLOWING TOO CLOSELY,FOLLOWING TOO CLOSELY,6600,S,ASHLAND AVE,725,,,,,,,2,NO INDICATION OF INJURY,0,0,0,0,0,2,0,17,3,6,2,0,17,3,6
CLEAR,"DARKNESS, LIGHTED ROAD",FIXED OBJECT,NOT DIVIDED,,STRAIGHT AND LEVEL,DRY,NO DEFECTS,ON SCENE,INJURY AND / OR TOW DUE TO CRASH,,,,"OVER $1,500",04/06/2025 23:57,UNABLE TO DETERMINE,NOT APPLICABLE,2892,E,106TH ST,431,,,,,,,1,NO INDICATION OF INJURY,0,0,0,0,0,1,0,23,1,4,1,0,23,1,4
CLEAR,DAYLIGHT,SIDESWIPE SAME DIRECTION,DIVIDED - W/MEDIAN (NOT RAISED),,STRAIGHT AND LEVEL,DRY,NO DEFECTS,ON SCENE,INJURY AND / OR TOW DUE TO CRASH,N,,,"OVER $1,500",05/24/2025 18:10,FAILING TO YIELD RIGHT-OF-WAY,FAILING TO REDUCE SPEED TO AVOID CRASH,2024,N,CICERO AVE,2522,,,,,,,2,NO INDICATION OF INJURY,0,0,0,0,0,2,0,18,7,5,2,0,18,7,5
CLEAR,DAYLIGHT,REAR END,NOT DIVIDED,,STRAIGHT AND LEVEL,DRY,NO DEFECTS,NOT ON SCENE (DESK REPORT),NO INJURY / DRIVE AWAY,,,Y,"OVER $1,500",05/24/2025 18:02,FOLLOWING TOO CLOSELY,HAD BEEN DRINKING (USE WHEN ARREST IS NOT MADE),5700,S,KEDZIE AVE,822,,,,,,,2,NO INDICATION OF INJURY,0,0,0,0,0,2,0,17,7,5,2,0,17,7,5
CLEAR,DAYLIGHT,PARKED MOTOR VEHICLE,PARKING LOT,,STRAIGHT AND LEVEL,DRY,NO DEFECTS,,NO INJURY / DRIVE AWAY,,Y,,"OVER $1,500",03/31/2025 16:01,IMPROPER BACKING,NOT APPLICABLE,5959,S,HARLEM AVE,812,,,,,,,2,NO INDICATION OF INJURY,0,0,0,0,0,1,0,14,2,3,1,0,14,2,3
CLEAR,DAYLIGHT,SIDESWIPE SAME DIRECTION,TRAFFIC ROUTE,,STRAIGHT AND LEVEL,DRY,NO DEFECTS,ON SCENE,INJURY AND / OR TOW DUE TO CRASH,Y,,,"OVER $1,500",04/06/2025 17:00,DRIVING ON WRONG SIDE/WRONG WAY,DRIVING SKILLS/KNOWLEDGE/EXPERIENCE,528,E,61ST ST,313,,,,,,,2,NO INDICATION OF INJURY,0,0,0,0,0,2,0,16,1,4,2,0,16,1,4
CLEAR,DAYLIGHT,PEDESTRIAN,OTHER,,STRAIGHT AND LEVEL,UNKNOWN,UNKNOWN,NOT ON SCENE (DESK REPORT),INJURY AND / OR TOW DUE TO CRASH,,Y,Y,$500 OR LESS,05/24/2025 19:05,UNABLE TO DETERMINE,NOT APPLICABLE,5157,W,NORTH AVE,2533,,,,,,,2,"REPORTED, NOT EVIDENT",1,0,0,0,1,1,0,16,7,5,1,0,16,7,5
CLEAR,DAYLIGHT,PARKED MOTOR VEHICLE,ONE-WAY,,STRAIGHT AND LEVEL,DRY,NO DEFECTS,NOT ON SCENE (DESK REPORT),NO INJURY / DRIVE AWAY,,,,"OVER $1,500",05/24/2025 13:40,IMPROPER OVERTAKING/PASSING,IMPROPER OVERTAKING/PASSING,100,S,CLARK ST,122,,,,,,,2,NO INDICATION OF INJURY,0,0,0,0,0,2,0,12,7,5,2,0,12,7,5
CLEAR,DAYLIGHT,PARKED MOTOR VEHICLE,PARKING LOT,,STRAIGHT AND LEVEL,DRY,NO DEFECTS,NOT ON SCENE (DESK REPORT),NO INJURY / DRIVE AWAY,,Y,Y,"OVER $1,500",03/18/2025 14:40,IMPROPER BACKING,UNABLE TO DETERMINE,1406,E,53RD ST,234,,,,,,,2,NO INDICATION OF INJURY,0,0,0,0,0,1,0,17,2,3,1,0,17,2,3
CLEAR,"DARKNESS, LIGHTED ROAD",ANGLE,FOUR WAY,,STRAIGHT AND LEVEL,DRY,NO DEFECTS,ON SCENE,INJURY AND / OR TOW DUE TO CRASH,Y,,,$500 OR LESS,04/06/2025 3:45,FAILING TO REDUCE SPEED TO AVOID CRASH,DISREGARDING TRAFFIC SIGNALS,100,N,KEDZIE AVE,1123,,,,,,,2,NONINCAPACITATING INJURY,1,0,0,1,0,4,0,3,1,4,4,0,3,1,4
CLEAR,DARKNESS,SIDESWIPE SAME DIRECTION,NOT DIVIDED,,STRAIGHT AND LEVEL,DRY,NO DEFECTS,,NO INJURY / DRIVE AWAY,,,Y,"OVER $1,500",05/24/2025 22:30,UNABLE TO DETERMINE,NOT APPLICABLE,17,E,IDA B WELLS DR,123,,,,,,,2,NO INDICATION OF INJURY,0,0,0,0,0,2,0,21,7,5,2,0,21,7,5
CLEAR,DAYLIGHT,REAR END,DIVIDED - W/MEDIAN (NOT RAISED),,STRAIGHT AND LEVEL,DRY,NO DEFECTS,ON SCENE,INJURY AND / OR TOW DUE TO CRASH,,,N,"OVER $1,500",04/06/2025 17:58,UNDER THE INFLUENCE OF ALCOHOL/DRUGS (USE WHEN ARREST IS EFFECTED),NOT APPLICABLE,5730,W,ADDISON ST,1633,,,,,,,4,INCAPACITATING INJURY,3,0,3,0,0,0,0,17,1,4,0,0,17,1,4
CLEAR,"DARKNESS, LIGHTED ROAD",ANGLE,FOUR WAY,,STRAIGHT AND LEVEL,DRY,NO DEFECTS,,INJURY AND / OR TOW DUE TO CRASH,Y,,,"OVER $1,500",04/06/2025 0:05,UNDER THE INFLUENCE OF ALCOHOL/DRUGS (USE WHEN ARREST IS EFFECTED),FAILING TO YIELD RIGHT-OF-WAY,6700,S,HALSTED ST,723,,,,,,,2,NONINCAPACITATING INJURY,3,0,0,3,0,2,0,0,1,4,2,0,0,1,4
CLEAR,DAYLIGHT,TURNING,FOUR WAY,,STRAIGHT AND LEVEL,DRY,NO DEFECTS,,INJURY AND / OR TOW DUE TO CRASH,Y,,,"OVER $1,500",05/24/2025 14:35,UNABLE TO DETERMINE,UNABLE TO DETERMINE,11860,S,LONGWOOD DR,2212,,,,,,,2,"REPORTED, NOT EVIDENT",1,0,0,0,1,4,0,14,7,5,4,0,14,7,5
CLEAR,DAYLIGHT,PARKED MOTOR VEHICLE,PARKING LOT,,STRAIGHT AND LEVEL,DRY,NO DEFECTS,ON SCENE,NO INJURY / DRIVE AWAY,,,,$500 OR LESS,03/17/2025 18:48,UNABLE TO DETERMINE,UNABLE TO DETERMINE,3930,N,KILPATRICK AVE,1731,,,,,,,2,NO INDICATION OF INJURY,0,0,0,0,0,5,0,18,2,3,5,0,18,2,3
CLEAR,DAYLIGHT,SIDESWIPE SAME DIRECTION,NOT DIVIDED,,STRAIGHT AND LEVEL,DRY,NO DEFECTS,NOT ON SCENE (DESK REPORT),NO INJURY / DRIVE AWAY,,,,"OVER $1,500",03/17/2025 15:30,UNABLE TO DETERMINE,UNABLE TO DETERMINE,624,W,WASHINGTON BLVD,121,,,,,,,2,NO INDICATION OF INJURY,0,0,0,0,0,2,0,11,2,3,2,0,11,2,3
CLEAR,DAYLIGHT,ANGLE,DIVIDED - W/MEDIAN (NOT RAISED),,STRAIGHT AND LEVEL,DRY,NO DEFECTS,ON SCENE,INJURY AND / OR TOW DUE TO CRASH,,,,"OVER $1,500",04/06/2025 18:39,FAILING TO YIELD RIGHT-OF-WAY,FAILING TO YIELD RIGHT-OF-WAY,6559,S,EBERHART AVE,321,,,,,,,2,"REPORTED, NOT EVIDENT",1,0,0,0,1,4,0,18,1,4,4,0,18,1,4