WEATHER_CONDITION,LIGHTING_CONDITION,FIRST_CRASH_TYPE,TRAFFICWAY_TYPE,LANE_CNT,ALIGNMENT,ROADWAY_SURFACE_COND,ROAD_DEFECT,REPORT_TYPE,CRASH_TYPE,INTERSECTION_RELATED_I,NOT_RIGHT_OF_WAY_I,HIT_AND_RUN_I,DAMAGE,DATE_POLICE_NOTIFIED,PRIM_CONTRIBUTORY_CAUSE,SEC_CONTRIBUTORY_CAUSE,STREET_NO,STREET_DIRECTION,STREET_NAME,BEAT_OF_OCCURRENCE,PHOTOS_TAKEN_I,STATEMENTS_TAKEN_I,DOORING_I,WORK_ZONE_I,WORK_ZONE_TYPE,WORKERS_PRESENT_I,NUM_UNITS,MOST_SEVERE_INJURY,INJURIES_TOTAL,INJURIES_FATAL,INJURIES_INCAPACITATING,INJURIES_NON_INCAPACITATING,INJURIES_REPORTED_NOT_EVIDENT,INJURIES_NO_INDICATION,INJURIES_UNKNOWN,CRASH_HOUR,CRASH_DAY_OF_WEEK,CRASH_MONTH,INJURIES_NO_INDICATION,INJURIES_UNKNOWN,CRASH_HOUR,CRASH_DAY_OF_WEEK,CRASH_MONTH
CLEAR,"DARKNESS, LIGHTED ROAD",SIDESWIPE OPPOSITE DIRECTION,FOUR WAY,,STRAIGHT AND LEVEL,DRY,NO DEFECTS,ON SCENE,INJURY AND / OR TOW DUE TO CRASH,,,,"OVER $1,500",04/06/2025 20:14,UNABLE TO DETERMINE,UNABLE TO DETERMINE,908,N,LARAMIE AVE,1524,,,,,,,3,NO INDICATION OF INJURY,0,0,0,0,0,2,0,20,1,4,2,0,20,1,4
CLEAR,DAYLIGHT,PEDESTRIAN,NOT DIVIDED,,STRAIGHT AND LEVEL,DRY,NO DEFECTS,ON SCENE,INJURY AND / OR TOW DUE TO CRASH,Y,,,"$501 - $1,500",05/24/2025 17:09,FAILING TO YIELD RIGHT-OF-WAY,IMPROPER TURNING/NO SIGNAL,4833,N,MILWAUKEE AVE,1623,,,,,,,2,"REPORTED, NOT EVIDENT",1,0,0,0,1,2,0,16,7,5,2,0,16,7,5
UNKNOWN,UNKNOWN,PARKED MOTOR VEHICLE,NOT DIVIDED,,STRAIGHT AND LEVEL,UNKNOWN,UNKNOWN,ON SCENE,INJURY AND / OR TOW DUE TO CRASH,,,Y,"OVER $1,500",04/07/2025 16:27,UNABLE TO DETERMINE,NOT APPLICABLE,8738,S,RACINE AVE,2222,,,,,,,2,NO INDICATION OF INJURY,0,0,0,0,0,1,0,23,1,4,1,0,23,1,4
CLEAR,"DARKNESS, LIGHTED ROAD",FIXED OBJECT,DIVIDED - W/MEDIAN BARRIER,,STRAIGHT AND LEVEL,DRY,NO DEFECTS,ON SCENE,INJURY AND / OR TOW DUE TO CRASH,,,,"OVER $1,500",04/06/2025 5:15,UNABLE TO DETERMINE,UNABLE TO DETERMINE,99,E,LOWER WACKER DR,111,,,,,,,1,NO INDICATION OF INJURY,0,0,0,0,0,1,0,5,1,4,1,0,5,1,4
CLEAR,"DARKNESS, LIGHTED ROAD",PARKED MOTOR VEHICLE,NOT DIVIDED,,STRAIGHT AND LEVEL,DRY,NO DEFECTS,ON SCENE,INJURY AND / OR TOW DUE TO CRASH,,,,"OVER $1,500",04/06/2025 6:45,EQUIPMENT - VEHICLE CONDITION,NOT APPLICABLE,3954,S,WESTERN AVE,921,,,,,,,3,NO INDICATION OF INJURY,0,0,0,0,0,1,0,5,1,4,1,0,5,1,4
CLEAR,DAYLIGHT,SIDESWIPE SAME DIRECTION,NOT DIVIDED,,STRAIGHT AND LEVEL,DRY,UNKNOWN,ON SCENE,NO INJURY / DRIVE AWAY,,,Y,"OVER $1,500",05/24/2025 17:02,FOLLOWING TOO CLOSELY,UNABLE TO DETERMINE,6900,S,WABASH AVE,322,,,,,,,2,NO INDICATION OF INJURY,0,0,0,0,0,2,0,16,7,5,2,0,16,7,5
CLEAR,"DARKNESS, LIGHTED ROAD",ANGLE,FOUR WAY,,STRAIGHT AND LEVEL,DRY,NO DEFECTS,ON SCENE,INJURY AND / OR TOW DUE TO CRASH,,,,"OVER $1,500",05/24/2025 22:37,FOLLOWING TOO CLOSELY,FAILING TO YIELD RIGHT-OF-WAY,31,E,51ST ST,225,,,,,,,2,NONINCAPACITATING INJURY,3,0,0,3,0,1,0,22,7,5,1,0,22,7,5
CLEAR,DAYLIGHT,REAR END,FOUR WAY,,STRAIGHT AND LEVEL,DRY,NO DEFECTS,ON SCENE,INJURY AND / OR TOW DUE TO CRASH,Y,,,"OVER $1,500",03/17/2025 17:53,FOLLOWING TOO CLOSELY,PHYSICAL CONDITION OF DRIVER,1449,W,99TH ST,2213,,,,,,,2,NONINCAPACITATING INJURY,2,0,0,2,0,0,0,17,2,3,0,0,17,2,3
CLEAR,DAYLIGHT,PEDALCYCLIST,ONE-WAY,,STRAIGHT AND LEVEL,DRY,UNKNOWN,ON SCENE,INJURY AND / OR TOW DUE TO CRASH,,,,$500 OR LESS,05/24/2025 17:40,FAILING TO YIELD RIGHT-OF-WAY,NOT APPLICABLE,99,E,ILLINOIS ST,1834,,,,,,,2,NONINCAPACITATING INJURY,1,0,0,1,0,2,0,16,7,5,2,0,16,7,5
CLEAR,DAYLIGHT,REAR END,NOT DIVIDED,,STRAIGHT AND LEVEL,DRY,NO DEFECTS,NOT ON SCENE (DESK REPORT),NO INJURY / DRIVE AWAY,,,Y,"OVER $1,500",05/24/2025 14:47,FOLLOWING TOO CLOSELY,NOT APPLICABLE,7100,S,WESTERN AVE,832,,,,,,,2,NO INDICATION OF INJURY,0,0,0,0,0,7,0,13,7,5,7,0,13,7,5
CLEAR,DAYLIGHT,TURNING,ONE-WAY,,STRAIGHT AND LEVEL,DRY,NO DEFECTS,NOT ON SCENE (DESK REPORT),NO INJURY / DRIVE AWAY,Y,,,"OVER $1,500",05/24/2025 12:48,IMPROPER TURNING/NO SIGNAL,UNABLE TO DETERMINE,8800,S,HALSTED ST,2223,,,,,,,2,NO INDICATION OF INJURY,0,0,0,0,0,2,0,12,7,5,2,0,12,7,5
CLEAR,DAYLIGHT,ANGLE,FOUR WAY,,STRAIGHT AND LEVEL,DRY,NO DEFECTS,ON SCENE,INJURY AND / OR TOW DUE TO CRASH,Y,,,"OVER $1,500",04/06/2025 7:59,DISREGARDING TRAFFIC SIGNALS,NOT APPLICABLE,100,S,COLUMBUS DR,114,,,,,,,2,INCAPACITATING INJURY,6,0,5,1,0,0,0,7,1,4,0,0,7,1,4
CLEAR,DAYLIGHT,PARKED MOTOR VEHICLE,PARKING LOT,,STRAIGHT AND LEVEL,DRY,UNKNOWN,NOT ON SCENE (DESK REPORT),NO INJURY / DRIVE AWAY,,Y,Y,"OVER $1,500",05/31/2025 14:40,IMPROPER BACKING,FAILING TO REDUCE SPEED TO AVOID CRASH,6700,S,JEFFERY BLVD,332,,,,,,,2,NO INDICATION OF INJURY,0,0,0,0,0,1,0,16,7,5,1,0,16,7,5
CLEAR,DAYLIGHT,REAR END,DIVIDED - W/MEDIAN (NOT RAISED),,STRAIGHT AND LEVEL,DRY,NO DEFECTS,NOT ON SCENE (DESK REPORT),NO INJURY / DRIVE AWAY,Y,,,"OVER $1,500",05/24/2025 11:25,FAILING TO REDUCE SPEED TO AVOID CRASH,UNABLE TO DETERMINE,1200,N,MILWAUKEE AVE,1424,,,,,,,2,NO INDICATION OF INJURY,0,0,0,0,0,4,0,9,7,5,4,0,9,7,5
CLEAR,DAYLIGHT,PARKED MOTOR VEHICLE,NOT DIVIDED,,STRAIGHT AND LEVEL,DRY,NO DEFECTS,ON SCENE,INJURY AND / OR TOW DUE TO CRASH,,,,"OVER $1,500",05/24/2025 17:15,DRIVING SKILLS/KNOWLEDGE/EXPERIENCE,DRIVING SKILLS/KNOWLEDGE/EXPERIENCE,1042,E,HYDE PARK BLVD,222,,,,,,,3,NO INDICATION OF INJURY,0,0,0,0,0,1,0,17,7,5,1,0,17,7,5
CLEAR,"DARKNESS, LIGHTED ROAD",ANGLE,NOT DIVIDED,,STRAIGHT AND LEVEL,DRY,NO DEFECTS,ON SCENE,INJURY AND / OR TOW DUE TO CRASH,Y,,Y,"OVER $1,500",05/24/2025 2:20,DISREGARDING TRAFFIC SIGNALS,FAILING TO YIELD RIGHT-OF-WAY,4700,S,WELLS ST,935,,Y,,,,,2,NO INDICATION OF INJURY,0,0,0,0,0,2,0,2,7,5,2,0,2,7,5
CLEAR,DAYLIGHT,SIDESWIPE SAME DIRECTION,ONE-WAY,,STRAIGHT AND LEVEL,DRY,NO DEFECTS,NOT ON SCENE (DESK REPORT),NO INJURY / DRIVE AWAY,,,Y,"$501 - $1,500",05/24/2025 20:00,IMPROPER OVERTAKING/PASSING,NOT APPLICABLE,3007,W,LOGAN BLVD,1414,,,,,,,2,NO INDICATION OF INJURY,0,0,0,0,0,3,0,18,7,5,3,0,18,7,5
CLEAR,"DARKNESS, LIGHTED ROAD",PARKED MOTOR VEHICLE,NOT DIVIDED,,STRAIGHT AND LEVEL,DRY,NO DEFECTS,ON SCENE,INJURY AND / OR TOW DUE TO CRASH,,,Y,"OVER $1,500",05/24/2025 21:51,UNABLE TO DETERMINE,UNABLE TO DETERMINE,2242,S,DAMEN AVE,1034,,,,,,,3,NO INDICATION OF INJURY,0,0,0,0,0,1,0,21,7,5,1,0,21,7,5
CLEAR,"DARKNESS, LIGHTED ROAD",REAR END,NOT DIVIDED,,STRAIGHT AND LEVEL,DRY,NO DEFECTS,ON SCENE,INJURY AND / OR TOW DUE TO CRASH,,,,"OVER $1,500",05/24/2025 21:54,FAILING TO REDUCE SPEED TO AVOID CRASH,DISTRACTION - FROM INSIDE VEHICLE,6200,N,CALDWELL AVE,1621,,,,,,,2,NONINCAPACITATING INJURY,4,0,0,4,0,0,0,21,7,5,0,0,21,7,5
CLEAR,DARKNESS,PARKED MOTOR VEHICLE,NOT DIVIDED,,STRAIGHT AND LEVEL,DRY,NO DEFECTS,ON SCENE,INJURY AND / OR TOW DUE TO CRASH,,,,"OVER $1,500",05/24/2025 23:53,DRIVING SKILLS/KNOWLEDGE/EXPERIENCE,DRIVING SKILLS/KNOWLEDGE/EXPERIENCE,4050,W,THOMAS ST,1111,,,,,,,3,NO INDICATION OF INJURY,0,0,0,0,0,1,0,23,7,5,1,0,23,7,5
CLEAR,"DARKNESS, LIGHTED ROAD",SIDESWIPE SAME DIRECTION,DIVIDED - W/MEDIAN BARRIER,,STRAIGHT AND LEVEL,DRY,UNKNOWN,NOT ON SCENE (DESK REPORT),NO INJURY / DRIVE AWAY,,,Y,"OVER $1,500",05/24/2025 23:20,IMPROPER LANE USAGE,UNABLE TO DETERMINE,1200,S,COLUMBUS DR,132,,,,,,,2,NO INDICATION OF INJURY,0,0,0,0,0,2,0,22,7,5,2,0,22,7,5
CLEAR,DAYLIGHT,REAR END,NOT DIVIDED,,STRAIGHT AND LEVEL,DRY,NO DEFECTS,NOT ON SCENE (DESK REPORT),NO INJURY / DRIVE AWAY,Y,,,"$501 - $1,500",05/24/2025 15:20,FOLLOWING TOO CLOSELY,UNABLE TO DETERMINE,4163,N,LINCOLN AVE,1911,,,,,,,2,NO INDICATION OF INJURY,0,0,0,0,0,2,0,14,7,5,2,0,14,7,5
CLEAR,DAYLIGHT,SIDESWIPE SAME DIRECTION,OTHER,,STRAIGHT AND LEVEL,DRY,NO DEFECTS,NOT ON SCENE (DESK REPORT),INJURY AND / OR TOW DUE TO CRASH,,,,"$501 - $1,500",05/24/2025 21:00,IMPROPER LANE USAGE,FAILING TO YIELD RIGHT-OF-WAY,547,N,MICHIGAN AVE,1834,,,,,,,2,"REPORTED, NOT EVIDENT",1,0,0,0,1,1,0,19,7,5,1,0,19,7,5
CLEAR,"DARKNESS, LIGHTED ROAD",ANGLE,ONE-WAY,,STRAIGHT ON GRADE,DRY,UNKNOWN,ON SCENE,NO INJURY / DRIVE AWAY,,,Y,"$501 - $1,500",05/24/2025 20:45,IMPROPER OVERTAKING/PASSING,IMPROPER OVERTAKING/PASSING,116,E,IDA B WELLS DR,114,,,,,,,2,NO INDICATION OF INJURY,0,0,0,0,0,2,0,20,7,5,2,0,20,7,5
CLEAR,DAYLIGHT,REAR END,DIVIDED - W/MEDIAN (NOT RAISED),,STRAIGHT AND LEVEL,DRY,NO DEFECTS,NOT ON SCENE (DESK REPORT),NO INJURY / DRIVE AWAY,,,,"OVER $1,500",05/24/2025 14:00,FOLLOWING TOO CLOSELY,UNABLE TO DETERMINE,7100,S,MORGAN ST,733,,,,,,,2,NO INDICATION OF INJURY,0,0,0,0,0,2,0,13,7,5,2,0,13,7,5
CLEAR,DAYLIGHT,PARKED MOTOR VEHICLE,NOT DIVIDED,,STRAIGHT AND LEVEL,DRY,NO DEFECTS,NOT ON SCENE (DESK REPORT),NO INJURY / DRIVE AWAY,,,,$500 OR LESS,04/07/2025 16:15,UNABLE TO DETERMINE,UNABLE TO DETERMINE,220,S,MORGAN ST,1232,,,,,,,2,NO INDICATION OF INJURY,0,0,0,0,0,1,0,16,1,4,1,0,16,1,4
CLEAR,UNKNOWN,REAR END,ONE-WAY,,STRAIGHT AND LEVEL,UNKNOWN,UNKNOWN,NOT ON SCENE (DESK REPORT),INJURY AND / OR TOW DUE TO CRASH,Y,,,"OVER $1,500",05/24/2025 20:25,FOLLOWING TOO CLOSELY,FOLLOWING TOO CLOSELY,4602,W,WILSON AVE,1722,,,,,,,2,"REPORTED, NOT EVIDENT",1,0,0,0,1,1,0,19,7,5,1,0,19,7,5
CLEAR,DAYLIGHT,TURNING,T-INTERSECTION,,STRAIGHT AND LEVEL,UNKNOWN,UNKNOWN,NOT ON SCENE (DESK REPORT),NO INJURY / DRIVE AWAY,Y,,Y,"$501 - $1,500",04/06/2025 9:15,UNABLE TO DETERMINE,UNABLE TO DETERMINE,5500,S,WELLS ST,711,,,,,,,2,NO INDICATION OF INJURY,0,0,0,0,0,2,0,7,1,4,2,0,7,1,4
CLEAR,DAYLIGHT,TURNING,FOUR WAY,,STRAIGHT AND LEVEL,DRY,UNKNOWN,ON SCENE,NO INJURY / DRIVE AWAY,Y,,,"OVER $1,500",04/06/2025 14:54,IMPROPER TURNING/NO SIGNAL,IMPROPER LANE USAGE,10300,S,TORRENCE AVE,434,,,,,,,2,NO INDICATION OF INJURY,0,0,0,0,0,2,0,14,1,4,2,0,14,1,4
CLEAR,"DARKNESS, LIGHTED ROAD",TURNING,DIVIDED - W/MEDIAN (NOT RAISED),,STRAIGHT AND LEVEL,DRY,UNKNOWN,NOT ON SCENE (DESK REPORT),NO INJURY / DRIVE AWAY,,,,"OVER $1,500",05/24/2025 17:10,IMPROPER TURNING/NO SIGNAL,NOT APPLICABLE,3255,N,KEDZIE AVE,1733,,,,,,,2,NO INDICATION OF INJURY,0,0,0,0,0,2,0,1,7,5,2,0,1,7,5
CLEAR,DAYLIGHT,PARKED MOTOR VEHICLE,DRIVEWAY,,"CURVE, LEVEL",DRY,NO DEFECTS,ON SCENE,NO INJURY / DRIVE AWAY,,,,"OVER $1,500",04/06/2025 9:50,EQUIPMENT - VEHICLE CONDITION,DRIVING SKILLS/KNOWLEDGE/EXPERIENCE,7100,S,SOUTH SHORE DR,334,,,,,,,2,NO INDICATION OF INJURY,0,0,0,0,0,2,0,9,1,4,2,0,9,1,4
CLEAR,DARKNESS,PARKED MOTOR VEHICLE,NOT DIVIDED,,STRAIGHT AND LEVEL,DRY,NO DEFECTS,ON SCENE,NO INJURY / DRIVE AWAY,,,,"$501 - $1,500",03/17/2025 21:10,PHYSICAL CONDITION OF DRIVER,UNABLE TO DETERMINE,5901,N,MERRIMAC AVE,1622,,,,,,,2,NO INDICATION OF INJURY,0,0,0,0,0,1,0,21,2,3,1,0,21,2,3
CLEAR,DAYLIGHT,TURNING,FOUR WAY,,STRAIGHT AND LEVEL,DRY,NO DEFECTS,ON SCENE,INJURY AND / OR TOW DUE TO CRASH,Y,,Y,"OVER $1,500",03/17/2025 8:17,UNABLE TO DETERMINE,FAILING TO YIELD RIGHT-OF-WAY,9001,S,HOUSTON AVE,424,,,,,,,2,NO INDICATION OF INJURY,0,0,0,0,0,2,0,8,2,3,2,0,8,2,3
CLEAR,DAYLIGHT,TURNING,T-INTERSECTION,,STRAIGHT AND LEVEL,DRY,NO DEFECTS,ON SCENE,INJURY AND / OR TOW DUE TO CRASH,Y,,,"OVER $1,500",03/17/2025 17:04,FAILING TO YIELD RIGHT-OF-WAY,FAILING TO YIELD RIGHT-OF-WAY,2112,W,PETERSON AVE,2413,,,,,,,2,NONINCAPACITATING INJURY,3,0,0,1,2,1,0,17,2,3,1,0,17,2,3
CLEAR,DAYLIGHT,TURNING,NOT DIVIDED,,STRAIGHT AND LEVEL,DRY,NO DEFECTS,NOT ON SCENE (DESK REPORT),NO INJURY / DRIVE AWAY,,,,"OVER $1,500",05/24/2025 19:45,NOT APPLICABLE,NOT APPLICABLE,6301,S,HARLEM AVE,812,,,,,,,2,NO INDICATION OF INJURY,0,0,0,0,0,2,0,18,7,5,2,0,18,7,5
CLEAR,DAYLIGHT,REAR TO SIDE,UNKNOWN,,STRAIGHT AND LEVEL,UNKNOWN,UNKNOWN,NOT ON SCENE (DESK REPORT),NO INJURY / DRIVE AWAY,,,Y,"OVER $1,500",03/17/2025 14:45,UNABLE TO DETERMINE,UNABLE TO DETERMINE,4954,W,KINZIE ST,1532,,,,,,,2,NO INDICATION OF INJURY,0,0,0,0,0,2,0,14,2,3,2,0,14,2,3
CLEAR,"DARKNESS, LIGHTED ROAD",PARKED MOTOR VEHICLE,OTHER,,STRAIGHT AND LEVEL,DRY,NO DEFECTS,ON SCENE,NO INJURY / DRIVE AWAY,,,,$500 OR LESS,05/24/2025 21:15,FAILING TO YIELD RIGHT-OF-WAY,NOT APPLICABLE,2636,W,42ND ST,921,,,,,,,2,NO INDICATION OF INJURY,0,0,0,0,0,5,0,21,7,5,5,0,21,7,5
CLEAR,DAYLIGHT,SIDESWIPE SAME DIRECTION,TRAFFIC ROUTE,,STRAIGHT AND LEVEL,DRY,NO DEFECTS,ON SCENE,NO INJURY / DRIVE AWAY,,,,"OVER $1,500",05/24/2025 17:42,IMPROPER LANE USAGE,IMPROPER LANE USAGE,601,N,CICERO AVE,1111,Y,Y,,,,,2,NO INDICATION OF INJURY,0,0,0,0,0,2,0,17,7,5,2,0,17,7,5
CLEAR,DAYLIGHT,REAR END,NOT DIVIDED,,STRAIGHT AND LEVEL,DRY,UNKNOWN,ON SCENE,NO INJURY / DRIVE AWAY,,,Y,"OVER $1,500",03/17/2025 12:05,NOT APPLICABLE,NOT APPLICABLE,5900,S,STONY ISLAND AVE,235,,,,,,,2,NO INDICATION OF INJURY,0,0,0,0,0,2,0,12,2,3,2,0,12,2,3
CLEAR,"DARKNESS, LIGHTED ROAD",TURNING,NOT DIVIDED,,STRAIGHT AND LEVEL,DRY,NO DEFECTS,ON SCENE,NO INJURY / DRIVE AWAY,,,Y,$500 OR LESS,02/09/2025 23:54,IMPROPER LANE USAGE,IMPROPER OVERTAKING/PASSING,4801,W,MONTROSE AVE,1624,,,,,,,2,NO INDICATION OF INJURY,0,0,0,0,0,6,0,23,1,2,6,0,23,1,2
CLEAR,DAYLIGHT,REAR TO FRONT,PARKING LOT,,STRAIGHT AND LEVEL,DRY,NO DEFECTS,NOT ON SCENE (DESK REPORT),NO INJURY / DRIVE AWAY,,Y,,"OVER $1,500",04/01/2025 9:00,IMPROPER BACKING,UNABLE TO DETERMINE,8712,S,STONY ISLAND AVE,412,,,,,,,2,NO INDICATION OF INJURY,0,0,0,0,0,2,0,12,2,3,2,0,12,2,3
CLEAR,UNKNOWN,PARKED MOTOR VEHICLE,PARKING LOT,,STRAIGHT AND LEVEL,DRY,NO DEFECTS,NOT ON SCENE (DESK REPORT),NO INJURY / DRIVE AWAY,,Y,Y,"$501 - $1,500",04/01/2025 16:15,UNABLE TO DETERMINE,UNABLE TO DETERMINE,7600,S,RACINE AVE,612,,,,,,,2,NO INDICATION OF INJURY,0,0,0,0,0,1,0,20,2,3,1,0,20,2,3
CLEAR,DAYLIGHT,REAR TO SIDE,PARKING LOT,,STRAIGHT AND LEVEL,DRY,NO DEFECTS,ON SCENE,NO INJURY / DRIVE AWAY,,Y,,"OVER $1,500",04/01/2025 9:54,FAILING TO YIELD RIGHT-OF-WAY,IMPROPER OVERTAKING/PASSING,7600,S,STONY ISLAND AVE,411,,,,,,,2,NO INDICATION OF INJURY,0,0,0,0,0,2,0,9,3,4,2,0,9,3,4
CLEAR,DAYLIGHT,ANGLE,FOUR WAY,,STRAIGHT AND LEVEL,UNKNOWN,UNKNOWN,NOT ON SCENE (DESK REPORT),NO INJURY / DRIVE AWAY,Y,,,"OVER $1,500",04/01/2025 15:00,UNABLE TO DETERMINE,UNABLE TO DETERMINE,2400,W,HARRISON ST,1135,,,,,,,2,NO INDICATION OF INJURY,0,0,0,0,0,2,0,14,3,4,2,0,14,3,4
CLEAR,"DARKNESS, LIGHTED ROAD",REAR END,DIVIDED - W/MEDIAN (NOT RAISED),,STRAIGHT AND LEVEL,DRY,NO DEFECTS,NOT ON SCENE (DESK REPORT),NO INJURY / DRIVE AWAY,Y,,,"OVER $1,500",04/01/2025 23:30,FOLLOWING TOO CLOSELY,FAILING TO REDUCE SPEED TO AVOID CRASH,8700,S,VINCENNES AVE,2222,,,,,,,2,NO INDICATION OF INJURY,0,0,0,0,0,3,0,23,3,4,3,0,23,3,4
CLEAR,DAYLIGHT,PARKED MOTOR VEHICLE,PARKING LOT,,STRAIGHT AND LEVEL,DRY,UNKNOWN,NOT ON SCENE (DESK REPORT),NO INJURY / DRIVE AWAY,,Y,,"OVER $1,500",05/25/2025 14:00,FAILING TO YIELD RIGHT-OF-WAY,FAILING TO YIELD RIGHT-OF-WAY,1333,W,FULTON ST,1215,,,,,,,2,NO INDICATION OF INJURY,0,0,0,0,0,1,0,17,7,5,1,0,17,7,5
CLEAR,"DARKNESS, LIGHTED ROAD",PARKED MOTOR VEHICLE,NOT DIVIDED,,STRAIGHT AND LEVEL,WET,NO DEFECTS,ON SCENE,INJURY AND / OR TOW DUE TO CRASH,,,,"OVER $1,500",02/09/2025 3:19,FOLLOWING TOO CLOSELY,FAILING TO REDUCE SPEED TO AVOID CRASH,3730,N,SHEFFIELD AVE,1923,,,,,,,3,"REPORTED, NOT EVIDENT",2,0,0,0,2,0,0,3,1,2,0,0,3,1,2
CLEAR,"DARKNESS, LIGHTED ROAD",FIXED OBJECT,NOT DIVIDED,,STRAIGHT AND LEVEL,WET,NO DEFECTS,ON SCENE,INJURY AND / OR TOW DUE TO CRASH,,,,"$501 - $1,500",02/09/2025 0:25,UNABLE TO DETERMINE,UNABLE TO DETERMINE,5061,W,LAKE ST,1532,,,,,,,1,NONINCAPACITATING INJURY,1,0,0,1,0,0,0,0,1,2,0,0,0,1,2
CLEAR,DAYLIGHT,PARKED MOTOR VEHICLE,NOT DIVIDED,,STRAIGHT AND LEVEL,DRY,NO DEFECTS,ON SCENE,INJURY AND / OR TOW DUE TO CRASH,,,,"OVER $1,500",04/06/2025 10:09,FAILING TO REDUCE SPEED TO AVOID CRASH,NOT APPLICABLE,3944,N,NEENAH AVE,1632,,,,,,,3,NONINCAPACITATING INJURY,1,0,0,1,0,0,0,10,1,4,0,0,10,1,4
CLEAR,DAYLIGHT,TURNING,NOT DIVIDED,,STRAIGHT AND LEVEL,DRY,NO DEFECTS,ON SCENE,INJURY AND / OR TOW DUE TO CRASH,Y,,,"OVER $1,500",10/05/2025 10:13,FAILING TO YIELD RIGHT-OF-WAY,NOT APPLICABLE,1600,S,CENTRAL PARK AVE,1014,,,,,,,2,"REPORTED, NOT EVIDENT",1,0,0,0,1,1,0,10,1,10,1,0,10,1,10
CLEAR,"DARKNESS, LIGHTED ROAD",TURNING,DIVIDED - W/MEDIAN (NOT RAISED),,STRAIGHT AND LEVEL,DRY,UNKNOWN,ON SCENE,INJURY AND / OR TOW DUE TO CRASH,,,,"OVER $1,500",04/06/2025 1:35,UNABLE TO DETERMINE,NOT APPLICABLE,821,N,LARAMIE AVE,1531,,,,,,,3,NO INDICATION OF INJURY,0,0,0,0,0,3,0,1,1,4,3,0,1,1,4
CLEAR,DAYLIGHT,FIXED OBJECT,ALLEY,,STRAIGHT AND LEVEL,DRY,NO DEFECTS,ON SCENE,NO INJURY / DRIVE AWAY,,,,"OVER $1,500",04/06/2025 15:30,NOT APPLICABLE,NOT APPLICABLE,1149,S,KEDZIE AVE,1134,,,,,,,1,NO INDICATION OF INJURY,0,0,0,0,0,1,0,14,1,4,1,0,14,1,4
CLEAR,DAYLIGHT,PARKED MOTOR VEHICLE,PARKING LOT,,STRAIGHT AND LEVEL,DRY,NO DEFECTS,NOT ON SCENE (DESK REPORT),NO INJURY / DRIVE AWAY,,Y,Y,"OVER $1,500",05/24/2025 16:05,UNABLE TO DETERMINE,UNABLE TO DETERMINE,9933,S,WESTERN AVE,2213,,,,,,,2,NO INDICATION OF INJURY,0,0,0,0,0,1,0,14,7,5,1,0,14,7,5
UNKNOWN,UNKNOWN,REAR END,NOT DIVIDED,,STRAIGHT AND LEVEL,UNKNOWN,UNKNOWN,NOT ON SCENE (DESK REPORT),NO INJURY / DRIVE AWAY,,,,"OVER $1,500",05/24/2025 16:35,UNABLE TO DETERMINE,NOT APPLICABLE,1513,W,DIVERSEY PKWY,1932,,,,,,,2,NO INDICATION OF INJURY,0,0,0,0,0,2,0,16,7,5,2,0,16,7,5
CLEAR,DAYLIGHT,PARKED MOTOR VEHICLE,PARKING LOT,,STRAIGHT AND LEVEL,DRY,NO DEFECTS,NOT ON SCENE (DESK REPORT),NO INJURY / DRIVE AWAY,,,Y,"$501 - $1,500",02/15/2025 14:38,UNABLE TO DETERMINE,NOT APPLICABLE,3047,W,FULLERTON AVE,1414,,,,,,,2,NO INDICATION OF INJURY,0,0,0,0,0,1,0,10,1,2,1,0,10,1,2
CLEAR,DAYLIGHT,REAR END,ONE-WAY,,STRAIGHT AND LEVEL,DRY,UNKNOWN,NOT ON SCENE (DESK REPORT),NO INJURY / DRIVE AWAY,,,,"OVER $1,500",05/24/2025 16:00,UNABLE TO DETERMINE,NOT APPLICABLE,2427,S,SAWYER AVE,1024,,,,,,,2,NO INDICATION OF INJURY,0,0,0,0,0,2,0,14,7,5,2,0,14,7,5
CLEAR,"DARKNESS, LIGHTED ROAD",PARKED MOTOR VEHICLE,ONE-WAY,,STRAIGHT AND LEVEL,DRY,NO DEFECTS,ON SCENE,NO INJURY / DRIVE AWAY,,,Y,"OVER $1,500",04/06/2025 2:55,UNABLE TO DETERMINE,UNABLE TO DETERMINE,7614,S,BLACKSTONE AVE,411,,,,,,,2,NO INDICATION OF INJURY,0,0,0,0,0,1,0,2,1,4,1,0,2,1,4
CLEAR,DAYLIGHT,ANGLE,ONE-WAY,,STRAIGHT AND LEVEL,DRY,UNKNOWN,NOT ON SCENE (DESK REPORT),INJURY AND / OR TOW DUE TO CRASH,,,,"OVER $1,500",02/09/2025 15:15,FAILING TO YIELD RIGHT-OF-WAY,NOT APPLICABLE,1532,N,ST LOUIS AVE,1422,,,,,,,2,"REPORTED, NOT EVIDENT",1,0,0,0,1,1,0,13,1,2,1,0,13,1,2
CLEAR,DAYLIGHT,TURNING,FOUR WAY,,STRAIGHT AND LEVEL,DRY,UNKNOWN,NOT ON SCENE (DESK REPORT),NO INJURY / DRIVE AWAY,Y,,,"OVER $1,500",02/09/2025 11:34,DRIVING SKILLS/KNOWLEDGE/EXPERIENCE,IMPROPER TURNING/NO SIGNAL,3800,S,DR MARTIN LUTHER KING JR DR,212,,,,,,,2,NO INDICATION OF INJURY,0,0,0,0,0,2,0,11,1,2,2,0,11,1,2