WEATHER_CONDITION,LIGHTING_CONDITION,FIRST_CRASH_TYPE,TRAFFICWAY_TYPE,LANE_CNT,ALIGNMENT,ROADWAY_SURFACE_COND,ROAD_DEFECT,REPORT_TYPE,CRASH_TYPE,INTERSECTION_RELATED_I,NOT_RIGHT_OF_WAY_I,HIT_AND_RUN_I,DAMAGE,DATE_POLICE_NOTIFIED,PRIM_CONTRIBUTORY_CAUSE,SEC_CONTRIBUTORY_CAUSE,STREET_NO,STREET_DIRECTION,STREET_NAME,BEAT_OF_OCCURRENCE,PHOTOS_TAKEN_I,STATEMENTS_TAKEN_I,DOORING_I,WORK_ZONE_I,WORK_ZONE_TYPE,WORKERS_PRESENT_I,NUM_UNITS,MOST_SEVERE_INJURY,INJURIES_TOTAL,INJURIES_FATAL,INJURIES_INCAPACITATING,INJURIES_NON_INCAPACITATING,INJURIES_REPORTED_NOT_EVIDENT,INJURIES_NO_INDICATION,INJURIES_UNKNOWN,CRASH_HOUR,CRASH_DAY_OF_WEEK,CRASH_MONTH,INJURIES_NO_INDICATION,INJURIES_UNKNOWN,CRASH_HOUR,CRASH_DAY_OF_WEEK,CRASH_MONTH
CLEAR,DAYLIGHT,ANGLE,UNKNOWN INTERSECTION TYPE,,STRAIGHT AND LEVEL,DRY,UNKNOWN,NOT ON SCENE (DESK REPORT),INJURY AND / OR TOW DUE TO CRASH,Y,,,"OVER $1,500",01/29/2025 15:50,DISREGARDING STOP SIGN,DISREGARDING STOP SIGN,7700,S,WABASH AVE,623,,,,,,,2,NO INDICATION OF INJURY,0,0,0,0,0,2,0,14,4,1,2,0,14,4,1
CLEAR,DAWN,REAR END,FOUR WAY,,STRAIGHT AND LEVEL,DRY,NO DEFECTS,ON SCENE,INJURY AND / OR TOW DUE TO CRASH,Y,,,"OVER $1,500",01/29/2025 16:12,FAILING TO REDUCE SPEED TO AVOID CRASH,FOLLOWING TOO CLOSELY,5800,N,BROADWAY,2013,,,,,,,2,NONINCAPACITATING INJURY,1,0,0,1,0,1,0,16,4,1,1,0,16,4,1
CLEAR,DAYLIGHT,PARKED MOTOR VEHICLE,NOT DIVIDED,,STRAIGHT AND LEVEL,DRY,NO DEFECTS,NOT ON SCENE (DESK REPORT),NO INJURY / DRIVE AWAY,,,,"OVER $1,500",01/29/2025 9:00,UNABLE TO DETERMINE,NOT APPLICABLE,1531,N,DEARBORN PKWY,1824,,,,,,,2,NO INDICATION OF INJURY,0,0,0,0,0,1,0,7,4,1,1,0,7,4,1
CLEAR,DAYLIGHT,REAR END,NOT DIVIDED,,STRAIGHT AND LEVEL,DRY,NO DEFECTS,NOT ON SCENE (DESK REPORT),NO INJURY / DRIVE AWAY,,,,"$501 - $1,500",01/29/2025 13:30,FOLLOWING TOO CLOSELY,UNABLE TO DETERMINE,3200,W,MARQUETTE RD,831,,,,,,,2,NO INDICATION OF INJURY,0,0,0,0,0,2,0,12,4,1,2,0,12,4,1
CLEAR,DAYLIGHT,PEDALCYCLIST,DIVIDED - W/MEDIAN (NOT RAISED),,STRAIGHT AND LEVEL,DRY,NO DEFECTS,ON SCENE,INJURY AND / OR TOW DUE TO CRASH,Y,,,$500 OR LESS,01/29/2025 14:09,FAILING TO YIELD RIGHT-OF-WAY,IMPROPER TURNING/NO SIGNAL,365,N,HALSTED ST,1214,,,,,,,2,NONINCAPACITATING INJURY,1,0,0,1,0,1,0,14,4,1,1,0,14,4,1
UNKNOWN,"DARKNESS, LIGHTED ROAD",REAR END,NOT DIVIDED,,STRAIGHT AND LEVEL,UNKNOWN,UNKNOWN,ON SCENE,NO INJURY / DRIVE AWAY,,,Y,"OVER $1,500",05/25/2025 0:04,UNABLE TO DETERMINE,NOT APPLICABLE,4647,S,PULASKI RD,821,,Y,,,,,2,NO INDICATION OF INJURY,0,0,0,0,0,3,0,0,1,5,3,0,0,1,5
CLEAR,DUSK,TURNING,NOT DIVIDED,,STRAIGHT AND LEVEL,DRY,NO DEFECTS,NOT ON SCENE (DESK REPORT),NO INJURY / DRIVE AWAY,,,,"OVER $1,500",08/13/2023 19:30,FAILING TO YIELD RIGHT-OF-WAY,IMPROPER TURNING/NO SIGNAL,849,S,AUSTIN BLVD,1513,,,,,,,2,NO INDICATION OF INJURY,0,0,0,0,0,3,0,18,1,8,3,0,18,1,8
CLEAR,DAYLIGHT,PARKED MOTOR VEHICLE,ROUNDABOUT,,STRAIGHT AND LEVEL,DRY,NO DEFECTS,NOT ON SCENE (DESK REPORT),NO INJURY / DRIVE AWAY,,,,"OVER $1,500",03/17/2025 8:25,IMPROPER OVERTAKING/PASSING,FOLLOWING TOO CLOSELY,4220,N,NORMANDY AVE,1632,,,,,,,2,NO INDICATION OF INJURY,0,0,0,0,0,3,0,7,2,3,3,0,7,2,3
CLEAR,DAYLIGHT,SIDESWIPE SAME DIRECTION,NOT DIVIDED,,STRAIGHT AND LEVEL,DRY,NO DEFECTS,NOT ON SCENE (DESK REPORT),NO INJURY / DRIVE AWAY,,,,"OVER $1,500",05/24/2025 18:48,IMPROPER LANE USAGE,NOT APPLICABLE,1928,S,WABASH AVE,131,,,,,,,2,NO INDICATION OF INJURY,0,0,0,0,0,2,0,18,7,5,2,0,18,7,5
CLEAR,DAYLIGHT,PARKED MOTOR VEHICLE,ONE-WAY,,STRAIGHT AND LEVEL,DRY,NO DEFECTS,NOT ON SCENE (DESK REPORT),NO INJURY / DRIVE AWAY,,,,"OVER $1,500",05/24/2025 16:56,IMPROPER BACKING,NOT APPLICABLE,1338,S,HARDING AVE,1011,,,,,,,2,NO INDICATION OF INJURY,0,0,0,0,0,1,0,15,7,5,1,0,15,7,5
CLEAR,DAYLIGHT,TURNING,ALLEY,,STRAIGHT AND LEVEL,DRY,NO DEFECTS,NOT ON SCENE (DESK REPORT),NO INJURY / DRIVE AWAY,,,,"OVER $1,500",01/24/2025 8:40,FAILING TO YIELD RIGHT-OF-WAY,UNABLE TO DETERMINE,2614,S,KILDARE AVE,1031,,,,,,,2,NO INDICATION OF INJURY,0,0,0,0,0,2,0,8,6,1,2,0,8,6,1
CLEAR,DAYLIGHT,TURNING,ONE-WAY,,"CURVE, LEVEL",DRY,NO DEFECTS,NOT ON SCENE (DESK REPORT),NO INJURY / DRIVE AWAY,,,Y,"OVER $1,500",01/29/2025 10:30,IMPROPER LANE USAGE,IMPROPER OVERTAKING/PASSING,6401,N,SHERIDAN RD,2432,,,,,,,2,NO INDICATION OF INJURY,0,0,0,0,0,2,0,9,2,1,2,0,9,2,1
CLEAR,UNKNOWN,PEDESTRIAN,NOT DIVIDED,,STRAIGHT AND LEVEL,UNKNOWN,NO DEFECTS,NOT ON SCENE (DESK REPORT),INJURY AND / OR TOW DUE TO CRASH,,,Y,$500 OR LESS,01/29/2025 12:20,UNABLE TO DETERMINE,UNABLE TO DETERMINE,3401,W,DEVON AVE,1711,,,,,,,2,NONINCAPACITATING INJURY,1,0,0,1,0,1,0,17,3,1,1,0,17,3,1
CLEAR,DAYLIGHT,SIDESWIPE SAME DIRECTION,DIVIDED - W/MEDIAN BARRIER,,STRAIGHT AND LEVEL,DRY,NO DEFECTS,ON SCENE,NO INJURY / DRIVE AWAY,,,,"OVER $1,500",01/29/2025 17:25,UNABLE TO DETERMINE,UNABLE TO DETERMINE,122,S,MICHIGAN AVE,112,,,,,,,2,NO INDICATION OF INJURY,0,0,0,0,0,2,0,16,4,1,2,0,16,4,1
CLEAR,DAYLIGHT,OTHER NONCOLLISION,NOT DIVIDED,,STRAIGHT AND LEVEL,DRY,OTHER,ON SCENE,INJURY AND / OR TOW DUE TO CRASH,,,,"OVER $1,500",01/29/2025 11:02,NOT APPLICABLE,NOT APPLICABLE,3856,W,GRANVILLE AVE,1711,,,,,,,1,NONINCAPACITATING INJURY,1,0,0,1,0,2,0,10,4,1,2,0,10,4,1
CLEAR,DAYLIGHT,PEDALCYCLIST,NOT DIVIDED,,STRAIGHT AND LEVEL,DRY,NO DEFECTS,ON SCENE,NO INJURY / DRIVE AWAY,,,Y,$500 OR LESS,05/24/2025 17:10,"OPERATING VEHICLE IN ERRATIC, RECKLESS, CARELESS, NEGLIGENT OR AGGRESSIVE MANNER",IMPROPER TURNING/NO SIGNAL,1650,W,TAYLOR ST,1231,Y,,Y,,,,2,NO INDICATION OF INJURY,0,0,0,0,0,3,0,17,7,5,3,0,17,7,5
CLEAR,DAYLIGHT,TURNING,DIVIDED - W/MEDIAN BARRIER,,STRAIGHT AND LEVEL,UNKNOWN,UNKNOWN,,NO INJURY / DRIVE AWAY,,,,"OVER $1,500",03/17/2025 19:42,FAILING TO YIELD RIGHT-OF-WAY,NOT APPLICABLE,2200,S,MICHIGAN AVE,131,,,,,,,2,NO INDICATION OF INJURY,0,0,0,0,0,2,0,17,2,3,2,0,17,2,3
CLEAR,DAYLIGHT,ANGLE,ONE-WAY,,STRAIGHT AND LEVEL,DRY,NO DEFECTS,NOT ON SCENE (DESK REPORT),NO INJURY / DRIVE AWAY,,,Y,"OVER $1,500",04/06/2025 13:33,DISREGARDING STOP SIGN,NOT APPLICABLE,1501,S,HARDING AVE,1014,,,,,,,2,NO INDICATION OF INJURY,0,0,0,0,0,3,0,13,1,4,3,0,13,1,4
CLEAR,DAYLIGHT,PARKED MOTOR VEHICLE,NOT DIVIDED,,STRAIGHT ON GRADE,DRY,NO DEFECTS,ON SCENE,NO INJURY / DRIVE AWAY,,,,"$501 - $1,500",05/24/2025 13:22,UNABLE TO DETERMINE,UNABLE TO DETERMINE,7859,S,KEDZIE AVE,835,,,,,,,2,NO INDICATION OF INJURY,0,0,0,0,0,2,0,13,7,5,2,0,13,7,5
UNKNOWN,UNKNOWN,SIDESWIPE SAME DIRECTION,ONE-WAY,,STRAIGHT AND LEVEL,UNKNOWN,UNKNOWN,NOT ON SCENE (DESK REPORT),INJURY AND / OR TOW DUE TO CRASH,,,,"$501 - $1,500",03/17/2025 19:15,UNABLE TO DETERMINE,NOT APPLICABLE,2400,W,ARTHUR AVE,2412,,,,,,,2,NONINCAPACITATING INJURY,1,0,0,1,0,1,0,18,2,3,1,0,18,2,3
UNKNOWN,DAYLIGHT,PARKED MOTOR VEHICLE,PARKING LOT,,STRAIGHT AND LEVEL,UNKNOWN,NO DEFECTS,NOT ON SCENE (DESK REPORT),NO INJURY / DRIVE AWAY,,,Y,"OVER $1,500",04/07/2025 17:55,NOT APPLICABLE,NOT APPLICABLE,5336,S,HYDE PARK BLVD,234,,,,,,,2,NO INDICATION OF INJURY,0,0,0,0,0,1,0,15,1,4,1,0,15,1,4
CLEAR,DAWN,FIXED OBJECT,DIVIDED - W/MEDIAN (NOT RAISED),,STRAIGHT AND LEVEL,DRY,NO DEFECTS,ON SCENE,INJURY AND / OR TOW DUE TO CRASH,,,,"OVER $1,500",05/24/2025 5:17,DISTRACTION - FROM INSIDE VEHICLE,FAILING TO REDUCE SPEED TO AVOID CRASH,651,W,47TH ST,935,,,,,,,1,NO INDICATION OF INJURY,0,0,0,0,0,1,0,5,7,5,1,0,5,7,5
CLEAR,DAYLIGHT,PARKED MOTOR VEHICLE,ONE-WAY,,STRAIGHT AND LEVEL,DRY,NO DEFECTS,ON SCENE,NO INJURY / DRIVE AWAY,,,,"$501 - $1,500",03/17/2025 15:37,IMPROPER OVERTAKING/PASSING,IMPROPER OVERTAKING/PASSING,3756,N,DRAKE AVE,1732,,,,,,,2,NO INDICATION OF INJURY,0,0,0,0,0,1,0,15,2,3,1,0,15,2,3
CLEAR,DAYLIGHT,PARKED MOTOR VEHICLE,NOT DIVIDED,,STRAIGHT AND LEVEL,DRY,NO DEFECTS,NOT ON SCENE (DESK REPORT),NO INJURY / DRIVE AWAY,,,,"OVER $1,500",01/29/2025 10:40,UNABLE TO DETERMINE,NOT APPLICABLE,2350,N,LINCOLN AVE,1812,,,,,,,2,NO INDICATION OF INJURY,0,0,0,0,0,3,0,12,5,1,3,0,12,5,1
CLEAR,DAYLIGHT,ANGLE,FOUR WAY,,STRAIGHT AND LEVEL,DRY,NO DEFECTS,ON SCENE,INJURY AND / OR TOW DUE TO CRASH,Y,,,"OVER $1,500",01/29/2025 17:05,FAILING TO YIELD RIGHT-OF-WAY,NOT APPLICABLE,5542,S,RACINE AVE,713,,,,,,,3,NO INDICATION OF INJURY,0,0,0,0,0,2,0,17,4,1,2,0,17,4,1
CLEAR,DAYLIGHT,ANGLE,DIVIDED - W/MEDIAN (NOT RAISED),,STRAIGHT AND LEVEL,DRY,NO DEFECTS,ON SCENE,INJURY AND / OR TOW DUE TO CRASH,,,,"OVER $1,500",01/29/2025 15:51,FAILING TO YIELD RIGHT-OF-WAY,"VISION OBSCURED (SIGNS, TREE LIMBS, BUILDINGS, ETC.)",2022,S,ARCHER AVE,914,,,,,,,2,NO INDICATION OF INJURY,0,0,0,0,0,2,0,15,4,1,2,0,15,4,1
CLEAR,DAYLIGHT,TURNING,FOUR WAY,,STRAIGHT AND LEVEL,DRY,UNKNOWN,ON SCENE,NO INJURY / DRIVE AWAY,Y,,,"OVER $1,500",05/24/2025 20:00,NOT APPLICABLE,UNABLE TO DETERMINE,11798,S,SANGAMON ST,524,,,,,,,2,NO INDICATION OF INJURY,0,0,0,0,0,5,0,19,7,5,5,0,19,7,5
CLEAR,DAWN,PARKED MOTOR VEHICLE,ONE-WAY,,STRAIGHT AND LEVEL,DRY,NO DEFECTS,NOT ON SCENE (DESK REPORT),NO INJURY / DRIVE AWAY,,,Y,"OVER $1,500",04/07/2025 13:14,UNABLE TO DETERMINE,NOT APPLICABLE,1643,E,85TH ST,412,,,,,,,2,NO INDICATION OF INJURY,0,0,0,0,0,1,0,18,1,4,1,0,18,1,4
CLEAR,"DARKNESS, LIGHTED ROAD",ANGLE,T-INTERSECTION,,STRAIGHT AND LEVEL,DRY,NO DEFECTS,ON SCENE,NO INJURY / DRIVE AWAY,,,Y,"$501 - $1,500",01/25/2025 22:32,UNABLE TO DETERMINE,UNABLE TO DETERMINE,7503,S,KINGSTON AVE,421,,,,,,,2,NO INDICATION OF INJURY,0,0,0,0,0,3,0,20,7,1,3,0,20,7,1
CLEAR,DAWN,ANGLE,NOT DIVIDED,,STRAIGHT AND LEVEL,DRY,NO DEFECTS,ON SCENE,INJURY AND / OR TOW DUE TO CRASH,Y,,,"OVER $1,500",01/28/2025 22:11,UNABLE TO DETERMINE,UNABLE TO DETERMINE,3801,W,AUGUSTA BLVD,1112,,,,,,,2,"REPORTED, NOT EVIDENT",2,0,0,0,2,1,0,22,3,1,1,0,22,3,1
CLEAR,DAYLIGHT,REAR TO FRONT,ONE-WAY,,STRAIGHT AND LEVEL,DRY,NO DEFECTS,NOT ON SCENE (DESK REPORT),NO INJURY / DRIVE AWAY,,,,"$501 - $1,500",01/29/2025 10:10,UNABLE TO DETERMINE,NOT APPLICABLE,2355,E,67TH ST,331,,,,,,,2,NO INDICATION OF INJURY,0,0,0,0,0,2,0,14,3,1,2,0,14,3,1
CLEAR,DAYLIGHT,SIDESWIPE SAME DIRECTION,ONE-WAY,,STRAIGHT AND LEVEL,UNKNOWN,UNKNOWN,NOT ON SCENE (DESK REPORT),NO INJURY / DRIVE AWAY,,,Y,"OVER $1,500",01/28/2025 19:40,UNABLE TO DETERMINE,NOT APPLICABLE,1,W,ONTARIO ST,1832,,,,,,,2,NO INDICATION OF INJURY,0,0,0,0,0,2,0,16,3,1,2,0,16,3,1
CLEAR,DAYLIGHT,SIDESWIPE SAME DIRECTION,NOT DIVIDED,,STRAIGHT AND LEVEL,DRY,UNKNOWN,NOT ON SCENE (DESK REPORT),NO INJURY / DRIVE AWAY,,,Y,"OVER $1,500",01/29/2025 9:11,UNABLE TO DETERMINE,UNABLE TO DETERMINE,7601,S,CICERO AVE,833,,,,,,,2,NO INDICATION OF INJURY,0,0,0,0,0,2,0,8,4,1,2,0,8,4,1
CLEAR,DAYLIGHT,SIDESWIPE SAME DIRECTION,DIVIDED - W/MEDIAN BARRIER,,STRAIGHT AND LEVEL,DRY,NO DEFECTS,ON SCENE,NO INJURY / DRIVE AWAY,,,,$500 OR LESS,01/29/2025 7:57,DRIVING SKILLS/KNOWLEDGE/EXPERIENCE,UNABLE TO DETERMINE,3901,W,IRVING PARK RD,1732,,,,,,,2,NO INDICATION OF INJURY,0,0,0,0,0,4,0,7,4,1,4,0,7,4,1
CLEAR,"DARKNESS, LIGHTED ROAD",ANGLE,NOT REPORTED,,STRAIGHT AND LEVEL,DRY,NO DEFECTS,ON SCENE,INJURY AND / OR TOW DUE TO CRASH,Y,,,"OVER $1,500",01/29/2025 1:34,FAILING TO REDUCE SPEED TO AVOID CRASH,DISREGARDING OTHER TRAFFIC SIGNS,100,S,MICHIGAN AVE,112,,,,,,,2,NONINCAPACITATING INJURY,3,0,0,1,2,2,0,1,4,1,2,0,1,4,1
CLEAR,DAYLIGHT,TURNING,NOT DIVIDED,,STRAIGHT AND LEVEL,DRY,NO DEFECTS,ON SCENE,NO INJURY / DRIVE AWAY,Y,,,"OVER $1,500",03/17/2025 16:04,NOT APPLICABLE,NOT APPLICABLE,6801,W,SHAKESPEARE AVE,2512,,,,,,,2,NO INDICATION OF INJURY,0,0,0,0,0,4,0,14,2,3,4,0,14,2,3
CLEAR,"DARKNESS, LIGHTED ROAD",SIDESWIPE SAME DIRECTION,DIVIDED - W/MEDIAN (NOT RAISED),,STRAIGHT AND LEVEL,DRY,UNKNOWN,NOT ON SCENE (DESK REPORT),NO INJURY / DRIVE AWAY,,,Y,"OVER $1,500",05/25/2025 0:20,UNABLE TO DETERMINE,NOT APPLICABLE,650,W,63RD ST,711,,,,,,,2,NO INDICATION OF INJURY,0,0,0,0,0,2,0,22,7,5,2,0,22,7,5
CLEAR,DAYLIGHT,PARKED MOTOR VEHICLE,NOT DIVIDED,,STRAIGHT AND LEVEL,DRY,NO DEFECTS,NOT ON SCENE (DESK REPORT),NO INJURY / DRIVE AWAY,,,N,"OVER $1,500",05/24/2025 21:50,IMPROPER OVERTAKING/PASSING,IMPROPER LANE USAGE,65,E,HARRISON ST,123,,,,,,,2,NO INDICATION OF INJURY,0,0,0,0,0,2,0,13,7,5,2,0,13,7,5
CLEAR,DAYLIGHT,PARKED MOTOR VEHICLE,ONE-WAY,,STRAIGHT AND LEVEL,DRY,NO DEFECTS,ON SCENE,NO INJURY / DRIVE AWAY,,,Y,"OVER $1,500",05/24/2025 7:22,UNABLE TO DETERMINE,UNABLE TO DETERMINE,5736,N,RICHMOND ST,2011,,,,,,,2,NO INDICATION OF INJURY,0,0,0,0,0,1,0,5,7,5,1,0,5,7,5
CLEAR,DAYLIGHT,REAR END,DIVIDED - W/MEDIAN (NOT RAISED),,STRAIGHT AND LEVEL,ICE,NO DEFECTS,NOT ON SCENE (DESK REPORT),INJURY AND / OR TOW DUE TO CRASH,,,,$500 OR LESS,01/26/2025 12:50,UNABLE TO DETERMINE,UNABLE TO DETERMINE,215,N,CICERO AVE,1113,,,,,,,2,"REPORTED, NOT EVIDENT",1,0,0,0,1,3,0,12,1,1,3,0,12,1,1
CLEAR,"DARKNESS, LIGHTED ROAD",REAR END,DIVIDED - W/MEDIAN (NOT RAISED),,STRAIGHT AND LEVEL,DRY,NO DEFECTS,NOT ON SCENE (DESK REPORT),NO INJURY / DRIVE AWAY,Y,,,"OVER $1,500",01/28/2025 21:00,FAILING TO REDUCE SPEED TO AVOID CRASH,PHYSICAL CONDITION OF DRIVER,6901,N,CALIFORNIA AVE,2411,,,,,,,2,NO INDICATION OF INJURY,0,0,0,0,0,2,0,19,3,1,2,0,19,3,1
UNKNOWN,UNKNOWN,SIDESWIPE SAME DIRECTION,NOT DIVIDED,,STRAIGHT AND LEVEL,UNKNOWN,UNKNOWN,NOT ON SCENE (DESK REPORT),NO INJURY / DRIVE AWAY,Y,,,"OVER $1,500",01/29/2025 16:40,UNABLE TO DETERMINE,UNABLE TO DETERMINE,233,S,LOWER WACKER DR,122,,,,,,,2,NO INDICATION OF INJURY,0,0,0,0,0,2,0,15,4,1,2,0,15,4,1
CLEAR,DAYLIGHT,PARKED MOTOR VEHICLE,PARKING LOT,,STRAIGHT AND LEVEL,DRY,NO DEFECTS,ON SCENE,NO INJURY / DRIVE AWAY,,Y,,"OVER $1,500",01/29/2025 15:33,IMPROPER BACKING,NOT APPLICABLE,11801,S,AVENUE O,433,,,,,,,2,NO INDICATION OF INJURY,0,0,0,0,0,2,0,14,4,1,2,0,14,4,1
CLEAR,"DARKNESS, LIGHTED ROAD",PARKED MOTOR VEHICLE,NOT DIVIDED,,STRAIGHT AND LEVEL,UNKNOWN,UNKNOWN,NOT ON SCENE (DESK REPORT),NO INJURY / DRIVE AWAY,,,Y,"OVER $1,500",01/29/2025 17:00,UNABLE TO DETERMINE,UNABLE TO DETERMINE,1752,W,HUBBARD ST,1215,,,,,,,2,NO INDICATION OF INJURY,0,0,0,0,0,2,0,16,4,1,2,0,16,4,1
UNKNOWN,"DARKNESS, LIGHTED ROAD",PARKED MOTOR VEHICLE,PARKING LOT,,STRAIGHT AND LEVEL,UNKNOWN,NO DEFECTS,ON SCENE,NO INJURY / DRIVE AWAY,,,Y,"OVER $1,500",08/11/2023 22:30,UNABLE TO DETERMINE,NOT APPLICABLE,1,W,PARKING LOT G ST,1654,,,,,,,2,NO INDICATION OF INJURY,0,0,0,0,0,1,0,22,6,8,1,0,22,6,8
CLEAR,DAYLIGHT,ANGLE,DIVIDED - W/MEDIAN (NOT RAISED),,STRAIGHT AND LEVEL,DRY,NO DEFECTS,NOT ON SCENE (DESK REPORT),NO INJURY / DRIVE AWAY,,,,"OVER $1,500",01/29/2025 11:25,UNABLE TO DETERMINE,UNABLE TO DETERMINE,1343,W,NORTH AVE,1433,,,,,,,2,NO INDICATION OF INJURY,0,0,0,0,0,2,0,12,6,1,2,0,12,6,1
CLEAR,"DARKNESS, LIGHTED ROAD",PARKED MOTOR VEHICLE,NOT DIVIDED,,STRAIGHT AND LEVEL,DRY,NO DEFECTS,NOT ON SCENE (DESK REPORT),NO INJURY / DRIVE AWAY,,,Y,"OVER $1,500",01/29/2025 10:45,UNABLE TO DETERMINE,UNABLE TO DETERMINE,2328,S,MICHIGAN AVE,131,,,,,,,2,NO INDICATION OF INJURY,0,0,0,0,0,1,0,0,1,1,1,0,0,1,1
CLEAR,DAYLIGHT,PARKED MOTOR VEHICLE,PARKING LOT,,STRAIGHT AND LEVEL,UNKNOWN,UNKNOWN,NOT ON SCENE (DESK REPORT),NO INJURY / DRIVE AWAY,,,,"OVER $1,500",01/29/2025 11:10,UNABLE TO DETERMINE,UNABLE TO DETERMINE,5201,N,SHERIDAN RD,2023,,,,,,,2,NO INDICATION OF INJURY,0,0,0,0,0,1,0,15,3,1,1,0,15,3,1
CLEAR,DAYLIGHT,PARKED MOTOR VEHICLE,PARKING LOT,,STRAIGHT AND LEVEL,DRY,NO DEFECTS,NOT ON SCENE (DESK REPORT),NO INJURY / DRIVE AWAY,,,,$500 OR LESS,01/29/2025 18:30,UNABLE TO DETERMINE,NOT APPLICABLE,9521,S,WESTERN AVE,2213,,,,,,,2,NO INDICATION OF INJURY,0,0,0,0,0,1,0,16,3,1,1,0,16,3,1
CLEAR,UNKNOWN,REAR END,UNKNOWN,,STRAIGHT AND LEVEL,UNKNOWN,UNKNOWN,,NO INJURY / DRIVE AWAY,,,,"OVER $1,500",01/29/2025 12:55,UNABLE TO DETERMINE,UNABLE TO DETERMINE,3199,N,MONITOR AVE,2514,,,,,,,2,NO INDICATION OF INJURY,0,0,0,0,0,2,0,8,4,1,2,0,8,4,1
CLEAR,DAYLIGHT,PEDESTRIAN,NOT DIVIDED,,STRAIGHT AND LEVEL,DRY,NO DEFECTS,ON SCENE,INJURY AND / OR TOW DUE TO CRASH,Y,,Y,$500 OR LESS,01/29/2025 13:01,NOT APPLICABLE,NOT APPLICABLE,5300,N,LINCOLN AVE,2011,,,,,,,2,"REPORTED, NOT EVIDENT",1,0,0,0,1,1,0,12,4,1,1,0,12,4,1
CLEAR,DAYLIGHT,SIDESWIPE SAME DIRECTION,NOT DIVIDED,,STRAIGHT AND LEVEL,DRY,NO DEFECTS,,NO INJURY / DRIVE AWAY,,,,"OVER $1,500",01/29/2025 16:30,FAILING TO YIELD RIGHT-OF-WAY,NOT APPLICABLE,3350,N,KENMORE AVE,1924,,,,,,,2,NO INDICATION OF INJURY,0,0,0,0,0,2,0,7,4,1,2,0,7,4,1
CLEAR,DAYLIGHT,TURNING,FOUR WAY,,STRAIGHT AND LEVEL,UNKNOWN,UNKNOWN,NOT ON SCENE (DESK REPORT),INJURY AND / OR TOW DUE TO CRASH,Y,,,"OVER $1,500",01/29/2025 17:00,IMPROPER OVERTAKING/PASSING,NOT APPLICABLE,300,S,MICHIGAN AVE,113,,,,,,,2,NO INDICATION OF INJURY,0,0,0,0,0,2,0,15,4,1,2,0,15,4,1
CLEAR,DAYLIGHT,REAR END,NOT DIVIDED,,STRAIGHT AND LEVEL,DRY,NO DEFECTS,NOT ON SCENE (DESK REPORT),NO INJURY / DRIVE AWAY,,,,"OVER $1,500",05/24/2025 13:35,FOLLOWING TOO CLOSELY,NOT APPLICABLE,1754,N,CENTRAL AVE,2531,,,,,,,2,NO INDICATION OF INJURY,0,0,0,0,0,2,0,11,7,5,2,0,11,7,5
CLEAR,DAYLIGHT,REAR END,DIVIDED - W/MEDIAN (NOT RAISED),,STRAIGHT AND LEVEL,DRY,NO DEFECTS,NOT ON SCENE (DESK REPORT),NO INJURY / DRIVE AWAY,Y,,,"OVER $1,500",03/17/2025 16:00,FOLLOWING TOO CLOSELY,UNABLE TO DETERMINE,7600,S,VINCENNES AVE,623,,,,,,,2,NO INDICATION OF INJURY,0,0,0,0,0,2,0,8,2,3,2,0,8,2,3
CLEAR,DAYLIGHT,TURNING,DIVIDED - W/MEDIAN (NOT RAISED),,STRAIGHT AND LEVEL,DRY,NO DEFECTS,NOT ON SCENE (DESK REPORT),NO INJURY / DRIVE AWAY,,,,$500 OR LESS,04/19/2025 16:05,IMPROPER LANE USAGE,NOT APPLICABLE,1200,S,HALSTED ST,1232,,,,,,,2,NO INDICATION OF INJURY,0,0,0,0,0,7,0,16,7,4,7,0,16,7,4
CLEAR,DAYLIGHT,REAR END,DIVIDED - W/MEDIAN (NOT RAISED),,STRAIGHT AND LEVEL,DRY,NO DEFECTS,,INJURY AND / OR TOW DUE TO CRASH,Y,,,"OVER $1,500",01/18/2025 13:15,UNABLE TO DETERMINE,FAILING TO REDUCE SPEED TO AVOID CRASH,9500,S,WENTWORTH AVE,511,,,,,,,3,NO INDICATION OF INJURY,0,0,0,0,0,3,0,11,7,1,3,0,11,7,1
CLEAR,DARKNESS,SIDESWIPE SAME DIRECTION,DIVIDED - W/MEDIAN BARRIER,,STRAIGHT AND LEVEL,DRY,NO DEFECTS,NOT ON SCENE (DESK REPORT),NO INJURY / DRIVE AWAY,,,Y,"OVER $1,500",01/29/2025 14:57,UNABLE TO DETERMINE,NOT APPLICABLE,503,S,DAMEN AVE,1225,,,,,,,2,NO INDICATION OF INJURY,0,0,0,0,0,2,0,17,3,1,2,0,17,3,1
CLEAR,DAYLIGHT,REAR END,DIVIDED - W/MEDIAN BARRIER,,STRAIGHT AND LEVEL,DRY,NO DEFECTS,ON SCENE,INJURY AND / OR TOW DUE TO CRASH,,,,"OVER $1,500",01/28/2025 16:04,FOLLOWING TOO CLOSELY,IMPROPER OVERTAKING/PASSING,5300,S,LAKE SHORE DR SB,234,,,,,,,2,NONINCAPACITATING INJURY,1,0,0,1,0,1,0,15,3,1,1,0,15,3,1