WEATHER_CONDITION,LIGHTING_CONDITION,FIRST_CRASH_TYPE,TRAFFICWAY_TYPE,LANE_CNT,ALIGNMENT,ROADWAY_SURFACE_COND,ROAD_DEFECT,REPORT_TYPE,CRASH_TYPE,INTERSECTION_RELATED_I,NOT_RIGHT_OF_WAY_I,HIT_AND_RUN_I,DAMAGE,DATE_POLICE_NOTIFIED,PRIM_CONTRIBUTORY_CAUSE,SEC_CONTRIBUTORY_CAUSE,STREET_NO,STREET_DIRECTION,STREET_NAME,BEAT_OF_OCCURRENCE,PHOTOS_TAKEN_I,STATEMENTS_TAKEN_I,DOORING_I,WORK_ZONE_I,WORK_ZONE_TYPE,WORKERS_PRESENT_I,NUM_UNITS,MOST_SEVERE_INJURY,INJURIES_TOTAL,INJURIES_FATAL,INJURIES_INCAPACITATING,INJURIES_NON_INCAPACITATING,INJURIES_REPORTED_NOT_EVIDENT,INJURIES_NO_INDICATION,INJURIES_UNKNOWN,CRASH_HOUR,CRASH_DAY_OF_WEEK,CRASH_MONTH,INJURIES_NO_INDICATION,INJURIES_UNKNOWN,CRASH_HOUR,CRASH_DAY_OF_WEEK,CRASH_MONTH
UNKNOWN,UNKNOWN,REAR END,UNKNOWN,,STRAIGHT AND LEVEL,UNKNOWN,UNKNOWN,NOT ON SCENE (DESK REPORT),NO INJURY / DRIVE AWAY,,,Y,"$501 - $1,500",01/29/2025 13:25,UNABLE TO DETERMINE,NOT APPLICABLE,800,E,87TH ST,632,,,,,,,2,NO INDICATION OF INJURY,0,0,0,0,0,2,0,14,7,1,2,0,14,7,1
CLEAR,"DARKNESS, LIGHTED ROAD",REAR END,NOT DIVIDED,,STRAIGHT AND LEVEL,DRY,NO DEFECTS,ON SCENE,NO INJURY / DRIVE AWAY,Y,,Y,"OVER $1,500",01/28/2025 22:45,UNABLE TO DETERMINE,UNABLE TO DETERMINE,2500,S,HALSTED ST,913,,,,,,,2,NO INDICATION OF INJURY,0,0,0,0,0,3,0,22,3,1,3,0,22,3,1
CLEAR,DAYLIGHT,REAR END,ONE-WAY,,STRAIGHT AND LEVEL,UNKNOWN,UNKNOWN,NOT ON SCENE (DESK REPORT),NO INJURY / DRIVE AWAY,,,,"OVER $1,500",01/29/2025 13:20,UNABLE TO DETERMINE,UNABLE TO DETERMINE,111,W,ERIE ST,1832,,,,,,,2,NO INDICATION OF INJURY,0,0,0,0,0,2,0,12,4,1,2,0,12,4,1
CLEAR,DAYLIGHT,REAR END,DIVIDED - W/MEDIAN BARRIER,,STRAIGHT AND LEVEL,DRY,NO DEFECTS,ON SCENE,NO INJURY / DRIVE AWAY,,,,$500 OR LESS,01/29/2025 15:27,NOT APPLICABLE,NOT APPLICABLE,3598,S,WESTERN AVE,911,,,,,,,2,NO INDICATION OF INJURY,0,0,0,0,0,3,0,15,4,1,3,0,15,4,1
CLEAR,DAYLIGHT,REAR END,NOT DIVIDED,,STRAIGHT AND LEVEL,DRY,NO DEFECTS,NOT ON SCENE (DESK REPORT),NO INJURY / DRIVE AWAY,,,,"OVER $1,500",01/29/2025 17:14,FOLLOWING TOO CLOSELY,NOT APPLICABLE,3901,W,63RD ST,823,,,,,,,2,NO INDICATION OF INJURY,0,0,0,0,0,2,0,15,4,1,2,0,15,4,1
CLEAR,"DARKNESS, LIGHTED ROAD",REAR END,NOT DIVIDED,,STRAIGHT AND LEVEL,UNKNOWN,UNKNOWN,ON SCENE,INJURY AND / OR TOW DUE TO CRASH,,,,"OVER $1,500",01/29/2025 18:54,UNABLE TO DETERMINE,NOT APPLICABLE,3046,N,NARRAGANSETT AVE,2511,,,,,,,2,NONINCAPACITATING INJURY,1,0,0,1,0,1,0,18,4,1,1,0,18,4,1
CLEAR,DAYLIGHT,REAR END,OTHER,,STRAIGHT AND LEVEL,OTHER,NO DEFECTS,ON SCENE,NO INJURY / DRIVE AWAY,,Y,Y,$500 OR LESS,04/19/2025 16:58,FOLLOWING TOO CLOSELY,UNABLE TO DETERMINE,818,S,CICERO AVE,1533,,,,,,,2,NO INDICATION OF INJURY,0,0,0,0,0,5,0,16,7,4,5,0,16,7,4
CLEAR,"DARKNESS, LIGHTED ROAD",FIXED OBJECT,DIVIDED - W/MEDIAN BARRIER,,STRAIGHT AND LEVEL,DRY,NO DEFECTS,ON SCENE,INJURY AND / OR TOW DUE TO CRASH,,,,"OVER $1,500",05/24/2025 1:15,UNABLE TO DETERMINE,UNABLE TO DETERMINE,4801,S,DREXEL BLVD,222,,,,,,,1,NONINCAPACITATING INJURY,1,0,0,1,0,0,0,0,7,5,0,0,0,7,5
CLEAR,DAYLIGHT,ANGLE,ONE-WAY,,STRAIGHT AND LEVEL,DRY,NO DEFECTS,ON SCENE,INJURY AND / OR TOW DUE TO CRASH,,,,"OVER $1,500",04/06/2025 11:24,"VISION OBSCURED (SIGNS, TREE LIMBS, BUILDINGS, ETC.)",NOT APPLICABLE,6347,N,RICHMOND ST,2413,,,,,,,2,NO INDICATION OF INJURY,0,0,0,0,0,2,0,11,1,4,2,0,11,1,4
CLEAR,DAYLIGHT,REAR END,DIVIDED - W/MEDIAN (NOT RAISED),,STRAIGHT ON GRADE,DRY,NO DEFECTS,ON SCENE,INJURY AND / OR TOW DUE TO CRASH,,,,"OVER $1,500",04/06/2025 15:20,"DISTRACTION - OTHER ELECTRONIC DEVICE (NAVIGATION DEVICE, DVD PLAYER, ETC.)",FAILING TO REDUCE SPEED TO AVOID CRASH,11141,S,CICERO AVE,2211,,,,,,,2,NO INDICATION OF INJURY,0,0,0,0,0,2,0,15,1,4,2,0,15,1,4
CLEAR,"DARKNESS, LIGHTED ROAD",FIXED OBJECT,NOT DIVIDED,,STRAIGHT AND LEVEL,DRY,NO DEFECTS,ON SCENE,INJURY AND / OR TOW DUE TO CRASH,,,,"OVER $1,500",03/17/2025 4:40,FAILING TO REDUCE SPEED TO AVOID CRASH,NOT APPLICABLE,6501,S,COTTAGE GROVE AVE,321,,,,,,,1,NO INDICATION OF INJURY,0,0,0,0,0,1,0,4,2,3,1,0,4,2,3
UNKNOWN,UNKNOWN,REAR END,NOT DIVIDED,,STRAIGHT AND LEVEL,UNKNOWN,UNKNOWN,NOT ON SCENE (DESK REPORT),INJURY AND / OR TOW DUE TO CRASH,,,,"OVER $1,500",01/27/2025 21:45,NOT APPLICABLE,NOT APPLICABLE,3600,N,CLARK ST,1923,,,,,,,3,"REPORTED, NOT EVIDENT",3,0,0,0,3,0,0,21,2,1,0,0,21,2,1
CLEAR,DARKNESS,PARKED MOTOR VEHICLE,PARKING LOT,,STRAIGHT AND LEVEL,DRY,NO DEFECTS,ON SCENE,NO INJURY / DRIVE AWAY,,Y,Y,"OVER $1,500",01/28/2025 19:53,UNABLE TO DETERMINE,UNABLE TO DETERMINE,642,N,PULASKI RD,1111,Y,,,,,,2,NO INDICATION OF INJURY,0,0,0,0,0,1,0,19,3,1,1,0,19,3,1
CLEAR,DAYLIGHT,PEDESTRIAN,DIVIDED - W/MEDIAN BARRIER,,STRAIGHT AND LEVEL,DRY,NO DEFECTS,ON SCENE,INJURY AND / OR TOW DUE TO CRASH,,,,"OVER $1,500",01/28/2025 13:59,NOT APPLICABLE,NOT APPLICABLE,535,N,MICHIGAN AVE,1834,,,,,,,2,"REPORTED, NOT EVIDENT",1,0,0,0,1,1,0,13,3,1,1,0,13,3,1
CLEAR,DARKNESS,REAR END,NOT DIVIDED,,STRAIGHT AND LEVEL,DRY,UNKNOWN,NOT ON SCENE (DESK REPORT),NO INJURY / DRIVE AWAY,,,Y,"OVER $1,500",01/29/2025 19:35,FOLLOWING TOO CLOSELY,UNABLE TO DETERMINE,1503,W,63RD ST,725,,,,,,,2,NO INDICATION OF INJURY,0,0,0,0,0,2,0,19,4,1,2,0,19,4,1
CLEAR,DAYLIGHT,PARKED MOTOR VEHICLE,ONE-WAY,,STRAIGHT AND LEVEL,DRY,NO DEFECTS,NOT ON SCENE (DESK REPORT),NO INJURY / DRIVE AWAY,,,,"$501 - $1,500",01/29/2025 16:26,UNABLE TO DETERMINE,UNABLE TO DETERMINE,8401,S,HERMITAGE AVE,614,,,,,,,2,NO INDICATION OF INJURY,0,0,0,0,0,2,0,14,4,1,2,0,14,4,1
CLEAR,DAYLIGHT,PARKED MOTOR VEHICLE,DIVIDED - W/MEDIAN (NOT RAISED),,STRAIGHT AND LEVEL,DRY,UNKNOWN,NOT ON SCENE (DESK REPORT),NO INJURY / DRIVE AWAY,,,,"OVER $1,500",01/29/2025 16:40,UNABLE TO DETERMINE,NOT APPLICABLE,1634,N,MARSHFIELD AVE,1433,,,,,,,2,NO INDICATION OF INJURY,0,0,0,0,0,1,0,15,4,1,1,0,15,4,1
CLEAR,DAYLIGHT,PARKED MOTOR VEHICLE,NOT DIVIDED,,STRAIGHT AND LEVEL,DRY,NO DEFECTS,NOT ON SCENE (DESK REPORT),NO INJURY / DRIVE AWAY,,,Y,"OVER $1,500",03/17/2025 23:58,UNABLE TO DETERMINE,NOT APPLICABLE,2644,W,44TH ST,922,,,,,,,2,NO INDICATION OF INJURY,0,0,0,0,0,1,0,10,2,3,1,0,10,2,3
CLEAR,DAYLIGHT,REAR END,PARKING LOT,,STRAIGHT AND LEVEL,DRY,NO DEFECTS,ON SCENE,NO INJURY / DRIVE AWAY,,,Y,$500 OR LESS,05/24/2025 16:34,UNABLE TO DETERMINE,UNABLE TO DETERMINE,10300,S,WENTWORTH AVE,512,,,,,,,2,NO INDICATION OF INJURY,0,0,0,0,0,2,0,16,7,5,2,0,16,7,5
CLEAR,"DARKNESS, LIGHTED ROAD",ANGLE,FOUR WAY,,STRAIGHT AND LEVEL,WET,UNKNOWN,ON SCENE,INJURY AND / OR TOW DUE TO CRASH,,,Y,"OVER $1,500",02/09/2025 3:05,DISREGARDING STOP SIGN,DISREGARDING STOP SIGN,9600,S,AVENUE L,432,,,,,,,2,NO INDICATION OF INJURY,0,0,0,0,0,4,0,3,1,2,4,0,3,1,2
CLEAR,DAYLIGHT,REAR END,FOUR WAY,,STRAIGHT AND LEVEL,DRY,NO DEFECTS,ON SCENE,NO INJURY / DRIVE AWAY,Y,,,$500 OR LESS,01/17/2025 9:57,FAILING TO REDUCE SPEED TO AVOID CRASH,FOLLOWING TOO CLOSELY,3701,W,CHICAGO AVE,1112,,,,,,,2,NO INDICATION OF INJURY,0,0,0,0,0,3,0,9,6,1,3,0,9,6,1
CLEAR,DAYLIGHT,TURNING,NOT DIVIDED,,STRAIGHT AND LEVEL,DRY,NO DEFECTS,NOT ON SCENE (DESK REPORT),NO INJURY / DRIVE AWAY,,,,"OVER $1,500",01/29/2025 16:30,UNABLE TO DETERMINE,NOT APPLICABLE,1958,W,21ST ST,1234,,,,,,,2,NO INDICATION OF INJURY,0,0,0,0,0,2,0,7,3,1,2,0,7,3,1
CLEAR,DAYLIGHT,OTHER OBJECT,DIVIDED - W/MEDIAN BARRIER,,STRAIGHT AND LEVEL,DRY,UNKNOWN,ON SCENE,INJURY AND / OR TOW DUE TO CRASH,,,,"OVER $1,500",01/29/2025 7:22,UNABLE TO DETERMINE,NOT APPLICABLE,3111,N,LAKE SHORE DR,1934,,,,,,,1,NO INDICATION OF INJURY,0,0,0,0,0,3,0,7,4,1,3,0,7,4,1
CLEAR,DUSK,PEDALCYCLIST,FOUR WAY,,STRAIGHT AND LEVEL,DRY,UNKNOWN,,INJURY AND / OR TOW DUE TO CRASH,Y,,,"OVER $1,500",01/29/2025 17:24,DISREGARDING TRAFFIC SIGNALS,NOT APPLICABLE,2001,N,KOSTNER AVE,2522,,,,,,,2,NONINCAPACITATING INJURY,1,0,0,1,0,2,0,17,4,1,2,0,17,4,1
CLEAR,DAYLIGHT,SIDESWIPE SAME DIRECTION,T-INTERSECTION,,STRAIGHT AND LEVEL,DRY,NO DEFECTS,ON SCENE,INJURY AND / OR TOW DUE TO CRASH,Y,,,"OVER $1,500",01/29/2025 12:44,UNABLE TO DETERMINE,UNABLE TO DETERMINE,747,W,63RD ST,723,,,,,,,2,NO INDICATION OF INJURY,0,0,0,0,0,2,0,12,4,1,2,0,12,4,1
CLEAR,"DARKNESS, LIGHTED ROAD",SIDESWIPE SAME DIRECTION,FOUR WAY,,STRAIGHT AND LEVEL,DRY,NO DEFECTS,ON SCENE,INJURY AND / OR TOW DUE TO CRASH,Y,,Y,"OVER $1,500",03/17/2025 4:34,IMPROPER OVERTAKING/PASSING,NOT APPLICABLE,8901,S,STONY ISLAND AVE,413,,,,,,,2,NONINCAPACITATING INJURY,1,0,0,1,0,1,0,4,2,3,1,0,4,2,3
CLEAR,DAYLIGHT,PARKED MOTOR VEHICLE,NOT DIVIDED,,STRAIGHT AND LEVEL,DRY,NO DEFECTS,NOT ON SCENE (DESK REPORT),NO INJURY / DRIVE AWAY,,,,$500 OR LESS,02/09/2025 10:55,NOT APPLICABLE,NOT APPLICABLE,9432,S,EGGLESTON AVE,2223,,,,,,,2,NO INDICATION OF INJURY,0,0,0,0,0,1,0,10,1,2,1,0,10,1,2
CLEAR,"DARKNESS, LIGHTED ROAD",SIDESWIPE SAME DIRECTION,DIVIDED - W/MEDIAN BARRIER,,STRAIGHT AND LEVEL,DRY,NO DEFECTS,ON SCENE,INJURY AND / OR TOW DUE TO CRASH,,,,"OVER $1,500",02/09/2025 17:40,UNABLE TO DETERMINE,NOT APPLICABLE,7400,S,STONY ISLAND AVE,324,,,,,,,2,NONINCAPACITATING INJURY,4,0,0,4,0,0,0,17,1,2,0,0,17,1,2
CLEAR,DAYLIGHT,TURNING,FOUR WAY,,STRAIGHT AND LEVEL,DRY,NO DEFECTS,NOT ON SCENE (DESK REPORT),NO INJURY / DRIVE AWAY,,,,"OVER $1,500",01/29/2025 15:45,UNABLE TO DETERMINE,UNABLE TO DETERMINE,506,W,35TH ST,915,,,,,,,2,NO INDICATION OF INJURY,0,0,0,0,0,2,0,14,3,1,2,0,14,3,1
CLEAR,DAYLIGHT,PEDALCYCLIST,NOT DIVIDED,,STRAIGHT AND LEVEL,DRY,NO DEFECTS,NOT ON SCENE (DESK REPORT),INJURY AND / OR TOW DUE TO CRASH,,,,"OVER $1,500",10/27/2025 15:33,IMPROPER OVERTAKING/PASSING,NOT APPLICABLE,5048,S,KEELER AVE,815,,,,,,,2,NONINCAPACITATING INJURY,1,0,0,1,0,1,0,12,2,10,1,0,12,2,10
CLEAR,DAYLIGHT,REAR END,NOT DIVIDED,,STRAIGHT AND LEVEL,DRY,NO DEFECTS,ON SCENE,NO INJURY / DRIVE AWAY,,,,"OVER $1,500",01/29/2025 7:01,FOLLOWING TOO CLOSELY,NOT APPLICABLE,1830,W,119TH ST,2234,,,,,,,2,NO INDICATION OF INJURY,0,0,0,0,0,2,0,6,4,1,2,0,6,4,1
CLEAR,DAYLIGHT,SIDESWIPE SAME DIRECTION,DIVIDED - W/MEDIAN (NOT RAISED),,STRAIGHT AND LEVEL,DRY,UNKNOWN,ON SCENE,INJURY AND / OR TOW DUE TO CRASH,,,Y,"OVER $1,500",01/29/2025 8:15,IMPROPER OVERTAKING/PASSING,FAILING TO YIELD RIGHT-OF-WAY,1000,E,67TH ST,321,,,,,,,2,"REPORTED, NOT EVIDENT",1,0,0,0,1,1,0,8,4,1,1,0,8,4,1
CLEAR,DAYLIGHT,ANGLE,NOT DIVIDED,,STRAIGHT AND LEVEL,DRY,NO DEFECTS,NOT ON SCENE (DESK REPORT),INJURY AND / OR TOW DUE TO CRASH,Y,,,"OVER $1,500",10/27/2025 13:10,FAILING TO YIELD RIGHT-OF-WAY,NOT APPLICABLE,5800,S,WESTERN AVE,824,,,,,,,2,"REPORTED, NOT EVIDENT",2,0,0,0,2,1,0,12,2,10,1,0,12,2,10
CLEAR,DAYLIGHT,PARKED MOTOR VEHICLE,NOT DIVIDED,,STRAIGHT AND LEVEL,DRY,UNKNOWN,NOT ON SCENE (DESK REPORT),NO INJURY / DRIVE AWAY,,,,"OVER $1,500",02/09/2025 15:30,UNABLE TO DETERMINE,NOT APPLICABLE,4550,W,SUNNYSIDE AVE,1722,,,,,,,2,NO INDICATION OF INJURY,0,0,0,0,0,4,0,15,1,2,4,0,15,1,2
CLEAR,DAWN,TURNING,DIVIDED - W/MEDIAN (NOT RAISED),,STRAIGHT AND LEVEL,DRY,UNKNOWN,NOT ON SCENE (DESK REPORT),NO INJURY / DRIVE AWAY,Y,,Y,"OVER $1,500",03/17/2025 7:00,FAILING TO YIELD RIGHT-OF-WAY,FAILING TO REDUCE SPEED TO AVOID CRASH,8401,W,IRVING PARK RD,1631,,,,,,,2,NO INDICATION OF INJURY,0,0,0,0,0,2,0,6,2,3,2,0,6,2,3
CLEAR,DAYLIGHT,SIDESWIPE SAME DIRECTION,ONE-WAY,,STRAIGHT AND LEVEL,DRY,NO DEFECTS,NOT ON SCENE (DESK REPORT),NO INJURY / DRIVE AWAY,,,,"OVER $1,500",05/24/2025 12:10,FAILING TO YIELD RIGHT-OF-WAY,NOT APPLICABLE,10525,S,GREEN BAY AVE,432,,,,,,,2,NO INDICATION OF INJURY,0,0,0,0,0,2,0,10,7,5,2,0,10,7,5
CLEAR,DAYLIGHT,PARKED MOTOR VEHICLE,PARKING LOT,,STRAIGHT AND LEVEL,DRY,NO DEFECTS,NOT ON SCENE (DESK REPORT),NO INJURY / DRIVE AWAY,,Y,Y,"OVER $1,500",03/17/2025 10:54,UNABLE TO DETERMINE,UNABLE TO DETERMINE,5033,N,ELSTON AVE,1712,,,,,,,2,NO INDICATION OF INJURY,0,0,0,0,0,1,0,9,2,3,1,0,9,2,3
CLEAR,DAYLIGHT,ANGLE,NOT DIVIDED,,STRAIGHT AND LEVEL,UNKNOWN,UNKNOWN,NOT ON SCENE (DESK REPORT),NO INJURY / DRIVE AWAY,,,,"$501 - $1,500",01/28/2025 19:00,DISREGARDING STOP SIGN,DISREGARDING STOP SIGN,3600,W,OHIO ST,1122,,,,,,,2,NO INDICATION OF INJURY,0,0,0,0,0,2,0,16,3,1,2,0,16,3,1
CLEAR,DAYLIGHT,TURNING,T-INTERSECTION,,STRAIGHT AND LEVEL,DRY,NO DEFECTS,ON SCENE,INJURY AND / OR TOW DUE TO CRASH,,,,"OVER $1,500",01/29/2025 13:28,IMPROPER TURNING/NO SIGNAL,NOT APPLICABLE,6801,N,KEDZIE AVE,2411,,,,,,,2,NONINCAPACITATING INJURY,1,0,0,1,0,1,0,13,4,1,1,0,13,4,1
CLEAR,"DARKNESS, LIGHTED ROAD",PARKED MOTOR VEHICLE,NOT DIVIDED,,STRAIGHT AND LEVEL,DRY,NO DEFECTS,ON SCENE,INJURY AND / OR TOW DUE TO CRASH,,,Y,"OVER $1,500",10/27/2025 19:24,UNABLE TO DETERMINE,NOT APPLICABLE,298,E,40TH ST,213,,,,,,,2,NO INDICATION OF INJURY,0,0,0,0,0,1,0,19,2,10,1,0,19,2,10
CLEAR,DAYLIGHT,ANGLE,NOT DIVIDED,,STRAIGHT AND LEVEL,DRY,UNKNOWN,NOT ON SCENE (DESK REPORT),NO INJURY / DRIVE AWAY,,,,"OVER $1,500",04/06/2025 9:15,UNABLE TO DETERMINE,UNABLE TO DETERMINE,1828,W,MARQUETTE RD,726,,,,,,,2,NO INDICATION OF INJURY,0,0,0,0,0,2,0,8,1,4,2,0,8,1,4
CLEAR,DAYLIGHT,PARKED MOTOR VEHICLE,NOT DIVIDED,,STRAIGHT AND LEVEL,DRY,NO DEFECTS,ON SCENE,NO INJURY / DRIVE AWAY,,,Y,"$501 - $1,500",01/29/2025 15:35,UNABLE TO DETERMINE,NOT APPLICABLE,1509,S,KEDZIE AVE,1022,,,,,,,2,NO INDICATION OF INJURY,0,0,0,0,0,1,0,15,4,1,1,0,15,4,1
CLEAR,UNKNOWN,TURNING,FOUR WAY,,STRAIGHT AND LEVEL,UNKNOWN,UNKNOWN,NOT ON SCENE (DESK REPORT),NO INJURY / DRIVE AWAY,Y,,,"$501 - $1,500",01/29/2025 20:10,UNABLE TO DETERMINE,UNABLE TO DETERMINE,1525,W,CORTLAND ST,1433,,,,,,,2,NO INDICATION OF INJURY,0,0,0,0,0,2,0,17,6,1,2,0,17,6,1
CLEAR,DAYLIGHT,PEDESTRIAN,T-INTERSECTION,,STRAIGHT AND LEVEL,DRY,NO DEFECTS,NOT ON SCENE (DESK REPORT),NO INJURY / DRIVE AWAY,,,Y,"OVER $1,500",01/29/2025 13:18,FAILING TO YIELD RIGHT-OF-WAY,FOLLOWING TOO CLOSELY,101,N,MICHIGAN AVE,114,,,,,,,2,NO INDICATION OF INJURY,0,0,0,0,0,2,0,7,4,1,2,0,7,4,1
CLEAR,DAYLIGHT,ANGLE,FOUR WAY,,STRAIGHT AND LEVEL,DRY,NO DEFECTS,ON SCENE,NO INJURY / DRIVE AWAY,Y,,,"OVER $1,500",01/29/2025 13:00,UNABLE TO DETERMINE,NOT APPLICABLE,8905,S,PHILLIPS AVE,423,,,,,,,2,NO INDICATION OF INJURY,0,0,0,0,0,2,0,10,4,1,2,0,10,4,1
CLEAR,"DARKNESS, LIGHTED ROAD",PARKED MOTOR VEHICLE,CENTER TURN LANE,,STRAIGHT AND LEVEL,UNKNOWN,UNKNOWN,ON SCENE,INJURY AND / OR TOW DUE TO CRASH,,,,"OVER $1,500",10/27/2025 2:42,"DISTRACTION - OTHER ELECTRONIC DEVICE (NAVIGATION DEVICE, DVD PLAYER, ETC.)",DISTRACTION - FROM INSIDE VEHICLE,3006,W,DIVERSEY AVE,1411,,,,,,,2,NO INDICATION OF INJURY,0,0,0,0,0,1,0,2,2,10,1,0,2,2,10
UNKNOWN,UNKNOWN,PARKED MOTOR VEHICLE,DRIVEWAY,,STRAIGHT AND LEVEL,UNKNOWN,UNKNOWN,NOT ON SCENE (DESK REPORT),NO INJURY / DRIVE AWAY,,Y,Y,"$501 - $1,500",04/06/2025 17:30,UNABLE TO DETERMINE,NOT APPLICABLE,4318,N,SHERIDAN RD,1915,,,,,,,2,NO INDICATION OF INJURY,0,0,0,0,0,1,0,9,1,4,1,0,9,1,4
CLEAR,DARKNESS,PARKED MOTOR VEHICLE,NOT DIVIDED,,STRAIGHT AND LEVEL,OTHER,UNKNOWN,NOT ON SCENE (DESK REPORT),NO INJURY / DRIVE AWAY,,,N,"OVER $1,500",04/07/2025 10:05,EQUIPMENT - VEHICLE CONDITION,NOT APPLICABLE,1108,W,110TH ST,2234,,,,,,,2,NO INDICATION OF INJURY,0,0,0,0,0,2,0,12,1,4,2,0,12,1,4
CLEAR,DAYLIGHT,TURNING,DIVIDED - W/MEDIAN (NOT RAISED),,STRAIGHT AND LEVEL,DRY,NO DEFECTS,NOT ON SCENE (DESK REPORT),NO INJURY / DRIVE AWAY,,,,"$501 - $1,500",04/06/2025 16:00,UNABLE TO DETERMINE,NOT APPLICABLE,1321,W,AUGUSTA BLVD,1213,,,,,,,2,NO INDICATION OF INJURY,0,0,0,0,0,2,0,15,1,4,2,0,15,1,4
CLEAR,DAYLIGHT,ANGLE,NOT DIVIDED,,STRAIGHT AND LEVEL,DRY,NO DEFECTS,ON SCENE,INJURY AND / OR TOW DUE TO CRASH,Y,,,"OVER $1,500",01/28/2025 13:26,DISREGARDING TRAFFIC SIGNALS,UNABLE TO DETERMINE,3300,S,UNION AVE,915,,Y,,,,,2,NONINCAPACITATING INJURY,2,0,0,2,0,3,0,13,3,1,3,0,13,3,1
CLEAR,"DARKNESS, LIGHTED ROAD",ANGLE,FOUR WAY,,STRAIGHT AND LEVEL,DRY,NO DEFECTS,ON SCENE,NO INJURY / DRIVE AWAY,Y,,,"OVER $1,500",01/28/2025 21:25,FAILING TO YIELD RIGHT-OF-WAY,NOT APPLICABLE,1398,W,70TH ST,734,,,,,,,2,NO INDICATION OF INJURY,0,0,0,0,0,2,0,21,3,1,2,0,21,3,1
UNKNOWN,UNKNOWN,PARKED MOTOR VEHICLE,NOT DIVIDED,,STRAIGHT AND LEVEL,UNKNOWN,UNKNOWN,NOT ON SCENE (DESK REPORT),NO INJURY / DRIVE AWAY,,,Y,"OVER $1,500",01/29/2025 17:35,UNABLE TO DETERMINE,UNABLE TO DETERMINE,8128,S,BENNETT AVE,414,,,,,,,2,NO INDICATION OF INJURY,0,0,0,0,0,1,0,16,4,1,1,0,16,4,1
CLEAR,UNKNOWN,PARKED MOTOR VEHICLE,ONE-WAY,,STRAIGHT AND LEVEL,DRY,"RUT, HOLES",ON SCENE,NO INJURY / DRIVE AWAY,,,Y,"OVER $1,500",01/29/2025 9:00,FAILING TO REDUCE SPEED TO AVOID CRASH,"OPERATING VEHICLE IN ERRATIC, RECKLESS, CARELESS, NEGLIGENT OR AGGRESSIVE MANNER",3118,W,ARGYLE ST,1713,,,,,,,2,NO INDICATION OF INJURY,0,0,0,0,0,1,0,0,4,1,1,0,0,4,1
CLEAR,DAYLIGHT,SIDESWIPE SAME DIRECTION,NOT DIVIDED,,STRAIGHT AND LEVEL,UNKNOWN,UNKNOWN,NOT ON SCENE (DESK REPORT),NO INJURY / DRIVE AWAY,,,,"OVER $1,500",01/29/2025 15:40,IMPROPER OVERTAKING/PASSING,NOT APPLICABLE,4884,S,ARCHER AVE,821,,,,,,,2,NO INDICATION OF INJURY,0,0,0,0,0,4,0,15,4,1,4,0,15,4,1
CLEAR,"DARKNESS, LIGHTED ROAD",REAR END,NOT DIVIDED,,STRAIGHT AND LEVEL,DRY,NO DEFECTS,NOT ON SCENE (DESK REPORT),NO INJURY / DRIVE AWAY,,,Y,"OVER $1,500",05/24/2025 12:00,UNABLE TO DETERMINE,UNABLE TO DETERMINE,3110,S,KEDZIE AVE,1032,,,,,,,2,NO INDICATION OF INJURY,0,0,0,0,0,2,0,0,7,5,2,0,0,7,5
CLEAR,"DARKNESS, LIGHTED ROAD",SIDESWIPE SAME DIRECTION,NOT DIVIDED,,STRAIGHT AND LEVEL,DRY,NO DEFECTS,NOT ON SCENE (DESK REPORT),NO INJURY / DRIVE AWAY,,,Y,"OVER $1,500",04/06/2025 2:09,FOLLOWING TOO CLOSELY,FAILING TO REDUCE SPEED TO AVOID CRASH,7600,S,VINCENNES AVE,623,,,,,,,2,NO INDICATION OF INJURY,0,0,0,0,0,2,0,1,1,4,2,0,1,1,4
CLEAR,DAYLIGHT,REAR TO FRONT,NOT DIVIDED,,STRAIGHT AND LEVEL,UNKNOWN,UNKNOWN,NOT ON SCENE (DESK REPORT),NO INJURY / DRIVE AWAY,,,,"OVER $1,500",05/24/2025 18:06,DRIVING SKILLS/KNOWLEDGE/EXPERIENCE,NOT APPLICABLE,3416,W,57TH ST,822,,,,,,,2,NO INDICATION OF INJURY,0,0,0,0,0,4,0,17,7,5,4,0,17,7,5
UNKNOWN,UNKNOWN,SIDESWIPE SAME DIRECTION,NOT DIVIDED,,STRAIGHT AND LEVEL,UNKNOWN,UNKNOWN,NOT ON SCENE (DESK REPORT),NO INJURY / DRIVE AWAY,,,,"$501 - $1,500",01/28/2025 20:40,UNABLE TO DETERMINE,NOT APPLICABLE,1637,W,95TH ST,2213,,,,,,,2,NO INDICATION OF INJURY,0,0,0,0,0,2,0,17,3,1,2,0,17,3,1
CLEAR,DAYLIGHT,PARKED MOTOR VEHICLE,ONE-WAY,,STRAIGHT AND LEVEL,DRY,NO DEFECTS,NOT ON SCENE (DESK REPORT),NO INJURY / DRIVE AWAY,,,Y,"OVER $1,500",01/29/2025 9:45,UNABLE TO DETERMINE,UNABLE TO DETERMINE,3301,W,MAYPOLE AVE,1123,,,,,,,2,NO INDICATION OF INJURY,0,0,0,0,0,1,0,16,3,1,1,0,16,3,1