WEATHER_CONDITION,LIGHTING_CONDITION,FIRST_CRASH_TYPE,TRAFFICWAY_TYPE,LANE_CNT,ALIGNMENT,ROADWAY_SURFACE_COND,ROAD_DEFECT,REPORT_TYPE,CRASH_TYPE,INTERSECTION_RELATED_I,NOT_RIGHT_OF_WAY_I,HIT_AND_RUN_I,DAMAGE,DATE_POLICE_NOTIFIED,PRIM_CONTRIBUTORY_CAUSE,SEC_CONTRIBUTORY_CAUSE,STREET_NO,STREET_DIRECTION,STREET_NAME,BEAT_OF_OCCURRENCE,PHOTOS_TAKEN_I,STATEMENTS_TAKEN_I,DOORING_I,WORK_ZONE_I,WORK_ZONE_TYPE,WORKERS_PRESENT_I,NUM_UNITS,MOST_SEVERE_INJURY,INJURIES_TOTAL,INJURIES_FATAL,INJURIES_INCAPACITATING,INJURIES_NON_INCAPACITATING,INJURIES_REPORTED_NOT_EVIDENT,INJURIES_NO_INDICATION,INJURIES_UNKNOWN,CRASH_HOUR,CRASH_DAY_OF_WEEK,CRASH_MONTH,INJURIES_NO_INDICATION,INJURIES_UNKNOWN,CRASH_HOUR,CRASH_DAY_OF_WEEK,CRASH_MONTH
CLEAR,DAYLIGHT,SIDESWIPE SAME DIRECTION,NOT DIVIDED,,STRAIGHT AND LEVEL,DRY,NO DEFECTS,ON SCENE,NO INJURY / DRIVE AWAY,,,,"OVER $1,500",01/29/2025 7:30,"VISION OBSCURED (SIGNS, TREE LIMBS, BUILDINGS, ETC.)",UNABLE TO DETERMINE,5515,W,IRVING PARK RD,1633,,,,,,,2,NO INDICATION OF INJURY,0,0,0,0,0,2,0,7,4,1,2,0,7,4,1
CLEAR,DAYLIGHT,REAR END,NOT DIVIDED,,STRAIGHT AND LEVEL,DRY,NO DEFECTS,NOT ON SCENE (DESK REPORT),NO INJURY / DRIVE AWAY,,,,"OVER $1,500",01/29/2025 10:00,FOLLOWING TOO CLOSELY,UNABLE TO DETERMINE,4500,W,63RD ST,813,,,,,,,2,NO INDICATION OF INJURY,0,0,0,0,0,2,0,9,4,1,2,0,9,4,1
CLEAR,DUSK,REAR TO SIDE,PARKING LOT,,STRAIGHT AND LEVEL,DRY,NO DEFECTS,NOT ON SCENE (DESK REPORT),NO INJURY / DRIVE AWAY,,,,"$501 - $1,500",01/29/2025 17:15,UNABLE TO DETERMINE,UNABLE TO DETERMINE,3108,S,HALSTED ST,913,,,,,,,2,NO INDICATION OF INJURY,0,0,0,0,0,2,0,16,4,1,2,0,16,4,1
CLEAR,"DARKNESS, LIGHTED ROAD",PARKED MOTOR VEHICLE,NOT DIVIDED,,STRAIGHT AND LEVEL,DRY,UNKNOWN,ON SCENE,NO INJURY / DRIVE AWAY,,,Y,"OVER $1,500",01/29/2025 21:03,UNABLE TO DETERMINE,NOT APPLICABLE,3144,W,POPE JOHN PAUL II DR,921,,,,,,,2,NO INDICATION OF INJURY,0,0,0,0,0,1,0,16,4,1,1,0,16,4,1
CLEAR,DUSK,REAR END,FOUR WAY,,STRAIGHT AND LEVEL,DRY,NO DEFECTS,ON SCENE,INJURY AND / OR TOW DUE TO CRASH,Y,,,"OVER $1,500",04/06/2025 19:16,FOLLOWING TOO CLOSELY,FAILING TO REDUCE SPEED TO AVOID CRASH,5800,N,SHERIDAN RD,2022,,,,,,,2,NO INDICATION OF INJURY,0,0,0,0,0,2,0,19,1,4,2,0,19,1,4
CLEAR,DAYLIGHT,REAR TO SIDE,PARKING LOT,,STRAIGHT AND LEVEL,DRY,NO DEFECTS,NOT ON SCENE (DESK REPORT),NO INJURY / DRIVE AWAY,,,,"$501 - $1,500",02/09/2025 14:17,IMPROPER BACKING,UNABLE TO DETERMINE,10900,S,DOTY AVE E,513,,,,,,,2,NO INDICATION OF INJURY,0,0,0,0,0,3,0,11,1,2,3,0,11,1,2
CLEAR,DAYLIGHT,TURNING,DIVIDED - W/MEDIAN (NOT RAISED),,STRAIGHT AND LEVEL,UNKNOWN,UNKNOWN,,NO INJURY / DRIVE AWAY,,,,"OVER $1,500",01/17/2025 18:20,IMPROPER OVERTAKING/PASSING,IMPROPER OVERTAKING/PASSING,5949,W,IRVING PARK RD,1633,,,,,,,2,NO INDICATION OF INJURY,0,0,0,0,0,2,0,15,6,1,2,0,15,6,1
CLEAR,DUSK,SIDESWIPE SAME DIRECTION,NOT DIVIDED,,STRAIGHT AND LEVEL,DRY,NO DEFECTS,NOT ON SCENE (DESK REPORT),NO INJURY / DRIVE AWAY,,,,"OVER $1,500",01/29/2025 8:30,UNABLE TO DETERMINE,NOT APPLICABLE,829,N,MICHIGAN AVE,1833,,,,,,,2,NO INDICATION OF INJURY,0,0,0,0,0,2,0,17,3,1,2,0,17,3,1
CLEAR,DAYLIGHT,TURNING,NOT DIVIDED,,STRAIGHT AND LEVEL,DRY,NO DEFECTS,NOT ON SCENE (DESK REPORT),NO INJURY / DRIVE AWAY,,,,"OVER $1,500",01/29/2025 13:15,IMPROPER TURNING/NO SIGNAL,NOT APPLICABLE,3935,S,ARCHER AVE,921,,,,,,,2,NO INDICATION OF INJURY,0,0,0,0,0,2,0,14,3,1,2,0,14,3,1
CLEAR,DAYLIGHT,TURNING,NOT DIVIDED,,STRAIGHT AND LEVEL,UNKNOWN,UNKNOWN,,NO INJURY / DRIVE AWAY,,,,"OVER $1,500",01/29/2025 17:13,DRIVING SKILLS/KNOWLEDGE/EXPERIENCE,NOT APPLICABLE,2800,S,KEDZIE AVE,1032,,,,,,,2,NO INDICATION OF INJURY,0,0,0,0,0,3,0,16,4,1,3,0,16,4,1
CLEAR,DAYLIGHT,REAR END,DIVIDED - W/MEDIAN (NOT RAISED),,STRAIGHT AND LEVEL,DRY,NO DEFECTS,NOT ON SCENE (DESK REPORT),NO INJURY / DRIVE AWAY,,,,"OVER $1,500",01/29/2025 9:40,UNABLE TO DETERMINE,UNABLE TO DETERMINE,2555,N,PULASKI RD,2524,,,,,,,2,NO INDICATION OF INJURY,0,0,0,0,0,2,0,8,4,1,2,0,8,4,1
CLOUDY/OVERCAST,DAWN,PARKED MOTOR VEHICLE,ONE-WAY,,STRAIGHT AND LEVEL,SNOW OR SLUSH,NO DEFECTS,ON SCENE,INJURY AND / OR TOW DUE TO CRASH,,,Y,"OVER $1,500",02/09/2025 6:47,UNDER THE INFLUENCE OF ALCOHOL/DRUGS (USE WHEN ARREST IS EFFECTED),"OPERATING VEHICLE IN ERRATIC, RECKLESS, CARELESS, NEGLIGENT OR AGGRESSIVE MANNER",2752,S,KEELER AVE,1031,,,,,,,2,NO INDICATION OF INJURY,0,0,0,0,0,1,0,6,1,2,1,0,6,1,2
CLEAR,UNKNOWN,PARKED MOTOR VEHICLE,NOT DIVIDED,,STRAIGHT AND LEVEL,UNKNOWN,UNKNOWN,NOT ON SCENE (DESK REPORT),NO INJURY / DRIVE AWAY,,,Y,"OVER $1,500",02/10/2025 13:10,UNABLE TO DETERMINE,NOT APPLICABLE,5412,W,POTOMAC AVE,2532,,,,,,,2,NO INDICATION OF INJURY,0,0,0,0,0,1,0,19,1,2,1,0,19,1,2
CLEAR,DAYLIGHT,ANGLE,FOUR WAY,,STRAIGHT AND LEVEL,DRY,UNKNOWN,ON SCENE,INJURY AND / OR TOW DUE TO CRASH,Y,N,,"OVER $1,500",03/17/2025 15:21,FAILING TO YIELD RIGHT-OF-WAY,UNABLE TO DETERMINE,1925,W,MARQUETTE RD,726,,,,,,,2,"REPORTED, NOT EVIDENT",2,0,0,0,2,0,0,15,2,3,0,0,15,2,3
CLEAR,"DARKNESS, LIGHTED ROAD",PARKED MOTOR VEHICLE,ONE-WAY,,STRAIGHT AND LEVEL,DRY,NO DEFECTS,NOT ON SCENE (DESK REPORT),NO INJURY / DRIVE AWAY,,,,$500 OR LESS,03/17/2025 23:30,FAILING TO REDUCE SPEED TO AVOID CRASH,DRIVING SKILLS/KNOWLEDGE/EXPERIENCE,111,W,HURON ST,1832,,,,,,,2,NO INDICATION OF INJURY,0,0,0,0,0,1,0,22,2,3,1,0,22,2,3
CLEAR,"DARKNESS, LIGHTED ROAD",ANGLE,NOT DIVIDED,,STRAIGHT AND LEVEL,DRY,NO DEFECTS,ON SCENE,INJURY AND / OR TOW DUE TO CRASH,,,Y,"OVER $1,500",01/25/2025 1:08,FAILING TO YIELD RIGHT-OF-WAY,NOT APPLICABLE,500,E,76TH ST,624,,,,,,,2,"REPORTED, NOT EVIDENT",1,0,0,0,1,1,0,0,7,1,1,0,0,7,1
UNKNOWN,UNKNOWN,SIDESWIPE SAME DIRECTION,"FIVE POINT, OR MORE",,STRAIGHT AND LEVEL,UNKNOWN,UNKNOWN,NOT ON SCENE (DESK REPORT),NO INJURY / DRIVE AWAY,Y,,,"OVER $1,500",01/29/2025 11:00,UNABLE TO DETERMINE,UNABLE TO DETERMINE,1355,W,18TH ST,1233,,,,,,,2,NO INDICATION OF INJURY,0,0,0,0,0,2,0,18,1,1,2,0,18,1,1
CLEAR,DAYLIGHT,ANGLE,NOT DIVIDED,,STRAIGHT AND LEVEL,DRY,NO DEFECTS,ON SCENE,INJURY AND / OR TOW DUE TO CRASH,Y,,,"OVER $1,500",01/29/2025 7:34,UNABLE TO DETERMINE,NOT APPLICABLE,5900,S,NARRAGANSETT AVE,811,,,,,,,2,NO INDICATION OF INJURY,0,0,0,0,0,5,0,7,4,1,5,0,7,4,1
CLEAR,DAYLIGHT,SIDESWIPE SAME DIRECTION,NOT DIVIDED,,STRAIGHT AND LEVEL,UNKNOWN,UNKNOWN,NOT ON SCENE (DESK REPORT),NO INJURY / DRIVE AWAY,,,,"$501 - $1,500",04/06/2025 13:30,FAILING TO YIELD RIGHT-OF-WAY,NOT APPLICABLE,1141,N,ASHLAND AVE,1213,,,,,,,2,NO INDICATION OF INJURY,0,0,0,0,0,2,0,12,1,4,2,0,12,1,4
CLEAR,DARKNESS,PARKED MOTOR VEHICLE,NOT DIVIDED,,STRAIGHT AND LEVEL,DRY,NO DEFECTS,ON SCENE,INJURY AND / OR TOW DUE TO CRASH,,,Y,"OVER $1,500",04/06/2025 16:23,UNABLE TO DETERMINE,UNABLE TO DETERMINE,1907,N,CENTRAL PARK AVE,1422,,,,,,,2,NO INDICATION OF INJURY,0,0,0,0,0,1,0,4,1,4,1,0,4,1,4
UNKNOWN,DAYLIGHT,SIDESWIPE SAME DIRECTION,DIVIDED - W/MEDIAN (NOT RAISED),,STRAIGHT AND LEVEL,UNKNOWN,UNKNOWN,NOT ON SCENE (DESK REPORT),NO INJURY / DRIVE AWAY,,,,"OVER $1,500",05/28/2025 18:30,FAILING TO YIELD RIGHT-OF-WAY,NOT APPLICABLE,8900,S,BRANDON AVE,424,,,,,,,2,NO INDICATION OF INJURY,0,0,0,0,0,2,0,14,7,5,2,0,14,7,5
CLEAR,"DARKNESS, LIGHTED ROAD",PARKED MOTOR VEHICLE,NOT DIVIDED,,STRAIGHT AND LEVEL,DRY,NO DEFECTS,NOT ON SCENE (DESK REPORT),NO INJURY / DRIVE AWAY,,,Y,"$501 - $1,500",03/17/2025 10:30,NOT APPLICABLE,NOT APPLICABLE,7332,N,RIDGE BLVD,2411,,,,,,,2,NO INDICATION OF INJURY,0,0,0,0,0,1,0,7,2,3,1,0,7,2,3
CLEAR,"DARKNESS, LIGHTED ROAD",FIXED OBJECT,FOUR WAY,,STRAIGHT AND LEVEL,DRY,NO DEFECTS,ON SCENE,INJURY AND / OR TOW DUE TO CRASH,Y,,,"OVER $1,500",05/24/2025 20:26,UNABLE TO DETERMINE,UNABLE TO DETERMINE,1001,E,130TH ST,533,,,,,,,1,NO INDICATION OF INJURY,0,0,0,0,0,2,0,20,7,5,2,0,20,7,5
CLEAR,"DARKNESS, LIGHTED ROAD",REAR END,NOT DIVIDED,,STRAIGHT AND LEVEL,DRY,NO DEFECTS,NOT ON SCENE (DESK REPORT),NO INJURY / DRIVE AWAY,,,,"OVER $1,500",01/29/2025 18:00,FOLLOWING TOO CLOSELY,NOT APPLICABLE,2600,N,WESTERN AVE,1411,,,,,,,2,NO INDICATION OF INJURY,0,0,0,0,0,2,0,22,3,1,2,0,22,3,1
UNKNOWN,UNKNOWN,PARKED MOTOR VEHICLE,UNKNOWN,,STRAIGHT AND LEVEL,UNKNOWN,UNKNOWN,NOT ON SCENE (DESK REPORT),NO INJURY / DRIVE AWAY,,,Y,"OVER $1,500",01/29/2025 15:00,UNABLE TO DETERMINE,UNABLE TO DETERMINE,6326,W,HERMIONE ST,1611,,,,,,,2,NO INDICATION OF INJURY,0,0,0,0,0,1,0,4,4,1,1,0,4,4,1
CLEAR,"DARKNESS, LIGHTED ROAD",FIXED OBJECT,DIVIDED - W/MEDIAN BARRIER,,STRAIGHT AND LEVEL,DRY,NO DEFECTS,ON SCENE,INJURY AND / OR TOW DUE TO CRASH,,,,"OVER $1,500",01/29/2025 18:21,UNABLE TO DETERMINE,NOT APPLICABLE,1000,S,CLARK ST,123,,,,,,,1,"REPORTED, NOT EVIDENT",1,0,0,0,1,0,0,18,4,1,0,0,18,4,1
CLEAR,"DARKNESS, LIGHTED ROAD",SIDESWIPE SAME DIRECTION,T-INTERSECTION,,STRAIGHT AND LEVEL,DRY,UNKNOWN,ON SCENE,NO INJURY / DRIVE AWAY,,,,$500 OR LESS,05/24/2025 23:10,EQUIPMENT - VEHICLE CONDITION,UNABLE TO DETERMINE,100,S,LAKE SHORE DR SB,114,,,,,,,2,NO INDICATION OF INJURY,0,0,0,0,0,2,0,23,7,5,2,0,23,7,5
CLEAR,DAYLIGHT,REAR END,DIVIDED - W/MEDIAN (NOT RAISED),,STRAIGHT AND LEVEL,DRY,UNKNOWN,NOT ON SCENE (DESK REPORT),INJURY AND / OR TOW DUE TO CRASH,,,,"OVER $1,500",03/17/2025 8:50,FOLLOWING TOO CLOSELY,UNABLE TO DETERMINE,1358,W,18TH ST,1233,,,,,,,2,"REPORTED, NOT EVIDENT",1,0,0,0,1,1,0,7,2,3,1,0,7,2,3
CLEAR,DAYLIGHT,SIDESWIPE SAME DIRECTION,DIVIDED - W/MEDIAN (NOT RAISED),,STRAIGHT AND LEVEL,DRY,NO DEFECTS,,NO INJURY / DRIVE AWAY,,,,"$501 - $1,500",03/17/2025 11:15,IMPROPER OVERTAKING/PASSING,IMPROPER LANE USAGE,30,E,IDA B WELLS DR,113,,,,,,,2,NO INDICATION OF INJURY,0,0,0,0,0,2,0,11,2,3,2,0,11,2,3
UNKNOWN,DARKNESS,PARKED MOTOR VEHICLE,PARKING LOT,,STRAIGHT AND LEVEL,DRY,NO DEFECTS,NOT ON SCENE (DESK REPORT),NO INJURY / DRIVE AWAY,,,Y,"OVER $1,500",03/17/2025 16:45,UNABLE TO DETERMINE,PHYSICAL CONDITION OF DRIVER,4138,W,JACKSON BLVD,1115,,,,,,,2,NO INDICATION OF INJURY,0,0,0,0,0,1,0,1,2,3,1,0,1,2,3
SNOW,"DARKNESS, LIGHTED ROAD",FIXED OBJECT,NOT DIVIDED,,STRAIGHT AND LEVEL,SNOW OR SLUSH,NO DEFECTS,NOT ON SCENE (DESK REPORT),NO INJURY / DRIVE AWAY,,,,"OVER $1,500",01/29/2025 13:45,WEATHER,NOT APPLICABLE,2676,S,CALIFORNIA BLVD,1034,,,,,,,1,NO INDICATION OF INJURY,0,0,0,0,0,1,0,22,4,1,1,0,22,4,1
UNKNOWN,UNKNOWN,ANGLE,NOT DIVIDED,,STRAIGHT AND LEVEL,UNKNOWN,UNKNOWN,NOT ON SCENE (DESK REPORT),NO INJURY / DRIVE AWAY,Y,,,$500 OR LESS,01/29/2025 16:43,UNABLE TO DETERMINE,UNABLE TO DETERMINE,1480,W,SHERWIN AVE,2423,,,,,,,2,NO INDICATION OF INJURY,0,0,0,0,0,2,0,15,4,1,2,0,15,4,1
UNKNOWN,UNKNOWN,PARKED MOTOR VEHICLE,NOT DIVIDED,,STRAIGHT AND LEVEL,UNKNOWN,UNKNOWN,NOT ON SCENE (DESK REPORT),NO INJURY / DRIVE AWAY,Y,,,"OVER $1,500",01/29/2025 13:21,NOT APPLICABLE,NOT APPLICABLE,327,S,PLYMOUTH CT,113,,,,,,,2,NO INDICATION OF INJURY,0,0,0,0,0,1,0,12,4,1,1,0,12,4,1
CLEAR,DAYLIGHT,SIDESWIPE SAME DIRECTION,UNKNOWN,,STRAIGHT AND LEVEL,DRY,NO DEFECTS,NOT ON SCENE (DESK REPORT),NO INJURY / DRIVE AWAY,,,,"OVER $1,500",01/29/2025 14:00,UNABLE TO DETERMINE,UNABLE TO DETERMINE,6000,S,STATE ST,311,,,,,,,2,NO INDICATION OF INJURY,0,0,0,0,0,2,0,12,4,1,2,0,12,4,1
CLEAR,DAYLIGHT,PEDESTRIAN,NOT DIVIDED,,STRAIGHT AND LEVEL,DRY,NO DEFECTS,ON SCENE,INJURY AND / OR TOW DUE TO CRASH,,,,$500 OR LESS,03/17/2025 7:44,FOLLOWING TOO CLOSELY,"VISION OBSCURED (SIGNS, TREE LIMBS, BUILDINGS, ETC.)",1499,W,CERMAK RD,1235,,,,,,,2,"REPORTED, NOT EVIDENT",1,0,0,0,1,1,0,7,2,3,1,0,7,2,3
CLEAR,DAYLIGHT,SIDESWIPE SAME DIRECTION,DIVIDED - W/MEDIAN BARRIER,,STRAIGHT AND LEVEL,DRY,NO DEFECTS,ON SCENE,NO INJURY / DRIVE AWAY,,,Y,"$501 - $1,500",05/24/2025 11:41,UNABLE TO DETERMINE,NOT APPLICABLE,198,N,ASHLAND AVE,1224,,,,,,,2,NO INDICATION OF INJURY,0,0,0,0,0,2,0,11,7,5,2,0,11,7,5
UNKNOWN,UNKNOWN,PARKED MOTOR VEHICLE,FOUR WAY,,STRAIGHT AND LEVEL,UNKNOWN,UNKNOWN,ON SCENE,NO INJURY / DRIVE AWAY,,,Y,"OVER $1,500",01/26/2025 11:31,UNABLE TO DETERMINE,UNABLE TO DETERMINE,5453,S,WOOD ST,932,,,,,,,3,NO INDICATION OF INJURY,0,0,0,0,0,1,0,20,7,1,1,0,20,7,1
OTHER,DAYLIGHT,TURNING,NOT DIVIDED,,STRAIGHT AND LEVEL,UNKNOWN,UNKNOWN,NOT ON SCENE (DESK REPORT),NO INJURY / DRIVE AWAY,Y,,,"$501 - $1,500",01/28/2025 12:30,UNABLE TO DETERMINE,UNABLE TO DETERMINE,5600,W,63RD ST,812,,,,,,,2,NO INDICATION OF INJURY,0,0,0,0,0,3,0,11,3,1,3,0,11,3,1
CLEAR,DUSK,REAR END,NOT DIVIDED,,STRAIGHT AND LEVEL,DRY,NO DEFECTS,NOT ON SCENE (DESK REPORT),NO INJURY / DRIVE AWAY,,,N,"$501 - $1,500",01/28/2025 22:40,UNABLE TO DETERMINE,NOT APPLICABLE,6706,S,KEDZIE AVE,831,,,,,,,2,NO INDICATION OF INJURY,0,0,0,0,0,3,0,18,3,1,3,0,18,3,1
CLEAR,"DARKNESS, LIGHTED ROAD",PARKED MOTOR VEHICLE,NOT DIVIDED,,STRAIGHT AND LEVEL,DRY,NO DEFECTS,ON SCENE,INJURY AND / OR TOW DUE TO CRASH,,,Y,"$501 - $1,500",01/29/2025 2:42,UNABLE TO DETERMINE,UNABLE TO DETERMINE,5746,W,ROOSEVELT RD,1513,,,,,,,2,NO INDICATION OF INJURY,0,0,0,0,0,2,0,2,4,1,2,0,2,4,1
CLEAR,DAYLIGHT,SIDESWIPE SAME DIRECTION,NOT DIVIDED,,STRAIGHT AND LEVEL,DRY,NO DEFECTS,NOT ON SCENE (DESK REPORT),NO INJURY / DRIVE AWAY,,,,"OVER $1,500",01/29/2025 9:10,IMPROPER LANE USAGE,IMPROPER LANE USAGE,9501,S,LOOMIS ST,2213,,,,,,,2,NO INDICATION OF INJURY,0,0,0,0,0,2,0,8,4,1,2,0,8,4,1
CLEAR,"DARKNESS, LIGHTED ROAD",TURNING,FOUR WAY,,STRAIGHT AND LEVEL,DRY,NO DEFECTS,ON SCENE,NO INJURY / DRIVE AWAY,Y,,,"OVER $1,500",01/29/2025 21:21,FAILING TO YIELD RIGHT-OF-WAY,IMPROPER TURNING/NO SIGNAL,98,N,CLARK ST,122,,,,,,,2,NO INDICATION OF INJURY,0,0,0,0,0,3,0,21,4,1,3,0,21,4,1
CLEAR,DUSK,SIDESWIPE SAME DIRECTION,OTHER,,STRAIGHT AND LEVEL,DRY,UNKNOWN,NOT ON SCENE (DESK REPORT),NO INJURY / DRIVE AWAY,,,Y,"$501 - $1,500",01/29/2025 19:50,UNABLE TO DETERMINE,NOT APPLICABLE,1600,W,119TH ST,2234,,,,,,,2,NO INDICATION OF INJURY,0,0,0,0,0,2,0,18,4,1,2,0,18,4,1
CLEAR,DAYLIGHT,FIXED OBJECT,FOUR WAY,,STRAIGHT AND LEVEL,DRY,UNKNOWN,ON SCENE,INJURY AND / OR TOW DUE TO CRASH,Y,,,"OVER $1,500",03/17/2025 12:22,DISREGARDING STOP SIGN,FAILING TO YIELD RIGHT-OF-WAY,901,N,CENTRAL AVE,1524,,,,,,,1,NONINCAPACITATING INJURY,2,0,0,2,0,0,0,12,2,3,0,0,12,2,3
CLEAR,DAYLIGHT,TURNING,DIVIDED - W/MEDIAN (NOT RAISED),,STRAIGHT AND LEVEL,DRY,NO DEFECTS,ON SCENE,INJURY AND / OR TOW DUE TO CRASH,,,,"OVER $1,500",09/10/2023 20:32,FAILING TO YIELD RIGHT-OF-WAY,DRIVING SKILLS/KNOWLEDGE/EXPERIENCE,11,N,BESSIE COLEMAN DR,1654,,,,,,,2,NONINCAPACITATING INJURY,2,0,0,2,0,0,0,20,1,9,0,0,20,1,9
CLEAR,"DARKNESS, LIGHTED ROAD",HEAD ON,FOUR WAY,,STRAIGHT AND LEVEL,DRY,NO DEFECTS,ON SCENE,INJURY AND / OR TOW DUE TO CRASH,,,Y,"OVER $1,500",07/31/2023 2:02,UNABLE TO DETERMINE,UNABLE TO DETERMINE,9730,S,COMMERCIAL AVE,431,,,,,,,2,NO INDICATION OF INJURY,0,0,0,0,0,2,0,2,2,7,2,0,2,2,7
CLEAR,DARKNESS,REAR END,DIVIDED - W/MEDIAN BARRIER,,STRAIGHT AND LEVEL,DRY,NO DEFECTS,NOT ON SCENE (DESK REPORT),INJURY AND / OR TOW DUE TO CRASH,,,,"OVER $1,500",01/28/2025 19:55,FOLLOWING TOO CLOSELY,NOT APPLICABLE,8942,S,STONY ISLAND AVE,413,,,,,,,2,"REPORTED, NOT EVIDENT",2,0,0,0,2,1,0,18,3,1,1,0,18,3,1
CLEAR,DAYLIGHT,PARKED MOTOR VEHICLE,NOT DIVIDED,,STRAIGHT AND LEVEL,DRY,UNKNOWN,ON SCENE,NO INJURY / DRIVE AWAY,,,,"$501 - $1,500",01/28/2025 13:56,"VISION OBSCURED (SIGNS, TREE LIMBS, BUILDINGS, ETC.)",NOT APPLICABLE,4100,W,84TH ST,834,,,,,,,2,NO INDICATION OF INJURY,0,0,0,0,0,1,0,13,3,1,1,0,13,3,1
CLEAR,DAYLIGHT,SIDESWIPE OPPOSITE DIRECTION,PARKING LOT,,STRAIGHT AND LEVEL,DRY,NO DEFECTS,ON SCENE,NO INJURY / DRIVE AWAY,,Y,Y,"OVER $1,500",01/29/2025 10:20,UNABLE TO DETERMINE,UNABLE TO DETERMINE,207,W,79TH ST,623,,,,,,,2,NO INDICATION OF INJURY,0,0,0,0,0,2,0,9,4,1,2,0,9,4,1
CLEAR,DUSK,TURNING,DIVIDED - W/MEDIAN (NOT RAISED),,STRAIGHT AND LEVEL,DRY,UNKNOWN,ON SCENE,INJURY AND / OR TOW DUE TO CRASH,Y,,,"OVER $1,500",01/29/2025 18:51,DRIVING SKILLS/KNOWLEDGE/EXPERIENCE,UNABLE TO DETERMINE,2801,W,LOGAN BLVD,1414,,,,,,,2,NO INDICATION OF INJURY,0,0,0,0,0,2,0,18,4,1,2,0,18,4,1
UNKNOWN,UNKNOWN,SIDESWIPE SAME DIRECTION,ONE-WAY,,STRAIGHT AND LEVEL,UNKNOWN,UNKNOWN,NOT ON SCENE (DESK REPORT),NO INJURY / DRIVE AWAY,,,,"$501 - $1,500",01/29/2025 17:30,DRIVING SKILLS/KNOWLEDGE/EXPERIENCE,UNABLE TO DETERMINE,10,E,RANDOLPH ST,111,,,,,,,2,NO INDICATION OF INJURY,0,0,0,0,0,2,0,16,4,1,2,0,16,4,1
CLEAR,DAYLIGHT,ANGLE,FOUR WAY,,STRAIGHT AND LEVEL,DRY,NO DEFECTS,,NO INJURY / DRIVE AWAY,Y,,,"OVER $1,500",03/21/2025 14:48,UNABLE TO DETERMINE,UNABLE TO DETERMINE,1598,W,15TH ST,1233,,,,,,,3,NO INDICATION OF INJURY,0,0,0,0,0,4,0,14,6,3,4,0,14,6,3
CLEAR,DAYLIGHT,SIDESWIPE SAME DIRECTION,OTHER,,STRAIGHT AND LEVEL,DRY,NO DEFECTS,NOT ON SCENE (DESK REPORT),NO INJURY / DRIVE AWAY,,,Y,$500 OR LESS,03/17/2025 15:43,IMPROPER BACKING,NOT APPLICABLE,5758,S,MARYLAND AVE,235,,,,,,,2,NO INDICATION OF INJURY,0,0,0,0,0,3,0,10,2,3,3,0,10,2,3
CLEAR,DAYLIGHT,TURNING,NOT DIVIDED,,STRAIGHT AND LEVEL,DRY,NO DEFECTS,ON SCENE,INJURY AND / OR TOW DUE TO CRASH,,,,"OVER $1,500",03/17/2025 17:54,UNABLE TO DETERMINE,NOT APPLICABLE,4700,S,JUSTINE ST,933,,,,,,,2,"REPORTED, NOT EVIDENT",2,0,0,0,2,3,0,17,2,3,3,0,17,2,3
CLEAR,DAYLIGHT,PARKED MOTOR VEHICLE,ONE-WAY,,STRAIGHT AND LEVEL,DRY,NO DEFECTS,NOT ON SCENE (DESK REPORT),NO INJURY / DRIVE AWAY,,,Y,"$501 - $1,500",03/17/2025 17:08,IMPROPER BACKING,NOT APPLICABLE,1632,W,ALBION AVE,2432,,,,,,,2,NO INDICATION OF INJURY,0,0,0,0,0,2,0,16,2,3,2,0,16,2,3
CLEAR,DAYLIGHT,SIDESWIPE SAME DIRECTION,FOUR WAY,,STRAIGHT AND LEVEL,DRY,NO DEFECTS,NOT ON SCENE (DESK REPORT),NO INJURY / DRIVE AWAY,,,,"OVER $1,500",05/24/2025 18:45,UNABLE TO DETERMINE,NOT APPLICABLE,400,W,BELMONT AVE,1925,,,,,,,2,NO INDICATION OF INJURY,0,0,0,0,0,3,0,18,7,5,3,0,18,7,5
CLEAR,DAYLIGHT,PEDESTRIAN,ONE-WAY,,STRAIGHT AND LEVEL,UNKNOWN,UNKNOWN,ON SCENE,NO INJURY / DRIVE AWAY,Y,,,$500 OR LESS,03/17/2025 8:23,UNABLE TO DETERMINE,NOT APPLICABLE,6400,S,ROCKWELL ST,825,,,,,,,2,NO INDICATION OF INJURY,0,0,0,0,0,2,0,8,2,3,2,0,8,2,3
CLEAR,DAYLIGHT,SIDESWIPE SAME DIRECTION,DIVIDED - W/MEDIAN BARRIER,,STRAIGHT AND LEVEL,DRY,NO DEFECTS,ON SCENE,INJURY AND / OR TOW DUE TO CRASH,,,,"OVER $1,500",01/28/2025 9:00,IMPROPER OVERTAKING/PASSING,EQUIPMENT - VEHICLE CONDITION,2135,E,71ST ST,333,,,,,,,3,NO INDICATION OF INJURY,0,0,0,0,0,8,0,8,3,1,8,0,8,3,1
CLEAR,DAYLIGHT,PARKED MOTOR VEHICLE,DIVIDED - W/MEDIAN (NOT RAISED),,STRAIGHT AND LEVEL,DRY,UNKNOWN,NOT ON SCENE (DESK REPORT),NO INJURY / DRIVE AWAY,,,Y,"OVER $1,500",01/29/2025 16:10,IMPROPER BACKING,NOT APPLICABLE,3425,W,LYNDALE ST,1413,,,,,,,2,NO INDICATION OF INJURY,0,0,0,0,0,1,0,14,4,1,1,0,14,4,1