WEATHER_CONDITION,LIGHTING_CONDITION,FIRST_CRASH_TYPE,TRAFFICWAY_TYPE,LANE_CNT,ALIGNMENT,ROADWAY_SURFACE_COND,ROAD_DEFECT,REPORT_TYPE,CRASH_TYPE,INTERSECTION_RELATED_I,NOT_RIGHT_OF_WAY_I,HIT_AND_RUN_I,DAMAGE,DATE_POLICE_NOTIFIED,PRIM_CONTRIBUTORY_CAUSE,SEC_CONTRIBUTORY_CAUSE,STREET_NO,STREET_DIRECTION,STREET_NAME,BEAT_OF_OCCURRENCE,PHOTOS_TAKEN_I,STATEMENTS_TAKEN_I,DOORING_I,WORK_ZONE_I,WORK_ZONE_TYPE,WORKERS_PRESENT_I,NUM_UNITS,MOST_SEVERE_INJURY,INJURIES_TOTAL,INJURIES_FATAL,INJURIES_INCAPACITATING,INJURIES_NON_INCAPACITATING,INJURIES_REPORTED_NOT_EVIDENT,INJURIES_NO_INDICATION,INJURIES_UNKNOWN,CRASH_HOUR,CRASH_DAY_OF_WEEK,CRASH_MONTH,INJURIES_NO_INDICATION,INJURIES_UNKNOWN,CRASH_HOUR,CRASH_DAY_OF_WEEK,CRASH_MONTH
CLEAR,"DARKNESS, LIGHTED ROAD",ANGLE,DIVIDED - W/MEDIAN (NOT RAISED),,STRAIGHT AND LEVEL,DRY,NO DEFECTS,ON SCENE,INJURY AND / OR TOW DUE TO CRASH,Y,,Y,"OVER $1,500",04/06/2025 3:01,DISREGARDING TRAFFIC SIGNALS,NOT APPLICABLE,3000,W,MADISON ST,1222,,,,,,,2,"REPORTED, NOT EVIDENT",1,0,0,0,1,3,0,3,1,4,3,0,3,1,4
CLEAR,"DARKNESS, LIGHTED ROAD",SIDESWIPE SAME DIRECTION,DIVIDED - W/MEDIAN BARRIER,,STRAIGHT AND LEVEL,DRY,NO DEFECTS,NOT ON SCENE (DESK REPORT),INJURY AND / OR TOW DUE TO CRASH,,,,"OVER $1,500",02/10/2025 11:45,UNABLE TO DETERMINE,NOT APPLICABLE,111,W,WACKER DR,122,,,,,,,2,"REPORTED, NOT EVIDENT",1,0,0,0,1,3,0,0,1,2,3,0,0,1,2
UNKNOWN,UNKNOWN,PARKED MOTOR VEHICLE,DIVIDED - W/MEDIAN (NOT RAISED),,STRAIGHT AND LEVEL,UNKNOWN,UNKNOWN,NOT ON SCENE (DESK REPORT),NO INJURY / DRIVE AWAY,,,Y,"OVER $1,500",01/15/2025 14:50,UNABLE TO DETERMINE,UNABLE TO DETERMINE,116,S,HALSTED ST,1232,,,,,,,2,NO INDICATION OF INJURY,0,0,0,0,0,1,0,6,4,1,1,0,6,4,1
CLEAR,DARKNESS,PARKED MOTOR VEHICLE,NOT DIVIDED,,STRAIGHT AND LEVEL,DRY,NO DEFECTS,ON SCENE,INJURY AND / OR TOW DUE TO CRASH,,,Y,"OVER $1,500",04/06/2025 20:37,UNABLE TO DETERMINE,UNABLE TO DETERMINE,6821,S,RACINE AVE,724,,,,,,,3,NO INDICATION OF INJURY,0,0,0,0,0,1,0,20,1,4,1,0,20,1,4
SNOW,"DARKNESS, LIGHTED ROAD",TURNING,DIVIDED - W/MEDIAN (NOT RAISED),,STRAIGHT AND LEVEL,UNKNOWN,UNKNOWN,,INJURY AND / OR TOW DUE TO CRASH,Y,,,"OVER $1,500",01/15/2025 22:00,UNABLE TO DETERMINE,NOT APPLICABLE,2534,W,FULLERTON AVE,1431,,,,,,,2,NO INDICATION OF INJURY,0,0,0,0,0,2,0,22,4,1,2,0,22,4,1
OTHER,"DARKNESS, LIGHTED ROAD",FIXED OBJECT,NOT DIVIDED,,STRAIGHT AND LEVEL,ICE,NO DEFECTS,ON SCENE,INJURY AND / OR TOW DUE TO CRASH,,,,"OVER $1,500",02/09/2025 5:20,WEATHER,NOT APPLICABLE,229,E,LAKE SHORE DR,1833,,Y,,,,,1,NO INDICATION OF INJURY,0,0,0,0,0,1,0,5,1,2,1,0,5,1,2
CLEAR,DAYLIGHT,REAR END,FOUR WAY,,STRAIGHT AND LEVEL,DRY,NO DEFECTS,ON SCENE,NO INJURY / DRIVE AWAY,Y,,Y,"$501 - $1,500",02/09/2025 12:04,FAILING TO REDUCE SPEED TO AVOID CRASH,NOT APPLICABLE,5000,N,PULASKI RD,1712,,N,,,,,2,NO INDICATION OF INJURY,0,0,0,0,0,2,0,11,1,2,2,0,11,1,2
CLEAR,DAYLIGHT,SIDESWIPE SAME DIRECTION,FOUR WAY,,STRAIGHT AND LEVEL,DRY,NO DEFECTS,NOT ON SCENE (DESK REPORT),NO INJURY / DRIVE AWAY,,,Y,"OVER $1,500",03/17/2025 21:10,DRIVING SKILLS/KNOWLEDGE/EXPERIENCE,NOT APPLICABLE,7901,S,STATE ST,623,,,,,,,2,NO INDICATION OF INJURY,0,0,0,0,0,2,0,13,2,3,2,0,13,2,3
CLEAR,DARKNESS,REAR END,DIVIDED - W/MEDIAN (NOT RAISED),,STRAIGHT AND LEVEL,DRY,NO DEFECTS,NOT ON SCENE (DESK REPORT),NO INJURY / DRIVE AWAY,,,,$500 OR LESS,01/16/2025 10:25,UNABLE TO DETERMINE,UNABLE TO DETERMINE,5900,S,MORGAN ST,712,,,,,,,2,NO INDICATION OF INJURY,0,0,0,0,0,2,0,20,4,1,2,0,20,4,1
CLEAR,DAYLIGHT,SIDESWIPE SAME DIRECTION,NOT DIVIDED,,STRAIGHT AND LEVEL,DRY,NO DEFECTS,,NO INJURY / DRIVE AWAY,,,Y,"$501 - $1,500",01/15/2025 17:55,UNABLE TO DETERMINE,UNABLE TO DETERMINE,8700,S,VINCENNES AVE,2222,,,,,,,2,NO INDICATION OF INJURY,0,0,0,0,0,2,0,17,4,1,2,0,17,4,1
CLEAR,DAYLIGHT,SIDESWIPE SAME DIRECTION,NOT DIVIDED,,STRAIGHT AND LEVEL,DRY,NO DEFECTS,ON SCENE,NO INJURY / DRIVE AWAY,,,,"OVER $1,500",02/09/2025 13:42,FAILING TO YIELD RIGHT-OF-WAY,NOT APPLICABLE,3820,N,CENTRAL AVE,1633,,Y,,,,,2,NO INDICATION OF INJURY,0,0,0,0,0,4,0,13,1,2,4,0,13,1,2
CLEAR,DAYLIGHT,REAR END,DIVIDED - W/MEDIAN BARRIER,,STRAIGHT AND LEVEL,DRY,UNKNOWN,ON SCENE,INJURY AND / OR TOW DUE TO CRASH,,,,"$501 - $1,500",01/15/2025 10:04,FAILING TO REDUCE SPEED TO AVOID CRASH,FAILING TO REDUCE SPEED TO AVOID CRASH,3039,N,LAKE SHORE DR NB,1934,,,,,,,3,NONINCAPACITATING INJURY,2,0,0,1,1,2,0,10,4,1,2,0,10,4,1
CLEAR,DAYLIGHT,REAR END,NOT DIVIDED,,STRAIGHT AND LEVEL,DRY,NO DEFECTS,NOT ON SCENE (DESK REPORT),NO INJURY / DRIVE AWAY,,,,"OVER $1,500",05/24/2025 15:36,FOLLOWING TOO CLOSELY,FOLLOWING TOO CLOSELY,9900,S,CLAREMONT AVE,2213,,,,,,,2,NO INDICATION OF INJURY,0,0,0,0,0,2,0,15,7,5,2,0,15,7,5
UNKNOWN,DAYLIGHT,PARKED MOTOR VEHICLE,NOT DIVIDED,,STRAIGHT AND LEVEL,UNKNOWN,UNKNOWN,NOT ON SCENE (DESK REPORT),NO INJURY / DRIVE AWAY,,,Y,"OVER $1,500",01/15/2025 16:30,UNABLE TO DETERMINE,NOT APPLICABLE,5772,N,AVONDALE AVE,1612,,,,,,,2,NO INDICATION OF INJURY,0,0,0,0,0,1,0,7,4,1,1,0,7,4,1
CLEAR,DAYLIGHT,REAR END,NOT DIVIDED,,STRAIGHT AND LEVEL,DRY,NO DEFECTS,NOT ON SCENE (DESK REPORT),NO INJURY / DRIVE AWAY,,,Y,"OVER $1,500",05/24/2025 18:34,FOLLOWING TOO CLOSELY,NOT APPLICABLE,3201,W,47TH ST,821,,,,,,,2,NO INDICATION OF INJURY,0,0,0,0,0,3,0,17,7,5,3,0,17,7,5
CLEAR,"DARKNESS, LIGHTED ROAD",PARKED MOTOR VEHICLE,NOT DIVIDED,,STRAIGHT AND LEVEL,DRY,UNKNOWN,ON SCENE,INJURY AND / OR TOW DUE TO CRASH,,,,"OVER $1,500",02/09/2025 17:39,UNDER THE INFLUENCE OF ALCOHOL/DRUGS (USE WHEN ARREST IS EFFECTED),UNDER THE INFLUENCE OF ALCOHOL/DRUGS (USE WHEN ARREST IS EFFECTED),7850,S,KNOX AVE,834,,,,,,,4,NO INDICATION OF INJURY,0,0,0,0,0,1,0,17,1,2,1,0,17,1,2
CLEAR,DAYLIGHT,REAR END,NOT DIVIDED,,STRAIGHT AND LEVEL,DRY,NO DEFECTS,NOT ON SCENE (DESK REPORT),NO INJURY / DRIVE AWAY,Y,,Y,"$501 - $1,500",01/15/2025 17:30,FOLLOWING TOO CLOSELY,NOT APPLICABLE,5957,N,WESTERN AVE,2012,,,,,,,2,NO INDICATION OF INJURY,0,0,0,0,0,2,0,17,4,1,2,0,17,4,1
CLEAR,DAYLIGHT,REAR END,NOT DIVIDED,,STRAIGHT AND LEVEL,DRY,NO DEFECTS,NOT ON SCENE (DESK REPORT),NO INJURY / DRIVE AWAY,,,Y,"$501 - $1,500",03/18/2025 15:58,UNABLE TO DETERMINE,NOT APPLICABLE,800,W,119TH ST,524,,,,,,,2,NO INDICATION OF INJURY,0,0,0,0,0,2,0,18,2,3,2,0,18,2,3
CLEAR,DAYLIGHT,PEDALCYCLIST,NOT DIVIDED,,STRAIGHT AND LEVEL,DRY,NO DEFECTS,NOT ON SCENE (DESK REPORT),NO INJURY / DRIVE AWAY,,,,"$501 - $1,500",09/11/2023 11:11,IMPROPER OVERTAKING/PASSING,NOT APPLICABLE,900,N,ORLEANS ST,1823,,,,,,,2,NO INDICATION OF INJURY,0,0,0,0,0,2,0,10,5,8,2,0,10,5,8
CLEAR,"DARKNESS, LIGHTED ROAD",FIXED OBJECT,DIVIDED - W/MEDIAN (NOT RAISED),,STRAIGHT AND LEVEL,DRY,UNKNOWN,ON SCENE,INJURY AND / OR TOW DUE TO CRASH,,,,"OVER $1,500",05/24/2025 23:48,DRIVING ON WRONG SIDE/WRONG WAY,NOT APPLICABLE,4252,N,CICERO AVE,1624,,,,,,,1,NO INDICATION OF INJURY,0,0,0,0,0,1,0,23,7,5,1,0,23,7,5
CLEAR,DAYLIGHT,TURNING,FOUR WAY,,STRAIGHT AND LEVEL,DRY,NO DEFECTS,ON SCENE,INJURY AND / OR TOW DUE TO CRASH,Y,,,"OVER $1,500",01/15/2025 16:46,FAILING TO YIELD RIGHT-OF-WAY,DRIVING SKILLS/KNOWLEDGE/EXPERIENCE,500,N,ORLEANS ST,1831,,,,,,,2,NO INDICATION OF INJURY,0,0,0,0,0,3,0,16,4,1,3,0,16,4,1
CLEAR,DAYLIGHT,SIDESWIPE SAME DIRECTION,ONE-WAY,,STRAIGHT AND LEVEL,DRY,NO DEFECTS,ON SCENE,NO INJURY / DRIVE AWAY,,,Y,"OVER $1,500",01/15/2025 8:50,UNABLE TO DETERMINE,UNABLE TO DETERMINE,634,W,BUENA AVE,1915,,,,,,,2,NO INDICATION OF INJURY,0,0,0,0,0,2,0,8,4,1,2,0,8,4,1
CLEAR,"DARKNESS, LIGHTED ROAD",PARKED MOTOR VEHICLE,NOT DIVIDED,,STRAIGHT AND LEVEL,DRY,NO DEFECTS,ON SCENE,NO INJURY / DRIVE AWAY,,,Y,"$501 - $1,500",05/24/2025 1:27,IMPROPER BACKING,NOT APPLICABLE,2414,W,FARGO AVE,2411,,,,,,,2,NO INDICATION OF INJURY,0,0,0,0,0,1,0,1,7,5,1,0,1,7,5
CLEAR,DAYLIGHT,PARKED MOTOR VEHICLE,PARKING LOT,,STRAIGHT ON GRADE,DRY,NO DEFECTS,ON SCENE,NO INJURY / DRIVE AWAY,,,,$500 OR LESS,05/24/2025 19:00,UNABLE TO DETERMINE,UNABLE TO DETERMINE,2545,W,111TH ST,2212,,,,,,,2,NO INDICATION OF INJURY,0,0,0,0,0,1,0,18,7,5,1,0,18,7,5
CLEAR,DAYLIGHT,REAR END,FOUR WAY,,STRAIGHT AND LEVEL,DRY,NO DEFECTS,ON SCENE,INJURY AND / OR TOW DUE TO CRASH,Y,,Y,"OVER $1,500",05/24/2025 16:43,FAILING TO REDUCE SPEED TO AVOID CRASH,NOT APPLICABLE,12600,S,AVENUE O,433,,,,,,,2,NONINCAPACITATING INJURY,1,0,0,1,0,3,0,16,7,5,3,0,16,7,5
CLEAR,DAYLIGHT,TURNING,DIVIDED - W/MEDIAN (NOT RAISED),,STRAIGHT AND LEVEL,DRY,NO DEFECTS,ON SCENE,NO INJURY / DRIVE AWAY,,,,"OVER $1,500",10/24/2022 7:45,IMPROPER OVERTAKING/PASSING,NOT APPLICABLE,2607,S,CALIFORNIA AVE,1034,,,,,,,2,NO INDICATION OF INJURY,0,0,0,0,0,3,0,7,2,10,3,0,7,2,10
CLEAR,"DARKNESS, LIGHTED ROAD",PARKED MOTOR VEHICLE,ONE-WAY,,STRAIGHT AND LEVEL,SNOW OR SLUSH,UNKNOWN,ON SCENE,NO INJURY / DRIVE AWAY,,,,"OVER $1,500",01/15/2025 0:48,NOT APPLICABLE,NOT APPLICABLE,4055,W,21ST ST,1012,,,,,,,3,NO INDICATION OF INJURY,0,0,0,0,0,1,0,0,4,1,1,0,0,4,1
CLEAR,"DARKNESS, LIGHTED ROAD",REAR END,DIVIDED - W/MEDIAN (NOT RAISED),,STRAIGHT AND LEVEL,DRY,NO DEFECTS,ON SCENE,INJURY AND / OR TOW DUE TO CRASH,Y,,,"OVER $1,500",01/15/2025 18:26,IMPROPER LANE USAGE,UNABLE TO DETERMINE,2759,W,MARQUETTE RD,831,,,,,,,2,NO INDICATION OF INJURY,0,0,0,0,0,3,0,18,4,1,3,0,18,4,1
CLEAR,DAYLIGHT,TURNING,NOT DIVIDED,,STRAIGHT AND LEVEL,DRY,NO DEFECTS,NOT ON SCENE (DESK REPORT),NO INJURY / DRIVE AWAY,,,,"OVER $1,500",05/24/2025 15:40,IMPROPER TURNING/NO SIGNAL,NOT APPLICABLE,1469,W,16TH ST,1233,,,,,,,2,NO INDICATION OF INJURY,0,0,0,0,0,2,0,15,7,5,2,0,15,7,5
CLEAR,"DARKNESS, LIGHTED ROAD",REAR END,NOT DIVIDED,,STRAIGHT AND LEVEL,DRY,NO DEFECTS,,NO INJURY / DRIVE AWAY,,,Y,"OVER $1,500",01/17/2025 19:17,UNABLE TO DETERMINE,UNABLE TO DETERMINE,5631,W,51ST ST,811,,,,,,,2,NO INDICATION OF INJURY,0,0,0,0,0,2,0,19,6,1,2,0,19,6,1
CLEAR,DAYLIGHT,TURNING,NOT DIVIDED,,STRAIGHT AND LEVEL,DRY,UNKNOWN,ON SCENE,INJURY AND / OR TOW DUE TO CRASH,Y,,,"OVER $1,500",03/17/2025 7:36,FAILING TO REDUCE SPEED TO AVOID CRASH,NOT APPLICABLE,3101,N,PULASKI RD,2523,,N,,,,,2,NONINCAPACITATING INJURY,1,0,0,1,0,1,0,7,2,3,1,0,7,2,3
CLEAR,DAYLIGHT,PARKED MOTOR VEHICLE,NOT DIVIDED,,STRAIGHT AND LEVEL,DRY,NO DEFECTS,ON SCENE,NO INJURY / DRIVE AWAY,,,,"OVER $1,500",04/06/2025 15:25,UNABLE TO DETERMINE,UNABLE TO DETERMINE,3446,S,UNION AVE,915,,,,,,,2,NO INDICATION OF INJURY,0,0,0,0,0,1,0,15,1,4,1,0,15,1,4
CLEAR,"DARKNESS, LIGHTED ROAD",PARKED MOTOR VEHICLE,NOT DIVIDED,,STRAIGHT AND LEVEL,DRY,NO DEFECTS,ON SCENE,NO INJURY / DRIVE AWAY,,,,"$501 - $1,500",04/06/2025 20:43,DRIVING SKILLS/KNOWLEDGE/EXPERIENCE,NOT APPLICABLE,2019,W,71ST ST,735,,,,,,,2,NO INDICATION OF INJURY,0,0,0,0,0,2,0,20,1,4,2,0,20,1,4
CLEAR,DAYLIGHT,SIDESWIPE SAME DIRECTION,NOT DIVIDED,,STRAIGHT AND LEVEL,DRY,NO DEFECTS,NOT ON SCENE (DESK REPORT),NO INJURY / DRIVE AWAY,,,Y,"OVER $1,500",01/15/2025 9:33,UNABLE TO DETERMINE,UNABLE TO DETERMINE,6601,W,ARCHER AVE,811,,,,,,,2,NO INDICATION OF INJURY,0,0,0,0,0,2,0,6,4,1,2,0,6,4,1
CLEAR,DAYLIGHT,PARKED MOTOR VEHICLE,OTHER,,STRAIGHT AND LEVEL,DRY,NO DEFECTS,ON SCENE,NO INJURY / DRIVE AWAY,,,,"OVER $1,500",05/24/2025 10:20,IMPROPER OVERTAKING/PASSING,NOT APPLICABLE,1158,E,47TH ST,222,,,,,,,2,NO INDICATION OF INJURY,0,0,0,0,0,3,0,10,7,5,3,0,10,7,5
CLEAR,"DARKNESS, LIGHTED ROAD",PARKED MOTOR VEHICLE,ONE-WAY,,STRAIGHT AND LEVEL,DRY,UNKNOWN,NOT ON SCENE (DESK REPORT),NO INJURY / DRIVE AWAY,,,Y,"OVER $1,500",01/16/2025 17:00,UNABLE TO DETERMINE,UNABLE TO DETERMINE,2858,S,TRIPP AVE,1031,,,,,,,2,NO INDICATION OF INJURY,0,0,0,0,0,1,0,3,4,1,1,0,3,4,1
CLEAR,DAYLIGHT,ANGLE,ALLEY,,STRAIGHT AND LEVEL,DRY,NO DEFECTS,NOT ON SCENE (DESK REPORT),NO INJURY / DRIVE AWAY,,,,"OVER $1,500",05/24/2025 18:03,FAILING TO YIELD RIGHT-OF-WAY,IMPROPER OVERTAKING/PASSING,10945,S,STATE ST,513,,,,,,,2,NO INDICATION OF INJURY,0,0,0,0,0,3,0,14,7,5,3,0,14,7,5
CLEAR,DAYLIGHT,SIDESWIPE SAME DIRECTION,NOT DIVIDED,,STRAIGHT AND LEVEL,DRY,NO DEFECTS,ON SCENE,NO INJURY / DRIVE AWAY,,,,$500 OR LESS,02/09/2025 16:52,IMPROPER OVERTAKING/PASSING,IMPROPER OVERTAKING/PASSING,2929,W,FULLERTON AVE,1414,,,,,,,2,NO INDICATION OF INJURY,0,0,0,0,0,2,0,16,1,2,2,0,16,1,2
CLEAR,DAYLIGHT,PARKED MOTOR VEHICLE,NOT DIVIDED,,STRAIGHT AND LEVEL,UNKNOWN,UNKNOWN,NOT ON SCENE (DESK REPORT),NO INJURY / DRIVE AWAY,,,,"OVER $1,500",01/15/2025 8:30,UNABLE TO DETERMINE,UNABLE TO DETERMINE,16,N,HOYNE AVE,1223,,,,,,,2,NO INDICATION OF INJURY,0,0,0,0,0,2,0,8,4,1,2,0,8,4,1
CLEAR,"DARKNESS, LIGHTED ROAD",REAR END,DIVIDED - W/MEDIAN (NOT RAISED),,STRAIGHT AND LEVEL,DRY,NO DEFECTS,NOT ON SCENE (DESK REPORT),NO INJURY / DRIVE AWAY,Y,,,"OVER $1,500",05/24/2025 20:30,FOLLOWING TOO CLOSELY,NOT APPLICABLE,8700,S,LAFAYETTE AVE,634,,,,,,,2,NO INDICATION OF INJURY,0,0,0,0,0,2,0,20,7,5,2,0,20,7,5
CLEAR,DAYLIGHT,FIXED OBJECT,NOT DIVIDED,,STRAIGHT AND LEVEL,DRY,NO DEFECTS,ON SCENE,NO INJURY / DRIVE AWAY,,Y,Y,"OVER $1,500",05/24/2025 17:15,UNABLE TO DETERMINE,UNABLE TO DETERMINE,316,N,AVERS AVE,1122,Y,,,,,,1,NO INDICATION OF INJURY,0,0,0,0,0,1,0,17,7,5,1,0,17,7,5
CLEAR,"DARKNESS, LIGHTED ROAD",TURNING,FOUR WAY,,STRAIGHT AND LEVEL,DRY,NO DEFECTS,,NO INJURY / DRIVE AWAY,Y,,Y,"OVER $1,500",04/06/2025 5:40,"OPERATING VEHICLE IN ERRATIC, RECKLESS, CARELESS, NEGLIGENT OR AGGRESSIVE MANNER",FAILING TO REDUCE SPEED TO AVOID CRASH,5101,S,WESTERN BLVD,932,,,,,,,2,NO INDICATION OF INJURY,0,0,0,0,0,3,0,5,1,4,3,0,5,1,4
CLEAR,DAYLIGHT,ANGLE,FOUR WAY,,STRAIGHT AND LEVEL,DRY,NO DEFECTS,ON SCENE,INJURY AND / OR TOW DUE TO CRASH,Y,,,"OVER $1,500",01/15/2025 9:00,IMPROPER LANE USAGE,UNABLE TO DETERMINE,8000,S,HALSTED ST,621,N,N,,,,,3,NO INDICATION OF INJURY,0,0,0,0,0,3,0,8,4,1,3,0,8,4,1
CLEAR,DAYLIGHT,PARKED MOTOR VEHICLE,ONE-WAY,,STRAIGHT AND LEVEL,DRY,NO DEFECTS,ON SCENE,INJURY AND / OR TOW DUE TO CRASH,,,Y,"OVER $1,500",02/09/2025 17:17,DRIVING ON WRONG SIDE/WRONG WAY,NOT APPLICABLE,5201,S,HOMAN AVE,822,,,,,,,2,NO INDICATION OF INJURY,0,0,0,0,0,1,0,16,1,2,1,0,16,1,2
UNKNOWN,UNKNOWN,ANGLE,UNKNOWN INTERSECTION TYPE,,STRAIGHT AND LEVEL,UNKNOWN,UNKNOWN,NOT ON SCENE (DESK REPORT),NO INJURY / DRIVE AWAY,Y,,,"OVER $1,500",02/09/2025 3:00,FAILING TO YIELD RIGHT-OF-WAY,UNABLE TO DETERMINE,704,W,CERMAK RD,1235,,,,,,,2,NO INDICATION OF INJURY,0,0,0,0,0,3,0,2,1,2,3,0,2,1,2
CLEAR,DAYLIGHT,REAR END,NOT DIVIDED,,STRAIGHT AND LEVEL,DRY,NO DEFECTS,NOT ON SCENE (DESK REPORT),NO INJURY / DRIVE AWAY,Y,,,"OVER $1,500",05/25/2025 9:35,UNABLE TO DETERMINE,UNABLE TO DETERMINE,9300,S,STONY ISLAND AVE,413,,,,,,,2,NO INDICATION OF INJURY,0,0,0,0,0,2,0,12,7,5,2,0,12,7,5
CLEAR,DAYLIGHT,SIDESWIPE SAME DIRECTION,NOT DIVIDED,,STRAIGHT AND LEVEL,DRY,UNKNOWN,ON SCENE,NO INJURY / DRIVE AWAY,,,,"$501 - $1,500",10/27/2025 17:32,IMPROPER OVERTAKING/PASSING,RELATED TO BUS STOP,1501,W,51ST ST,934,,,,,,,2,NO INDICATION OF INJURY,0,0,0,0,0,3,0,17,2,10,3,0,17,2,10
CLEAR,DAYLIGHT,REAR END,NOT DIVIDED,,STRAIGHT AND LEVEL,DRY,NO DEFECTS,NOT ON SCENE (DESK REPORT),NO INJURY / DRIVE AWAY,,,Y,"$501 - $1,500",08/05/2025 17:10,UNABLE TO DETERMINE,NOT APPLICABLE,4444,W,MONTROSE AVE,1722,,,,,,,2,NO INDICATION OF INJURY,0,0,0,0,0,2,0,12,3,8,2,0,12,3,8
CLEAR,DARKNESS,PARKED MOTOR VEHICLE,NOT DIVIDED,,STRAIGHT AND LEVEL,DRY,NO DEFECTS,NOT ON SCENE (DESK REPORT),NO INJURY / DRIVE AWAY,,,Y,"OVER $1,500",05/25/2025 10:10,DRIVING SKILLS/KNOWLEDGE/EXPERIENCE,DRIVING SKILLS/KNOWLEDGE/EXPERIENCE,11543,S,WENTWORTH AVE,522,,,,,,,2,NO INDICATION OF INJURY,0,0,0,0,0,1,0,21,7,5,1,0,21,7,5
CLEAR,"DARKNESS, LIGHTED ROAD",ANGLE,FOUR WAY,,STRAIGHT AND LEVEL,DRY,NO DEFECTS,,INJURY AND / OR TOW DUE TO CRASH,Y,,,"OVER $1,500",09/05/2025 23:47,FAILING TO YIELD RIGHT-OF-WAY,NOT APPLICABLE,7900,S,HALSTED ST,621,,,,,,,2,NONINCAPACITATING INJURY,1,0,0,1,0,1,0,23,6,9,1,0,23,6,9
CLEAR,DARKNESS,TURNING,FOUR WAY,,STRAIGHT AND LEVEL,DRY,NO DEFECTS,NOT ON SCENE (DESK REPORT),NO INJURY / DRIVE AWAY,Y,,,"OVER $1,500",05/25/2025 19:45,UNABLE TO DETERMINE,UNABLE TO DETERMINE,2400,N,OAK PARK AVE,2512,,,,,,,2,NO INDICATION OF INJURY,0,0,0,0,0,2,0,22,7,5,2,0,22,7,5
CLEAR,DUSK,PARKED MOTOR VEHICLE,ALLEY,,STRAIGHT AND LEVEL,DRY,NO DEFECTS,ON SCENE,NO INJURY / DRIVE AWAY,,,,$500 OR LESS,02/09/2025 17:26,NOT APPLICABLE,NOT APPLICABLE,6433,N,HAMILTON AVE,2412,,,,,,,2,NO INDICATION OF INJURY,0,0,0,0,0,1,0,17,1,2,1,0,17,1,2
CLEAR,"DARKNESS, LIGHTED ROAD",SIDESWIPE SAME DIRECTION,FOUR WAY,,STRAIGHT AND LEVEL,UNKNOWN,UNKNOWN,ON SCENE,NO INJURY / DRIVE AWAY,Y,,,"$501 - $1,500",02/09/2025 20:28,IMPROPER OVERTAKING/PASSING,UNABLE TO DETERMINE,2999,W,MADISON ST,1124,,,,,,,2,NO INDICATION OF INJURY,0,0,0,0,0,6,0,20,1,2,6,0,20,1,2
CLEAR,DAYLIGHT,SIDESWIPE SAME DIRECTION,DIVIDED - W/MEDIAN (NOT RAISED),,STRAIGHT AND LEVEL,DRY,NO DEFECTS,NOT ON SCENE (DESK REPORT),NO INJURY / DRIVE AWAY,,,,"OVER $1,500",04/06/2025 16:00,IMPROPER LANE USAGE,NOT APPLICABLE,2918,W,GRAND AVE,1211,,,,,,,2,NO INDICATION OF INJURY,0,0,0,0,0,2,0,14,1,4,2,0,14,1,4
CLEAR,"DARKNESS, LIGHTED ROAD",SIDESWIPE SAME DIRECTION,DIVIDED - W/MEDIAN (NOT RAISED),,STRAIGHT AND LEVEL,DRY,NO DEFECTS,,NO INJURY / DRIVE AWAY,Y,,,"OVER $1,500",02/09/2025 22:30,IMPROPER OVERTAKING/PASSING,DISREGARDING TRAFFIC SIGNALS,1998,N,PULASKI RD,2534,,,,,,,2,NO INDICATION OF INJURY,0,0,0,0,0,2,0,22,1,2,2,0,22,1,2
RAIN,"DARKNESS, LIGHTED ROAD",ANGLE,FOUR WAY,,STRAIGHT AND LEVEL,WET,NO DEFECTS,,NO INJURY / DRIVE AWAY,,,N,"OVER $1,500",05/24/2025 23:01,DISREGARDING TRAFFIC SIGNALS,NOT APPLICABLE,900,E,43RD ST,214,,,,,,,2,NO INDICATION OF INJURY,0,0,0,0,0,5,0,23,7,5,5,0,23,7,5
CLEAR,DARKNESS,SIDESWIPE SAME DIRECTION,NOT DIVIDED,,STRAIGHT AND LEVEL,DRY,UNKNOWN,NOT ON SCENE (DESK REPORT),NO INJURY / DRIVE AWAY,,,Y,$500 OR LESS,05/24/2025 21:55,UNABLE TO DETERMINE,UNABLE TO DETERMINE,11458,S,HALSTED ST,2234,,,,,,,2,NO INDICATION OF INJURY,0,0,0,0,0,2,0,21,7,5,2,0,21,7,5
CLEAR,DAYLIGHT,REAR TO REAR,NOT DIVIDED,,STRAIGHT AND LEVEL,DRY,NO DEFECTS,NOT ON SCENE (DESK REPORT),NO INJURY / DRIVE AWAY,,,,"OVER $1,500",05/24/2025 19:40,UNABLE TO DETERMINE,NOT APPLICABLE,424,W,MELROSE ST,1925,,,,,,,2,NO INDICATION OF INJURY,0,0,0,0,0,3,0,19,7,5,3,0,19,7,5
CLEAR,DAYLIGHT,REAR END,NOT DIVIDED,,STRAIGHT AND LEVEL,DRY,NO DEFECTS,NOT ON SCENE (DESK REPORT),NO INJURY / DRIVE AWAY,,,,"OVER $1,500",02/09/2025 14:26,FOLLOWING TOO CLOSELY,NOT APPLICABLE,2801,W,47TH ST,922,,,,,,,2,NO INDICATION OF INJURY,0,0,0,0,0,3,0,14,1,2,3,0,14,1,2