WEATHER_CONDITION,LIGHTING_CONDITION,FIRST_CRASH_TYPE,TRAFFICWAY_TYPE,LANE_CNT,ALIGNMENT,ROADWAY_SURFACE_COND,ROAD_DEFECT,REPORT_TYPE,CRASH_TYPE,INTERSECTION_RELATED_I,NOT_RIGHT_OF_WAY_I,HIT_AND_RUN_I,DAMAGE,DATE_POLICE_NOTIFIED,PRIM_CONTRIBUTORY_CAUSE,SEC_CONTRIBUTORY_CAUSE,STREET_NO,STREET_DIRECTION,STREET_NAME,BEAT_OF_OCCURRENCE,PHOTOS_TAKEN_I,STATEMENTS_TAKEN_I,DOORING_I,WORK_ZONE_I,WORK_ZONE_TYPE,WORKERS_PRESENT_I,NUM_UNITS,MOST_SEVERE_INJURY,INJURIES_TOTAL,INJURIES_FATAL,INJURIES_INCAPACITATING,INJURIES_NON_INCAPACITATING,INJURIES_REPORTED_NOT_EVIDENT,INJURIES_NO_INDICATION,INJURIES_UNKNOWN,CRASH_HOUR,CRASH_DAY_OF_WEEK,CRASH_MONTH,INJURIES_NO_INDICATION,INJURIES_UNKNOWN,CRASH_HOUR,CRASH_DAY_OF_WEEK,CRASH_MONTH
CLEAR,"DARKNESS, LIGHTED ROAD",REAR END,DIVIDED - W/MEDIAN BARRIER,,STRAIGHT AND LEVEL,DRY,NO DEFECTS,NOT ON SCENE (DESK REPORT),NO INJURY / DRIVE AWAY,,,Y,"OVER $1,500",05/25/2025 11:40,FAILING TO REDUCE SPEED TO AVOID CRASH,NOT APPLICABLE,87,E,WACKER DR,111,,,,,,,2,NO INDICATION OF INJURY,0,0,0,0,0,3,0,23,7,5,3,0,23,7,5
CLEAR,DAYLIGHT,PARKED MOTOR VEHICLE,ONE-WAY,,STRAIGHT AND LEVEL,DRY,NO DEFECTS,ON SCENE,INJURY AND / OR TOW DUE TO CRASH,,,,"OVER $1,500",04/06/2025 16:08,UNABLE TO DETERMINE,UNABLE TO DETERMINE,628,N,LECLAIRE AVE,1532,,,,,,,3,NO INDICATION OF INJURY,0,0,0,0,0,1,0,15,1,4,1,0,15,1,4
CLEAR,DAYLIGHT,REAR TO FRONT,FOUR WAY,,STRAIGHT AND LEVEL,DRY,NO DEFECTS,ON SCENE,NO INJURY / DRIVE AWAY,Y,,,"OVER $1,500",05/24/2025 18:42,IMPROPER BACKING,UNABLE TO DETERMINE,5365,W,POTOMAC AVE,2532,,,,,,,2,NO INDICATION OF INJURY,0,0,0,0,0,4,0,18,7,5,4,0,18,7,5
CLEAR,DAYLIGHT,PARKED MOTOR VEHICLE,NOT DIVIDED,,STRAIGHT AND LEVEL,DRY,NO DEFECTS,NOT ON SCENE (DESK REPORT),NO INJURY / DRIVE AWAY,,,Y,"$501 - $1,500",06/04/2025 18:00,UNABLE TO DETERMINE,UNABLE TO DETERMINE,8744,W,BERWYN AVE,1614,,,,,,,2,NO INDICATION OF INJURY,0,0,0,0,0,1,0,7,3,6,1,0,7,3,6
UNKNOWN,"DARKNESS, LIGHTED ROAD",REAR END,DIVIDED - W/MEDIAN BARRIER,,STRAIGHT AND LEVEL,UNKNOWN,UNKNOWN,NOT ON SCENE (DESK REPORT),NO INJURY / DRIVE AWAY,,,,$500 OR LESS,01/20/2025 19:00,UNABLE TO DETERMINE,UNABLE TO DETERMINE,702,S,CENTRAL AVE,1513,,,,,,,2,NO INDICATION OF INJURY,0,0,0,0,0,2,0,21,4,1,2,0,21,4,1
CLEAR,DAYLIGHT,PARKED MOTOR VEHICLE,PARKING LOT,,STRAIGHT AND LEVEL,DRY,NO DEFECTS,NOT ON SCENE (DESK REPORT),NO INJURY / DRIVE AWAY,,,,"$501 - $1,500",04/06/2025 12:40,UNABLE TO DETERMINE,NOT APPLICABLE,6970,N,CLARK ST,2424,,,,,,,2,NO INDICATION OF INJURY,0,0,0,0,0,3,0,12,1,4,3,0,12,1,4
CLEAR,"DARKNESS, LIGHTED ROAD",REAR END,DIVIDED - W/MEDIAN BARRIER,,STRAIGHT AND LEVEL,DRY,UNKNOWN,NOT ON SCENE (DESK REPORT),NO INJURY / DRIVE AWAY,,,Y,"OVER $1,500",02/10/2025 13:00,UNABLE TO DETERMINE,NOT APPLICABLE,6300,S,COAST GUARD DR,331,,,,,,,2,NO INDICATION OF INJURY,0,0,0,0,0,2,0,23,1,2,2,0,23,1,2
CLEAR,DAYLIGHT,PARKED MOTOR VEHICLE,NOT DIVIDED,,STRAIGHT AND LEVEL,DRY,NO DEFECTS,ON SCENE,INJURY AND / OR TOW DUE TO CRASH,,,Y,"OVER $1,500",04/06/2025 14:54,UNABLE TO DETERMINE,UNABLE TO DETERMINE,1621,N,PAULINA ST,1433,,,,,,,2,NO INDICATION OF INJURY,0,0,0,0,0,1,0,13,1,4,1,0,13,1,4
CLEAR,DAYLIGHT,PARKED MOTOR VEHICLE,NOT DIVIDED,,STRAIGHT AND LEVEL,DRY,UNKNOWN,NOT ON SCENE (DESK REPORT),NO INJURY / DRIVE AWAY,,,,$500 OR LESS,05/24/2025 14:20,FAILING TO YIELD RIGHT-OF-WAY,FAILING TO YIELD RIGHT-OF-WAY,2007,W,CULLERTON ST,1234,,,,,,,2,NO INDICATION OF INJURY,0,0,0,0,0,1,0,13,7,5,1,0,13,7,5
RAIN,DAYLIGHT,HEAD ON,NOT DIVIDED,,STRAIGHT AND LEVEL,WET,UNKNOWN,ON SCENE,INJURY AND / OR TOW DUE TO CRASH,Y,,,"OVER $1,500",09/11/2023 7:42,FAILING TO YIELD RIGHT-OF-WAY,DISREGARDING TRAFFIC SIGNALS,2659,W,OGDEN AVE,1023,,,,,,,2,NO INDICATION OF INJURY,0,0,0,0,0,3,0,7,2,9,3,0,7,2,9
CLEAR,"DARKNESS, LIGHTED ROAD",TURNING,DIVIDED - W/MEDIAN BARRIER,,STRAIGHT AND LEVEL,DRY,NO DEFECTS,ON SCENE,INJURY AND / OR TOW DUE TO CRASH,,,,"OVER $1,500",05/24/2025 20:24,FAILING TO REDUCE SPEED TO AVOID CRASH,NOT APPLICABLE,1130,S,MICHIGAN AVE,123,,,,,,,2,NO INDICATION OF INJURY,0,0,0,0,0,6,0,20,7,5,6,0,20,7,5
CLEAR,DAYLIGHT,REAR END,NOT DIVIDED,,STRAIGHT AND LEVEL,DRY,NO DEFECTS,NOT ON SCENE (DESK REPORT),NO INJURY / DRIVE AWAY,,,,"OVER $1,500",04/06/2025 17:50,FOLLOWING TOO CLOSELY,NOT APPLICABLE,1222,W,IRVING PARK RD,1915,Y,,,,,,2,NO INDICATION OF INJURY,0,0,0,0,0,2,0,17,1,4,2,0,17,1,4
CLEAR,"DARKNESS, LIGHTED ROAD",PEDESTRIAN,CENTER TURN LANE,,STRAIGHT AND LEVEL,DRY,UNKNOWN,ON SCENE,INJURY AND / OR TOW DUE TO CRASH,Y,,,"OVER $1,500",05/24/2025 23:48,DISREGARDING TRAFFIC SIGNALS,DISREGARDING TRAFFIC SIGNALS,2000,S,STATE ST,131,,,,,,,3,NONINCAPACITATING INJURY,2,0,0,2,0,1,0,23,7,5,1,0,23,7,5
CLEAR,DAYLIGHT,ANGLE,NOT DIVIDED,,STRAIGHT AND LEVEL,DRY,NO DEFECTS,NOT ON SCENE (DESK REPORT),NO INJURY / DRIVE AWAY,,,,"$501 - $1,500",01/16/2025 10:20,UNABLE TO DETERMINE,UNABLE TO DETERMINE,3970,N,ELSTON AVE,1732,,,,,,,2,NO INDICATION OF INJURY,0,0,0,0,0,2,0,15,4,1,2,0,15,4,1
CLEAR,"DARKNESS, LIGHTED ROAD",SIDESWIPE SAME DIRECTION,DIVIDED - W/MEDIAN BARRIER,,STRAIGHT AND LEVEL,DRY,NO DEFECTS,ON SCENE,NO INJURY / DRIVE AWAY,,,,"$501 - $1,500",05/24/2025 21:31,UNABLE TO DETERMINE,UNABLE TO DETERMINE,4052,N,WESTERN AVE,1911,,Y,,,,,2,NO INDICATION OF INJURY,0,0,0,0,0,2,0,21,7,5,2,0,21,7,5
CLEAR,DAWN,ANGLE,FOUR WAY,,STRAIGHT AND LEVEL,DRY,NO DEFECTS,NOT ON SCENE (DESK REPORT),NO INJURY / DRIVE AWAY,Y,,,"OVER $1,500",02/09/2025 22:00,UNABLE TO DETERMINE,NOT APPLICABLE,3400,W,POTOMAC AVE,1422,,,,,,,2,NO INDICATION OF INJURY,0,0,0,0,0,4,0,21,1,2,4,0,21,1,2
CLEAR,"DARKNESS, LIGHTED ROAD",ANGLE,FOUR WAY,,STRAIGHT AND LEVEL,DRY,NO DEFECTS,ON SCENE,INJURY AND / OR TOW DUE TO CRASH,Y,,,"OVER $1,500",02/09/2025 3:25,DISREGARDING TRAFFIC SIGNALS,DISREGARDING TRAFFIC SIGNALS,600,W,IRVING PARK RD,1915,,,,,,,2,NO INDICATION OF INJURY,0,0,0,0,0,2,0,3,1,2,2,0,3,1,2
CLEAR,DAWN,REAR END,DIVIDED - W/MEDIAN BARRIER,,STRAIGHT AND LEVEL,DRY,NO DEFECTS,NOT ON SCENE (DESK REPORT),NO INJURY / DRIVE AWAY,,,,"$501 - $1,500",05/24/2025 20:20,FOLLOWING TOO CLOSELY,FOLLOWING TOO CLOSELY,1559,S,LAKE SHORE DR NB,132,,,,,,,2,NO INDICATION OF INJURY,0,0,0,0,0,2,0,19,7,5,2,0,19,7,5
CLEAR,DAYLIGHT,TURNING,NOT DIVIDED,,STRAIGHT AND LEVEL,DRY,NO DEFECTS,ON SCENE,NO INJURY / DRIVE AWAY,,,,"$501 - $1,500",05/24/2025 18:06,IMPROPER TURNING/NO SIGNAL,FAILING TO YIELD RIGHT-OF-WAY,898,N,CENTRAL AVE,1511,,,,,,,2,NO INDICATION OF INJURY,0,0,0,0,0,5,0,17,7,5,5,0,17,7,5
CLEAR,DAYLIGHT,PEDALCYCLIST,NOT DIVIDED,,STRAIGHT AND LEVEL,DRY,NO DEFECTS,ON SCENE,INJURY AND / OR TOW DUE TO CRASH,,,,"OVER $1,500",04/06/2025 13:24,UNABLE TO DETERMINE,UNABLE TO DETERMINE,2102,W,NORTH AVE,1434,,,,,,,2,NONINCAPACITATING INJURY,1,0,0,1,0,2,0,13,1,4,2,0,13,1,4
CLEAR,DAYLIGHT,SIDESWIPE SAME DIRECTION,NOT DIVIDED,,STRAIGHT AND LEVEL,DRY,NO DEFECTS,NOT ON SCENE (DESK REPORT),NO INJURY / DRIVE AWAY,Y,,,"OVER $1,500",05/24/2025 14:20,FAILING TO YIELD RIGHT-OF-WAY,NOT APPLICABLE,2560,N,WESTERN AVE,1431,Y,,,,,,2,NO INDICATION OF INJURY,0,0,0,0,0,3,0,13,7,5,3,0,13,7,5
CLEAR,"DARKNESS, LIGHTED ROAD",PARKED MOTOR VEHICLE,ONE-WAY,,STRAIGHT AND LEVEL,DRY,UNKNOWN,ON SCENE,INJURY AND / OR TOW DUE TO CRASH,,,,"OVER $1,500",04/06/2025 3:50,UNABLE TO DETERMINE,NOT APPLICABLE,4154,W,BERTEAU AVE,1722,,,,,,,3,NO INDICATION OF INJURY,0,0,0,0,0,2,0,3,1,4,2,0,3,1,4
UNKNOWN,UNKNOWN,TURNING,FOUR WAY,,STRAIGHT AND LEVEL,UNKNOWN,UNKNOWN,NOT ON SCENE (DESK REPORT),NO INJURY / DRIVE AWAY,Y,,,"OVER $1,500",04/07/2025 10:30,UNABLE TO DETERMINE,NOT APPLICABLE,400,E,ONTARIO ST,1834,,,,,,,2,NO INDICATION OF INJURY,0,0,0,0,0,2,0,21,1,4,2,0,21,1,4
CLEAR,DAYLIGHT,PEDESTRIAN,NOT DIVIDED,,STRAIGHT AND LEVEL,DRY,NO DEFECTS,ON SCENE,INJURY AND / OR TOW DUE TO CRASH,,,Y,"OVER $1,500",05/24/2025 17:06,FAILING TO YIELD RIGHT-OF-WAY,FAILING TO REDUCE SPEED TO AVOID CRASH,1753,E,95TH ST,431,N,,,,,,2,NONINCAPACITATING INJURY,1,0,0,1,0,1,0,16,7,5,1,0,16,7,5
CLEAR,DAWN,TURNING,DIVIDED - W/MEDIAN (NOT RAISED),,STRAIGHT AND LEVEL,DRY,NO DEFECTS,ON SCENE,NO INJURY / DRIVE AWAY,,,Y,"OVER $1,500",05/24/2025 5:06,IMPROPER OVERTAKING/PASSING,FAILING TO YIELD RIGHT-OF-WAY,8600,S,LOOMIS BLVD,614,,,,,,,2,NO INDICATION OF INJURY,0,0,0,0,0,2,0,5,7,5,2,0,5,7,5
CLEAR,DAYLIGHT,FIXED OBJECT,PARKING LOT,,STRAIGHT AND LEVEL,DRY,UNKNOWN,NOT ON SCENE (DESK REPORT),NO INJURY / DRIVE AWAY,,,,"$501 - $1,500",02/10/2025 15:51,UNABLE TO DETERMINE,UNABLE TO DETERMINE,5353,N,ELSTON AVE,1621,,,,,,,1,NO INDICATION OF INJURY,0,0,0,0,0,1,0,13,1,2,1,0,13,1,2
CLEAR,"DARKNESS, LIGHTED ROAD",TURNING,FOUR WAY,,STRAIGHT AND LEVEL,DRY,NO DEFECTS,NOT ON SCENE (DESK REPORT),NO INJURY / DRIVE AWAY,Y,,,"OVER $1,500",02/09/2025 3:35,UNABLE TO DETERMINE,NOT APPLICABLE,141,W,CHICAGO AVE,1832,,,,,,,2,NO INDICATION OF INJURY,0,0,0,0,0,3,0,2,1,2,3,0,2,1,2
CLEAR,DAYLIGHT,REAR END,DIVIDED - W/MEDIAN (NOT RAISED),,STRAIGHT AND LEVEL,DRY,NO DEFECTS,NOT ON SCENE (DESK REPORT),NO INJURY / DRIVE AWAY,,,,"OVER $1,500",04/07/2025 14:52,FOLLOWING TOO CLOSELY,DRIVING SKILLS/KNOWLEDGE/EXPERIENCE,2802,N,SHEFFIELD AVE,1933,,,,,,,2,NO INDICATION OF INJURY,0,0,0,0,0,2,0,17,1,4,2,0,17,1,4
CLEAR,DAYLIGHT,ANGLE,DIVIDED - W/MEDIAN (NOT RAISED),,STRAIGHT AND LEVEL,DRY,NO DEFECTS,NOT ON SCENE (DESK REPORT),NO INJURY / DRIVE AWAY,,,,"OVER $1,500",05/24/2025 5:35,UNABLE TO DETERMINE,UNABLE TO DETERMINE,10000,W,OHARE ST,1651,,,,,,,2,NO INDICATION OF INJURY,0,0,0,0,0,2,0,5,7,5,2,0,5,7,5
CLEAR,DAYLIGHT,REAR TO REAR,PARKING LOT,,STRAIGHT AND LEVEL,UNKNOWN,UNKNOWN,NOT ON SCENE (DESK REPORT),NO INJURY / DRIVE AWAY,,Y,,"OVER $1,500",02/11/2025 19:45,UNABLE TO DETERMINE,NOT APPLICABLE,4608,W,BELMONT AVE,1731,,,,,,,2,NO INDICATION OF INJURY,0,0,0,0,0,2,0,16,1,2,2,0,16,1,2
CLEAR,DAYLIGHT,ANGLE,NOT DIVIDED,,STRAIGHT AND LEVEL,DRY,NO DEFECTS,NOT ON SCENE (DESK REPORT),NO INJURY / DRIVE AWAY,,,N,"$501 - $1,500",01/15/2025 16:45,IMPROPER BACKING,UNABLE TO DETERMINE,1945,N,RIDGEWAY AVE,2535,,,,,,,2,NO INDICATION OF INJURY,0,0,0,0,0,3,0,15,4,1,3,0,15,4,1
CLEAR,DAYLIGHT,PARKED MOTOR VEHICLE,ONE-WAY,,STRAIGHT AND LEVEL,DRY,NO DEFECTS,NOT ON SCENE (DESK REPORT),NO INJURY / DRIVE AWAY,,,Y,"OVER $1,500",05/24/2025 19:24,"OPERATING VEHICLE IN ERRATIC, RECKLESS, CARELESS, NEGLIGENT OR AGGRESSIVE MANNER",NOT APPLICABLE,6129,S,ST LOUIS AVE,823,,,,,,,2,NO INDICATION OF INJURY,0,0,0,0,0,1,0,17,7,5,1,0,17,7,5
CLEAR,DAYLIGHT,HEAD ON,NOT DIVIDED,,STRAIGHT AND LEVEL,DRY,NO DEFECTS,ON SCENE,INJURY AND / OR TOW DUE TO CRASH,,,Y,"OVER $1,500",05/24/2025 10:08,UNABLE TO DETERMINE,NOT APPLICABLE,2959,W,LOGAN BLVD,1414,,,,,,,4,NONINCAPACITATING INJURY,1,0,0,1,0,2,0,10,7,5,2,0,10,7,5
UNKNOWN,UNKNOWN,PARKED MOTOR VEHICLE,DIVIDED - W/MEDIAN (NOT RAISED),,STRAIGHT AND LEVEL,UNKNOWN,NO DEFECTS,ON SCENE,NO INJURY / DRIVE AWAY,,,,$500 OR LESS,05/25/2025 8:30,UNABLE TO DETERMINE,NOT APPLICABLE,5115,W,NORTH AVE,2533,,,,,,,2,NO INDICATION OF INJURY,0,0,0,0,0,1,0,22,7,5,1,0,22,7,5
CLEAR,DAYLIGHT,PARKED MOTOR VEHICLE,ONE-WAY,,STRAIGHT AND LEVEL,DRY,NO DEFECTS,,NO INJURY / DRIVE AWAY,,,,"OVER $1,500",05/24/2025 16:30,UNABLE TO DETERMINE,NOT APPLICABLE,8533,S,OGLESBY AVE,412,,,,,,,2,NO INDICATION OF INJURY,0,0,0,0,0,1,0,15,7,5,1,0,15,7,5
CLEAR,DAYLIGHT,FIXED OBJECT,ALLEY,,STRAIGHT AND LEVEL,DRY,NO DEFECTS,ON SCENE,NO INJURY / DRIVE AWAY,Y,,Y,"OVER $1,500",05/29/2025 11:00,DRIVING SKILLS/KNOWLEDGE/EXPERIENCE,NOT APPLICABLE,818,E,88TH ST,632,Y,,,,,,1,NO INDICATION OF INJURY,0,0,0,0,0,1,0,13,7,5,1,0,13,7,5
CLEAR,DAYLIGHT,ANGLE,DIVIDED - W/MEDIAN (NOT RAISED),,STRAIGHT AND LEVEL,DRY,NO DEFECTS,ON SCENE,INJURY AND / OR TOW DUE TO CRASH,Y,,,"OVER $1,500",02/24/2025 9:36,UNABLE TO DETERMINE,NOT APPLICABLE,3827,W,CHICAGO AVE,1112,,,,,,,2,"REPORTED, NOT EVIDENT",3,0,0,0,3,0,0,9,2,2,0,0,9,2,2
CLEAR,DAYLIGHT,SIDESWIPE SAME DIRECTION,NOT DIVIDED,,STRAIGHT AND LEVEL,DRY,NO DEFECTS,NOT ON SCENE (DESK REPORT),NO INJURY / DRIVE AWAY,N,,Y,"OVER $1,500",01/15/2025 12:22,IMPROPER OVERTAKING/PASSING,NOT APPLICABLE,2600,S,DR MARTIN LUTHER KING JR DR,133,,,,,,,2,NO INDICATION OF INJURY,0,0,0,0,0,2,0,11,4,1,2,0,11,4,1
CLEAR,DAYLIGHT,PARKED MOTOR VEHICLE,NOT DIVIDED,,STRAIGHT AND LEVEL,DRY,NO DEFECTS,ON SCENE,INJURY AND / OR TOW DUE TO CRASH,,,,"OVER $1,500",05/24/2025 19:45,FAILING TO REDUCE SPEED TO AVOID CRASH,FAILING TO REDUCE SPEED TO AVOID CRASH,8021,S,LOOMIS BLVD,612,,,,,,,3,NONINCAPACITATING INJURY,1,0,0,1,0,0,0,19,7,5,0,0,19,7,5
CLEAR,DAYLIGHT,PARKED MOTOR VEHICLE,NOT DIVIDED,,STRAIGHT AND LEVEL,DRY,NO DEFECTS,ON SCENE,NO INJURY / DRIVE AWAY,,,,$500 OR LESS,05/24/2025 14:01,UNABLE TO DETERMINE,UNABLE TO DETERMINE,10132,S,PEORIA ST,2232,,,,,,,2,NO INDICATION OF INJURY,0,0,0,0,0,1,0,14,7,5,1,0,14,7,5
CLEAR,DAYLIGHT,PARKED MOTOR VEHICLE,PARKING LOT,,STRAIGHT AND LEVEL,UNKNOWN,UNKNOWN,ON SCENE,NO INJURY / DRIVE AWAY,,,,"OVER $1,500",10/05/2025 17:02,NOT APPLICABLE,UNABLE TO DETERMINE,3250,W,87TH ST,834,,,,,,,2,NO INDICATION OF INJURY,0,0,0,0,0,1,0,16,1,10,1,0,16,1,10
UNKNOWN,DAYLIGHT,SIDESWIPE SAME DIRECTION,NOT DIVIDED,,STRAIGHT AND LEVEL,DRY,UNKNOWN,NOT ON SCENE (DESK REPORT),NO INJURY / DRIVE AWAY,,,,"OVER $1,500",05/24/2025 14:45,FOLLOWING TOO CLOSELY,UNABLE TO DETERMINE,6824,S,WESTERN AVE,832,,,,,,,2,NO INDICATION OF INJURY,0,0,0,0,0,3,0,11,7,5,3,0,11,7,5
RAIN,DAYLIGHT,REAR END,DIVIDED - W/MEDIAN BARRIER,,STRAIGHT AND LEVEL,WET,NO DEFECTS,ON SCENE,INJURY AND / OR TOW DUE TO CRASH,,,,"OVER $1,500",10/12/2023 10:51,FOLLOWING TOO CLOSELY,WEATHER,7151,W,63RD ST,812,,,,,,,3,NO INDICATION OF INJURY,0,0,0,0,0,3,0,10,5,10,3,0,10,5,10
CLEAR,DAYLIGHT,TURNING,NOT DIVIDED,,STRAIGHT ON GRADE,DRY,NO DEFECTS,NOT ON SCENE (DESK REPORT),NO INJURY / DRIVE AWAY,Y,,,"OVER $1,500",01/15/2025 16:55,DRIVING SKILLS/KNOWLEDGE/EXPERIENCE,NOT APPLICABLE,9420,S,ASHLAND AVE,2221,,,,,,,2,NO INDICATION OF INJURY,0,0,0,0,0,3,0,15,4,1,3,0,15,4,1
CLEAR,"DARKNESS, LIGHTED ROAD",ANGLE,FOUR WAY,,STRAIGHT AND LEVEL,DRY,NO DEFECTS,ON SCENE,INJURY AND / OR TOW DUE TO CRASH,Y,,,"OVER $1,500",01/15/2025 17:37,FAILING TO YIELD RIGHT-OF-WAY,NOT APPLICABLE,1034,W,RANDOLPH ST,1224,,,,,,,2,NO INDICATION OF INJURY,0,0,0,0,0,3,0,17,4,1,3,0,17,4,1
CLEAR,DAYLIGHT,TURNING,FOUR WAY,,STRAIGHT AND LEVEL,DRY,NO DEFECTS,NOT ON SCENE (DESK REPORT),NO INJURY / DRIVE AWAY,Y,,,"OVER $1,500",05/27/2025 15:20,IMPROPER TURNING/NO SIGNAL,UNABLE TO DETERMINE,2385,N,OAK PARK AVE,2512,,,,,,,2,NO INDICATION OF INJURY,0,0,0,0,0,2,0,22,7,5,2,0,22,7,5
CLEAR,DAYLIGHT,HEAD ON,NOT DIVIDED,,STRAIGHT AND LEVEL,DRY,NO DEFECTS,ON SCENE,INJURY AND / OR TOW DUE TO CRASH,,,Y,$500 OR LESS,05/24/2025 13:24,UNABLE TO DETERMINE,UNABLE TO DETERMINE,500,E,51ST ST,223,,,,,,,2,"REPORTED, NOT EVIDENT",1,0,0,0,1,1,0,13,7,5,1,0,13,7,5
CLEAR,DAYLIGHT,ANGLE,NOT DIVIDED,,STRAIGHT AND LEVEL,DRY,NO DEFECTS,NOT ON SCENE (DESK REPORT),INJURY AND / OR TOW DUE TO CRASH,,,,$500 OR LESS,01/15/2025 16:55,UNABLE TO DETERMINE,NOT APPLICABLE,2923,N,CALIFORNIA AVE,1411,,,,,,,2,"REPORTED, NOT EVIDENT",1,0,0,0,1,1,0,15,4,1,1,0,15,4,1
CLEAR,DARKNESS,REAR END,NOT DIVIDED,,STRAIGHT AND LEVEL,DRY,UNKNOWN,ON SCENE,INJURY AND / OR TOW DUE TO CRASH,,,,"OVER $1,500",01/15/2025 17:02,FOLLOWING TOO CLOSELY,FOLLOWING TOO CLOSELY,3800,S,DR MARTIN LUTHER KING JR DR,212,,,,,,,2,NONINCAPACITATING INJURY,1,0,0,1,0,1,0,16,4,1,1,0,16,4,1
CLEAR,DAYLIGHT,TURNING,NOT DIVIDED,,STRAIGHT AND LEVEL,DRY,NO DEFECTS,ON SCENE,INJURY AND / OR TOW DUE TO CRASH,,,,"OVER $1,500",05/24/2025 13:26,FAILING TO YIELD RIGHT-OF-WAY,NOT APPLICABLE,4338,N,CICERO AVE,1624,,,,,,,2,NONINCAPACITATING INJURY,2,0,0,1,1,0,0,13,7,5,0,0,13,7,5
CLEAR,DAYLIGHT,REAR END,FOUR WAY,,STRAIGHT AND LEVEL,DRY,NO DEFECTS,NOT ON SCENE (DESK REPORT),NO INJURY / DRIVE AWAY,Y,,,"OVER $1,500",05/24/2025 10:30,FOLLOWING TOO CLOSELY,NOT APPLICABLE,1148,W,GRANVILLE AVE,2433,,,,,,,2,NO INDICATION OF INJURY,0,0,0,0,0,2,0,10,7,5,2,0,10,7,5
CLEAR,DAYLIGHT,REAR END,NOT DIVIDED,,STRAIGHT AND LEVEL,DRY,NO DEFECTS,NOT ON SCENE (DESK REPORT),NO INJURY / DRIVE AWAY,,,,"$501 - $1,500",05/24/2025 15:20,FAILING TO REDUCE SPEED TO AVOID CRASH,NOT APPLICABLE,1242,N,PULASKI RD,2534,,,,,,,2,NO INDICATION OF INJURY,0,0,0,0,0,3,0,14,7,5,3,0,14,7,5
CLEAR,"DARKNESS, LIGHTED ROAD",SIDESWIPE SAME DIRECTION,DIVIDED - W/MEDIAN BARRIER,,STRAIGHT AND LEVEL,DRY,NO DEFECTS,NOT ON SCENE (DESK REPORT),NO INJURY / DRIVE AWAY,,,,"OVER $1,500",05/24/2025 20:30,IMPROPER LANE USAGE,IMPROPER OVERTAKING/PASSING,2804,N,WESTERN AVE,1411,,,,,,,2,NO INDICATION OF INJURY,0,0,0,0,0,2,0,20,7,5,2,0,20,7,5
CLEAR,DAYLIGHT,REAR END,NOT DIVIDED,,STRAIGHT AND LEVEL,DRY,NO DEFECTS,NOT ON SCENE (DESK REPORT),NO INJURY / DRIVE AWAY,,,,$500 OR LESS,05/24/2025 16:10,UNABLE TO DETERMINE,NOT APPLICABLE,4254,W,IRVING PARK RD,1722,,,,,,,2,NO INDICATION OF INJURY,0,0,0,0,0,2,0,14,7,5,2,0,14,7,5
CLEAR,DAYLIGHT,SIDESWIPE SAME DIRECTION,NOT DIVIDED,,STRAIGHT AND LEVEL,DRY,NO DEFECTS,ON SCENE,NO INJURY / DRIVE AWAY,,,Y,$500 OR LESS,05/24/2025 14:46,UNABLE TO DETERMINE,UNABLE TO DETERMINE,11498,S,HALSTED ST,2234,,,,,,,2,NO INDICATION OF INJURY,0,0,0,0,0,2,0,14,7,5,2,0,14,7,5
CLEAR,UNKNOWN,SIDESWIPE SAME DIRECTION,NOT DIVIDED,,STRAIGHT AND LEVEL,DRY,NO DEFECTS,NOT ON SCENE (DESK REPORT),NO INJURY / DRIVE AWAY,,,,"OVER $1,500",01/15/2025 8:15,UNABLE TO DETERMINE,UNABLE TO DETERMINE,6305,S,CICERO AVE,813,,,,,,,2,NO INDICATION OF INJURY,0,0,0,0,0,2,0,7,4,1,2,0,7,4,1
CLEAR,DAYLIGHT,PARKED MOTOR VEHICLE,DIVIDED - W/MEDIAN (NOT RAISED),,STRAIGHT AND LEVEL,DRY,NO DEFECTS,ON SCENE,INJURY AND / OR TOW DUE TO CRASH,,Y,Y,"OVER $1,500",05/24/2025 17:41,UNABLE TO DETERMINE,NOT APPLICABLE,9327,S,DR MARTIN LUTHER KING JR DR,633,,,,,,,2,NO INDICATION OF INJURY,0,0,0,0,0,1,0,17,7,5,1,0,17,7,5
CLEAR,"DARKNESS, LIGHTED ROAD",SIDESWIPE SAME DIRECTION,DIVIDED - W/MEDIAN (NOT RAISED),,STRAIGHT AND LEVEL,DRY,UNKNOWN,NOT ON SCENE (DESK REPORT),NO INJURY / DRIVE AWAY,,,Y,"OVER $1,500",01/15/2025 19:40,FOLLOWING TOO CLOSELY,FOLLOWING TOO CLOSELY,152,W,HURON ST,1832,,,,,,,2,NO INDICATION OF INJURY,0,0,0,0,0,2,0,17,4,1,2,0,17,4,1
CLEAR,DUSK,FIXED OBJECT,NOT DIVIDED,,STRAIGHT AND LEVEL,DRY,NO DEFECTS,ON SCENE,NO INJURY / DRIVE AWAY,,Y,,"$501 - $1,500",01/15/2025 19:10,DRIVING SKILLS/KNOWLEDGE/EXPERIENCE,NOT APPLICABLE,1639,N,WELLS ST,1814,,,,,,,1,NO INDICATION OF INJURY,0,0,0,0,0,1,0,19,4,1,1,0,19,4,1