WEATHER_CONDITION,LIGHTING_CONDITION,FIRST_CRASH_TYPE,TRAFFICWAY_TYPE,LANE_CNT,ALIGNMENT,ROADWAY_SURFACE_COND,ROAD_DEFECT,REPORT_TYPE,CRASH_TYPE,INTERSECTION_RELATED_I,NOT_RIGHT_OF_WAY_I,HIT_AND_RUN_I,DAMAGE,DATE_POLICE_NOTIFIED,PRIM_CONTRIBUTORY_CAUSE,SEC_CONTRIBUTORY_CAUSE,STREET_NO,STREET_DIRECTION,STREET_NAME,BEAT_OF_OCCURRENCE,PHOTOS_TAKEN_I,STATEMENTS_TAKEN_I,DOORING_I,WORK_ZONE_I,WORK_ZONE_TYPE,WORKERS_PRESENT_I,NUM_UNITS,MOST_SEVERE_INJURY,INJURIES_TOTAL,INJURIES_FATAL,INJURIES_INCAPACITATING,INJURIES_NON_INCAPACITATING,INJURIES_REPORTED_NOT_EVIDENT,INJURIES_NO_INDICATION,INJURIES_UNKNOWN,CRASH_HOUR,CRASH_DAY_OF_WEEK,CRASH_MONTH,INJURIES_NO_INDICATION,INJURIES_UNKNOWN,CRASH_HOUR,CRASH_DAY_OF_WEEK,CRASH_MONTH
CLEAR,DAYLIGHT,SIDESWIPE SAME DIRECTION,DIVIDED - W/MEDIAN (NOT RAISED),,STRAIGHT AND LEVEL,DRY,NO DEFECTS,ON SCENE,NO INJURY / DRIVE AWAY,,,,$500 OR LESS,01/15/2025 11:49,IMPROPER OVERTAKING/PASSING,UNABLE TO DETERMINE,6731,S,DR MARTIN LUTHER KING JR DR,322,,,,,,,2,NO INDICATION OF INJURY,0,0,0,0,0,10,0,11,4,1,10,0,11,4,1
CLEAR,DAYLIGHT,TURNING,NOT DIVIDED,,STRAIGHT AND LEVEL,DRY,UNKNOWN,ON SCENE,INJURY AND / OR TOW DUE TO CRASH,Y,,,"OVER $1,500",01/15/2025 8:33,UNABLE TO DETERMINE,UNABLE TO DETERMINE,5600,W,MADISON ST,1513,,,,,,,2,NO INDICATION OF INJURY,0,0,0,0,0,4,0,8,4,1,4,0,8,4,1
CLEAR,DAYLIGHT,ANGLE,NOT DIVIDED,,STRAIGHT AND LEVEL,DRY,NO DEFECTS,NOT ON SCENE (DESK REPORT),NO INJURY / DRIVE AWAY,,,,"OVER $1,500",01/15/2025 16:35,FAILING TO YIELD RIGHT-OF-WAY,FAILING TO YIELD RIGHT-OF-WAY,5559,N,LUNA AVE,1623,,,,,,,2,NO INDICATION OF INJURY,0,0,0,0,0,2,0,14,4,1,2,0,14,4,1
CLEAR,DARKNESS,PARKED MOTOR VEHICLE,PARKING LOT,,STRAIGHT AND LEVEL,UNKNOWN,UNKNOWN,NOT ON SCENE (DESK REPORT),NO INJURY / DRIVE AWAY,,,Y,"$501 - $1,500",01/15/2025 19:10,NOT APPLICABLE,NOT APPLICABLE,7900,S,WESTERN AVE,835,,,,,,,2,NO INDICATION OF INJURY,0,0,0,0,0,1,0,18,4,1,1,0,18,4,1
CLEAR,DAYLIGHT,SIDESWIPE SAME DIRECTION,NOT DIVIDED,,STRAIGHT AND LEVEL,SNOW OR SLUSH,NO DEFECTS,ON SCENE,NO INJURY / DRIVE AWAY,,,Y,"OVER $1,500",01/15/2025 9:13,DRIVING SKILLS/KNOWLEDGE/EXPERIENCE,NOT APPLICABLE,5339,W,BELDEN AVE,2515,,,,,,,2,NO INDICATION OF INJURY,0,0,0,0,0,2,0,9,4,1,2,0,9,4,1
CLEAR,DAYLIGHT,TURNING,NOT DIVIDED,,STRAIGHT AND LEVEL,ICE,NO DEFECTS,ON SCENE,NO INJURY / DRIVE AWAY,,,,"OVER $1,500",01/15/2025 9:05,FAILING TO YIELD RIGHT-OF-WAY,UNABLE TO DETERMINE,1600,N,KEDZIE AVE,1421,,,,,,,2,NO INDICATION OF INJURY,0,0,0,0,0,2,0,9,4,1,2,0,9,4,1
CLEAR,"DARKNESS, LIGHTED ROAD",REAR END,NOT DIVIDED,,STRAIGHT AND LEVEL,DRY,WORN SURFACE,ON SCENE,INJURY AND / OR TOW DUE TO CRASH,,,,"OVER $1,500",01/15/2025 17:50,FAILING TO YIELD RIGHT-OF-WAY,DISTRACTION - FROM INSIDE VEHICLE,5100,S,LAFLIN ST,934,,,,,,,2,NO INDICATION OF INJURY,0,0,0,0,0,2,0,17,4,1,2,0,17,4,1
CLEAR,DARKNESS,FIXED OBJECT,NOT DIVIDED,,STRAIGHT AND LEVEL,WET,UNKNOWN,ON SCENE,INJURY AND / OR TOW DUE TO CRASH,,,Y,"OVER $1,500",02/09/2025 1:25,NOT APPLICABLE,NOT APPLICABLE,1019,W,47TH ST,933,,,,,,,1,NO INDICATION OF INJURY,0,0,0,0,0,1,0,1,1,2,1,0,1,1,2
CLOUDY/OVERCAST,"DARKNESS, LIGHTED ROAD",ANGLE,FOUR WAY,,STRAIGHT AND LEVEL,WET,UNKNOWN,ON SCENE,INJURY AND / OR TOW DUE TO CRASH,Y,,Y,"OVER $1,500",02/09/2025 0:55,DISREGARDING TRAFFIC SIGNALS,FAILING TO YIELD RIGHT-OF-WAY,1800,S,UNION AVE,1235,,,,,,,2,NO INDICATION OF INJURY,0,0,0,0,0,2,0,0,1,2,2,0,0,1,2
CLEAR,DAYLIGHT,REAR END,ONE-WAY,,STRAIGHT AND LEVEL,DRY,NO DEFECTS,,NO INJURY / DRIVE AWAY,,,,"OVER $1,500",02/09/2025 8:57,FOLLOWING TOO CLOSELY,NOT APPLICABLE,238,E,MONROE DR,114,,,,,,,2,NO INDICATION OF INJURY,0,0,0,0,0,2,0,8,1,2,2,0,8,1,2
CLEAR,DARKNESS,REAR END,T-INTERSECTION,,STRAIGHT AND LEVEL,DRY,UNKNOWN,NOT ON SCENE (DESK REPORT),NO INJURY / DRIVE AWAY,Y,,,"OVER $1,500",02/09/2025 18:49,DISTRACTION - FROM OUTSIDE VEHICLE,UNABLE TO DETERMINE,2929,W,PRATT BLVD,2412,,,,,,,2,NO INDICATION OF INJURY,0,0,0,0,0,4,0,18,1,2,4,0,18,1,2
CLEAR,"DARKNESS, LIGHTED ROAD",PARKED MOTOR VEHICLE,ONE-WAY,,STRAIGHT AND LEVEL,DRY,NO DEFECTS,ON SCENE,INJURY AND / OR TOW DUE TO CRASH,,Y,Y,"OVER $1,500",01/15/2025 20:23,UNDER THE INFLUENCE OF ALCOHOL/DRUGS (USE WHEN ARREST IS EFFECTED),IMPROPER LANE USAGE,131,W,ONTARIO ST,1832,,,,,,,2,NO INDICATION OF INJURY,0,0,0,0,0,1,0,20,4,1,1,0,20,4,1
CLEAR,"DARKNESS, LIGHTED ROAD",OVERTURNED,DIVIDED - W/MEDIAN (NOT RAISED),,STRAIGHT AND LEVEL,DRY,NO DEFECTS,ON SCENE,INJURY AND / OR TOW DUE TO CRASH,,,,"OVER $1,500",02/09/2025 23:02,UNABLE TO DETERMINE,NOT APPLICABLE,5832,S,DAMEN AVE,715,,,,,,,1,NONINCAPACITATING INJURY,1,0,0,1,0,0,0,22,1,2,0,0,22,1,2
CLEAR,"DARKNESS, LIGHTED ROAD",REAR END,FOUR WAY,,STRAIGHT AND LEVEL,DRY,NO DEFECTS,NOT ON SCENE (DESK REPORT),NO INJURY / DRIVE AWAY,,,,"OVER $1,500",02/09/2025 18:56,FOLLOWING TOO CLOSELY,UNABLE TO DETERMINE,10310,S,VINCENNES AVE,2212,,,,,,,2,NO INDICATION OF INJURY,0,0,0,0,0,2,0,18,1,2,2,0,18,1,2
CLEAR,DAYLIGHT,REAR END,Y-INTERSECTION,,STRAIGHT AND LEVEL,ICE,NO DEFECTS,ON SCENE,NO INJURY / DRIVE AWAY,Y,,,$500 OR LESS,01/15/2025 9:03,FAILING TO REDUCE SPEED TO AVOID CRASH,UNABLE TO DETERMINE,2952,S,ARCH ST,913,,,,,,,2,NO INDICATION OF INJURY,0,0,0,0,0,2,0,9,4,1,2,0,9,4,1
CLEAR,DAYLIGHT,TURNING,FOUR WAY,,STRAIGHT AND LEVEL,DRY,UNKNOWN,ON SCENE,INJURY AND / OR TOW DUE TO CRASH,Y,,Y,"$501 - $1,500",02/09/2025 16:30,IMPROPER OVERTAKING/PASSING,NOT APPLICABLE,3200,N,LAKE SHORE DR,1925,,,,,,,2,NO INDICATION OF INJURY,0,0,0,0,0,3,0,14,1,2,3,0,14,1,2
CLEAR,DAYLIGHT,TURNING,NOT DIVIDED,,STRAIGHT AND LEVEL,DRY,NO DEFECTS,ON SCENE,NO INJURY / DRIVE AWAY,Y,,,"$501 - $1,500",02/09/2025 10:10,UNABLE TO DETERMINE,UNABLE TO DETERMINE,646,W,18TH ST,1235,,,,,,,2,NO INDICATION OF INJURY,0,0,0,0,0,3,0,10,1,2,3,0,10,1,2
CLEAR,"DARKNESS, LIGHTED ROAD",REAR END,NOT DIVIDED,,STRAIGHT AND LEVEL,DRY,NO DEFECTS,NOT ON SCENE (DESK REPORT),NO INJURY / DRIVE AWAY,,,,"OVER $1,500",02/09/2025 18:48,FOLLOWING TOO CLOSELY,NOT APPLICABLE,1242,N,CICERO AVE,2533,,,,,,,2,NO INDICATION OF INJURY,0,0,0,0,0,3,0,17,1,2,3,0,17,1,2
CLEAR,DAYLIGHT,FIXED OBJECT,ALLEY,,STRAIGHT AND LEVEL,DRY,NO DEFECTS,NOT ON SCENE (DESK REPORT),NO INJURY / DRIVE AWAY,,,,"OVER $1,500",01/15/2025 11:48,UNABLE TO DETERMINE,UNABLE TO DETERMINE,5029,W,OHIO ST,1532,,,,,,,1,NO INDICATION OF INJURY,0,0,0,0,0,1,0,9,4,1,1,0,9,4,1
CLEAR,DAYLIGHT,REAR END,ONE-WAY,,STRAIGHT AND LEVEL,WET,NO DEFECTS,ON SCENE,INJURY AND / OR TOW DUE TO CRASH,,,,"OVER $1,500",02/09/2025 10:43,FOLLOWING TOO CLOSELY,NOT APPLICABLE,346,N,PINE AVE,1523,,,,,,,2,"REPORTED, NOT EVIDENT",2,0,0,0,2,3,0,10,1,2,3,0,10,1,2
CLEAR,DAYLIGHT,REAR END,NOT DIVIDED,,STRAIGHT AND LEVEL,DRY,NO DEFECTS,NOT ON SCENE (DESK REPORT),NO INJURY / DRIVE AWAY,Y,,,"OVER $1,500",01/16/2025 17:24,FOLLOWING TOO CLOSELY,NOT APPLICABLE,604,E,95TH ST,633,,,,,,,2,NO INDICATION OF INJURY,0,0,0,0,0,2,0,13,4,1,2,0,13,4,1
CLEAR,DAYLIGHT,FIXED OBJECT,NOT DIVIDED,,"CURVE, LEVEL",DRY,NO DEFECTS,ON SCENE,INJURY AND / OR TOW DUE TO CRASH,,Y,,"OVER $1,500",07/31/2023 11:48,UNABLE TO DETERMINE,UNABLE TO DETERMINE,3941,W,JAMES J OCONNOR RD,1031,,,,,,,1,NO INDICATION OF INJURY,0,0,0,0,0,1,0,10,2,7,1,0,10,2,7
CLEAR,DAYLIGHT,REAR END,NOT DIVIDED,,STRAIGHT AND LEVEL,UNKNOWN,UNKNOWN,NOT ON SCENE (DESK REPORT),NO INJURY / DRIVE AWAY,,,,"OVER $1,500",01/15/2025 17:10,FOLLOWING TOO CLOSELY,NOT APPLICABLE,6300,S,LINDER AVE,813,,,,,,,2,NO INDICATION OF INJURY,0,0,0,0,0,5,0,15,4,1,5,0,15,4,1
CLEAR,DAYLIGHT,REAR TO FRONT,NOT DIVIDED,,STRAIGHT AND LEVEL,DRY,NO DEFECTS,ON SCENE,NO INJURY / DRIVE AWAY,,,N,$500 OR LESS,01/15/2025 12:15,UNABLE TO DETERMINE,UNABLE TO DETERMINE,3510,S,RHODES AVE,212,,,,,,,2,NO INDICATION OF INJURY,0,0,0,0,0,2,0,12,4,1,2,0,12,4,1
CLEAR,DAYLIGHT,REAR TO FRONT,DIVIDED - W/MEDIAN (NOT RAISED),,STRAIGHT AND LEVEL,DRY,UNKNOWN,NOT ON SCENE (DESK REPORT),NO INJURY / DRIVE AWAY,,,,"OVER $1,500",01/15/2025 12:55,IMPROPER BACKING,NOT APPLICABLE,2750,W,NORTH AVE,1421,,,,,,,2,NO INDICATION OF INJURY,0,0,0,0,0,2,0,11,4,1,2,0,11,4,1
CLEAR,DAYLIGHT,TURNING,NOT DIVIDED,,STRAIGHT AND LEVEL,DRY,NO DEFECTS,NOT ON SCENE (DESK REPORT),NO INJURY / DRIVE AWAY,Y,,,"OVER $1,500",08/28/2025 15:15,IMPROPER TURNING/NO SIGNAL,IMPROPER LANE USAGE,100,S,CLARK ST,122,,,,,,,2,NO INDICATION OF INJURY,0,0,0,0,0,2,0,13,5,8,2,0,13,5,8
CLEAR,"DARKNESS, LIGHTED ROAD",ANGLE,FOUR WAY,,STRAIGHT AND LEVEL,DRY,UNKNOWN,ON SCENE,INJURY AND / OR TOW DUE TO CRASH,Y,,,"OVER $1,500",02/09/2025 21:09,FAILING TO YIELD RIGHT-OF-WAY,FAILING TO YIELD RIGHT-OF-WAY,8400,S,STONY ISLAND AVE,412,,Y,,,,,2,NONINCAPACITATING INJURY,3,0,0,3,0,0,0,21,1,2,0,0,21,1,2
CLEAR,DAYLIGHT,TURNING,NOT DIVIDED,,STRAIGHT AND LEVEL,DRY,NO DEFECTS,,INJURY AND / OR TOW DUE TO CRASH,Y,,,"OVER $1,500",01/09/2025 8:45,FAILING TO REDUCE SPEED TO AVOID CRASH,FAILING TO REDUCE SPEED TO AVOID CRASH,4600,S,COTTAGE GROVE AVE,221,,,,,,,2,NONINCAPACITATING INJURY,2,0,0,2,0,0,0,8,5,1,0,0,8,5,1
CLEAR,DAYLIGHT,REAR END,NOT DIVIDED,,STRAIGHT AND LEVEL,DRY,NO DEFECTS,NOT ON SCENE (DESK REPORT),NO INJURY / DRIVE AWAY,,,,"$501 - $1,500",01/15/2025 8:10,FOLLOWING TOO CLOSELY,FOLLOWING TOO CLOSELY,6801,W,SCHOOL ST,1632,,,,,,,2,NO INDICATION OF INJURY,0,0,0,0,0,3,0,7,4,1,3,0,7,4,1
CLEAR,DAYLIGHT,SIDESWIPE SAME DIRECTION,DIVIDED - W/MEDIAN (NOT RAISED),,STRAIGHT AND LEVEL,DRY,NO DEFECTS,NOT ON SCENE (DESK REPORT),NO INJURY / DRIVE AWAY,Y,,Y,"$501 - $1,500",01/15/2025 9:40,IMPROPER OVERTAKING/PASSING,UNABLE TO DETERMINE,900,S,STATE ST,123,,,,,,,2,NO INDICATION OF INJURY,0,0,0,0,0,2,0,9,4,1,2,0,9,4,1
CLEAR,DAYLIGHT,ANGLE,NOT DIVIDED,,STRAIGHT AND LEVEL,SNOW OR SLUSH,UNKNOWN,ON SCENE,NO INJURY / DRIVE AWAY,Y,,,"OVER $1,500",01/15/2025 8:18,FAILING TO REDUCE SPEED TO AVOID CRASH,NOT APPLICABLE,5199,W,50TH ST,814,,,,,,,2,NO INDICATION OF INJURY,0,0,0,0,0,35,0,8,4,1,35,0,8,4,1
SNOW,DAYLIGHT,ANGLE,NOT DIVIDED,,STRAIGHT AND LEVEL,DRY,NO DEFECTS,ON SCENE,NO INJURY / DRIVE AWAY,Y,,,"OVER $1,500",01/15/2025 9:29,DISREGARDING STOP SIGN,NOT APPLICABLE,7100,S,BISHOP ST,734,,,,,,,2,NO INDICATION OF INJURY,0,0,0,0,0,2,0,9,4,1,2,0,9,4,1
CLEAR,DAYLIGHT,FIXED OBJECT,NOT DIVIDED,,STRAIGHT AND LEVEL,DRY,NO DEFECTS,ON SCENE,INJURY AND / OR TOW DUE TO CRASH,,Y,,"OVER $1,500",01/15/2025 10:15,UNABLE TO DETERMINE,"VISION OBSCURED (SIGNS, TREE LIMBS, BUILDINGS, ETC.)",4830,S,HALSTED ST,933,,,,,,,1,NO INDICATION OF INJURY,0,0,0,0,0,1,0,10,4,1,1,0,10,4,1
CLEAR,DARKNESS,ANGLE,FOUR WAY,,STRAIGHT AND LEVEL,DRY,NO DEFECTS,NOT ON SCENE (DESK REPORT),INJURY AND / OR TOW DUE TO CRASH,,,,"OVER $1,500",01/15/2025 21:25,DISREGARDING STOP SIGN,NOT APPLICABLE,2931,E,100TH ST,431,,,,,,,2,NO INDICATION OF INJURY,0,0,0,0,0,2,0,20,4,1,2,0,20,4,1
CLEAR,DAYLIGHT,REAR END,NOT DIVIDED,,STRAIGHT AND LEVEL,UNKNOWN,UNKNOWN,NOT ON SCENE (DESK REPORT),NO INJURY / DRIVE AWAY,,,,"OVER $1,500",01/15/2025 14:35,FOLLOWING TOO CLOSELY,NOT APPLICABLE,4959,S,ARCHER AVE,821,,,,,,,2,NO INDICATION OF INJURY,0,0,0,0,0,2,0,14,4,1,2,0,14,4,1
CLEAR,"DARKNESS, LIGHTED ROAD",SIDESWIPE SAME DIRECTION,ONE-WAY,,STRAIGHT AND LEVEL,UNKNOWN,UNKNOWN,,INJURY AND / OR TOW DUE TO CRASH,,,Y,"OVER $1,500",12/30/2024 17:47,"OPERATING VEHICLE IN ERRATIC, RECKLESS, CARELESS, NEGLIGENT OR AGGRESSIVE MANNER",IMPROPER LANE USAGE,725,N,MICHIGAN AVE,1834,,,,,,,3,NO INDICATION OF INJURY,0,0,0,0,0,6,0,17,2,12,6,0,17,2,12
CLEAR,DAYLIGHT,TURNING,FOUR WAY,,STRAIGHT AND LEVEL,DRY,UNKNOWN,ON SCENE,INJURY AND / OR TOW DUE TO CRASH,Y,,,"OVER $1,500",01/15/2025 7:59,FAILING TO YIELD RIGHT-OF-WAY,NOT APPLICABLE,800,W,MONTROSE AVE,1914,,,,,,,2,"REPORTED, NOT EVIDENT",2,0,0,0,2,1,0,7,4,1,1,0,7,4,1
UNKNOWN,UNKNOWN,PARKED MOTOR VEHICLE,NOT DIVIDED,,STRAIGHT AND LEVEL,UNKNOWN,UNKNOWN,NOT ON SCENE (DESK REPORT),NO INJURY / DRIVE AWAY,,,Y,"OVER $1,500",01/15/2025 16:45,UNABLE TO DETERMINE,UNABLE TO DETERMINE,3701,W,OHIO ST,1122,,,,,,,2,NO INDICATION OF INJURY,0,0,0,0,0,1,0,16,4,1,1,0,16,4,1
CLEAR,DAYLIGHT,TURNING,NOT DIVIDED,,STRAIGHT AND LEVEL,DRY,NO DEFECTS,ON SCENE,INJURY AND / OR TOW DUE TO CRASH,,,Y,"OVER $1,500",01/15/2025 13:00,FOLLOWING TOO CLOSELY,UNABLE TO DETERMINE,5100,S,GREENWOOD AVE,233,,,,,,,2,NONINCAPACITATING INJURY,2,0,0,2,0,1,0,7,4,1,1,0,7,4,1
CLEAR,DAYLIGHT,TURNING,FOUR WAY,,STRAIGHT AND LEVEL,UNKNOWN,UNKNOWN,,NO INJURY / DRIVE AWAY,Y,,,"OVER $1,500",01/15/2025 16:40,UNABLE TO DETERMINE,UNABLE TO DETERMINE,2800,N,SHERIDAN RD,1934,,,,,,,2,NO INDICATION OF INJURY,0,0,0,0,0,2,0,8,4,1,2,0,8,4,1
CLEAR,DAYLIGHT,REAR END,NOT DIVIDED,,STRAIGHT AND LEVEL,DRY,NO DEFECTS,NOT ON SCENE (DESK REPORT),INJURY AND / OR TOW DUE TO CRASH,,,,"OVER $1,500",01/15/2025 9:20,FAILING TO YIELD RIGHT-OF-WAY,NOT APPLICABLE,5403,S,ASHLAND AVE,934,,,,,,,2,"REPORTED, NOT EVIDENT",1,0,0,0,1,2,0,8,4,1,2,0,8,4,1
UNKNOWN,UNKNOWN,SIDESWIPE SAME DIRECTION,NOT DIVIDED,,STRAIGHT AND LEVEL,UNKNOWN,UNKNOWN,ON SCENE,NO INJURY / DRIVE AWAY,Y,,,$500 OR LESS,01/15/2025 18:15,UNABLE TO DETERMINE,UNABLE TO DETERMINE,4428,W,GRAND AVE,2533,,,,,,,2,NO INDICATION OF INJURY,0,0,0,0,0,2,0,18,4,1,2,0,18,4,1
SNOW,"DARKNESS, LIGHTED ROAD",SIDESWIPE SAME DIRECTION,FOUR WAY,,STRAIGHT AND LEVEL,SNOW OR SLUSH,UNKNOWN,ON SCENE,INJURY AND / OR TOW DUE TO CRASH,Y,,,"OVER $1,500",01/15/2025 22:41,FAILING TO REDUCE SPEED TO AVOID CRASH,NOT APPLICABLE,800,N,LAKE SHORE DR SB,1833,,,,,,,2,NO INDICATION OF INJURY,0,0,0,0,0,3,0,22,4,1,3,0,22,4,1
CLEAR,"DARKNESS, LIGHTED ROAD",PEDESTRIAN,FOUR WAY,,STRAIGHT AND LEVEL,DRY,UNKNOWN,ON SCENE,INJURY AND / OR TOW DUE TO CRASH,Y,,Y,$500 OR LESS,01/15/2025 6:15,UNABLE TO DETERMINE,UNABLE TO DETERMINE,100,N,PULASKI RD,1114,,,,,,,2,NONINCAPACITATING INJURY,1,0,0,1,0,1,0,5,4,1,1,0,5,4,1
CLEAR,"DARKNESS, LIGHTED ROAD",PARKED MOTOR VEHICLE,NOT DIVIDED,,STRAIGHT AND LEVEL,UNKNOWN,UNKNOWN,NOT ON SCENE (DESK REPORT),NO INJURY / DRIVE AWAY,,,,"$501 - $1,500",01/15/2025 17:35,UNABLE TO DETERMINE,NOT APPLICABLE,5074,N,LINCOLN AVE,2031,,,,,,,2,NO INDICATION OF INJURY,0,0,0,0,0,1,0,17,4,1,1,0,17,4,1
CLEAR,UNKNOWN,ANGLE,UNKNOWN,,STRAIGHT AND LEVEL,UNKNOWN,UNKNOWN,NOT ON SCENE (DESK REPORT),NO INJURY / DRIVE AWAY,Y,,,"OVER $1,500",01/15/2025 18:05,UNABLE TO DETERMINE,NOT APPLICABLE,3232,N,MAJOR AVE,1633,,,,,,,2,NO INDICATION OF INJURY,0,0,0,0,0,2,0,16,4,1,2,0,16,4,1
OTHER,UNKNOWN,REAR END,NOT DIVIDED,,STRAIGHT AND LEVEL,UNKNOWN,UNKNOWN,,NO INJURY / DRIVE AWAY,,,,"$501 - $1,500",01/15/2025 9:30,UNABLE TO DETERMINE,NOT APPLICABLE,4935,W,63RD ST,813,,,,,,,2,NO INDICATION OF INJURY,0,0,0,0,0,3,0,8,4,1,3,0,8,4,1
CLEAR,DAYLIGHT,REAR END,NOT DIVIDED,,STRAIGHT AND LEVEL,DRY,UNKNOWN,NOT ON SCENE (DESK REPORT),NO INJURY / DRIVE AWAY,,,,"OVER $1,500",01/15/2025 16:00,FOLLOWING TOO CLOSELY,FOLLOWING TOO CLOSELY,4800,N,WESTERN AVE,2031,,,,,,,2,NO INDICATION OF INJURY,0,0,0,0,0,2,0,8,4,1,2,0,8,4,1
CLEAR,"DARKNESS, LIGHTED ROAD",TURNING,NOT DIVIDED,,STRAIGHT AND LEVEL,DRY,NO DEFECTS,NOT ON SCENE (DESK REPORT),NO INJURY / DRIVE AWAY,Y,,,"OVER $1,500",01/16/2025 14:15,FAILING TO YIELD RIGHT-OF-WAY,UNABLE TO DETERMINE,2815,N,WESTERN AVE,1432,,,,,,,2,NO INDICATION OF INJURY,0,0,0,0,0,2,0,17,4,1,2,0,17,4,1
CLEAR,DAYLIGHT,REAR END,FOUR WAY,,STRAIGHT AND LEVEL,DRY,SHOULDER DEFECT,NOT ON SCENE (DESK REPORT),INJURY AND / OR TOW DUE TO CRASH,Y,,,"OVER $1,500",01/15/2025 8:15,FOLLOWING TOO CLOSELY,UNABLE TO DETERMINE,4783,N,MILWAUKEE AVE,1623,,,,,,,3,"REPORTED, NOT EVIDENT",1,0,0,0,1,2,0,7,4,1,2,0,7,4,1
CLEAR,DAYLIGHT,SIDESWIPE SAME DIRECTION,NOT DIVIDED,,STRAIGHT ON GRADE,DRY,NO DEFECTS,NOT ON SCENE (DESK REPORT),NO INJURY / DRIVE AWAY,,,,"$501 - $1,500",01/16/2025 11:45,FAILING TO YIELD RIGHT-OF-WAY,FAILING TO YIELD RIGHT-OF-WAY,8700,S,HOLLAND RD,634,,,,,,,2,NO INDICATION OF INJURY,0,0,0,0,0,2,0,15,4,1,2,0,15,4,1
CLEAR,DAYLIGHT,SIDESWIPE OPPOSITE DIRECTION,NOT DIVIDED,,"CURVE, LEVEL",DRY,UNKNOWN,,INJURY AND / OR TOW DUE TO CRASH,,,,"OVER $1,500",04/19/2024 12:51,UNABLE TO DETERMINE,UNABLE TO DETERMINE,799,E,BEST DR,233,,,,,,,2,NO INDICATION OF INJURY,0,0,0,0,0,2,0,12,6,4,2,0,12,6,4
CLEAR,DAYLIGHT,SIDESWIPE SAME DIRECTION,PARKING LOT,,STRAIGHT AND LEVEL,DRY,NO DEFECTS,NOT ON SCENE (DESK REPORT),NO INJURY / DRIVE AWAY,,,,"OVER $1,500",01/15/2025 16:34,NOT APPLICABLE,NOT APPLICABLE,9443,S,WESTERN AVE,2221,,,,,,,2,NO INDICATION OF INJURY,0,0,0,0,0,3,0,12,4,1,3,0,12,4,1
CLEAR,DAYLIGHT,REAR END,DIVIDED - W/MEDIAN BARRIER,,STRAIGHT AND LEVEL,DRY,NO DEFECTS,NOT ON SCENE (DESK REPORT),NO INJURY / DRIVE AWAY,,,,"$501 - $1,500",01/15/2025 18:00,UNABLE TO DETERMINE,NOT APPLICABLE,2830,W,LAWRENCE AVE,2031,,,,,,,2,NO INDICATION OF INJURY,0,0,0,0,0,3,0,7,4,1,3,0,7,4,1
CLEAR,"DARKNESS, LIGHTED ROAD",SIDESWIPE SAME DIRECTION,DIVIDED - W/MEDIAN BARRIER,,STRAIGHT AND LEVEL,DRY,NO DEFECTS,NOT ON SCENE (DESK REPORT),NO INJURY / DRIVE AWAY,,,,"OVER $1,500",01/15/2025 18:15,IMPROPER LANE USAGE,NOT APPLICABLE,2400,N,ASHLAND AVE,1931,,,,,,,2,NO INDICATION OF INJURY,0,0,0,0,0,2,0,18,4,1,2,0,18,4,1
CLEAR,DAYLIGHT,PARKED MOTOR VEHICLE,DRIVEWAY,,STRAIGHT ON HILLCREST,SNOW OR SLUSH,UNKNOWN,ON SCENE,NO INJURY / DRIVE AWAY,,,,"OVER $1,500",01/15/2025 15:02,WEATHER,NOT APPLICABLE,3232,S,CALUMET AVE,211,N,N,,,,,2,NO INDICATION OF INJURY,0,0,0,0,0,1,0,14,4,1,1,0,14,4,1
CLEAR,DAYLIGHT,SIDESWIPE SAME DIRECTION,Y-INTERSECTION,,STRAIGHT AND LEVEL,DRY,UNKNOWN,,NO INJURY / DRIVE AWAY,,,,"$501 - $1,500",01/28/2025 9:39,FAILING TO REDUCE SPEED TO AVOID CRASH,UNABLE TO DETERMINE,3939,W,OGDEN AVE,1013,,,,,,,2,NO INDICATION OF INJURY,0,0,0,0,0,2,0,9,3,1,2,0,9,3,1
CLEAR,DAYLIGHT,SIDESWIPE SAME DIRECTION,DIVIDED - W/MEDIAN (NOT RAISED),,STRAIGHT AND LEVEL,DRY,NO DEFECTS,NOT ON SCENE (DESK REPORT),NO INJURY / DRIVE AWAY,Y,,,"OVER $1,500",08/30/2023 19:20,UNABLE TO DETERMINE,UNABLE TO DETERMINE,8700,S,HONORE ST,2221,,,,,,,2,NO INDICATION OF INJURY,0,0,0,0,0,2,0,13,2,8,2,0,13,2,8
CLEAR,DAYLIGHT,PARKED MOTOR VEHICLE,NOT DIVIDED,,STRAIGHT AND LEVEL,DRY,NO DEFECTS,NOT ON SCENE (DESK REPORT),NO INJURY / DRIVE AWAY,,,,"$501 - $1,500",01/15/2025 10:30,UNABLE TO DETERMINE,UNABLE TO DETERMINE,1631,W,JONQUIL TER,2422,,,,,,,2,NO INDICATION OF INJURY,0,0,0,0,0,1,0,8,4,1,1,0,8,4,1
CLEAR,DAYLIGHT,REAR END,CENTER TURN LANE,,STRAIGHT AND LEVEL,UNKNOWN,UNKNOWN,NOT ON SCENE (DESK REPORT),NO INJURY / DRIVE AWAY,,,,"OVER $1,500",01/15/2025 10:20,UNABLE TO DETERMINE,UNABLE TO DETERMINE,4553,N,LINCOLN AVE,1911,,,,,,,2,NO INDICATION OF INJURY,0,0,0,0,0,2,0,8,4,1,2,0,8,4,1