WEATHER_CONDITION,LIGHTING_CONDITION,FIRST_CRASH_TYPE,TRAFFICWAY_TYPE,LANE_CNT,ALIGNMENT,ROADWAY_SURFACE_COND,ROAD_DEFECT,REPORT_TYPE,CRASH_TYPE,INTERSECTION_RELATED_I,NOT_RIGHT_OF_WAY_I,HIT_AND_RUN_I,DAMAGE,DATE_POLICE_NOTIFIED,PRIM_CONTRIBUTORY_CAUSE,SEC_CONTRIBUTORY_CAUSE,STREET_NO,STREET_DIRECTION,STREET_NAME,BEAT_OF_OCCURRENCE,PHOTOS_TAKEN_I,STATEMENTS_TAKEN_I,DOORING_I,WORK_ZONE_I,WORK_ZONE_TYPE,WORKERS_PRESENT_I,NUM_UNITS,MOST_SEVERE_INJURY,INJURIES_TOTAL,INJURIES_FATAL,INJURIES_INCAPACITATING,INJURIES_NON_INCAPACITATING,INJURIES_REPORTED_NOT_EVIDENT,INJURIES_NO_INDICATION,INJURIES_UNKNOWN,CRASH_HOUR,CRASH_DAY_OF_WEEK,CRASH_MONTH,INJURIES_NO_INDICATION,INJURIES_UNKNOWN,CRASH_HOUR,CRASH_DAY_OF_WEEK,CRASH_MONTH
CLEAR,DAYLIGHT,ANGLE,FOUR WAY,,STRAIGHT AND LEVEL,DRY,UNKNOWN,ON SCENE,INJURY AND / OR TOW DUE TO CRASH,Y,,,"OVER $1,500",08/28/2023 16:05,NOT APPLICABLE,NOT APPLICABLE,799,E,49TH ST,223,,,,,,,2,NO INDICATION OF INJURY,0,0,0,0,0,3,0,15,2,8,3,0,15,2,8
UNKNOWN,DARKNESS,ANIMAL,DIVIDED - W/MEDIAN (NOT RAISED),,STRAIGHT AND LEVEL,UNKNOWN,UNKNOWN,NOT ON SCENE (DESK REPORT),NO INJURY / DRIVE AWAY,,,,"OVER $1,500",01/15/2025 19:05,UNABLE TO DETERMINE,NOT APPLICABLE,11600,S,TORRENCE AVE,434,,,,,,,1,NO INDICATION OF INJURY,0,0,0,0,0,1,0,17,4,1,1,0,17,4,1
CLEAR,DAYLIGHT,TURNING,NOT DIVIDED,,STRAIGHT AND LEVEL,DRY,NO DEFECTS,NOT ON SCENE (DESK REPORT),INJURY AND / OR TOW DUE TO CRASH,Y,,,"OVER $1,500",01/15/2025 12:15,IMPROPER TURNING/NO SIGNAL,FAILING TO YIELD RIGHT-OF-WAY,5900,W,MADISON ST,1513,,,,,,,2,"REPORTED, NOT EVIDENT",3,0,0,0,3,2,0,11,4,1,2,0,11,4,1
CLEAR,DAYLIGHT,PARKED MOTOR VEHICLE,NOT DIVIDED,,STRAIGHT AND LEVEL,SNOW OR SLUSH,UNKNOWN,ON SCENE,NO INJURY / DRIVE AWAY,,,Y,"OVER $1,500",01/15/2025 14:40,UNABLE TO DETERMINE,NOT APPLICABLE,2715,W,24TH PL,1034,,,,,,,2,NO INDICATION OF INJURY,0,0,0,0,0,1,0,8,4,1,1,0,8,4,1
CLEAR,"DARKNESS, LIGHTED ROAD",REAR END,DIVIDED - W/MEDIAN BARRIER,,STRAIGHT AND LEVEL,DRY,NO DEFECTS,ON SCENE,INJURY AND / OR TOW DUE TO CRASH,,,,"OVER $1,500",01/15/2025 20:45,FOLLOWING TOO CLOSELY,NOT APPLICABLE,8015,S,ANTHONY AVE,411,,,,,,,2,NONINCAPACITATING INJURY,1,0,0,1,0,2,0,19,4,1,2,0,19,4,1
CLEAR,DAYLIGHT,REAR END,DIVIDED - W/MEDIAN (NOT RAISED),,STRAIGHT AND LEVEL,UNKNOWN,UNKNOWN,NOT ON SCENE (DESK REPORT),NO INJURY / DRIVE AWAY,,,,"OVER $1,500",01/15/2025 17:25,UNABLE TO DETERMINE,NOT APPLICABLE,7150,W,NORTH AVE,2513,,,,,,,2,NO INDICATION OF INJURY,0,0,0,0,0,2,0,14,4,1,2,0,14,4,1
CLEAR,DAYLIGHT,PARKED MOTOR VEHICLE,FOUR WAY,,STRAIGHT AND LEVEL,DRY,NO DEFECTS,NOT ON SCENE (DESK REPORT),NO INJURY / DRIVE AWAY,Y,,,"OVER $1,500",04/19/2024 15:45,UNABLE TO DETERMINE,NOT APPLICABLE,11104,S,BELL AVE,2212,,,,,,,2,NO INDICATION OF INJURY,0,0,0,0,0,1,0,14,6,4,1,0,14,6,4
BLOWING SNOW,DAYLIGHT,SIDESWIPE SAME DIRECTION,DIVIDED - W/MEDIAN (NOT RAISED),,STRAIGHT AND LEVEL,DRY,NO DEFECTS,ON SCENE,NO INJURY / DRIVE AWAY,,,,"$501 - $1,500",03/22/2024 17:40,UNABLE TO DETERMINE,UNABLE TO DETERMINE,7734,W,ADDISON ST,1631,Y,Y,,,,,2,NO INDICATION OF INJURY,0,0,0,0,0,2,0,17,6,3,2,0,17,6,3
CLEAR,"DARKNESS, LIGHTED ROAD",SIDESWIPE SAME DIRECTION,NOT DIVIDED,,STRAIGHT AND LEVEL,UNKNOWN,UNKNOWN,NOT ON SCENE (DESK REPORT),NO INJURY / DRIVE AWAY,,,Y,"OVER $1,500",01/15/2025 19:00,UNABLE TO DETERMINE,UNABLE TO DETERMINE,258,W,GRAND AVE,1831,,,,,,,2,NO INDICATION OF INJURY,0,0,0,0,0,2,0,17,4,1,2,0,17,4,1
CLEAR,DAYLIGHT,SIDESWIPE SAME DIRECTION,NOT DIVIDED,,STRAIGHT AND LEVEL,UNKNOWN,UNKNOWN,NOT ON SCENE (DESK REPORT),NO INJURY / DRIVE AWAY,,,,"OVER $1,500",01/15/2025 16:00,UNABLE TO DETERMINE,UNABLE TO DETERMINE,5900,W,CHICAGO AVE,1511,,,,,,,2,NO INDICATION OF INJURY,0,0,0,0,0,2,0,15,4,1,2,0,15,4,1
OTHER,DAYLIGHT,SIDESWIPE SAME DIRECTION,NOT DIVIDED,,STRAIGHT AND LEVEL,UNKNOWN,UNKNOWN,NOT ON SCENE (DESK REPORT),NO INJURY / DRIVE AWAY,,,,"$501 - $1,500",01/15/2025 11:00,UNABLE TO DETERMINE,UNABLE TO DETERMINE,3158,W,87TH ST,835,,,,,,,2,NO INDICATION OF INJURY,0,0,0,0,0,2,0,10,4,1,2,0,10,4,1
CLEAR,DAYLIGHT,PARKED MOTOR VEHICLE,NOT DIVIDED,,STRAIGHT AND LEVEL,DRY,NO DEFECTS,ON SCENE,NO INJURY / DRIVE AWAY,,,,"OVER $1,500",01/15/2025 13:10,DRIVING SKILLS/KNOWLEDGE/EXPERIENCE,FAILING TO REDUCE SPEED TO AVOID CRASH,1204,W,97TH ST,2213,,,,,,,2,NO INDICATION OF INJURY,0,0,0,0,0,1,0,13,4,1,1,0,13,4,1
CLEAR,DAYLIGHT,REAR END,DIVIDED - W/MEDIAN (NOT RAISED),,STRAIGHT AND LEVEL,DRY,UNKNOWN,ON SCENE,NO INJURY / DRIVE AWAY,Y,,,"$501 - $1,500",04/01/2025 13:43,FAILING TO REDUCE SPEED TO AVOID CRASH,NOT APPLICABLE,5405,S,CENTRAL AVE,814,,,,,,,2,NO INDICATION OF INJURY,0,0,0,0,0,3,0,13,3,4,3,0,13,3,4
CLEAR,DAYLIGHT,REAR TO REAR,PARKING LOT,,STRAIGHT AND LEVEL,DRY,NO DEFECTS,NOT ON SCENE (DESK REPORT),NO INJURY / DRIVE AWAY,,,,"OVER $1,500",01/15/2025 11:25,IMPROPER BACKING,NOT APPLICABLE,4734,N,CUMBERLAND AVE,1614,,,,,,,2,NO INDICATION OF INJURY,0,0,0,0,0,2,0,10,4,1,2,0,10,4,1
CLEAR,DAYLIGHT,SIDESWIPE SAME DIRECTION,NOT DIVIDED,,STRAIGHT AND LEVEL,DRY,NO DEFECTS,ON SCENE,NO INJURY / DRIVE AWAY,,,Y,"$501 - $1,500",01/15/2025 9:18,UNABLE TO DETERMINE,UNABLE TO DETERMINE,2017,S,WESTERN AVE,1234,,,,,,,2,NO INDICATION OF INJURY,0,0,0,0,0,4,0,9,4,1,4,0,9,4,1
CLEAR,"DARKNESS, LIGHTED ROAD",PARKED MOTOR VEHICLE,NOT DIVIDED,,STRAIGHT AND LEVEL,DRY,NO DEFECTS,NOT ON SCENE (DESK REPORT),NO INJURY / DRIVE AWAY,,,,"OVER $1,500",01/15/2025 21:00,UNABLE TO DETERMINE,UNABLE TO DETERMINE,915,N,STATE ST,1833,,,,,,,2,NO INDICATION OF INJURY,0,0,0,0,0,2,0,20,4,1,2,0,20,4,1
CLEAR,DAYLIGHT,REAR END,DIVIDED - W/MEDIAN BARRIER,,STRAIGHT AND LEVEL,DRY,NO DEFECTS,NOT ON SCENE (DESK REPORT),NO INJURY / DRIVE AWAY,,,Y,"$501 - $1,500",01/17/2025 14:29,IMPROPER LANE USAGE,UNABLE TO DETERMINE,530,N,LA SALLE DR,1831,,,,,,,2,NO INDICATION OF INJURY,0,0,0,0,0,2,0,11,4,1,2,0,11,4,1
UNKNOWN,DAYLIGHT,TURNING,NOT DIVIDED,,STRAIGHT AND LEVEL,UNKNOWN,UNKNOWN,NOT ON SCENE (DESK REPORT),INJURY AND / OR TOW DUE TO CRASH,,,,"OVER $1,500",01/15/2025 16:57,FAILING TO REDUCE SPEED TO AVOID CRASH,FAILING TO YIELD RIGHT-OF-WAY,4148,W,MONTROSE AVE,1722,Y,Y,,,,,2,NO INDICATION OF INJURY,0,0,0,0,0,2,0,16,4,1,2,0,16,4,1
CLEAR,DAYLIGHT,PEDESTRIAN,NOT DIVIDED,,STRAIGHT AND LEVEL,DRY,NO DEFECTS,NOT ON SCENE (DESK REPORT),NO INJURY / DRIVE AWAY,Y,,,$500 OR LESS,01/19/2025 13:50,FAILING TO YIELD RIGHT-OF-WAY,NOT APPLICABLE,2959,W,MONTROSE AVE,1724,,,,,,,2,NO INDICATION OF INJURY,0,0,0,0,0,2,0,7,4,1,2,0,7,4,1
CLEAR,DAYLIGHT,REAR END,DIVIDED - W/MEDIAN (NOT RAISED),,STRAIGHT AND LEVEL,DRY,NO DEFECTS,NOT ON SCENE (DESK REPORT),NO INJURY / DRIVE AWAY,,,Y,"OVER $1,500",01/15/2025 8:00,UNABLE TO DETERMINE,UNABLE TO DETERMINE,2001,S,STATE ST,131,,,,,,,3,NO INDICATION OF INJURY,0,0,0,0,0,3,0,7,4,1,3,0,7,4,1
CLEAR,DARKNESS,TURNING,FOUR WAY,,STRAIGHT AND LEVEL,DRY,NO DEFECTS,ON SCENE,NO INJURY / DRIVE AWAY,Y,,,"OVER $1,500",01/15/2025 18:25,UNABLE TO DETERMINE,UNABLE TO DETERMINE,6901,S,SOUTH CHICAGO AVE,321,,,,,,,2,NO INDICATION OF INJURY,0,0,0,0,0,3,0,18,4,1,3,0,18,4,1
CLEAR,DAYLIGHT,PEDESTRIAN,T-INTERSECTION,,STRAIGHT AND LEVEL,DRY,NO DEFECTS,ON SCENE,INJURY AND / OR TOW DUE TO CRASH,Y,,,$500 OR LESS,01/15/2025 11:55,"VISION OBSCURED (SIGNS, TREE LIMBS, BUILDINGS, ETC.)",FAILING TO YIELD RIGHT-OF-WAY,222,W,LAKE ST,122,,,,,,,2,NONINCAPACITATING INJURY,1,0,0,1,0,1,0,11,4,1,1,0,11,4,1
CLEAR,DAWN,PARKED MOTOR VEHICLE,ONE-WAY,,STRAIGHT AND LEVEL,DRY,UNKNOWN,ON SCENE,NO INJURY / DRIVE AWAY,,,,"OVER $1,500",01/15/2025 7:40,DRIVING SKILLS/KNOWLEDGE/EXPERIENCE,NOT APPLICABLE,73,S,DEARBORN ST,112,,,,,,,2,NO INDICATION OF INJURY,0,0,0,0,0,4,0,6,4,1,4,0,6,4,1
CLEAR,DAYLIGHT,REAR END,NOT DIVIDED,,STRAIGHT AND LEVEL,DRY,NO DEFECTS,NOT ON SCENE (DESK REPORT),NO INJURY / DRIVE AWAY,,,,"$501 - $1,500",01/15/2025 11:31,FOLLOWING TOO CLOSELY,NOT APPLICABLE,340,S,HAMLIN BLVD,1133,,,,,,,2,NO INDICATION OF INJURY,0,0,0,0,0,2,0,8,4,1,2,0,8,4,1
CLEAR,DAYLIGHT,ANGLE,NOT DIVIDED,,STRAIGHT AND LEVEL,DRY,NO DEFECTS,ON SCENE,NO INJURY / DRIVE AWAY,Y,,,"OVER $1,500",01/15/2025 9:27,FAILING TO YIELD RIGHT-OF-WAY,NOT APPLICABLE,9100,S,COTTAGE GROVE AVE,633,,,,,,,2,NO INDICATION OF INJURY,0,0,0,0,0,2,0,9,4,1,2,0,9,4,1
CLEAR,DAYLIGHT,TURNING,NOT DIVIDED,,STRAIGHT AND LEVEL,ICE,NO DEFECTS,NOT ON SCENE (DESK REPORT),NO INJURY / DRIVE AWAY,,,,"OVER $1,500",01/15/2025 8:35,FAILING TO REDUCE SPEED TO AVOID CRASH,FAILING TO REDUCE SPEED TO AVOID CRASH,6258,S,WESTERN AVE,825,,,,,,,2,NO INDICATION OF INJURY,0,0,0,0,0,2,0,8,4,1,2,0,8,4,1
CLEAR,DAYLIGHT,TURNING,T-INTERSECTION,,STRAIGHT AND LEVEL,DRY,NO DEFECTS,NOT ON SCENE (DESK REPORT),NO INJURY / DRIVE AWAY,Y,,,"OVER $1,500",04/01/2025 14:00,IMPROPER TURNING/NO SIGNAL,NOT APPLICABLE,1841,W,95TH ST,2213,,,,,,,2,NO INDICATION OF INJURY,0,0,0,0,0,2,0,13,3,4,2,0,13,3,4
CLEAR,"DARKNESS, LIGHTED ROAD",ANGLE,DIVIDED - W/MEDIAN (NOT RAISED),,STRAIGHT AND LEVEL,DRY,NO DEFECTS,NOT ON SCENE (DESK REPORT),NO INJURY / DRIVE AWAY,Y,,Y,"OVER $1,500",01/16/2025 18:00,UNABLE TO DETERMINE,UNABLE TO DETERMINE,7600,S,LOOMIS BLVD,612,,,,,,,2,NO INDICATION OF INJURY,0,0,0,0,0,2,0,18,4,1,2,0,18,4,1
UNKNOWN,UNKNOWN,PARKED MOTOR VEHICLE,NOT DIVIDED,,STRAIGHT AND LEVEL,UNKNOWN,UNKNOWN,,NO INJURY / DRIVE AWAY,,,Y,$500 OR LESS,01/20/2025 14:36,UNABLE TO DETERMINE,UNABLE TO DETERMINE,6731,N,RAVENSWOOD AVE,2432,,,,,,,2,NO INDICATION OF INJURY,0,0,0,0,0,2,0,12,2,1,2,0,12,2,1
UNKNOWN,DAYLIGHT,REAR END,ONE-WAY,,STRAIGHT AND LEVEL,UNKNOWN,UNKNOWN,NOT ON SCENE (DESK REPORT),NO INJURY / DRIVE AWAY,,,,$500 OR LESS,04/01/2025 7:00,UNABLE TO DETERMINE,UNABLE TO DETERMINE,3901,W,13TH ST,1011,,,,,,,2,NO INDICATION OF INJURY,0,0,0,0,0,2,0,6,3,4,2,0,6,3,4
CLEAR,DAYLIGHT,TURNING,ONE-WAY,,STRAIGHT AND LEVEL,DRY,UNKNOWN,NOT ON SCENE (DESK REPORT),NO INJURY / DRIVE AWAY,Y,,Y,"OVER $1,500",04/01/2025 17:15,UNABLE TO DETERMINE,UNABLE TO DETERMINE,250,E,SUPERIOR ST,1833,,,,,,,2,NO INDICATION OF INJURY,0,0,0,0,0,2,0,15,3,4,2,0,15,3,4
CLEAR,"DARKNESS, LIGHTED ROAD",REAR END,DIVIDED - W/MEDIAN (NOT RAISED),,STRAIGHT AND LEVEL,SNOW OR SLUSH,UNKNOWN,ON SCENE,INJURY AND / OR TOW DUE TO CRASH,,,,"OVER $1,500",01/15/2025 17:37,FOLLOWING TOO CLOSELY,FAILING TO REDUCE SPEED TO AVOID CRASH,2866,S,WESTERN AVE,1034,,,,,,,3,NO INDICATION OF INJURY,0,0,0,0,0,5,0,17,4,1,5,0,17,4,1
CLEAR,DAYLIGHT,FIXED OBJECT,NOT DIVIDED,,STRAIGHT AND LEVEL,DRY,UNKNOWN,NOT ON SCENE (DESK REPORT),NO INJURY / DRIVE AWAY,,,Y,"OVER $1,500",04/01/2025 12:14,UNABLE TO DETERMINE,UNABLE TO DETERMINE,2357,N,CLARK ST,1814,,,,,,,1,NO INDICATION OF INJURY,0,0,0,0,0,1,0,8,2,3,1,0,8,2,3
CLEAR,"DARKNESS, LIGHTED ROAD",TURNING,NOT DIVIDED,,STRAIGHT AND LEVEL,DRY,UNKNOWN,ON SCENE,INJURY AND / OR TOW DUE TO CRASH,Y,,,"OVER $1,500",04/01/2025 23:17,FAILING TO YIELD RIGHT-OF-WAY,UNABLE TO DETERMINE,1,N,CICERO AVE,1113,,,,,,,2,"REPORTED, NOT EVIDENT",3,0,0,0,3,0,0,22,3,4,0,0,22,3,4
CLEAR,DAYLIGHT,TURNING,NOT DIVIDED,,STRAIGHT AND LEVEL,DRY,NO DEFECTS,ON SCENE,INJURY AND / OR TOW DUE TO CRASH,,,,"OVER $1,500",04/01/2025 16:37,IMPROPER TURNING/NO SIGNAL,DRIVING SKILLS/KNOWLEDGE/EXPERIENCE,1317,W,16TH ST,1233,,,,,,,2,"REPORTED, NOT EVIDENT",1,0,0,0,1,1,0,16,3,4,1,0,16,3,4
CLEAR,DAYLIGHT,ANGLE,T-INTERSECTION,,STRAIGHT AND LEVEL,DRY,NO DEFECTS,ON SCENE,NO INJURY / DRIVE AWAY,Y,,,"OVER $1,500",04/01/2025 16:49,DISREGARDING STOP SIGN,NOT APPLICABLE,3901,N,ODELL AVE,1631,,,,,,,2,NO INDICATION OF INJURY,0,0,0,0,0,2,0,16,3,4,2,0,16,3,4
CLEAR,DAYLIGHT,SIDESWIPE SAME DIRECTION,NOT DIVIDED,,STRAIGHT AND LEVEL,UNKNOWN,UNKNOWN,ON SCENE,INJURY AND / OR TOW DUE TO CRASH,,,,"OVER $1,500",04/19/2025 16:22,UNABLE TO DETERMINE,NOT APPLICABLE,4830,W,FULLERTON AVE,2521,,,,,,,2,NO INDICATION OF INJURY,0,0,0,0,0,4,0,16,7,4,4,0,16,7,4
CLEAR,DAYLIGHT,REAR END,FOUR WAY,,STRAIGHT AND LEVEL,DRY,NO DEFECTS,NOT ON SCENE (DESK REPORT),NO INJURY / DRIVE AWAY,Y,,,"OVER $1,500",04/01/2025 14:30,FAILING TO REDUCE SPEED TO AVOID CRASH,FOLLOWING TOO CLOSELY,1961,N,WESTERN AVE,1434,,,,,,,3,NO INDICATION OF INJURY,0,0,0,0,0,4,0,16,1,3,4,0,16,1,3
UNKNOWN,UNKNOWN,ANGLE,FOUR WAY,,STRAIGHT AND LEVEL,UNKNOWN,UNKNOWN,ON SCENE,INJURY AND / OR TOW DUE TO CRASH,Y,,,"OVER $1,500",04/01/2025 10:38,UNABLE TO DETERMINE,NOT APPLICABLE,52,E,GARFIELD BLVD,225,N,N,,,,,2,NONINCAPACITATING INJURY,1,0,0,1,0,2,0,10,3,4,2,0,10,3,4
CLEAR,DAYLIGHT,REAR TO SIDE,PARKING LOT,,STRAIGHT AND LEVEL,UNKNOWN,UNKNOWN,ON SCENE,NO INJURY / DRIVE AWAY,,,,"$501 - $1,500",04/19/2025 15:30,NOT APPLICABLE,NOT APPLICABLE,4433,S,PULASKI RD,821,,,,,,,2,NO INDICATION OF INJURY,0,0,0,0,0,4,0,15,7,4,4,0,15,7,4
CLEAR,DAYLIGHT,REAR END,NOT DIVIDED,,STRAIGHT AND LEVEL,ICE,UNKNOWN,NOT ON SCENE (DESK REPORT),NO INJURY / DRIVE AWAY,,,,"OVER $1,500",01/15/2025 13:31,FOLLOWING TOO CLOSELY,FOLLOWING TOO CLOSELY,9700,S,LOOMIS ST,2213,,,,,,,2,NO INDICATION OF INJURY,0,0,0,0,0,2,0,13,4,1,2,0,13,4,1
CLEAR,"DARKNESS, LIGHTED ROAD",PEDESTRIAN,FOUR WAY,,STRAIGHT AND LEVEL,DRY,NO DEFECTS,ON SCENE,INJURY AND / OR TOW DUE TO CRASH,Y,,Y,$500 OR LESS,01/15/2025 17:44,UNABLE TO DETERMINE,NOT APPLICABLE,2800,W,CHICAGO AVE,1211,,,,,,,2,"REPORTED, NOT EVIDENT",1,0,0,0,1,1,0,17,4,1,1,0,17,4,1
CLEAR,DAYLIGHT,REAR END,NOT DIVIDED,,STRAIGHT AND LEVEL,DRY,NO DEFECTS,NOT ON SCENE (DESK REPORT),NO INJURY / DRIVE AWAY,Y,,,"OVER $1,500",04/01/2025 9:00,FAILING TO REDUCE SPEED TO AVOID CRASH,NOT APPLICABLE,7198,W,NORTH AVE,2513,,,,,,,2,NO INDICATION OF INJURY,0,0,0,0,0,2,0,8,3,4,2,0,8,3,4
CLEAR,DAYLIGHT,REAR END,DIVIDED - W/MEDIAN (NOT RAISED),,STRAIGHT AND LEVEL,DRY,NO DEFECTS,NOT ON SCENE (DESK REPORT),NO INJURY / DRIVE AWAY,,,,"OVER $1,500",04/21/2025 11:50,UNABLE TO DETERMINE,NOT APPLICABLE,900,E,63RD ST,313,,,,,,,2,NO INDICATION OF INJURY,0,0,0,0,0,2,0,14,7,4,2,0,14,7,4
CLEAR,DAYLIGHT,PARKED MOTOR VEHICLE,NOT DIVIDED,,STRAIGHT AND LEVEL,WET,NO DEFECTS,NOT ON SCENE (DESK REPORT),NO INJURY / DRIVE AWAY,,,,"OVER $1,500",04/21/2025 10:00,IMPROPER LANE USAGE,UNABLE TO DETERMINE,4540,W,JACKSON BLVD,1113,,,,,,,2,NO INDICATION OF INJURY,0,0,0,0,0,1,0,13,1,4,1,0,13,1,4
RAIN,"DARKNESS, LIGHTED ROAD",FIXED OBJECT,ONE-WAY,,STRAIGHT AND LEVEL,WET,UNKNOWN,ON SCENE,INJURY AND / OR TOW DUE TO CRASH,,,Y,"$501 - $1,500",04/21/2025 3:10,UNABLE TO DETERMINE,UNABLE TO DETERMINE,7500,S,STATE ST,623,,,,,,,1,NO INDICATION OF INJURY,0,0,0,0,0,1,0,3,2,4,1,0,3,2,4
CLEAR,"DARKNESS, LIGHTED ROAD",REAR END,DIVIDED - W/MEDIAN (NOT RAISED),,STRAIGHT AND LEVEL,UNKNOWN,UNKNOWN,NOT ON SCENE (DESK REPORT),INJURY AND / OR TOW DUE TO CRASH,,,,"OVER $1,500",01/15/2025 20:10,UNABLE TO DETERMINE,NOT APPLICABLE,3400,W,GRAND AVE,1121,,,,,,,2,NO INDICATION OF INJURY,0,0,0,0,0,2,0,19,4,1,2,0,19,4,1
CLEAR,DAYLIGHT,REAR TO SIDE,ALLEY,,STRAIGHT AND LEVEL,OTHER,NO DEFECTS,ON SCENE,NO INJURY / DRIVE AWAY,,,,"OVER $1,500",01/15/2025 16:09,IMPROPER BACKING,FAILING TO YIELD RIGHT-OF-WAY,1945,N,RIDGEWAY AVE,2535,,,,,,,2,NO INDICATION OF INJURY,0,0,0,0,0,2,0,15,4,1,2,0,15,4,1
CLEAR,"DARKNESS, LIGHTED ROAD",SIDESWIPE SAME DIRECTION,NOT DIVIDED,,STRAIGHT AND LEVEL,DRY,UNKNOWN,,NO INJURY / DRIVE AWAY,,,,"OVER $1,500",03/20/2025 21:15,UNABLE TO DETERMINE,UNABLE TO DETERMINE,1554,W,DIVISION ST,1424,,,,,,,2,NO INDICATION OF INJURY,0,0,0,0,0,2,0,19,5,3,2,0,19,5,3
CLEAR,DAYLIGHT,PEDESTRIAN,FOUR WAY,,STRAIGHT AND LEVEL,DRY,NO DEFECTS,ON SCENE,INJURY AND / OR TOW DUE TO CRASH,Y,,,"OVER $1,500",03/24/2025 15:09,"VISION OBSCURED (SIGNS, TREE LIMBS, BUILDINGS, ETC.)","VISION OBSCURED (SIGNS, TREE LIMBS, BUILDINGS, ETC.)",4000,W,26TH ST,1013,,,,,,,3,NONINCAPACITATING INJURY,2,0,0,2,0,1,0,15,2,3,1,0,15,2,3
RAIN,DAYLIGHT,REAR END,NOT DIVIDED,,STRAIGHT AND LEVEL,WET,NO DEFECTS,NOT ON SCENE (DESK REPORT),NO INJURY / DRIVE AWAY,Y,,,"OVER $1,500",03/31/2025 12:00,FOLLOWING TOO CLOSELY,NOT APPLICABLE,4786,N,MILWAUKEE AVE,1623,,,,,,,2,NO INDICATION OF INJURY,0,0,0,0,0,2,0,16,1,3,2,0,16,1,3
CLEAR,DAYLIGHT,TURNING,DIVIDED - W/MEDIAN (NOT RAISED),,STRAIGHT AND LEVEL,DRY,UNKNOWN,NOT ON SCENE (DESK REPORT),NO INJURY / DRIVE AWAY,Y,,,"OVER $1,500",04/01/2025 15:39,IMPROPER OVERTAKING/PASSING,IMPROPER OVERTAKING/PASSING,2709,W,31ST ST,1034,,,,,,,2,NO INDICATION OF INJURY,0,0,0,0,0,2,0,9,3,4,2,0,9,3,4
CLEAR,DAYLIGHT,REAR END,NOT DIVIDED,,STRAIGHT AND LEVEL,DRY,UNKNOWN,NOT ON SCENE (DESK REPORT),NO INJURY / DRIVE AWAY,,,,"OVER $1,500",04/21/2025 13:40,FOLLOWING TOO CLOSELY,FOLLOWING TOO CLOSELY,12558,S,BURLEY AVE,433,,,,,,,2,NO INDICATION OF INJURY,0,0,0,0,0,2,0,16,1,4,2,0,16,1,4
CLEAR,DAYLIGHT,TURNING,NOT DIVIDED,,STRAIGHT AND LEVEL,DRY,NO DEFECTS,NOT ON SCENE (DESK REPORT),NO INJURY / DRIVE AWAY,,,,"OVER $1,500",04/21/2025 11:22,IMPROPER TURNING/NO SIGNAL,UNABLE TO DETERMINE,1957,W,21ST PL,1234,,,,,,,2,NO INDICATION OF INJURY,0,0,0,0,0,2,0,8,2,4,2,0,8,2,4
CLEAR,DAYLIGHT,PARKED MOTOR VEHICLE,UNKNOWN,,STRAIGHT AND LEVEL,DRY,OTHER,,NO INJURY / DRIVE AWAY,,,Y,"OVER $1,500",04/21/2025 16:00,IMPROPER BACKING,IMPROPER BACKING,948,W,19TH ST,1235,,,,,,,2,NO INDICATION OF INJURY,0,0,0,0,0,1,0,8,2,4,1,0,8,2,4
SNOW,DAYLIGHT,PEDESTRIAN,FOUR WAY,,STRAIGHT AND LEVEL,SNOW OR SLUSH,UNKNOWN,ON SCENE,INJURY AND / OR TOW DUE TO CRASH,,,,"OVER $1,500",01/15/2025 10:18,CELL PHONE USE OTHER THAN TEXTING,CELL PHONE USE OTHER THAN TEXTING,3500,S,HALSTED ST,915,,,,,,,2,NONINCAPACITATING INJURY,1,0,0,1,0,1,0,8,4,1,1,0,8,4,1
CLEAR,DAYLIGHT,ANGLE,FOUR WAY,,STRAIGHT AND LEVEL,DRY,NO DEFECTS,NOT ON SCENE (DESK REPORT),INJURY AND / OR TOW DUE TO CRASH,,,,"OVER $1,500",01/15/2025 10:00,FAILING TO YIELD RIGHT-OF-WAY,DISREGARDING OTHER TRAFFIC SIGNS,7001,S,STONY ISLAND AVE,332,,,,,,,2,NO INDICATION OF INJURY,0,0,0,0,0,4,0,8,4,1,4,0,8,4,1
UNKNOWN,UNKNOWN,SIDESWIPE SAME DIRECTION,FOUR WAY,,STRAIGHT AND LEVEL,UNKNOWN,UNKNOWN,NOT ON SCENE (DESK REPORT),NO INJURY / DRIVE AWAY,,,Y,"OVER $1,500",03/31/2025 23:50,UNABLE TO DETERMINE,NOT APPLICABLE,636,N,RACINE AVE,1215,,,,,,,2,NO INDICATION OF INJURY,0,0,0,0,0,2,0,15,2,3,2,0,15,2,3
CLEAR,DAYLIGHT,SIDESWIPE SAME DIRECTION,ONE-WAY,,STRAIGHT AND LEVEL,DRY,NO DEFECTS,ON SCENE,INJURY AND / OR TOW DUE TO CRASH,,,Y,"$501 - $1,500",04/01/2025 9:56,UNABLE TO DETERMINE,NOT APPLICABLE,4500,S,INDIANA AVE,215,,,,,,,3,"REPORTED, NOT EVIDENT",1,0,0,0,1,1,0,9,3,4,1,0,9,3,4