WEATHER_CONDITION,LIGHTING_CONDITION,FIRST_CRASH_TYPE,TRAFFICWAY_TYPE,LANE_CNT,ALIGNMENT,ROADWAY_SURFACE_COND,ROAD_DEFECT,REPORT_TYPE,CRASH_TYPE,INTERSECTION_RELATED_I,NOT_RIGHT_OF_WAY_I,HIT_AND_RUN_I,DAMAGE,DATE_POLICE_NOTIFIED,PRIM_CONTRIBUTORY_CAUSE,SEC_CONTRIBUTORY_CAUSE,STREET_NO,STREET_DIRECTION,STREET_NAME,BEAT_OF_OCCURRENCE,PHOTOS_TAKEN_I,STATEMENTS_TAKEN_I,DOORING_I,WORK_ZONE_I,WORK_ZONE_TYPE,WORKERS_PRESENT_I,NUM_UNITS,MOST_SEVERE_INJURY,INJURIES_TOTAL,INJURIES_FATAL,INJURIES_INCAPACITATING,INJURIES_NON_INCAPACITATING,INJURIES_REPORTED_NOT_EVIDENT,INJURIES_NO_INDICATION,INJURIES_UNKNOWN,CRASH_HOUR,CRASH_DAY_OF_WEEK,CRASH_MONTH,INJURIES_NO_INDICATION,INJURIES_UNKNOWN,CRASH_HOUR,CRASH_DAY_OF_WEEK,CRASH_MONTH
CLEAR,DAYLIGHT,ANGLE,NOT DIVIDED,,STRAIGHT AND LEVEL,DRY,NO DEFECTS,NOT ON SCENE (DESK REPORT),NO INJURY / DRIVE AWAY,,,Y,"$501 - $1,500",04/01/2025 19:54,DISREGARDING STOP SIGN,NOT APPLICABLE,200,S,CICERO AVE,1533,,,,,,,2,NO INDICATION OF INJURY,0,0,0,0,0,2,0,17,3,4,2,0,17,3,4
CLEAR,DAYLIGHT,SIDESWIPE SAME DIRECTION,NOT DIVIDED,,STRAIGHT AND LEVEL,DRY,NO DEFECTS,NOT ON SCENE (DESK REPORT),NO INJURY / DRIVE AWAY,,,,"OVER $1,500",04/01/2025 17:10,NOT APPLICABLE,NOT APPLICABLE,7000,S,MORGAN ST,733,,,,,,,2,NO INDICATION OF INJURY,0,0,0,0,0,3,0,15,3,4,3,0,15,3,4
CLEAR,DAYLIGHT,REAR END,NOT DIVIDED,,STRAIGHT AND LEVEL,DRY,NO DEFECTS,,NO INJURY / DRIVE AWAY,,,,"$501 - $1,500",04/15/2025 18:27,UNABLE TO DETERMINE,NOT APPLICABLE,3108,N,ELSTON AVE,1411,,,,,,,2,NO INDICATION OF INJURY,0,0,0,0,0,2,0,16,3,4,2,0,16,3,4
UNKNOWN,DAYLIGHT,REAR END,UNKNOWN INTERSECTION TYPE,,STRAIGHT AND LEVEL,UNKNOWN,UNKNOWN,NOT ON SCENE (DESK REPORT),NO INJURY / DRIVE AWAY,Y,,,"$501 - $1,500",04/21/2025 11:46,UNABLE TO DETERMINE,UNABLE TO DETERMINE,7900,S,STONY ISLAND AVE,411,,,,,,,2,NO INDICATION OF INJURY,0,0,0,0,0,2,0,13,6,4,2,0,13,6,4
CLEAR,DAYLIGHT,TURNING,NOT DIVIDED,,STRAIGHT AND LEVEL,DRY,NO DEFECTS,,INJURY AND / OR TOW DUE TO CRASH,,,,"$501 - $1,500",10/07/2023 19:27,IMPROPER TURNING/NO SIGNAL,NOT APPLICABLE,4627,W,79TH ST,834,,,,,,,3,NONINCAPACITATING INJURY,2,0,0,2,0,2,0,19,7,10,2,0,19,7,10
CLEAR,DAYLIGHT,PARKED MOTOR VEHICLE,NOT DIVIDED,,STRAIGHT AND LEVEL,DRY,NO DEFECTS,NOT ON SCENE (DESK REPORT),NO INJURY / DRIVE AWAY,,,,"OVER $1,500",04/21/2025 11:00,DRIVING SKILLS/KNOWLEDGE/EXPERIENCE,NOT APPLICABLE,2850,N,AUSTIN AVE,2511,,,,,,,4,NO INDICATION OF INJURY,0,0,0,0,0,1,0,13,7,4,1,0,13,7,4
RAIN,DAYLIGHT,PARKED MOTOR VEHICLE,NOT DIVIDED,,STRAIGHT AND LEVEL,WET,NO DEFECTS,ON SCENE,INJURY AND / OR TOW DUE TO CRASH,,,Y,"OVER $1,500",04/20/2025 9:56,UNABLE TO DETERMINE,UNABLE TO DETERMINE,1115,W,GLENLAKE AVE,2433,,,,,,,5,NO INDICATION OF INJURY,0,0,0,0,0,1,0,9,1,4,1,0,9,1,4
CLEAR,DAYLIGHT,TURNING,NOT DIVIDED,,STRAIGHT AND LEVEL,DRY,NO DEFECTS,ON SCENE,INJURY AND / OR TOW DUE TO CRASH,,,,"$501 - $1,500",04/21/2025 17:07,IMPROPER TURNING/NO SIGNAL,NOT APPLICABLE,3630,N,LONG AVE,1633,,N,,,,,2,NO INDICATION OF INJURY,0,0,0,0,0,2,0,17,2,4,2,0,17,2,4
CLEAR,"DARKNESS, LIGHTED ROAD",TURNING,FOUR WAY,,STRAIGHT AND LEVEL,DRY,NO DEFECTS,ON SCENE,INJURY AND / OR TOW DUE TO CRASH,Y,,,"OVER $1,500",04/01/2025 19:46,FAILING TO YIELD RIGHT-OF-WAY,IMPROPER TURNING/NO SIGNAL,7900,S,WESTERN AVE,835,,,,,,,2,NONINCAPACITATING INJURY,3,0,0,3,0,1,0,19,3,4,1,0,19,3,4
CLEAR,DAYLIGHT,PARKED MOTOR VEHICLE,NOT DIVIDED,,STRAIGHT AND LEVEL,DRY,NO DEFECTS,ON SCENE,NO INJURY / DRIVE AWAY,,,,"$501 - $1,500",01/15/2025 12:45,FOLLOWING TOO CLOSELY,UNABLE TO DETERMINE,1811,W,47TH ST,931,,,,,,,2,NO INDICATION OF INJURY,0,0,0,0,0,3,0,12,4,1,3,0,12,4,1
CLEAR,DAYLIGHT,PEDALCYCLIST,NOT DIVIDED,,STRAIGHT AND LEVEL,UNKNOWN,UNKNOWN,NOT ON SCENE (DESK REPORT),NO INJURY / DRIVE AWAY,,,Y,$500 OR LESS,04/01/2025 10:31,UNABLE TO DETERMINE,UNABLE TO DETERMINE,1809,W,LAWRENCE AVE,1912,,,,,,,2,NO INDICATION OF INJURY,0,0,0,0,0,2,0,10,2,3,2,0,10,2,3
CLEAR,DAYLIGHT,REAR END,DIVIDED - W/MEDIAN BARRIER,,STRAIGHT AND LEVEL,DRY,NO DEFECTS,NOT ON SCENE (DESK REPORT),NO INJURY / DRIVE AWAY,,,,"$501 - $1,500",04/21/2025 14:20,FOLLOWING TOO CLOSELY,UNABLE TO DETERMINE,1410,S,SPECIAL OLYMPICS DR,132,,,,,,,2,NO INDICATION OF INJURY,0,0,0,0,0,3,0,13,6,4,3,0,13,6,4
CLEAR,"DARKNESS, LIGHTED ROAD",SIDESWIPE SAME DIRECTION,NOT DIVIDED,,STRAIGHT AND LEVEL,DRY,UNKNOWN,,NO INJURY / DRIVE AWAY,,,Y,"OVER $1,500",04/01/2025 18:13,IMPROPER OVERTAKING/PASSING,IMPROPER OVERTAKING/PASSING,9900,S,HALSTED ST,2232,,,,,,,2,NO INDICATION OF INJURY,0,0,0,0,0,2,0,5,3,4,2,0,5,3,4
UNKNOWN,"DARKNESS, LIGHTED ROAD",ANGLE,DIVIDED - W/MEDIAN (NOT RAISED),,STRAIGHT AND LEVEL,UNKNOWN,NO DEFECTS,,INJURY AND / OR TOW DUE TO CRASH,,,Y,"OVER $1,500",03/17/2025 18:55,FAILING TO YIELD RIGHT-OF-WAY,NOT APPLICABLE,9400,S,COLFAX AVE,423,,,,,,,2,"REPORTED, NOT EVIDENT",1,0,0,0,1,2,0,2,7,3,2,0,2,7,3
CLOUDY/OVERCAST,DAYLIGHT,ANGLE,NOT DIVIDED,,STRAIGHT AND LEVEL,DRY,NO DEFECTS,ON SCENE,INJURY AND / OR TOW DUE TO CRASH,Y,,,"OVER $1,500",04/21/2025 10:42,FAILING TO YIELD RIGHT-OF-WAY,NOT APPLICABLE,2300,S,MARSHALL BLVD,1033,,,,,,,3,NO INDICATION OF INJURY,0,0,0,0,0,3,0,10,2,4,3,0,10,2,4
CLEAR,DAYLIGHT,SIDESWIPE SAME DIRECTION,DIVIDED - W/MEDIAN (NOT RAISED),,STRAIGHT AND LEVEL,DRY,NO DEFECTS,ON SCENE,NO INJURY / DRIVE AWAY,,,Y,"$501 - $1,500",04/01/2025 9:12,UNABLE TO DETERMINE,UNABLE TO DETERMINE,500,E,79TH ST,624,,,,,,,2,NO INDICATION OF INJURY,0,0,0,0,0,2,0,9,3,4,2,0,9,3,4
CLEAR,DAYLIGHT,ANGLE,FOUR WAY,,STRAIGHT AND LEVEL,WET,NO DEFECTS,ON SCENE,NO INJURY / DRIVE AWAY,Y,,,"OVER $1,500",01/15/2025 14:00,DISREGARDING TRAFFIC SIGNALS,FAILING TO YIELD RIGHT-OF-WAY,2800,W,LOGAN BLVD,1411,,,,,,,2,NO INDICATION OF INJURY,0,0,0,0,0,2,0,13,4,1,2,0,13,4,1
CLEAR,"DARKNESS, LIGHTED ROAD",ANGLE,NOT DIVIDED,,STRAIGHT AND LEVEL,DRY,NO DEFECTS,ON SCENE,NO INJURY / DRIVE AWAY,Y,,,"OVER $1,500",01/15/2025 18:58,DISREGARDING TRAFFIC SIGNALS,NOT APPLICABLE,3901,S,ARCHER AVE,921,,,,,,,2,NO INDICATION OF INJURY,0,0,0,0,0,2,0,18,4,1,2,0,18,4,1
CLEAR,DAYLIGHT,SIDESWIPE SAME DIRECTION,NOT DIVIDED,,STRAIGHT AND LEVEL,DRY,NO DEFECTS,NOT ON SCENE (DESK REPORT),NO INJURY / DRIVE AWAY,Y,,Y,"OVER $1,500",01/15/2025 11:40,DRIVING SKILLS/KNOWLEDGE/EXPERIENCE,NOT APPLICABLE,4399,W,GRAND AVE,2534,,,,,,,2,NO INDICATION OF INJURY,0,0,0,0,0,2,0,10,4,1,2,0,10,4,1
CLEAR,"DARKNESS, LIGHTED ROAD",REAR TO FRONT,NOT DIVIDED,,STRAIGHT AND LEVEL,DRY,UNKNOWN,ON SCENE,NO INJURY / DRIVE AWAY,Y,,Y,"OVER $1,500",04/01/2025 19:59,UNABLE TO DETERMINE,NOT APPLICABLE,4702,N,MAGNOLIA AVE,1913,,,,,,,2,NO INDICATION OF INJURY,0,0,0,0,0,2,0,19,3,4,2,0,19,3,4
CLEAR,DAYLIGHT,ANGLE,NOT DIVIDED,,STRAIGHT AND LEVEL,DRY,NO DEFECTS,NOT ON SCENE (DESK REPORT),NO INJURY / DRIVE AWAY,,,,"$501 - $1,500",04/19/2025 10:04,UNABLE TO DETERMINE,UNABLE TO DETERMINE,5448,S,LAKE PARK AVE,234,,,,,,,2,NO INDICATION OF INJURY,0,0,0,0,0,3,0,8,7,4,3,0,8,7,4
CLEAR,DAYLIGHT,PARKED MOTOR VEHICLE,ONE-WAY,,STRAIGHT AND LEVEL,DRY,NO DEFECTS,ON SCENE,NO INJURY / DRIVE AWAY,,,,"OVER $1,500",04/20/2025 11:30,UNABLE TO DETERMINE,UNABLE TO DETERMINE,7223,S,GREEN ST,733,,,,,,,2,NO INDICATION OF INJURY,0,0,0,0,0,2,0,11,1,4,2,0,11,1,4
CLEAR,DAYLIGHT,PARKED MOTOR VEHICLE,DIVIDED - W/MEDIAN (NOT RAISED),,STRAIGHT AND LEVEL,DRY,UNKNOWN,,INJURY AND / OR TOW DUE TO CRASH,,,Y,"OVER $1,500",04/21/2025 18:25,DRIVING SKILLS/KNOWLEDGE/EXPERIENCE,NOT APPLICABLE,1213,S,PLYMOUTH CT,131,,,,,,,2,NO INDICATION OF INJURY,0,0,0,0,0,1,0,16,2,4,1,0,16,2,4
CLEAR,DAYLIGHT,REAR END,RAMP,,STRAIGHT AND LEVEL,UNKNOWN,UNKNOWN,NOT ON SCENE (DESK REPORT),NO INJURY / DRIVE AWAY,,,,"OVER $1,500",01/15/2025 16:00,DRIVING SKILLS/KNOWLEDGE/EXPERIENCE,UNABLE TO DETERMINE,1155,S,CLARK ST,123,,,,,,,2,NO INDICATION OF INJURY,0,0,0,0,0,3,0,15,4,1,3,0,15,4,1
UNKNOWN,DAYLIGHT,PARKED MOTOR VEHICLE,ALLEY,,STRAIGHT AND LEVEL,UNKNOWN,UNKNOWN,NOT ON SCENE (DESK REPORT),NO INJURY / DRIVE AWAY,,,,$500 OR LESS,01/15/2025 15:15,UNABLE TO DETERMINE,NOT APPLICABLE,28,N,PARKSIDE AVE,1513,,,,,,,2,NO INDICATION OF INJURY,0,0,0,0,0,1,0,14,4,1,1,0,14,4,1
UNKNOWN,DAYLIGHT,REAR END,ONE-WAY,,STRAIGHT AND LEVEL,UNKNOWN,UNKNOWN,NOT ON SCENE (DESK REPORT),NO INJURY / DRIVE AWAY,,,Y,"OVER $1,500",01/15/2025 16:40,DISREGARDING TRAFFIC SIGNALS,NOT APPLICABLE,9569,S,STONY ISLAND AVE,431,,,,,,,2,NO INDICATION OF INJURY,0,0,0,0,0,2,0,16,4,1,2,0,16,4,1
CLEAR,DAYLIGHT,SIDESWIPE SAME DIRECTION,NOT DIVIDED,,STRAIGHT AND LEVEL,UNKNOWN,UNKNOWN,NOT ON SCENE (DESK REPORT),NO INJURY / DRIVE AWAY,,,,"OVER $1,500",04/01/2025 17:45,UNABLE TO DETERMINE,NOT APPLICABLE,4852,N,DAMEN AVE,2032,,,,,,,2,NO INDICATION OF INJURY,0,0,0,0,0,2,0,17,3,4,2,0,17,3,4
RAIN,"DARKNESS, LIGHTED ROAD",REAR END,DIVIDED - W/MEDIAN (NOT RAISED),,STRAIGHT AND LEVEL,WET,NO DEFECTS,ON SCENE,NO INJURY / DRIVE AWAY,Y,,,"OVER $1,500",04/02/2025 1:40,FAILING TO REDUCE SPEED TO AVOID CRASH,FAILING TO REDUCE SPEED TO AVOID CRASH,5308,S,PULASKI RD,815,,,,,,,2,NO INDICATION OF INJURY,0,0,0,0,0,2,0,1,4,4,2,0,1,4,4
CLOUDY/OVERCAST,DAYLIGHT,ANGLE,NOT DIVIDED,,STRAIGHT AND LEVEL,DRY,NO DEFECTS,ON SCENE,INJURY AND / OR TOW DUE TO CRASH,Y,,Y,"OVER $1,500",04/21/2025 15:34,FAILING TO REDUCE SPEED TO AVOID CRASH,NOT APPLICABLE,4427,W,63RD ST,813,,,,,,,2,NONINCAPACITATING INJURY,1,0,0,1,0,1,0,15,2,4,1,0,15,2,4
CLEAR,DAYLIGHT,REAR END,DIVIDED - W/MEDIAN (NOT RAISED),,STRAIGHT AND LEVEL,DRY,NO DEFECTS,ON SCENE,NO INJURY / DRIVE AWAY,Y,,,"OVER $1,500",04/21/2025 14:59,NOT APPLICABLE,NOT APPLICABLE,3000,N,PULASKI RD,2523,,,,,,,2,NO INDICATION OF INJURY,0,0,0,0,0,2,0,14,2,4,2,0,14,2,4
CLEAR,DAYLIGHT,FIXED OBJECT,DIVIDED - W/MEDIAN BARRIER,,STRAIGHT AND LEVEL,DRY,NO DEFECTS,ON SCENE,INJURY AND / OR TOW DUE TO CRASH,,,,"OVER $1,500",03/22/2025 16:00,DRIVING SKILLS/KNOWLEDGE/EXPERIENCE,NOT APPLICABLE,301,E,LOWER WACKER DR,114,,,,,,,1,NO INDICATION OF INJURY,0,0,0,0,0,1,0,16,7,3,1,0,16,7,3
CLEAR,DAYLIGHT,PARKED MOTOR VEHICLE,DIVIDED - W/MEDIAN BARRIER,,STRAIGHT AND LEVEL,DRY,NO DEFECTS,NOT ON SCENE (DESK REPORT),NO INJURY / DRIVE AWAY,,,Y,"OVER $1,500",04/21/2025 11:48,IMPROPER OVERTAKING/PASSING,NOT APPLICABLE,1620,S,MICHIGAN AVE,131,,,,,,,2,NO INDICATION OF INJURY,0,0,0,0,0,1,0,10,2,4,1,0,10,2,4
UNKNOWN,UNKNOWN,REAR END,DIVIDED - W/MEDIAN BARRIER,,STRAIGHT AND LEVEL,OTHER,UNKNOWN,NOT ON SCENE (DESK REPORT),NO INJURY / DRIVE AWAY,,,Y,"$501 - $1,500",04/01/2025 11:00,UNABLE TO DETERMINE,UNABLE TO DETERMINE,1801,S,LAKE SHORE DR NB,132,,,,,,,2,NO INDICATION OF INJURY,0,0,0,0,0,2,0,13,7,3,2,0,13,7,3
CLEAR,DAYLIGHT,PARKED MOTOR VEHICLE,NOT DIVIDED,,STRAIGHT AND LEVEL,DRY,NO DEFECTS,ON SCENE,NO INJURY / DRIVE AWAY,,,,"OVER $1,500",03/31/2025 15:43,IMPROPER BACKING,IMPROPER BACKING,1018,W,79TH ST,612,,,,,,,2,NO INDICATION OF INJURY,0,0,0,0,0,1,0,15,2,3,1,0,15,2,3
CLEAR,DAYLIGHT,REAR END,NOT DIVIDED,,STRAIGHT ON GRADE,DRY,NO DEFECTS,ON SCENE,NO INJURY / DRIVE AWAY,,,,"OVER $1,500",04/01/2025 17:45,DISTRACTION - FROM INSIDE VEHICLE,NOT APPLICABLE,2244,S,ARCHER AVE,914,,,,,,,2,NO INDICATION OF INJURY,0,0,0,0,0,2,0,17,3,4,2,0,17,3,4
CLEAR,DAYLIGHT,TURNING,NOT DIVIDED,,STRAIGHT AND LEVEL,DRY,NO DEFECTS,ON SCENE,INJURY AND / OR TOW DUE TO CRASH,Y,,,"OVER $1,500",04/01/2025 9:20,FAILING TO YIELD RIGHT-OF-WAY,NOT APPLICABLE,5729,W,BRYN MAWR AVE,1622,,,,,,,2,"REPORTED, NOT EVIDENT",1,0,0,0,1,1,0,9,3,4,1,0,9,3,4
CLEAR,DAYLIGHT,TURNING,ROUNDABOUT,,STRAIGHT AND LEVEL,DRY,NO DEFECTS,NOT ON SCENE (DESK REPORT),NO INJURY / DRIVE AWAY,Y,,,"OVER $1,500",01/15/2025 10:50,FAILING TO YIELD RIGHT-OF-WAY,UNABLE TO DETERMINE,2530,S,DR MARTIN LUTHER KING JR DR,133,,,,,,,2,NO INDICATION OF INJURY,0,0,0,0,0,3,0,10,4,1,3,0,10,4,1
CLEAR,DAYLIGHT,SIDESWIPE SAME DIRECTION,NOT DIVIDED,,STRAIGHT AND LEVEL,DRY,NO DEFECTS,NOT ON SCENE (DESK REPORT),NO INJURY / DRIVE AWAY,,,,"OVER $1,500",04/01/2025 8:20,UNABLE TO DETERMINE,UNABLE TO DETERMINE,5145,N,CENTRAL AVE,1623,,,,,,,2,NO INDICATION OF INJURY,0,0,0,0,0,2,0,17,6,3,2,0,17,6,3
RAIN,DAYLIGHT,PARKED MOTOR VEHICLE,ONE-WAY,,STRAIGHT AND LEVEL,WET,NO DEFECTS,ON SCENE,NO INJURY / DRIVE AWAY,,,Y,$500 OR LESS,04/20/2025 12:07,UNABLE TO DETERMINE,NOT APPLICABLE,321,N,AVERS AVE,1122,,,,,,,2,NO INDICATION OF INJURY,0,0,0,0,0,1,0,9,1,4,1,0,9,1,4
CLEAR,DAYLIGHT,PARKED MOTOR VEHICLE,DIVIDED - W/MEDIAN BARRIER,,STRAIGHT AND LEVEL,DRY,NO DEFECTS,ON SCENE,NO INJURY / DRIVE AWAY,,,,"OVER $1,500",04/01/2025 17:45,IMPROPER OVERTAKING/PASSING,NOT APPLICABLE,5020,S,ASHLAND AVE,931,,,,,,,2,NO INDICATION OF INJURY,0,0,0,0,0,3,0,16,3,4,3,0,16,3,4
CLEAR,DAYLIGHT,REAR END,NOT DIVIDED,,STRAIGHT AND LEVEL,DRY,UNKNOWN,ON SCENE,NO INJURY / DRIVE AWAY,,,,$500 OR LESS,04/01/2025 11:30,FAILING TO REDUCE SPEED TO AVOID CRASH,NOT APPLICABLE,314,N,PULASKI RD,1114,,,,,,,2,NO INDICATION OF INJURY,0,0,0,0,0,4,0,11,3,4,4,0,11,3,4
UNKNOWN,UNKNOWN,SIDESWIPE SAME DIRECTION,ONE-WAY,,STRAIGHT AND LEVEL,UNKNOWN,UNKNOWN,NOT ON SCENE (DESK REPORT),NO INJURY / DRIVE AWAY,,,,"OVER $1,500",04/21/2025 10:00,UNABLE TO DETERMINE,UNABLE TO DETERMINE,74,E,43RD ST,213,,,,,,,2,NO INDICATION OF INJURY,0,0,0,0,0,2,0,9,2,4,2,0,9,2,4
UNKNOWN,UNKNOWN,PARKED MOTOR VEHICLE,NOT DIVIDED,,STRAIGHT AND LEVEL,UNKNOWN,OTHER,NOT ON SCENE (DESK REPORT),NO INJURY / DRIVE AWAY,,,N,"$501 - $1,500",04/21/2025 11:45,UNABLE TO DETERMINE,NOT APPLICABLE,2601,W,80TH ST,835,,,,,,,2,NO INDICATION OF INJURY,0,0,0,0,0,3,0,8,2,4,3,0,8,2,4
UNKNOWN,DAYLIGHT,SIDESWIPE SAME DIRECTION,ONE-WAY,,STRAIGHT AND LEVEL,UNKNOWN,NO DEFECTS,NOT ON SCENE (DESK REPORT),NO INJURY / DRIVE AWAY,,,,"$501 - $1,500",12/01/2023 10:25,IMPROPER OVERTAKING/PASSING,NOT APPLICABLE,5969,W,ERIE ST,1511,,,,,,,2,NO INDICATION OF INJURY,0,0,0,0,0,2,0,16,3,11,2,0,16,3,11
UNKNOWN,UNKNOWN,REAR END,UNKNOWN,,STRAIGHT AND LEVEL,UNKNOWN,UNKNOWN,NOT ON SCENE (DESK REPORT),NO INJURY / DRIVE AWAY,,,Y,"OVER $1,500",01/15/2025 18:30,UNABLE TO DETERMINE,NOT APPLICABLE,4650,W,IRVING PARK RD,1722,,,,,,,2,NO INDICATION OF INJURY,0,0,0,0,0,2,0,15,4,1,2,0,15,4,1
RAIN,DAYLIGHT,SIDESWIPE SAME DIRECTION,NOT DIVIDED,,STRAIGHT AND LEVEL,WET,UNKNOWN,NOT ON SCENE (DESK REPORT),NO INJURY / DRIVE AWAY,,,,"OVER $1,500",04/01/2025 10:10,UNABLE TO DETERMINE,UNABLE TO DETERMINE,1512,W,DIVISION ST,1433,,,,,,,2,NO INDICATION OF INJURY,0,0,0,0,0,4,0,15,1,3,4,0,15,1,3
CLEAR,"DARKNESS, LIGHTED ROAD",REAR END,DIVIDED - W/MEDIAN BARRIER,,STRAIGHT AND LEVEL,DRY,UNKNOWN,ON SCENE,NO INJURY / DRIVE AWAY,,,,"$501 - $1,500",02/23/2025 23:56,FOLLOWING TOO CLOSELY,NOT APPLICABLE,5,W,TERMINAL ST,1655,,,,,,,3,NO INDICATION OF INJURY,0,0,0,0,0,3,0,23,1,2,3,0,23,1,2
CLEAR,DAYLIGHT,REAR TO FRONT,DIVIDED - W/MEDIAN (NOT RAISED),,STRAIGHT AND LEVEL,DRY,UNKNOWN,ON SCENE,INJURY AND / OR TOW DUE TO CRASH,N,,,"$501 - $1,500",04/01/2025 11:53,DISTRACTION - FROM INSIDE VEHICLE,NOT APPLICABLE,10400,S,TORRENCE AVE,434,,,,,,,2,NONINCAPACITATING INJURY,3,0,0,3,0,0,0,11,3,4,0,0,11,3,4
CLEAR,DAYLIGHT,SIDESWIPE SAME DIRECTION,FOUR WAY,,STRAIGHT AND LEVEL,DRY,NO DEFECTS,NOT ON SCENE (DESK REPORT),NO INJURY / DRIVE AWAY,Y,,,"OVER $1,500",04/01/2025 14:40,IMPROPER OVERTAKING/PASSING,NOT APPLICABLE,7001,S,MORGAN ST,733,,,,,,,2,NO INDICATION OF INJURY,0,0,0,0,0,2,0,14,3,4,2,0,14,3,4
CLEAR,DAYLIGHT,ANGLE,FOUR WAY,,STRAIGHT AND LEVEL,DRY,UNKNOWN,ON SCENE,INJURY AND / OR TOW DUE TO CRASH,Y,,,"OVER $1,500",04/01/2025 11:55,FAILING TO YIELD RIGHT-OF-WAY,FAILING TO YIELD RIGHT-OF-WAY,800,N,ASHLAND AVE,1213,,,,,,,2,NONINCAPACITATING INJURY,2,0,0,1,1,0,0,11,3,4,0,0,11,3,4
CLEAR,DUSK,REAR END,ONE-WAY,,STRAIGHT AND LEVEL,DRY,NO DEFECTS,NOT ON SCENE (DESK REPORT),NO INJURY / DRIVE AWAY,,,,"OVER $1,500",04/01/2025 18:30,FOLLOWING TOO CLOSELY,NOT APPLICABLE,2,E,RANDOLPH ST,111,,,,,,,2,NO INDICATION OF INJURY,0,0,0,0,0,2,0,18,3,4,2,0,18,3,4
RAIN,DARKNESS,FIXED OBJECT,FOUR WAY,,STRAIGHT AND LEVEL,WET,NO DEFECTS,ON SCENE,INJURY AND / OR TOW DUE TO CRASH,,,Y,"OVER $1,500",04/21/2025 1:08,NOT APPLICABLE,NOT APPLICABLE,8700,S,COTTAGE GROVE AVE,632,,,,,,,1,NO INDICATION OF INJURY,0,0,0,0,0,1,0,1,2,4,1,0,1,2,4
CLEAR,DUSK,SIDESWIPE SAME DIRECTION,NOT DIVIDED,,STRAIGHT AND LEVEL,DRY,NO DEFECTS,NOT ON SCENE (DESK REPORT),NO INJURY / DRIVE AWAY,,,Y,"$501 - $1,500",01/15/2025 22:30,IMPROPER LANE USAGE,UNABLE TO DETERMINE,8632,S,STONY ISLAND AVE,412,,,,,,,2,NO INDICATION OF INJURY,0,0,0,0,0,2,0,22,4,1,2,0,22,4,1
CLEAR,DAYLIGHT,FIXED OBJECT,NOT DIVIDED,,STRAIGHT AND LEVEL,DRY,"RUT, HOLES",NOT ON SCENE (DESK REPORT),NO INJURY / DRIVE AWAY,,,,"OVER $1,500",03/31/2025 12:00,UNABLE TO DETERMINE,UNABLE TO DETERMINE,3256,W,OGDEN AVE,1022,,,,,,,1,NO INDICATION OF INJURY,0,0,0,0,0,1,0,14,1,3,1,0,14,1,3
CLEAR,DAYLIGHT,TURNING,OTHER,,STRAIGHT AND LEVEL,DRY,NO DEFECTS,NOT ON SCENE (DESK REPORT),NO INJURY / DRIVE AWAY,,,Y,"$501 - $1,500",03/31/2025 15:00,FAILING TO YIELD RIGHT-OF-WAY,NOT APPLICABLE,2426,N,NORMANDY AVE,2512,,,,,,,2,NO INDICATION OF INJURY,0,0,0,0,0,4,0,14,2,3,4,0,14,2,3
UNKNOWN,DUSK,PARKED MOTOR VEHICLE,ONE-WAY,,STRAIGHT AND LEVEL,UNKNOWN,UNKNOWN,NOT ON SCENE (DESK REPORT),NO INJURY / DRIVE AWAY,,,,"OVER $1,500",03/31/2025 21:00,IMPROPER BACKING,NOT APPLICABLE,4921,W,CUYLER AVE,1624,,,,,,,2,NO INDICATION OF INJURY,0,0,0,0,0,1,0,17,2,3,1,0,17,2,3
CLEAR,DAYLIGHT,TURNING,NOT DIVIDED,,STRAIGHT AND LEVEL,DRY,NO DEFECTS,NOT ON SCENE (DESK REPORT),NO INJURY / DRIVE AWAY,Y,,,"OVER $1,500",04/01/2025 13:28,FOLLOWING TOO CLOSELY,UNABLE TO DETERMINE,4700,S,COTTAGE GROVE AVE,223,,,,,,,2,NO INDICATION OF INJURY,0,0,0,0,0,2,0,12,3,4,2,0,12,3,4
CLEAR,DAYLIGHT,TURNING,NOT DIVIDED,,STRAIGHT AND LEVEL,DRY,UNKNOWN,NOT ON SCENE (DESK REPORT),NO INJURY / DRIVE AWAY,,,,"OVER $1,500",04/01/2025 16:00,IMPROPER TURNING/NO SIGNAL,IMPROPER LANE USAGE,5900,S,ARTESIAN AVE,824,,,,,,,2,NO INDICATION OF INJURY,0,0,0,0,0,2,0,15,3,4,2,0,15,3,4
CLEAR,DAYLIGHT,ANGLE,FOUR WAY,,STRAIGHT AND LEVEL,DRY,NO DEFECTS,ON SCENE,INJURY AND / OR TOW DUE TO CRASH,Y,,,"OVER $1,500",04/01/2025 16:51,FAILING TO YIELD RIGHT-OF-WAY,UNABLE TO DETERMINE,10300,S,ELIZABETH ST,2232,,,,,,,2,NONINCAPACITATING INJURY,1,0,0,1,0,2,0,16,3,4,2,0,16,3,4
UNKNOWN,"DARKNESS, LIGHTED ROAD",PARKED MOTOR VEHICLE,NOT DIVIDED,,STRAIGHT AND LEVEL,UNKNOWN,NO DEFECTS,NOT ON SCENE (DESK REPORT),NO INJURY / DRIVE AWAY,,,Y,"OVER $1,500",04/21/2025 15:00,UNABLE TO DETERMINE,UNABLE TO DETERMINE,1275,S,BLUE ISLAND AVE,1232,,,,,,,2,NO INDICATION OF INJURY,0,0,0,0,0,1,0,19,1,4,1,0,19,1,4