WEATHER_CONDITION,LIGHTING_CONDITION,FIRST_CRASH_TYPE,TRAFFICWAY_TYPE,LANE_CNT,ALIGNMENT,ROADWAY_SURFACE_COND,ROAD_DEFECT,REPORT_TYPE,CRASH_TYPE,INTERSECTION_RELATED_I,NOT_RIGHT_OF_WAY_I,HIT_AND_RUN_I,DAMAGE,DATE_POLICE_NOTIFIED,PRIM_CONTRIBUTORY_CAUSE,SEC_CONTRIBUTORY_CAUSE,STREET_NO,STREET_DIRECTION,STREET_NAME,BEAT_OF_OCCURRENCE,PHOTOS_TAKEN_I,STATEMENTS_TAKEN_I,DOORING_I,WORK_ZONE_I,WORK_ZONE_TYPE,WORKERS_PRESENT_I,NUM_UNITS,MOST_SEVERE_INJURY,INJURIES_TOTAL,INJURIES_FATAL,INJURIES_INCAPACITATING,INJURIES_NON_INCAPACITATING,INJURIES_REPORTED_NOT_EVIDENT,INJURIES_NO_INDICATION,INJURIES_UNKNOWN,CRASH_HOUR,CRASH_DAY_OF_WEEK,CRASH_MONTH,INJURIES_NO_INDICATION,INJURIES_UNKNOWN,CRASH_HOUR,CRASH_DAY_OF_WEEK,CRASH_MONTH
CLEAR,DAYLIGHT,PEDESTRIAN,NOT DIVIDED,,STRAIGHT AND LEVEL,DRY,NO DEFECTS,NOT ON SCENE (DESK REPORT),INJURY AND / OR TOW DUE TO CRASH,,,Y,$500 OR LESS,08/11/2025 15:10,FAILING TO YIELD RIGHT-OF-WAY,NOT APPLICABLE,2008,S,ASHLAND AVE,1234,,,,,,,2,NONINCAPACITATING INJURY,1,0,0,1,0,1,0,13,3,8,1,0,13,3,8
CLEAR,DAYLIGHT,REAR END,ONE-WAY,,STRAIGHT AND LEVEL,WET,NO DEFECTS,ON SCENE,NO INJURY / DRIVE AWAY,,,,"$501 - $1,500",04/21/2025 9:15,DRIVING SKILLS/KNOWLEDGE/EXPERIENCE,FOLLOWING TOO CLOSELY,3818,W,HARRISON ST,1133,,,,,,,2,NO INDICATION OF INJURY,0,0,0,0,0,5,0,9,2,4,5,0,9,2,4
CLEAR,DAYLIGHT,REAR END,NOT DIVIDED,,STRAIGHT AND LEVEL,DRY,NO DEFECTS,NOT ON SCENE (DESK REPORT),NO INJURY / DRIVE AWAY,,,,"OVER $1,500",04/21/2025 15:06,FOLLOWING TOO CLOSELY,NOT APPLICABLE,1400,W,47TH ST,924,,,,,,,2,NO INDICATION OF INJURY,0,0,0,0,0,2,0,14,2,4,2,0,14,2,4
UNKNOWN,UNKNOWN,PEDESTRIAN,NOT DIVIDED,,STRAIGHT AND LEVEL,UNKNOWN,UNKNOWN,,INJURY AND / OR TOW DUE TO CRASH,,,Y,$500 OR LESS,01/17/2025 15:00,UNABLE TO DETERMINE,UNABLE TO DETERMINE,1110,W,SHERIDAN RD,2432,,,,,,,2,"REPORTED, NOT EVIDENT",1,0,0,0,1,1,0,12,4,1,1,0,12,4,1
UNKNOWN,DAWN,REAR END,Y-INTERSECTION,,STRAIGHT AND LEVEL,UNKNOWN,UNKNOWN,NOT ON SCENE (DESK REPORT),NO INJURY / DRIVE AWAY,Y,,,"OVER $1,500",01/19/2025 5:55,UNABLE TO DETERMINE,UNABLE TO DETERMINE,408,E,MARQUETTE RD,312,,,,,,,2,NO INDICATION OF INJURY,0,0,0,0,0,2,0,17,4,1,2,0,17,4,1
CLEAR,DARKNESS,REAR END,NOT DIVIDED,,STRAIGHT AND LEVEL,DRY,NO DEFECTS,ON SCENE,NO INJURY / DRIVE AWAY,,,,"OVER $1,500",01/15/2025 19:47,FOLLOWING TOO CLOSELY,UNABLE TO DETERMINE,1514,W,FULLERTON AVE,1932,,,,,,,2,NO INDICATION OF INJURY,0,0,0,0,0,2,0,19,4,1,2,0,19,4,1
UNKNOWN,DAYLIGHT,SIDESWIPE SAME DIRECTION,NOT DIVIDED,,STRAIGHT AND LEVEL,UNKNOWN,UNKNOWN,NOT ON SCENE (DESK REPORT),NO INJURY / DRIVE AWAY,,,Y,"OVER $1,500",01/17/2025 13:10,UNABLE TO DETERMINE,UNABLE TO DETERMINE,820,N,ORLEANS ST,1823,,,,,,,2,NO INDICATION OF INJURY,0,0,0,0,0,2,0,14,4,1,2,0,14,4,1
CLEAR,DAYLIGHT,SIDESWIPE SAME DIRECTION,ONE-WAY,,STRAIGHT AND LEVEL,DRY,NO DEFECTS,ON SCENE,NO INJURY / DRIVE AWAY,,,Y,"$501 - $1,500",02/24/2025 17:21,DRIVING SKILLS/KNOWLEDGE/EXPERIENCE,NOT APPLICABLE,160,W,ADAMS ST,122,,,,,,,2,NO INDICATION OF INJURY,0,0,0,0,0,2,0,17,2,2,2,0,17,2,2
UNKNOWN,DAYLIGHT,ANGLE,DIVIDED - W/MEDIAN (NOT RAISED),,STRAIGHT AND LEVEL,UNKNOWN,UNKNOWN,NOT ON SCENE (DESK REPORT),NO INJURY / DRIVE AWAY,,,,"OVER $1,500",04/01/2025 18:15,IMPROPER LANE USAGE,NOT APPLICABLE,2804,W,87TH ST,835,,,,,,,2,NO INDICATION OF INJURY,0,0,0,0,0,2,0,14,7,3,2,0,14,7,3
CLOUDY/OVERCAST,DAYLIGHT,ANGLE,FOUR WAY,,STRAIGHT ON GRADE,DRY,NO DEFECTS,ON SCENE,INJURY AND / OR TOW DUE TO CRASH,Y,,,"OVER $1,500",03/30/2025 12:07,DISREGARDING TRAFFIC SIGNALS,NOT APPLICABLE,5099,S,CALIFORNIA AVE,923,,,,,,,2,NO INDICATION OF INJURY,0,0,0,0,0,2,0,11,1,3,2,0,11,1,3
CLEAR,"DARKNESS, LIGHTED ROAD",PARKED MOTOR VEHICLE,ONE-WAY,,STRAIGHT AND LEVEL,DRY,NO DEFECTS,ON SCENE,NO INJURY / DRIVE AWAY,,,Y,"$501 - $1,500",03/31/2025 22:51,IMPROPER BACKING,IMPROPER BACKING,6234,W,WRIGHTWOOD AVE,2512,Y,,,,,,2,NO INDICATION OF INJURY,0,0,0,0,0,2,0,21,2,3,2,0,21,2,3
CLEAR,"DARKNESS, LIGHTED ROAD",SIDESWIPE SAME DIRECTION,DIVIDED - W/MEDIAN (NOT RAISED),,STRAIGHT AND LEVEL,DRY,NO DEFECTS,NOT ON SCENE (DESK REPORT),NO INJURY / DRIVE AWAY,,,Y,"OVER $1,500",03/31/2025 22:45,UNABLE TO DETERMINE,UNABLE TO DETERMINE,46,N,CENTRAL AVE,1513,,,,,,,2,NO INDICATION OF INJURY,0,0,0,0,0,2,0,21,2,3,2,0,21,2,3
CLEAR,DAYLIGHT,ANGLE,PARKING LOT,,STRAIGHT AND LEVEL,DRY,NO DEFECTS,NOT ON SCENE (DESK REPORT),NO INJURY / DRIVE AWAY,,,Y,"OVER $1,500",04/01/2025 9:35,UNABLE TO DETERMINE,NOT APPLICABLE,10900,S,DOTY AVE W,513,,,,,,,2,NO INDICATION OF INJURY,0,0,0,0,0,2,0,9,3,4,2,0,9,3,4
CLEAR,DAYLIGHT,ANGLE,DIVIDED - W/MEDIAN (NOT RAISED),,STRAIGHT AND LEVEL,DRY,NO DEFECTS,NOT ON SCENE (DESK REPORT),NO INJURY / DRIVE AWAY,,,,"OVER $1,500",04/01/2025 9:35,UNABLE TO DETERMINE,UNABLE TO DETERMINE,6156,W,BELMONT AVE,1633,,,,,,,2,NO INDICATION OF INJURY,0,0,0,0,0,2,0,8,3,4,2,0,8,3,4
CLEAR,"DARKNESS, LIGHTED ROAD",SIDESWIPE SAME DIRECTION,OTHER,,STRAIGHT AND LEVEL,DRY,NO DEFECTS,ON SCENE,NO INJURY / DRIVE AWAY,,,,$500 OR LESS,03/31/2025 4:54,IMPROPER BACKING,NOT APPLICABLE,2635,S,WESTERN AVE,1034,,,,,,,2,NO INDICATION OF INJURY,0,0,0,0,0,2,0,4,2,3,2,0,4,2,3
CLEAR,"DARKNESS, LIGHTED ROAD",PARKED MOTOR VEHICLE,PARKING LOT,,STRAIGHT AND LEVEL,DRY,NO DEFECTS,ON SCENE,INJURY AND / OR TOW DUE TO CRASH,,Y,Y,"OVER $1,500",04/01/2025 18:55,IMPROPER BACKING,IMPROPER BACKING,1611,E,95TH ST,431,,,,,,,3,NONINCAPACITATING INJURY,1,0,0,1,0,1,0,18,3,4,1,0,18,3,4
UNKNOWN,UNKNOWN,FIXED OBJECT,ALLEY,,STRAIGHT AND LEVEL,UNKNOWN,UNKNOWN,NOT ON SCENE (DESK REPORT),NO INJURY / DRIVE AWAY,,,Y,"OVER $1,500",04/21/2025 13:20,UNABLE TO DETERMINE,NOT APPLICABLE,7126,S,EBERHART AVE,323,,,,,,,1,NO INDICATION OF INJURY,0,0,0,0,0,1,0,13,6,4,1,0,13,6,4
CLEAR,DARKNESS,SIDESWIPE SAME DIRECTION,"FIVE POINT, OR MORE",,STRAIGHT AND LEVEL,DRY,NO DEFECTS,NOT ON SCENE (DESK REPORT),NO INJURY / DRIVE AWAY,Y,,Y,"OVER $1,500",04/21/2025 15:15,UNABLE TO DETERMINE,UNABLE TO DETERMINE,1650,W,ADAMS ST,1224,,,,,,,2,NO INDICATION OF INJURY,0,0,0,0,0,2,0,22,7,4,2,0,22,7,4
RAIN,"DARKNESS, LIGHTED ROAD",REAR END,NOT DIVIDED,,STRAIGHT AND LEVEL,WET,NO DEFECTS,ON SCENE,INJURY AND / OR TOW DUE TO CRASH,Y,,,"OVER $1,500",04/21/2025 0:02,FOLLOWING TOO CLOSELY,NOT APPLICABLE,8700,S,STONY ISLAND AVE,412,,,,,,,2,"REPORTED, NOT EVIDENT",1,0,0,0,1,1,0,23,1,4,1,0,23,1,4
CLEAR,DAYLIGHT,REAR END,DIVIDED - W/MEDIAN (NOT RAISED),,STRAIGHT AND LEVEL,DRY,NO DEFECTS,ON SCENE,NO INJURY / DRIVE AWAY,Y,,,"OVER $1,500",04/21/2025 18:10,FAILING TO REDUCE SPEED TO AVOID CRASH,UNABLE TO DETERMINE,3358,W,111TH ST,2211,,Y,,,,,2,NO INDICATION OF INJURY,0,0,0,0,0,2,0,18,2,4,2,0,18,2,4
CLEAR,DAYLIGHT,TURNING,DIVIDED - W/MEDIAN (NOT RAISED),,STRAIGHT AND LEVEL,DRY,NO DEFECTS,NOT ON SCENE (DESK REPORT),NO INJURY / DRIVE AWAY,,,,"OVER $1,500",04/21/2025 17:15,UNABLE TO DETERMINE,UNABLE TO DETERMINE,2813,W,IRVING PARK RD,1733,,,,,,,2,NO INDICATION OF INJURY,0,0,0,0,0,2,0,16,2,4,2,0,16,2,4
CLEAR,"DARKNESS, LIGHTED ROAD",REAR END,ONE-WAY,,STRAIGHT AND LEVEL,UNKNOWN,UNKNOWN,NOT ON SCENE (DESK REPORT),NO INJURY / DRIVE AWAY,Y,,,"OVER $1,500",01/15/2025 19:40,UNABLE TO DETERMINE,DRIVING SKILLS/KNOWLEDGE/EXPERIENCE,750,S,CLINTON ST,124,,,,,,,2,NO INDICATION OF INJURY,0,0,0,0,0,2,0,17,4,1,2,0,17,4,1
CLEAR,"DARKNESS, LIGHTED ROAD",TURNING,FOUR WAY,,STRAIGHT AND LEVEL,DRY,NO DEFECTS,NOT ON SCENE (DESK REPORT),NO INJURY / DRIVE AWAY,Y,,,"OVER $1,500",01/15/2025 22:30,IMPROPER TURNING/NO SIGNAL,IMPROPER TURNING/NO SIGNAL,1433,W,MONTROSE AVE,1912,,,,,,,2,NO INDICATION OF INJURY,0,0,0,0,0,2,0,18,4,1,2,0,18,4,1
CLEAR,DAYLIGHT,TURNING,OTHER,,STRAIGHT AND LEVEL,UNKNOWN,UNKNOWN,,NO INJURY / DRIVE AWAY,,,Y,"$501 - $1,500",01/15/2025 15:55,UNABLE TO DETERMINE,NOT APPLICABLE,801,W,CHICAGO AVE,1214,,,,,,,2,NO INDICATION OF INJURY,0,0,0,0,0,3,0,14,4,1,3,0,14,4,1
CLEAR,DAYLIGHT,TURNING,FOUR WAY,,STRAIGHT AND LEVEL,DRY,NO DEFECTS,ON SCENE,NO INJURY / DRIVE AWAY,Y,,,"OVER $1,500",03/30/2025 13:20,FAILING TO YIELD RIGHT-OF-WAY,FAILING TO YIELD RIGHT-OF-WAY,4700,S,DR MARTIN LUTHER KING JR DR,224,,,,,,,2,NO INDICATION OF INJURY,0,0,0,0,0,2,0,13,1,3,2,0,13,1,3
UNKNOWN,UNKNOWN,REAR END,UNKNOWN,,STRAIGHT AND LEVEL,UNKNOWN,UNKNOWN,NOT ON SCENE (DESK REPORT),NO INJURY / DRIVE AWAY,,,,"OVER $1,500",04/01/2025 18:20,UNABLE TO DETERMINE,UNABLE TO DETERMINE,4700,S,HARDING AVE,821,,,,,,,2,NO INDICATION OF INJURY,0,0,0,0,0,2,0,18,3,4,2,0,18,3,4
RAIN,"DARKNESS, LIGHTED ROAD",PARKED MOTOR VEHICLE,NOT DIVIDED,,STRAIGHT AND LEVEL,WET,NO DEFECTS,ON SCENE,INJURY AND / OR TOW DUE TO CRASH,,,Y,"OVER $1,500",04/02/2025 1:15,NOT APPLICABLE,NOT APPLICABLE,3820,W,OHIO ST,1122,,,,,,,2,NO INDICATION OF INJURY,0,0,0,0,0,1,0,1,3,4,1,0,1,3,4
CLEAR,DAYLIGHT,ANGLE,FOUR WAY,,STRAIGHT AND LEVEL,DRY,NO DEFECTS,ON SCENE,INJURY AND / OR TOW DUE TO CRASH,Y,,,"OVER $1,500",04/17/2025 12:07,DISREGARDING STOP SIGN,DISREGARDING STOP SIGN,3801,W,ROOSEVELT RD,1011,,,,,,,2,NO INDICATION OF INJURY,0,0,0,0,0,3,0,12,5,4,3,0,12,5,4
UNKNOWN,UNKNOWN,SIDESWIPE SAME DIRECTION,UNKNOWN,,STRAIGHT AND LEVEL,UNKNOWN,UNKNOWN,NOT ON SCENE (DESK REPORT),NO INJURY / DRIVE AWAY,,,,"OVER $1,500",04/21/2025 14:45,UNABLE TO DETERMINE,UNABLE TO DETERMINE,533,N,ORLEANS ST,1831,,,,,,,2,NO INDICATION OF INJURY,0,0,0,0,0,2,0,1,7,4,2,0,1,7,4
UNKNOWN,DUSK,PARKED MOTOR VEHICLE,ONE-WAY,,STRAIGHT AND LEVEL,UNKNOWN,NO DEFECTS,NOT ON SCENE (DESK REPORT),NO INJURY / DRIVE AWAY,,,Y,"OVER $1,500",04/21/2025 10:20,NOT APPLICABLE,NOT APPLICABLE,5148,W,WEST END AVE,1532,,,,,,,2,NO INDICATION OF INJURY,0,0,0,0,0,1,0,20,1,4,1,0,20,1,4
CLEAR,DAYLIGHT,SIDESWIPE SAME DIRECTION,NOT DIVIDED,,STRAIGHT AND LEVEL,DRY,NO DEFECTS,NOT ON SCENE (DESK REPORT),NO INJURY / DRIVE AWAY,,,,"OVER $1,500",04/21/2025 14:36,IMPROPER LANE USAGE,NOT APPLICABLE,3410,S,DAMEN AVE,912,,,,,,,2,NO INDICATION OF INJURY,0,0,0,0,0,2,0,13,2,4,2,0,13,2,4
CLEAR,"DARKNESS, LIGHTED ROAD",PARKED MOTOR VEHICLE,ONE-WAY,,STRAIGHT AND LEVEL,DRY,NO DEFECTS,NOT ON SCENE (DESK REPORT),NO INJURY / DRIVE AWAY,,,,$500 OR LESS,04/22/2025 0:41,UNABLE TO DETERMINE,UNABLE TO DETERMINE,4016,N,SAWYER AVE,1724,,,,,,,2,NO INDICATION OF INJURY,0,0,0,0,0,2,0,0,3,4,2,0,0,3,4
CLEAR,DAYLIGHT,SIDESWIPE SAME DIRECTION,NOT DIVIDED,,STRAIGHT AND LEVEL,DRY,UNKNOWN,NOT ON SCENE (DESK REPORT),NO INJURY / DRIVE AWAY,,,Y,"OVER $1,500",01/16/2025 20:45,UNABLE TO DETERMINE,UNABLE TO DETERMINE,340,E,GRAND AVE,1834,,,,,,,2,NO INDICATION OF INJURY,0,0,0,0,0,2,0,14,4,1,2,0,14,4,1
CLEAR,DAYLIGHT,PARKED MOTOR VEHICLE,NOT DIVIDED,,STRAIGHT AND LEVEL,DRY,NO DEFECTS,ON SCENE,NO INJURY / DRIVE AWAY,,,,"OVER $1,500",01/15/2025 9:02,"VISION OBSCURED (SIGNS, TREE LIMBS, BUILDINGS, ETC.)",IMPROPER BACKING,4550,S,PACKERS AVE,924,,,,,,,2,NO INDICATION OF INJURY,0,0,0,0,0,1,0,8,4,1,1,0,8,4,1
UNKNOWN,UNKNOWN,REAR END,UNKNOWN,,STRAIGHT AND LEVEL,UNKNOWN,UNKNOWN,NOT ON SCENE (DESK REPORT),NO INJURY / DRIVE AWAY,,,,"OVER $1,500",04/01/2025 16:15,UNABLE TO DETERMINE,UNABLE TO DETERMINE,4700,S,KEDZIE AVE,821,,,,,,,2,NO INDICATION OF INJURY,0,0,0,0,0,2,0,15,3,4,2,0,15,3,4
UNKNOWN,UNKNOWN,PARKED MOTOR VEHICLE,PARKING LOT,,STRAIGHT AND LEVEL,DRY,NO DEFECTS,NOT ON SCENE (DESK REPORT),NO INJURY / DRIVE AWAY,,,,"$501 - $1,500",04/01/2025 14:35,UNABLE TO DETERMINE,DRIVING SKILLS/KNOWLEDGE/EXPERIENCE,2026,S,CLARK ST,131,N,Y,,,,,2,NO INDICATION OF INJURY,0,0,0,0,0,1,0,20,7,3,1,0,20,7,3
UNKNOWN,UNKNOWN,PARKED MOTOR VEHICLE,UNKNOWN,,STRAIGHT AND LEVEL,UNKNOWN,UNKNOWN,ON SCENE,NO INJURY / DRIVE AWAY,,,Y,"$501 - $1,500",04/01/2025 9:50,UNABLE TO DETERMINE,UNABLE TO DETERMINE,0,N,UNKNOWN AVE,6100,,,,,,,2,NO INDICATION OF INJURY,0,0,0,0,0,1,0,0,2,3,1,0,0,2,3
CLEAR,DAYLIGHT,PEDESTRIAN,DIVIDED - W/MEDIAN (NOT RAISED),,STRAIGHT AND LEVEL,DRY,NO DEFECTS,,INJURY AND / OR TOW DUE TO CRASH,,,Y,$500 OR LESS,04/01/2025 6:45,FAILING TO YIELD RIGHT-OF-WAY,FAILING TO YIELD RIGHT-OF-WAY,205,N,COLUMBUS DR,114,,,,,,,2,NONINCAPACITATING INJURY,1,0,0,1,0,2,0,16,2,3,2,0,16,2,3
RAIN,"DARKNESS, LIGHTED ROAD",PARKED MOTOR VEHICLE,NOT DIVIDED,,STRAIGHT AND LEVEL,WET,NO DEFECTS,ON SCENE,NO INJURY / DRIVE AWAY,,,Y,"OVER $1,500",04/20/2025 23:19,UNABLE TO DETERMINE,UNABLE TO DETERMINE,1716,N,AUSTIN AVE,2513,,,,,,,2,NO INDICATION OF INJURY,0,0,0,0,0,1,0,22,1,4,1,0,22,1,4
CLEAR,DUSK,TURNING,FOUR WAY,,STRAIGHT AND LEVEL,DRY,NO DEFECTS,ON SCENE,INJURY AND / OR TOW DUE TO CRASH,Y,Y,,"OVER $1,500",04/21/2025 18:27,FAILING TO YIELD RIGHT-OF-WAY,FAILING TO YIELD RIGHT-OF-WAY,5159,W,55TH ST,813,,,,,,,2,NONINCAPACITATING INJURY,3,0,0,3,0,0,0,18,2,4,0,0,18,2,4
CLEAR,DAYLIGHT,SIDESWIPE SAME DIRECTION,DIVIDED - W/MEDIAN (NOT RAISED),,STRAIGHT AND LEVEL,UNKNOWN,UNKNOWN,ON SCENE,NO INJURY / DRIVE AWAY,Y,,,"OVER $1,500",04/21/2025 18:27,DRIVING SKILLS/KNOWLEDGE/EXPERIENCE,IMPROPER OVERTAKING/PASSING,7558,N,CLARK ST,2424,,,,,,,2,NO INDICATION OF INJURY,0,0,0,0,0,2,0,18,2,4,2,0,18,2,4
UNKNOWN,"DARKNESS, LIGHTED ROAD",SIDESWIPE SAME DIRECTION,FOUR WAY,,STRAIGHT AND LEVEL,UNKNOWN,UNKNOWN,ON SCENE,NO INJURY / DRIVE AWAY,Y,,,"$501 - $1,500",04/22/2025 1:20,UNABLE TO DETERMINE,UNABLE TO DETERMINE,321,W,87TH ST,634,,,,,,,2,NO INDICATION OF INJURY,0,0,0,0,0,4,0,0,3,4,4,0,0,3,4
CLEAR,DAYLIGHT,PARKED MOTOR VEHICLE,NOT DIVIDED,,STRAIGHT AND LEVEL,DRY,NO DEFECTS,NOT ON SCENE (DESK REPORT),NO INJURY / DRIVE AWAY,,,,"OVER $1,500",07/31/2023 13:30,FAILING TO REDUCE SPEED TO AVOID CRASH,NOT APPLICABLE,4510,W,FULLERTON AVE,2521,,,,,,,2,NO INDICATION OF INJURY,0,0,0,0,0,1,0,13,2,7,1,0,13,2,7
CLEAR,"DARKNESS, LIGHTED ROAD",SIDESWIPE SAME DIRECTION,DIVIDED - W/MEDIAN BARRIER,,STRAIGHT ON GRADE,DRY,NO DEFECTS,ON SCENE,NO INJURY / DRIVE AWAY,,,Y,"OVER $1,500",01/15/2025 2:40,UNABLE TO DETERMINE,NOT APPLICABLE,10000,S,CHICAGO SKYWAY IB,432,,,,,,,2,NO INDICATION OF INJURY,0,0,0,0,0,2,0,2,4,1,2,0,2,4,1
CLEAR,DAYLIGHT,TURNING,ONE-WAY,,STRAIGHT AND LEVEL,DRY,NO DEFECTS,NOT ON SCENE (DESK REPORT),NO INJURY / DRIVE AWAY,,,,"OVER $1,500",04/21/2025 17:47,IMPROPER TURNING/NO SIGNAL,UNABLE TO DETERMINE,500,S,WELLS ST,123,,,,,,,2,NO INDICATION OF INJURY,0,0,0,0,0,4,0,14,7,4,4,0,14,7,4
CLEAR,DAYLIGHT,ANGLE,NOT DIVIDED,,STRAIGHT AND LEVEL,DRY,NO DEFECTS,NOT ON SCENE (DESK REPORT),NO INJURY / DRIVE AWAY,,,Y,"OVER $1,500",04/01/2025 9:45,FAILING TO YIELD RIGHT-OF-WAY,FAILING TO YIELD RIGHT-OF-WAY,5544,S,CALIFORNIA AVE,824,,,,,,,2,NO INDICATION OF INJURY,0,0,0,0,0,2,0,9,3,4,2,0,9,3,4
RAIN,"DARKNESS, LIGHTED ROAD",SIDESWIPE SAME DIRECTION,NOT DIVIDED,,STRAIGHT ON GRADE,WET,"RUT, HOLES",ON SCENE,INJURY AND / OR TOW DUE TO CRASH,,,,"OVER $1,500",04/02/2025 1:20,EQUIPMENT - VEHICLE CONDITION,WEATHER,4659,S,SPRINGFIELD AVE,821,,,,,,,2,NO INDICATION OF INJURY,0,0,0,0,0,2,0,1,4,4,2,0,1,4,4
CLEAR,"DARKNESS, LIGHTED ROAD",TURNING,"FIVE POINT, OR MORE",,STRAIGHT AND LEVEL,DRY,NO DEFECTS,,INJURY AND / OR TOW DUE TO CRASH,Y,,,"OVER $1,500",03/30/2025 21:15,FAILING TO YIELD RIGHT-OF-WAY,UNABLE TO DETERMINE,1600,E,79TH ST,411,,,,,,,2,NONINCAPACITATING INJURY,3,0,0,3,0,1,0,20,1,3,1,0,20,1,3
RAIN,DARKNESS,PARKED MOTOR VEHICLE,NOT DIVIDED,,STRAIGHT AND LEVEL,WET,NO DEFECTS,NOT ON SCENE (DESK REPORT),NO INJURY / DRIVE AWAY,,,,"OVER $1,500",04/19/2025 2:00,FOLLOWING TOO CLOSELY,FOLLOWING TOO CLOSELY,98,E,CERMAK RD,131,,,,,,,2,NO INDICATION OF INJURY,0,0,0,0,0,2,0,23,6,4,2,0,23,6,4
CLEAR,DAYLIGHT,TURNING,NOT DIVIDED,,STRAIGHT AND LEVEL,DRY,NO DEFECTS,ON SCENE,INJURY AND / OR TOW DUE TO CRASH,,,,"OVER $1,500",04/21/2025 12:20,FAILING TO YIELD RIGHT-OF-WAY,UNABLE TO DETERMINE,1642,W,MONTEREY AVE,2234,,,,,,,2,NO INDICATION OF INJURY,0,0,0,0,0,2,0,12,2,4,2,0,12,2,4
CLEAR,"DARKNESS, LIGHTED ROAD",REAR END,NOT DIVIDED,,STRAIGHT AND LEVEL,UNKNOWN,UNKNOWN,,NO INJURY / DRIVE AWAY,,,,"OVER $1,500",01/15/2025 19:25,FOLLOWING TOO CLOSELY,NOT APPLICABLE,6201,S,DAMEN AVE,714,,,,,,,2,NO INDICATION OF INJURY,0,0,0,0,0,2,0,17,4,1,2,0,17,4,1
CLEAR,DAYLIGHT,REAR TO FRONT,ONE-WAY,,STRAIGHT AND LEVEL,DRY,NO DEFECTS,NOT ON SCENE (DESK REPORT),NO INJURY / DRIVE AWAY,,,N,"OVER $1,500",01/15/2025 17:20,IMPROPER BACKING,NOT APPLICABLE,8505,S,INGLESIDE AVE,632,,,,,,,2,NO INDICATION OF INJURY,0,0,0,0,0,2,0,14,4,1,2,0,14,4,1
CLEAR,DAYLIGHT,TURNING,NOT DIVIDED,,STRAIGHT AND LEVEL,DRY,NO DEFECTS,,INJURY AND / OR TOW DUE TO CRASH,Y,,,"OVER $1,500",01/27/2025 9:30,FAILING TO YIELD RIGHT-OF-WAY,DRIVING SKILLS/KNOWLEDGE/EXPERIENCE,2930,W,NORTH AVE,1421,,,,,,,2,NO INDICATION OF INJURY,0,0,0,0,0,3,0,9,2,1,3,0,9,2,1
CLEAR,DARKNESS,PARKED MOTOR VEHICLE,NOT DIVIDED,,STRAIGHT AND LEVEL,DRY,NO DEFECTS,NOT ON SCENE (DESK REPORT),NO INJURY / DRIVE AWAY,,,Y,"$501 - $1,500",03/31/2025 20:53,NOT APPLICABLE,NOT APPLICABLE,5305,W,53RD PL,814,,,,,,,2,NO INDICATION OF INJURY,0,0,0,0,0,1,0,22,1,3,1,0,22,1,3
CLEAR,DAYLIGHT,ANGLE,ONE-WAY,,STRAIGHT AND LEVEL,DRY,UNKNOWN,ON SCENE,NO INJURY / DRIVE AWAY,,,,"OVER $1,500",04/01/2025 15:50,FAILING TO YIELD RIGHT-OF-WAY,NOT APPLICABLE,4014,N,ROCKWELL ST,1911,,,,,,,2,NO INDICATION OF INJURY,0,0,0,0,0,2,0,15,3,4,2,0,15,3,4
CLEAR,"DARKNESS, LIGHTED ROAD",REAR END,NOT DIVIDED,,STRAIGHT AND LEVEL,DRY,UNKNOWN,ON SCENE,NO INJURY / DRIVE AWAY,Y,,,"OVER $1,500",04/17/2025 21:21,FAILING TO REDUCE SPEED TO AVOID CRASH,FAILING TO REDUCE SPEED TO AVOID CRASH,2644,W,OGDEN AVE,1023,,,,,,,2,NO INDICATION OF INJURY,0,0,0,0,0,2,0,20,5,4,2,0,20,5,4
CLEAR,DAYLIGHT,PARKED MOTOR VEHICLE,PARKING LOT,,STRAIGHT AND LEVEL,DRY,NO DEFECTS,NOT ON SCENE (DESK REPORT),NO INJURY / DRIVE AWAY,,Y,Y,"OVER $1,500",04/21/2025 18:11,DRIVING SKILLS/KNOWLEDGE/EXPERIENCE,NOT APPLICABLE,3334,W,ARMITAGE AVE,1413,,,,,,,2,NO INDICATION OF INJURY,0,0,0,0,0,1,0,11,6,4,1,0,11,6,4
UNKNOWN,"DARKNESS, LIGHTED ROAD",PARKED MOTOR VEHICLE,DIVIDED - W/MEDIAN (NOT RAISED),,STRAIGHT AND LEVEL,UNKNOWN,UNKNOWN,NOT ON SCENE (DESK REPORT),NO INJURY / DRIVE AWAY,,,Y,"OVER $1,500",04/21/2025 7:45,UNABLE TO DETERMINE,UNABLE TO DETERMINE,1744,N,WESTERN AVE,1434,,,,,,,2,NO INDICATION OF INJURY,0,0,0,0,0,1,0,21,1,4,1,0,21,1,4
CLEAR,"DARKNESS, LIGHTED ROAD",TURNING,NOT DIVIDED,,STRAIGHT AND LEVEL,DRY,NO DEFECTS,NOT ON SCENE (DESK REPORT),NO INJURY / DRIVE AWAY,,,,"OVER $1,500",04/21/2025 22:15,IMPROPER LANE USAGE,NOT APPLICABLE,800,E,71ST ST,321,,,,,,,2,NO INDICATION OF INJURY,0,0,0,0,0,4,0,22,2,4,4,0,22,2,4
CLEAR,DAYLIGHT,REAR TO FRONT,PARKING LOT,,STRAIGHT AND LEVEL,DRY,NO DEFECTS,,NO INJURY / DRIVE AWAY,,,,"$501 - $1,500",04/21/2025 17:10,FOLLOWING TOO CLOSELY,UNABLE TO DETERMINE,926,W,FULLERTON AVE,1932,,,,,,,2,NO INDICATION OF INJURY,0,0,0,0,0,2,0,15,2,4,2,0,15,2,4