WEATHER_CONDITION,LIGHTING_CONDITION,FIRST_CRASH_TYPE,TRAFFICWAY_TYPE,LANE_CNT,ALIGNMENT,ROADWAY_SURFACE_COND,ROAD_DEFECT,REPORT_TYPE,CRASH_TYPE,INTERSECTION_RELATED_I,NOT_RIGHT_OF_WAY_I,HIT_AND_RUN_I,DAMAGE,DATE_POLICE_NOTIFIED,PRIM_CONTRIBUTORY_CAUSE,SEC_CONTRIBUTORY_CAUSE,STREET_NO,STREET_DIRECTION,STREET_NAME,BEAT_OF_OCCURRENCE,PHOTOS_TAKEN_I,STATEMENTS_TAKEN_I,DOORING_I,WORK_ZONE_I,WORK_ZONE_TYPE,WORKERS_PRESENT_I,NUM_UNITS,MOST_SEVERE_INJURY,INJURIES_TOTAL,INJURIES_FATAL,INJURIES_INCAPACITATING,INJURIES_NON_INCAPACITATING,INJURIES_REPORTED_NOT_EVIDENT,INJURIES_NO_INDICATION,INJURIES_UNKNOWN,CRASH_HOUR,CRASH_DAY_OF_WEEK,CRASH_MONTH,INJURIES_NO_INDICATION,INJURIES_UNKNOWN,CRASH_HOUR,CRASH_DAY_OF_WEEK,CRASH_MONTH
CLEAR,DAWN,TURNING,T-INTERSECTION,,STRAIGHT AND LEVEL,DRY,NO DEFECTS,ON SCENE,INJURY AND / OR TOW DUE TO CRASH,Y,,,"OVER $1,500",01/15/2025 15:32,FAILING TO YIELD RIGHT-OF-WAY,NOT APPLICABLE,5300,S,WESTERN BLVD,923,,,,,,,3,NONINCAPACITATING INJURY,2,0,0,2,0,5,0,15,4,1,5,0,15,4,1
UNKNOWN,UNKNOWN,REAR END,UNKNOWN,,STRAIGHT AND LEVEL,UNKNOWN,UNKNOWN,NOT ON SCENE (DESK REPORT),NO INJURY / DRIVE AWAY,,,Y,"$501 - $1,500",04/21/2025 21:15,UNABLE TO DETERMINE,UNABLE TO DETERMINE,1500,N,ARTESIAN AVE,1423,,,,,,,2,NO INDICATION OF INJURY,0,0,0,0,0,2,0,19,7,4,2,0,19,7,4
CLEAR,"DARKNESS, LIGHTED ROAD",ANGLE,DIVIDED - W/MEDIAN (NOT RAISED),,STRAIGHT AND LEVEL,WET,NO DEFECTS,NOT ON SCENE (DESK REPORT),NO INJURY / DRIVE AWAY,Y,,Y,"OVER $1,500",04/21/2025 17:00,UNABLE TO DETERMINE,UNABLE TO DETERMINE,5500,S,ABERDEEN ST,712,Y,,,,,,2,NO INDICATION OF INJURY,0,0,0,0,0,3,0,20,1,4,3,0,20,1,4
CLEAR,DAYLIGHT,ANGLE,FOUR WAY,,STRAIGHT AND LEVEL,DRY,NO DEFECTS,NOT ON SCENE (DESK REPORT),NO INJURY / DRIVE AWAY,Y,,,"OVER $1,500",04/21/2025 13:05,UNABLE TO DETERMINE,UNABLE TO DETERMINE,2700,S,KEDZIE AVE,1032,,,,,,,2,NO INDICATION OF INJURY,0,0,0,0,0,2,0,11,2,4,2,0,11,2,4
CLEAR,DAYLIGHT,SIDESWIPE SAME DIRECTION,NOT DIVIDED,,STRAIGHT AND LEVEL,DRY,UNKNOWN,NOT ON SCENE (DESK REPORT),NO INJURY / DRIVE AWAY,,,Y,"$501 - $1,500",04/21/2025 14:11,IMPROPER LANE USAGE,NOT APPLICABLE,6083,S,COTTAGE GROVE AVE,235,,,,,,,2,NO INDICATION OF INJURY,0,0,0,0,0,4,0,14,2,4,4,0,14,2,4
RAIN,DAYLIGHT,REAR TO SIDE,PARKING LOT,,STRAIGHT AND LEVEL,WET,UNKNOWN,NOT ON SCENE (DESK REPORT),NO INJURY / DRIVE AWAY,,,,"OVER $1,500",04/20/2025 12:00,UNABLE TO DETERMINE,NOT APPLICABLE,2438,W,CERMAK RD,1023,,,,,,,2,NO INDICATION OF INJURY,0,0,0,0,0,2,0,11,1,4,2,0,11,1,4
CLEAR,UNKNOWN,REAR TO FRONT,NOT DIVIDED,,STRAIGHT AND LEVEL,UNKNOWN,UNKNOWN,NOT ON SCENE (DESK REPORT),NO INJURY / DRIVE AWAY,,,,"OVER $1,500",01/16/2025 19:00,IMPROPER BACKING,NOT APPLICABLE,4846,S,ARCHER AVE,821,,,,,,,2,NO INDICATION OF INJURY,0,0,0,0,0,2,0,14,4,1,2,0,14,4,1
CLOUDY/OVERCAST,DAYLIGHT,FIXED OBJECT,ONE-WAY,,STRAIGHT AND LEVEL,DRY,NO DEFECTS,ON SCENE,NO INJURY / DRIVE AWAY,,,,"OVER $1,500",04/20/2025 13:09,"EVASIVE ACTION DUE TO ANIMAL, OBJECT, NONMOTORIST","EVASIVE ACTION DUE TO ANIMAL, OBJECT, NONMOTORIST",3812,S,MICHIGAN AVE,213,,,,,,,1,NO INDICATION OF INJURY,0,0,0,0,0,1,0,13,1,4,1,0,13,1,4
CLOUDY/OVERCAST,DUSK,SIDESWIPE SAME DIRECTION,NOT DIVIDED,,STRAIGHT AND LEVEL,DRY,NO DEFECTS,ON SCENE,NO INJURY / DRIVE AWAY,,,,"OVER $1,500",04/01/2025 15:49,FAILING TO YIELD RIGHT-OF-WAY,NOT APPLICABLE,5300,N,CENTRAL AVE,1622,,,,,,,2,NO INDICATION OF INJURY,0,0,0,0,0,4,0,15,3,4,4,0,15,3,4
CLEAR,DAYLIGHT,SIDESWIPE SAME DIRECTION,NOT DIVIDED,,STRAIGHT AND LEVEL,DRY,NO DEFECTS,NOT ON SCENE (DESK REPORT),NO INJURY / DRIVE AWAY,,,Y,"OVER $1,500",04/21/2025 19:23,IMPROPER OVERTAKING/PASSING,DRIVING SKILLS/KNOWLEDGE/EXPERIENCE,2511,N,KEDZIE BLVD,1414,,,,,,,2,NO INDICATION OF INJURY,0,0,0,0,0,4,0,18,2,4,4,0,18,2,4
CLOUDY/OVERCAST,DAYLIGHT,PARKED MOTOR VEHICLE,PARKING LOT,,STRAIGHT AND LEVEL,WET,NO DEFECTS,ON SCENE,NO INJURY / DRIVE AWAY,,,Y,"OVER $1,500",04/21/2025 8:01,UNABLE TO DETERMINE,UNABLE TO DETERMINE,4248,N,KEDZIE AVE,1724,,,,,,,2,NO INDICATION OF INJURY,0,0,0,0,0,1,0,8,2,4,1,0,8,2,4
CLEAR,DAYLIGHT,SIDESWIPE SAME DIRECTION,NOT DIVIDED,,STRAIGHT AND LEVEL,DRY,UNKNOWN,NOT ON SCENE (DESK REPORT),NO INJURY / DRIVE AWAY,,,,"OVER $1,500",04/01/2025 16:29,UNABLE TO DETERMINE,UNABLE TO DETERMINE,4700,S,WALLACE ST,935,,,,,,,2,NO INDICATION OF INJURY,0,0,0,0,0,2,0,13,3,4,2,0,13,3,4
CLEAR,DAYLIGHT,SIDESWIPE SAME DIRECTION,DIVIDED - W/MEDIAN BARRIER,,STRAIGHT AND LEVEL,DRY,UNKNOWN,NOT ON SCENE (DESK REPORT),NO INJURY / DRIVE AWAY,,,,"OVER $1,500",03/18/2025 18:20,IMPROPER LANE USAGE,FAILING TO REDUCE SPEED TO AVOID CRASH,231,S,LAKE SHORE DR NB,114,,,,,,,2,NO INDICATION OF INJURY,0,0,0,0,0,2,0,17,3,3,2,0,17,3,3
CLEAR,DAYLIGHT,PARKED MOTOR VEHICLE,ONE-WAY,,STRAIGHT AND LEVEL,DRY,NO DEFECTS,NOT ON SCENE (DESK REPORT),INJURY AND / OR TOW DUE TO CRASH,,,,"OVER $1,500",03/18/2025 19:13,UNABLE TO DETERMINE,NOT APPLICABLE,3737,N,ST LOUIS AVE,1732,,,,,,,3,"REPORTED, NOT EVIDENT",1,0,0,0,1,0,0,19,3,3,0,0,19,3,3
CLEAR,"DARKNESS, LIGHTED ROAD",REAR TO REAR,ALLEY,,STRAIGHT ON GRADE,DRY,NO DEFECTS,ON SCENE,NO INJURY / DRIVE AWAY,,,Y,"$501 - $1,500",03/18/2025 23:20,IMPROPER BACKING,NOT APPLICABLE,2721,W,39TH PL,921,,,,,,,2,NO INDICATION OF INJURY,0,0,0,0,0,3,0,23,3,3,3,0,23,3,3
CLEAR,DAYLIGHT,ANGLE,ALLEY,,STRAIGHT AND LEVEL,DRY,NO DEFECTS,NOT ON SCENE (DESK REPORT),NO INJURY / DRIVE AWAY,,,Y,"OVER $1,500",01/15/2025 19:34,NOT APPLICABLE,NOT APPLICABLE,5445,S,NORMANDY AVE,811,,,,,,,2,NO INDICATION OF INJURY,0,0,0,0,0,3,0,16,4,1,3,0,16,4,1
CLEAR,DAWN,ANGLE,NOT DIVIDED,,STRAIGHT AND LEVEL,DRY,NO DEFECTS,NOT ON SCENE (DESK REPORT),NO INJURY / DRIVE AWAY,,,,"$501 - $1,500",03/18/2025 21:05,FAILING TO YIELD RIGHT-OF-WAY,NOT APPLICABLE,8330,W,IRVING PARK RD,1614,,,,,,,2,NO INDICATION OF INJURY,0,0,0,0,0,2,0,18,3,3,2,0,18,3,3
CLEAR,DAYLIGHT,TURNING,T-INTERSECTION,,STRAIGHT AND LEVEL,DRY,UNKNOWN,NOT ON SCENE (DESK REPORT),NO INJURY / DRIVE AWAY,Y,,,$500 OR LESS,03/18/2025 14:20,UNABLE TO DETERMINE,NOT APPLICABLE,101,W,IDA B WELLS DR,123,N,Y,,,,,2,NO INDICATION OF INJURY,0,0,0,0,0,3,0,14,3,3,3,0,14,3,3
CLEAR,DAYLIGHT,ANGLE,NOT DIVIDED,,STRAIGHT AND LEVEL,DRY,UNKNOWN,NOT ON SCENE (DESK REPORT),NO INJURY / DRIVE AWAY,,,Y,"OVER $1,500",04/21/2025 10:48,UNABLE TO DETERMINE,NOT APPLICABLE,128,S,KEELER AVE,1115,,,,,,,2,NO INDICATION OF INJURY,0,0,0,0,0,2,0,15,7,4,2,0,15,7,4
RAIN,"DARKNESS, LIGHTED ROAD",PARKED MOTOR VEHICLE,ONE-WAY,,STRAIGHT AND LEVEL,WET,UNKNOWN,ON SCENE,INJURY AND / OR TOW DUE TO CRASH,,,Y,"OVER $1,500",04/20/2025 23:01,UNABLE TO DETERMINE,UNABLE TO DETERMINE,544,N,LOCKWOOD AVE,1523,,,,,,,4,NO INDICATION OF INJURY,0,0,0,0,0,3,0,22,1,4,3,0,22,1,4
RAIN,DAYLIGHT,REAR END,DIVIDED - W/MEDIAN (NOT RAISED),,STRAIGHT AND LEVEL,WET,NO DEFECTS,ON SCENE,NO INJURY / DRIVE AWAY,,,,$500 OR LESS,04/21/2025 7:27,IMPROPER BACKING,FAILING TO REDUCE SPEED TO AVOID CRASH,2215,N,AUSTIN AVE,2515,,,,,,,2,NO INDICATION OF INJURY,0,0,0,0,0,6,0,7,2,4,6,0,7,2,4
CLEAR,DAYLIGHT,REAR END,NOT DIVIDED,,STRAIGHT AND LEVEL,DRY,UNKNOWN,NOT ON SCENE (DESK REPORT),NO INJURY / DRIVE AWAY,,,,$500 OR LESS,04/21/2025 17:20,FOLLOWING TOO CLOSELY,FOLLOWING TOO CLOSELY,2601,N,ELSTON AVE,1432,,,,,,,2,NO INDICATION OF INJURY,0,0,0,0,0,2,0,15,2,4,2,0,15,2,4
CLEAR,"DARKNESS, LIGHTED ROAD",ANGLE,FOUR WAY,,STRAIGHT AND LEVEL,DRY,NO DEFECTS,ON SCENE,INJURY AND / OR TOW DUE TO CRASH,Y,,Y,"OVER $1,500",04/22/2025 0:10,FAILING TO YIELD RIGHT-OF-WAY,FAILING TO YIELD RIGHT-OF-WAY,4000,W,MADISON ST,1115,,,,,,,2,NONINCAPACITATING INJURY,1,0,0,1,0,1,0,0,3,4,1,0,0,3,4
CLEAR,DAYLIGHT,SIDESWIPE SAME DIRECTION,NOT DIVIDED,,STRAIGHT AND LEVEL,DRY,NO DEFECTS,NOT ON SCENE (DESK REPORT),NO INJURY / DRIVE AWAY,,,,"OVER $1,500",01/15/2025 13:40,FOLLOWING TOO CLOSELY,NOT APPLICABLE,2100,S,ASHLAND AVE,1234,,,,,,,2,NO INDICATION OF INJURY,0,0,0,0,0,2,0,8,4,1,2,0,8,4,1
RAIN,"DARKNESS, LIGHTED ROAD",REAR END,FOUR WAY,,STRAIGHT AND LEVEL,WET,UNKNOWN,,INJURY AND / OR TOW DUE TO CRASH,,,Y,"OVER $1,500",03/29/2025 21:57,UNABLE TO DETERMINE,UNABLE TO DETERMINE,2407,W,MARQUETTE RD,832,,,,,,,2,NONINCAPACITATING INJURY,1,0,0,1,0,1,0,20,7,3,1,0,20,7,3
CLEAR,"DARKNESS, LIGHTED ROAD",SIDESWIPE SAME DIRECTION,NOT DIVIDED,,STRAIGHT AND LEVEL,DRY,NO DEFECTS,NOT ON SCENE (DESK REPORT),NO INJURY / DRIVE AWAY,,,,"OVER $1,500",04/21/2025 9:25,PHYSICAL CONDITION OF DRIVER,NOT APPLICABLE,2319,W,114TH ST,2212,,,,,,,2,NO INDICATION OF INJURY,0,0,0,0,0,1,0,20,1,4,1,0,20,1,4
CLEAR,DAYLIGHT,SIDESWIPE SAME DIRECTION,DIVIDED - W/MEDIAN BARRIER,,STRAIGHT AND LEVEL,DRY,NO DEFECTS,ON SCENE,NO INJURY / DRIVE AWAY,,,,"OVER $1,500",04/20/2025 15:40,UNABLE TO DETERMINE,UNABLE TO DETERMINE,8801,S,ANTHONY AVE,412,,,,,,,2,NO INDICATION OF INJURY,0,0,0,0,0,3,0,15,1,4,3,0,15,1,4
CLEAR,DAYLIGHT,SIDESWIPE SAME DIRECTION,NOT DIVIDED,,STRAIGHT AND LEVEL,DRY,UNKNOWN,ON SCENE,NO INJURY / DRIVE AWAY,,,Y,$500 OR LESS,04/21/2025 10:39,IMPROPER BACKING,IMPROPER OVERTAKING/PASSING,350,S,CENTRAL PARK BLVD,1133,,,,,,,2,NO INDICATION OF INJURY,0,0,0,0,0,2,0,10,2,4,2,0,10,2,4
CLEAR,DAYLIGHT,SIDESWIPE OPPOSITE DIRECTION,PARKING LOT,,STRAIGHT AND LEVEL,DRY,NO DEFECTS,NOT ON SCENE (DESK REPORT),NO INJURY / DRIVE AWAY,,Y,,"$501 - $1,500",04/21/2025 11:30,UNABLE TO DETERMINE,IMPROPER OVERTAKING/PASSING,4831,N,MILWAUKEE AVE,1623,,,,,,,2,NO INDICATION OF INJURY,0,0,0,0,0,4,0,11,2,4,4,0,11,2,4
CLEAR,DAYLIGHT,TURNING,NOT DIVIDED,,STRAIGHT AND LEVEL,DRY,NO DEFECTS,NOT ON SCENE (DESK REPORT),NO INJURY / DRIVE AWAY,,,Y,"OVER $1,500",04/21/2025 17:00,UNABLE TO DETERMINE,UNABLE TO DETERMINE,2445,S,BLUE ISLAND AVE,1034,,,,,,,2,NO INDICATION OF INJURY,0,0,0,0,0,2,0,15,2,4,2,0,15,2,4
CLEAR,DAYLIGHT,PARKED MOTOR VEHICLE,NOT DIVIDED,,STRAIGHT AND LEVEL,DRY,NO DEFECTS,ON SCENE,NO INJURY / DRIVE AWAY,,,Y,"OVER $1,500",01/15/2025 13:07,UNABLE TO DETERMINE,NOT APPLICABLE,2829,N,NATOMA AVE,2511,,Y,,,,,2,NO INDICATION OF INJURY,0,0,0,0,0,1,0,13,4,1,1,0,13,4,1
UNKNOWN,DAYLIGHT,TURNING,T-INTERSECTION,,STRAIGHT AND LEVEL,UNKNOWN,UNKNOWN,NOT ON SCENE (DESK REPORT),NO INJURY / DRIVE AWAY,Y,,,"OVER $1,500",01/22/2025 13:10,FOLLOWING TOO CLOSELY,FAILING TO REDUCE SPEED TO AVOID CRASH,59,E,WASHINGTON ST,112,,,,,,,2,NO INDICATION OF INJURY,0,0,0,0,0,2,0,8,4,1,2,0,8,4,1
UNKNOWN,UNKNOWN,PARKED MOTOR VEHICLE,NOT DIVIDED,,STRAIGHT AND LEVEL,UNKNOWN,UNKNOWN,NOT ON SCENE (DESK REPORT),NO INJURY / DRIVE AWAY,Y,,,"OVER $1,500",01/15/2025 16:11,IMPROPER LANE USAGE,DRIVING SKILLS/KNOWLEDGE/EXPERIENCE,51,E,14TH ST,131,,,,,,,2,NO INDICATION OF INJURY,0,0,0,0,0,1,0,15,4,1,1,0,15,4,1
CLEAR,DARKNESS,PARKED MOTOR VEHICLE,NOT DIVIDED,,STRAIGHT AND LEVEL,WET,NO DEFECTS,NOT ON SCENE (DESK REPORT),NO INJURY / DRIVE AWAY,,,Y,"$501 - $1,500",04/21/2025 8:20,UNABLE TO DETERMINE,UNABLE TO DETERMINE,12632,S,YALE AVE,523,,,,,,,2,NO INDICATION OF INJURY,0,0,0,0,0,1,0,23,1,4,1,0,23,1,4
CLEAR,DAYLIGHT,SIDESWIPE SAME DIRECTION,NOT DIVIDED,,STRAIGHT AND LEVEL,UNKNOWN,UNKNOWN,NOT ON SCENE (DESK REPORT),NO INJURY / DRIVE AWAY,,,,"$501 - $1,500",04/21/2025 13:15,IMPROPER BACKING,NOT APPLICABLE,1711,W,DIVISION ST,1213,,,,,,,2,NO INDICATION OF INJURY,0,0,0,0,0,2,0,12,2,4,2,0,12,2,4
CLEAR,DAYLIGHT,ANGLE,FOUR WAY,,STRAIGHT AND LEVEL,DRY,NO DEFECTS,ON SCENE,INJURY AND / OR TOW DUE TO CRASH,Y,,,"OVER $1,500",04/21/2025 18:47,FAILING TO YIELD RIGHT-OF-WAY,NOT APPLICABLE,4798,S,MICHIGAN AVE,224,,,,,,,2,NONINCAPACITATING INJURY,1,0,0,1,0,2,0,18,2,4,2,0,18,2,4
CLEAR,DAYLIGHT,TURNING,ALLEY,,STRAIGHT AND LEVEL,UNKNOWN,UNKNOWN,NOT ON SCENE (DESK REPORT),NO INJURY / DRIVE AWAY,N,,,"OVER $1,500",04/21/2025 14:37,FAILING TO YIELD RIGHT-OF-WAY,FAILING TO YIELD RIGHT-OF-WAY,1515,W,DEVON AVE,2433,,,,,,,2,NO INDICATION OF INJURY,0,0,0,0,0,2,0,14,2,4,2,0,14,2,4
CLEAR,DARKNESS,REAR END,DIVIDED - W/MEDIAN BARRIER,,STRAIGHT AND LEVEL,DRY,NO DEFECTS,ON SCENE,INJURY AND / OR TOW DUE TO CRASH,,,,"OVER $1,500",04/21/2025 22:34,FOLLOWING TOO CLOSELY,UNABLE TO DETERMINE,840,N,MICHIGAN AVE,1833,,,,,,,2,NO INDICATION OF INJURY,0,0,0,0,0,2,0,22,2,4,2,0,22,2,4
CLEAR,DAYLIGHT,SIDESWIPE SAME DIRECTION,DIVIDED - W/MEDIAN (NOT RAISED),,STRAIGHT AND LEVEL,DRY,NO DEFECTS,ON SCENE,INJURY AND / OR TOW DUE TO CRASH,,N,,"OVER $1,500",03/18/2025 15:14,UNABLE TO DETERMINE,UNABLE TO DETERMINE,8414,S,ASHLAND AVE,614,,,,,,,2,NO INDICATION OF INJURY,0,0,0,0,0,2,0,15,3,3,2,0,15,3,3
CLEAR,"DARKNESS, LIGHTED ROAD",TURNING,DIVIDED - W/MEDIAN (NOT RAISED),,STRAIGHT AND LEVEL,DRY,NO DEFECTS,ON SCENE,INJURY AND / OR TOW DUE TO CRASH,,,,"OVER $1,500",03/18/2025 21:30,IMPROPER OVERTAKING/PASSING,NOT APPLICABLE,5700,S,KEDZIE AVE,822,,,,,,,2,NO INDICATION OF INJURY,0,0,0,0,0,7,0,21,3,3,7,0,21,3,3
CLEAR,DAYLIGHT,ANGLE,ONE-WAY,,STRAIGHT AND LEVEL,DRY,NO DEFECTS,ON SCENE,INJURY AND / OR TOW DUE TO CRASH,,,,"OVER $1,500",04/17/2025 11:14,FAILING TO YIELD RIGHT-OF-WAY,NOT APPLICABLE,9445,S,ADA ST,2222,,,,,,,2,"REPORTED, NOT EVIDENT",1,0,0,0,1,1,0,10,5,4,1,0,10,5,4
CLEAR,"DARKNESS, LIGHTED ROAD",TURNING,CENTER TURN LANE,,STRAIGHT AND LEVEL,DRY,NO DEFECTS,ON SCENE,NO INJURY / DRIVE AWAY,Y,,Y,$500 OR LESS,04/18/2025 22:55,UNABLE TO DETERMINE,UNABLE TO DETERMINE,1600,W,BYRON ST,1922,,Y,,,,,2,NO INDICATION OF INJURY,0,0,0,0,0,2,0,22,6,4,2,0,22,6,4
CLEAR,DAYLIGHT,TURNING,DIVIDED - W/MEDIAN (NOT RAISED),,STRAIGHT AND LEVEL,DRY,NO DEFECTS,NOT ON SCENE (DESK REPORT),NO INJURY / DRIVE AWAY,Y,,,"$501 - $1,500",04/21/2025 17:30,UNABLE TO DETERMINE,NOT APPLICABLE,1400,S,LAKE SHORE DR NB,132,,,,,,,2,NO INDICATION OF INJURY,0,0,0,0,0,2,0,16,2,4,2,0,16,2,4
CLEAR,DAYLIGHT,PARKED MOTOR VEHICLE,NOT DIVIDED,,STRAIGHT AND LEVEL,DRY,UNKNOWN,ON SCENE,INJURY AND / OR TOW DUE TO CRASH,,,,"OVER $1,500",04/21/2025 14:53,DRIVING SKILLS/KNOWLEDGE/EXPERIENCE,FAILING TO REDUCE SPEED TO AVOID CRASH,6453,W,HIGGINS AVE,1613,,,,,,,2,NONINCAPACITATING INJURY,1,0,0,1,0,0,0,14,2,4,0,0,14,2,4
CLEAR,DAYLIGHT,TURNING,NOT DIVIDED,,STRAIGHT AND LEVEL,DRY,UNKNOWN,ON SCENE,NO INJURY / DRIVE AWAY,,,Y,"OVER $1,500",04/21/2025 17:20,NOT APPLICABLE,NOT APPLICABLE,5401,S,WENTWORTH AVE,225,,,,,,,2,NO INDICATION OF INJURY,0,0,0,0,0,2,0,17,2,4,2,0,17,2,4
CLEAR,DAYLIGHT,ANGLE,NOT DIVIDED,,STRAIGHT AND LEVEL,WET,UNKNOWN,ON SCENE,INJURY AND / OR TOW DUE TO CRASH,,,,"OVER $1,500",01/15/2025 8:25,NOT APPLICABLE,NOT APPLICABLE,2720,W,103RD ST,2211,,,,,,,2,NONINCAPACITATING INJURY,1,0,0,1,0,1,0,8,4,1,1,0,8,4,1
CLEAR,"DARKNESS, LIGHTED ROAD",TURNING,ONE-WAY,,STRAIGHT AND LEVEL,DRY,UNKNOWN,NOT ON SCENE (DESK REPORT),NO INJURY / DRIVE AWAY,,,,"OVER $1,500",01/15/2025 16:40,FAILING TO YIELD RIGHT-OF-WAY,FOLLOWING TOO CLOSELY,667,W,LAKE ST,1224,,,,,,,2,NO INDICATION OF INJURY,0,0,0,0,0,2,0,16,4,1,2,0,16,4,1
SNOW,"DARKNESS, LIGHTED ROAD",PARKED MOTOR VEHICLE,NOT DIVIDED,,STRAIGHT AND LEVEL,SNOW OR SLUSH,NO DEFECTS,ON SCENE,INJURY AND / OR TOW DUE TO CRASH,,,Y,"OVER $1,500",01/15/2025 23:20,UNABLE TO DETERMINE,UNABLE TO DETERMINE,1457,S,LOOMIS ST,1233,,,,,,,3,NO INDICATION OF INJURY,0,0,0,0,0,1,0,23,4,1,1,0,23,4,1
RAIN,DAYLIGHT,REAR END,DIVIDED - W/MEDIAN (NOT RAISED),,STRAIGHT AND LEVEL,WET,UNKNOWN,NOT ON SCENE (DESK REPORT),NO INJURY / DRIVE AWAY,,,,"OVER $1,500",04/21/2025 10:50,FOLLOWING TOO CLOSELY,UNABLE TO DETERMINE,2315,W,DIVISION ST,1212,,,,,,,2,NO INDICATION OF INJURY,0,0,0,0,0,3,0,16,5,4,3,0,16,5,4
CLEAR,DAYLIGHT,ANGLE,PARKING LOT,,STRAIGHT AND LEVEL,DRY,NO DEFECTS,NOT ON SCENE (DESK REPORT),NO INJURY / DRIVE AWAY,,,,"OVER $1,500",04/21/2025 15:46,IMPROPER BACKING,NOT APPLICABLE,4926,S,KEDZIE AVE,821,,,,,,,2,NO INDICATION OF INJURY,0,0,0,0,0,2,0,11,6,4,2,0,11,6,4
CLEAR,DUSK,SIDESWIPE SAME DIRECTION,NOT DIVIDED,,STRAIGHT AND LEVEL,DRY,NO DEFECTS,NOT ON SCENE (DESK REPORT),NO INJURY / DRIVE AWAY,,Y,,"$501 - $1,500",04/20/2025 13:20,IMPROPER LANE USAGE,UNABLE TO DETERMINE,5435,N,HARLEM AVE,1613,,,,,,,2,NO INDICATION OF INJURY,0,0,0,0,0,2,0,13,1,4,2,0,13,1,4
CLEAR,DAYLIGHT,REAR TO SIDE,PARKING LOT,,STRAIGHT AND LEVEL,DRY,NO DEFECTS,NOT ON SCENE (DESK REPORT),NO INJURY / DRIVE AWAY,,,,"OVER $1,500",04/21/2025 19:48,UNABLE TO DETERMINE,NOT APPLICABLE,3570,N,ELSTON AVE,1733,,,,,,,2,NO INDICATION OF INJURY,0,0,0,0,0,3,0,17,2,4,3,0,17,2,4
CLEAR,DAYLIGHT,REAR END,NOT DIVIDED,,STRAIGHT AND LEVEL,DRY,NO DEFECTS,NOT ON SCENE (DESK REPORT),NO INJURY / DRIVE AWAY,,,,"$501 - $1,500",04/21/2025 16:25,UNABLE TO DETERMINE,NOT APPLICABLE,5800,N,CUMBERLAND AVE,1614,,,,,,,2,NO INDICATION OF INJURY,0,0,0,0,0,2,0,15,2,4,2,0,15,2,4
CLEAR,DAYLIGHT,REAR END,DIVIDED - W/MEDIAN (NOT RAISED),,STRAIGHT AND LEVEL,DRY,UNKNOWN,,NO INJURY / DRIVE AWAY,,,,"OVER $1,500",12/08/2024 19:35,FAILING TO REDUCE SPEED TO AVOID CRASH,FOLLOWING TOO CLOSELY,3934,W,DIVERSEY AVE,2523,,Y,,,,,2,NO INDICATION OF INJURY,0,0,0,0,0,3,0,18,1,12,3,0,18,1,12
CLEAR,DAYLIGHT,PARKED MOTOR VEHICLE,ONE-WAY,,STRAIGHT AND LEVEL,UNKNOWN,UNKNOWN,NOT ON SCENE (DESK REPORT),NO INJURY / DRIVE AWAY,,,Y,"$501 - $1,500",01/15/2025 14:17,NOT APPLICABLE,NOT APPLICABLE,5757,S,ADA ST,713,,,,,,,2,NO INDICATION OF INJURY,0,0,0,0,0,1,0,11,4,1,1,0,11,4,1
SNOW,"DARKNESS, LIGHTED ROAD",OTHER OBJECT,FOUR WAY,,STRAIGHT AND LEVEL,SNOW OR SLUSH,UNKNOWN,ON SCENE,INJURY AND / OR TOW DUE TO CRASH,Y,N,,"OVER $1,500",01/15/2025 21:31,FAILING TO REDUCE SPEED TO AVOID CRASH,UNABLE TO DETERMINE,7233,N,CALIFORNIA AVE,2411,,,,,,,1,NO INDICATION OF INJURY,0,0,0,0,0,1,0,21,4,1,1,0,21,4,1
CLEAR,DAYLIGHT,REAR END,NOT DIVIDED,,STRAIGHT AND LEVEL,WET,NO DEFECTS,NOT ON SCENE (DESK REPORT),INJURY AND / OR TOW DUE TO CRASH,,,Y,"OVER $1,500",01/15/2025 8:30,FOLLOWING TOO CLOSELY,UNABLE TO DETERMINE,1631,E,MARQUETTE DR,331,,,,,,,2,"REPORTED, NOT EVIDENT",1,0,0,0,1,1,0,7,4,1,1,0,7,4,1
CLEAR,UNKNOWN,TURNING,DIVIDED - W/MEDIAN BARRIER,,STRAIGHT AND LEVEL,DRY,NO DEFECTS,NOT ON SCENE (DESK REPORT),NO INJURY / DRIVE AWAY,,,,"$501 - $1,500",06/07/2025 22:00,UNABLE TO DETERMINE,NOT APPLICABLE,98,E,LOWER WACKER DR,111,,,,,,,2,NO INDICATION OF INJURY,0,0,0,0,0,7,0,16,7,6,7,0,16,7,6
RAIN,DAWN,SIDESWIPE SAME DIRECTION,NOT DIVIDED,,STRAIGHT AND LEVEL,WET,NO DEFECTS,NOT ON SCENE (DESK REPORT),NO INJURY / DRIVE AWAY,,,,$500 OR LESS,06/08/2025 20:30,UNABLE TO DETERMINE,UNABLE TO DETERMINE,300,E,130TH ST,533,,,,,,,2,NO INDICATION OF INJURY,0,0,0,0,0,2,0,16,1,6,2,0,16,1,6