WEATHER_CONDITION,LIGHTING_CONDITION,FIRST_CRASH_TYPE,TRAFFICWAY_TYPE,LANE_CNT,ALIGNMENT,ROADWAY_SURFACE_COND,ROAD_DEFECT,REPORT_TYPE,CRASH_TYPE,INTERSECTION_RELATED_I,NOT_RIGHT_OF_WAY_I,HIT_AND_RUN_I,DAMAGE,DATE_POLICE_NOTIFIED,PRIM_CONTRIBUTORY_CAUSE,SEC_CONTRIBUTORY_CAUSE,STREET_NO,STREET_DIRECTION,STREET_NAME,BEAT_OF_OCCURRENCE,PHOTOS_TAKEN_I,STATEMENTS_TAKEN_I,DOORING_I,WORK_ZONE_I,WORK_ZONE_TYPE,WORKERS_PRESENT_I,NUM_UNITS,MOST_SEVERE_INJURY,INJURIES_TOTAL,INJURIES_FATAL,INJURIES_INCAPACITATING,INJURIES_NON_INCAPACITATING,INJURIES_REPORTED_NOT_EVIDENT,INJURIES_NO_INDICATION,INJURIES_UNKNOWN,CRASH_HOUR,CRASH_DAY_OF_WEEK,CRASH_MONTH,INJURIES_NO_INDICATION,INJURIES_UNKNOWN,CRASH_HOUR,CRASH_DAY_OF_WEEK,CRASH_MONTH
UNKNOWN,DAYLIGHT,SIDESWIPE SAME DIRECTION,ONE-WAY,,STRAIGHT AND LEVEL,UNKNOWN,UNKNOWN,NOT ON SCENE (DESK REPORT),NO INJURY / DRIVE AWAY,,,Y,"OVER $1,500",06/05/2025 19:48,UNABLE TO DETERMINE,UNABLE TO DETERMINE,7400,S,VERNON AVE,323,,,,,,,2,NO INDICATION OF INJURY,0,0,0,0,0,2,0,17,1,6,2,0,17,1,6
CLEAR,"DARKNESS, LIGHTED ROAD",SIDESWIPE SAME DIRECTION,ONE-WAY,,STRAIGHT AND LEVEL,UNKNOWN,UNKNOWN,,NO INJURY / DRIVE AWAY,,,Y,"OVER $1,500",04/21/2025 8:15,UNABLE TO DETERMINE,NOT APPLICABLE,621,W,116TH ST,524,,,,,,,2,NO INDICATION OF INJURY,0,0,0,0,0,1,0,22,1,4,1,0,22,1,4
CLEAR,"DARKNESS, LIGHTED ROAD",SIDESWIPE OPPOSITE DIRECTION,PARKING LOT,,STRAIGHT AND LEVEL,UNKNOWN,UNKNOWN,NOT ON SCENE (DESK REPORT),NO INJURY / DRIVE AWAY,,Y,,"$501 - $1,500",01/17/2025 17:50,UNABLE TO DETERMINE,NOT APPLICABLE,4355,W,ARMITAGE AVE,2534,,,,,,,2,NO INDICATION OF INJURY,0,0,0,0,0,2,0,18,4,1,2,0,18,4,1
CLEAR,DAYLIGHT,TURNING,Y-INTERSECTION,,STRAIGHT AND LEVEL,DRY,NO DEFECTS,NOT ON SCENE (DESK REPORT),NO INJURY / DRIVE AWAY,,,,"OVER $1,500",01/15/2025 9:45,UNABLE TO DETERMINE,UNABLE TO DETERMINE,2800,N,LINCOLN AVE,1932,,,,,,,2,NO INDICATION OF INJURY,0,0,0,0,0,2,0,9,4,1,2,0,9,4,1
CLOUDY/OVERCAST,DAYLIGHT,SIDESWIPE SAME DIRECTION,ONE-WAY,,STRAIGHT AND LEVEL,WET,UNKNOWN,,NO INJURY / DRIVE AWAY,,,,"OVER $1,500",08/18/2025 11:20,FAILING TO YIELD RIGHT-OF-WAY,UNABLE TO DETERMINE,1901,S,PEORIA ST,1235,,,,,,,2,NO INDICATION OF INJURY,0,0,0,0,0,3,0,10,2,8,3,0,10,2,8
CLEAR,DAYLIGHT,REAR END,NOT DIVIDED,,STRAIGHT AND LEVEL,WET,NO DEFECTS,ON SCENE,NO INJURY / DRIVE AWAY,Y,,,"$501 - $1,500",06/08/2025 17:50,FOLLOWING TOO CLOSELY,NOT APPLICABLE,600,W,ROOSEVELT RD,124,,,,,,,2,NO INDICATION OF INJURY,0,0,0,0,0,2,0,17,1,6,2,0,17,1,6
CLEAR,DAYLIGHT,PEDALCYCLIST,NOT DIVIDED,,STRAIGHT AND LEVEL,DRY,UNKNOWN,ON SCENE,INJURY AND / OR TOW DUE TO CRASH,,,Y,$500 OR LESS,10/05/2025 13:13,IMPROPER OVERTAKING/PASSING,NOT APPLICABLE,1820,N,LINCOLN AVE,1814,,,Y,,,,2,"REPORTED, NOT EVIDENT",1,0,0,0,1,1,0,13,1,10,1,0,13,1,10
CLEAR,DAYLIGHT,ANGLE,NOT DIVIDED,,STRAIGHT AND LEVEL,DRY,NO DEFECTS,NOT ON SCENE (DESK REPORT),NO INJURY / DRIVE AWAY,,,,"OVER $1,500",10/27/2025 10:30,UNABLE TO DETERMINE,NOT APPLICABLE,4000,S,FRANCISCO AVE,921,,,,,,,2,NO INDICATION OF INJURY,0,0,0,0,0,2,0,9,2,10,2,0,9,2,10
UNKNOWN,UNKNOWN,SIDESWIPE SAME DIRECTION,DIVIDED - W/MEDIAN (NOT RAISED),,STRAIGHT AND LEVEL,UNKNOWN,UNKNOWN,NOT ON SCENE (DESK REPORT),NO INJURY / DRIVE AWAY,,,Y,"OVER $1,500",10/05/2025 16:30,UNABLE TO DETERMINE,UNABLE TO DETERMINE,926,W,HOLLYWOOD AVE,2022,,,,,,,2,NO INDICATION OF INJURY,0,0,0,0,0,3,0,3,1,10,3,0,3,1,10
CLEAR,DARKNESS,ANGLE,NOT DIVIDED,,STRAIGHT AND LEVEL,DRY,NO DEFECTS,ON SCENE,NO INJURY / DRIVE AWAY,,,,"OVER $1,500",10/05/2025 1:00,FAILING TO YIELD RIGHT-OF-WAY,FAILING TO YIELD RIGHT-OF-WAY,6400,S,RACINE AVE,724,,,,,,,2,NO INDICATION OF INJURY,0,0,0,0,0,3,0,1,1,10,3,0,1,1,10
CLEAR,DAYLIGHT,PARKED MOTOR VEHICLE,FOUR WAY,,STRAIGHT AND LEVEL,DRY,NO DEFECTS,ON SCENE,INJURY AND / OR TOW DUE TO CRASH,Y,,Y,"OVER $1,500",06/07/2025 18:00,UNABLE TO DETERMINE,UNABLE TO DETERMINE,703,W,80TH ST,621,,,,,,,2,NO INDICATION OF INJURY,0,0,0,0,0,1,0,17,7,6,1,0,17,7,6
CLEAR,DAYLIGHT,ANGLE,NOT DIVIDED,,STRAIGHT AND LEVEL,UNKNOWN,UNKNOWN,NOT ON SCENE (DESK REPORT),NO INJURY / DRIVE AWAY,,,,"OVER $1,500",06/08/2025 16:05,DISREGARDING TRAFFIC SIGNALS,NOT APPLICABLE,1201,E,57TH ST,235,,,,,,,2,NO INDICATION OF INJURY,0,0,0,0,0,2,0,15,1,6,2,0,15,1,6
CLEAR,DAYLIGHT,TURNING,DIVIDED - W/MEDIAN (NOT RAISED),,STRAIGHT AND LEVEL,DRY,NO DEFECTS,NOT ON SCENE (DESK REPORT),NO INJURY / DRIVE AWAY,,,,"$501 - $1,500",06/08/2025 11:20,FAILING TO YIELD RIGHT-OF-WAY,NOT APPLICABLE,6358,W,DIVERSEY AVE,2511,,,,,,,2,NO INDICATION OF INJURY,0,0,0,0,0,2,0,11,1,6,2,0,11,1,6
RAIN,DAYLIGHT,TURNING,NOT DIVIDED,,STRAIGHT AND LEVEL,WET,NO DEFECTS,ON SCENE,INJURY AND / OR TOW DUE TO CRASH,,,,"OVER $1,500",06/08/2025 16:10,IMPROPER LANE USAGE,NOT APPLICABLE,99,E,120TH ST,532,,,,,,,2,NO INDICATION OF INJURY,0,0,0,0,0,2,0,15,1,6,2,0,15,1,6
CLEAR,DAYLIGHT,REAR TO FRONT,FOUR WAY,,STRAIGHT AND LEVEL,DRY,NO DEFECTS,NOT ON SCENE (DESK REPORT),NO INJURY / DRIVE AWAY,Y,,,"$501 - $1,500",06/08/2025 13:30,IMPROPER BACKING,UNABLE TO DETERMINE,11500,S,COTTAGE GROVE AVE,532,,,,,,,2,NO INDICATION OF INJURY,0,0,0,0,0,4,0,13,1,6,4,0,13,1,6
CLEAR,"DARKNESS, LIGHTED ROAD",SIDESWIPE SAME DIRECTION,ALLEY,,STRAIGHT AND LEVEL,DRY,UNKNOWN,NOT ON SCENE (DESK REPORT),NO INJURY / DRIVE AWAY,,,,"OVER $1,500",06/08/2025 21:37,UNABLE TO DETERMINE,NOT APPLICABLE,3717,W,ARGYLE ST,1712,,,,,,,2,NO INDICATION OF INJURY,0,0,0,0,0,2,0,21,1,6,2,0,21,1,6
CLEAR,DAYLIGHT,PARKED MOTOR VEHICLE,ONE-WAY,,STRAIGHT AND LEVEL,DRY,NO DEFECTS,ON SCENE,NO INJURY / DRIVE AWAY,,,,"$501 - $1,500",10/27/2025 15:31,EQUIPMENT - VEHICLE CONDITION,EQUIPMENT - VEHICLE CONDITION,4525,N,RAVENSWOOD AVE,1912,N,,,,,,2,NO INDICATION OF INJURY,0,0,0,0,0,1,0,14,2,10,1,0,14,2,10
RAIN,DAYLIGHT,PARKED MOTOR VEHICLE,NOT DIVIDED,,STRAIGHT AND LEVEL,WET,NO DEFECTS,ON SCENE,NO INJURY / DRIVE AWAY,,,,"OVER $1,500",04/19/2025 8:20,DRIVING SKILLS/KNOWLEDGE/EXPERIENCE,NOT APPLICABLE,4729,W,BELMONT AVE,2521,,,,,,,2,,,,,,,,,8,7,4,,,8,7,4
CLEAR,DAYLIGHT,SIDESWIPE SAME DIRECTION,NOT DIVIDED,,STRAIGHT AND LEVEL,UNKNOWN,OTHER,NOT ON SCENE (DESK REPORT),NO INJURY / DRIVE AWAY,,,,"OVER $1,500",04/19/2025 14:50,UNABLE TO DETERMINE,UNABLE TO DETERMINE,6372,W,FULLERTON AVE,2512,,,,,,,2,NO INDICATION OF INJURY,0,0,0,0,0,3,0,14,7,4,3,0,14,7,4
RAIN,DARKNESS,FIXED OBJECT,ONE-WAY,,STRAIGHT AND LEVEL,WET,NO DEFECTS,ON SCENE,INJURY AND / OR TOW DUE TO CRASH,Y,,,"OVER $1,500",04/19/2025 2:42,"OPERATING VEHICLE IN ERRATIC, RECKLESS, CARELESS, NEGLIGENT OR AGGRESSIVE MANNER",FAILING TO REDUCE SPEED TO AVOID CRASH,108,E,SUPERIOR ST,1833,,,,,,,2,FATAL,1,1,0,0,0,1,0,2,7,4,1,0,2,7,4
CLEAR,DAYLIGHT,PARKED MOTOR VEHICLE,PARKING LOT,,STRAIGHT AND LEVEL,DRY,NO DEFECTS,NOT ON SCENE (DESK REPORT),NO INJURY / DRIVE AWAY,,,,"OVER $1,500",04/10/2025 11:43,UNABLE TO DETERMINE,NOT APPLICABLE,4441,W,DIVERSEY AVE,2524,,,,,,,2,NO INDICATION OF INJURY,0,0,0,0,0,1,0,12,2,4,1,0,12,2,4
CLEAR,"DARKNESS, LIGHTED ROAD",REAR END,NOT DIVIDED,,STRAIGHT AND LEVEL,DRY,NO DEFECTS,ON SCENE,INJURY AND / OR TOW DUE TO CRASH,,,,"OVER $1,500",10/27/2025 1:38,UNABLE TO DETERMINE,UNABLE TO DETERMINE,220,W,47TH ST,925,,Y,,,,,2,NONINCAPACITATING INJURY,1,0,0,1,0,2,0,1,2,10,2,0,1,2,10
CLEAR,DAYLIGHT,SIDESWIPE SAME DIRECTION,DIVIDED - W/MEDIAN (NOT RAISED),,STRAIGHT AND LEVEL,DRY,NO DEFECTS,ON SCENE,NO INJURY / DRIVE AWAY,Y,,,"OVER $1,500",06/08/2025 11:05,DRIVING SKILLS/KNOWLEDGE/EXPERIENCE,NOT APPLICABLE,1500,N,HALSTED ST,1822,,,,,,,2,NO INDICATION OF INJURY,0,0,0,0,0,3,0,10,1,6,3,0,10,1,6
RAIN,"DARKNESS, LIGHTED ROAD",REAR TO FRONT,NOT DIVIDED,,STRAIGHT AND LEVEL,WET,NO DEFECTS,,NO INJURY / DRIVE AWAY,,,,"OVER $1,500",06/08/2025 1:03,IMPROPER BACKING,FAILING TO YIELD RIGHT-OF-WAY,1116,W,MADISON ST,1224,,,,,,,2,NO INDICATION OF INJURY,0,0,0,0,0,6,0,1,1,6,6,0,1,1,6
CLEAR,DARKNESS,SIDESWIPE SAME DIRECTION,NOT DIVIDED,,STRAIGHT AND LEVEL,DRY,UNKNOWN,ON SCENE,INJURY AND / OR TOW DUE TO CRASH,,,Y,"OVER $1,500",03/18/2025 19:52,IMPROPER OVERTAKING/PASSING,UNABLE TO DETERMINE,3659,E,100TH ST,432,,Y,,,,,2,NO INDICATION OF INJURY,0,0,0,0,0,2,0,19,3,3,2,0,19,3,3
RAIN,DUSK,PARKED MOTOR VEHICLE,NOT DIVIDED,,STRAIGHT AND LEVEL,WET,NO DEFECTS,,NO INJURY / DRIVE AWAY,,,,"$501 - $1,500",12/01/2023 16:25,EQUIPMENT - VEHICLE CONDITION,NOT APPLICABLE,1003,N,PULASKI RD,1112,,,,,,,2,NO INDICATION OF INJURY,0,0,0,0,0,1,0,16,6,12,1,0,16,6,12
CLEAR,DAYLIGHT,REAR END,ONE-WAY,,STRAIGHT AND LEVEL,DRY,NO DEFECTS,ON SCENE,INJURY AND / OR TOW DUE TO CRASH,,,Y,$500 OR LESS,10/27/2025 8:50,FAILING TO REDUCE SPEED TO AVOID CRASH,DRIVING SKILLS/KNOWLEDGE/EXPERIENCE,4918,W,CRYSTAL ST,2533,,,,,,,2,NONINCAPACITATING INJURY,3,0,0,3,0,2,0,8,2,10,2,0,8,2,10
CLEAR,"DARKNESS, LIGHTED ROAD",REAR TO FRONT,"FIVE POINT, OR MORE",,STRAIGHT AND LEVEL,DRY,NO DEFECTS,NOT ON SCENE (DESK REPORT),NO INJURY / DRIVE AWAY,,,Y,"OVER $1,500",08/28/2025 22:00,UNABLE TO DETERMINE,UNABLE TO DETERMINE,3440,N,CLARK ST,1924,Y,,,,,,2,NO INDICATION OF INJURY,0,0,0,0,0,3,0,21,5,8,3,0,21,5,8
CLEAR,DAYLIGHT,SIDESWIPE SAME DIRECTION,TRAFFIC ROUTE,,STRAIGHT AND LEVEL,DRY,NO DEFECTS,NOT ON SCENE (DESK REPORT),NO INJURY / DRIVE AWAY,,,,"OVER $1,500",03/18/2025 17:25,IMPROPER OVERTAKING/PASSING,"OPERATING VEHICLE IN ERRATIC, RECKLESS, CARELESS, NEGLIGENT OR AGGRESSIVE MANNER",9200,S,STONY ISLAND AVE,413,,,,,,,2,NO INDICATION OF INJURY,0,0,0,0,0,2,0,17,3,3,2,0,17,3,3
CLEAR,DUSK,TURNING,T-INTERSECTION,,STRAIGHT AND LEVEL,DRY,UNKNOWN,NOT ON SCENE (DESK REPORT),NO INJURY / DRIVE AWAY,,,,$500 OR LESS,03/18/2025 18:07,UNABLE TO DETERMINE,UNABLE TO DETERMINE,4396,N,LINCOLN AVE,1911,,,,,,,2,NO INDICATION OF INJURY,0,0,0,0,0,2,0,17,3,3,2,0,17,3,3
RAIN,DAYLIGHT,REAR END,DIVIDED - W/MEDIAN (NOT RAISED),,STRAIGHT AND LEVEL,WET,UNKNOWN,ON SCENE,NO INJURY / DRIVE AWAY,,,,"$501 - $1,500",06/08/2025 17:29,UNABLE TO DETERMINE,UNABLE TO DETERMINE,3945,N,CICERO AVE,1731,,,,,,,2,NO INDICATION OF INJURY,0,0,0,0,0,4,0,17,1,6,4,0,17,1,6
RAIN,"DARKNESS, LIGHTED ROAD",PARKED MOTOR VEHICLE,ONE-WAY,,STRAIGHT AND LEVEL,WET,NO DEFECTS,ON SCENE,INJURY AND / OR TOW DUE TO CRASH,,,,"OVER $1,500",06/08/2025 1:08,UNABLE TO DETERMINE,UNABLE TO DETERMINE,739,N,CLARK ST,1832,,,,,,,2,NONINCAPACITATING INJURY,1,0,0,1,0,5,0,1,1,6,5,0,1,1,6
CLEAR,DAYLIGHT,SIDESWIPE SAME DIRECTION,DIVIDED - W/MEDIAN (NOT RAISED),,STRAIGHT AND LEVEL,DRY,NO DEFECTS,NOT ON SCENE (DESK REPORT),NO INJURY / DRIVE AWAY,,,Y,"OVER $1,500",06/24/2025 8:25,IMPROPER OVERTAKING/PASSING,UNABLE TO DETERMINE,3245,N,WESTERN AVE,1921,,,,,,,2,NO INDICATION OF INJURY,0,0,0,0,0,3,0,8,3,6,3,0,8,3,6
CLEAR,DAYLIGHT,TURNING,DIVIDED - W/MEDIAN (NOT RAISED),,STRAIGHT AND LEVEL,DRY,UNKNOWN,ON SCENE,NO INJURY / DRIVE AWAY,,,,"OVER $1,500",07/15/2025 16:42,FAILING TO YIELD RIGHT-OF-WAY,NOT APPLICABLE,3959,N,ST LOUIS AVE,1732,,,,,,,3,NO INDICATION OF INJURY,0,0,0,0,0,2,0,15,3,7,2,0,15,3,7
CLEAR,DAYLIGHT,ANGLE,NOT DIVIDED,,STRAIGHT AND LEVEL,DRY,UNKNOWN,NOT ON SCENE (DESK REPORT),NO INJURY / DRIVE AWAY,,,,"OVER $1,500",04/07/2025 12:30,UNABLE TO DETERMINE,UNABLE TO DETERMINE,354,S,CICERO AVE,1533,,,,,,,2,NO INDICATION OF INJURY,0,0,0,0,0,2,0,7,2,4,2,0,7,2,4
CLEAR,DAYLIGHT,SIDESWIPE SAME DIRECTION,NOT DIVIDED,,STRAIGHT AND LEVEL,DRY,NO DEFECTS,NOT ON SCENE (DESK REPORT),NO INJURY / DRIVE AWAY,,,Y,"OVER $1,500",03/18/2025 16:30,IMPROPER LANE USAGE,UNABLE TO DETERMINE,6375,N,MILWAUKEE AVE,1611,,,,,,,2,NO INDICATION OF INJURY,0,0,0,0,0,2,0,16,3,3,2,0,16,3,3
CLEAR,DAYLIGHT,PARKED MOTOR VEHICLE,NOT DIVIDED,,STRAIGHT AND LEVEL,DRY,NO DEFECTS,NOT ON SCENE (DESK REPORT),NO INJURY / DRIVE AWAY,,,Y,"OVER $1,500",06/08/2025 19:15,UNABLE TO DETERMINE,NOT APPLICABLE,1413,S,BLUE ISLAND AVE,1233,,,,,,,2,NO INDICATION OF INJURY,0,0,0,0,0,2,0,19,1,6,2,0,19,1,6
CLEAR,DAYLIGHT,REAR END,DIVIDED - W/MEDIAN (NOT RAISED),,STRAIGHT AND LEVEL,DRY,NO DEFECTS,NOT ON SCENE (DESK REPORT),INJURY AND / OR TOW DUE TO CRASH,,,,"OVER $1,500",06/24/2025 14:40,FOLLOWING TOO CLOSELY,FAILING TO REDUCE SPEED TO AVOID CRASH,3501,W,MONTROSE AVE,1723,,,,,,,2,"REPORTED, NOT EVIDENT",1,0,0,0,1,2,0,14,3,6,2,0,14,3,6
CLEAR,"DARKNESS, LIGHTED ROAD",TURNING,DIVIDED - W/MEDIAN (NOT RAISED),,STRAIGHT AND LEVEL,DRY,NO DEFECTS,NOT ON SCENE (DESK REPORT),NO INJURY / DRIVE AWAY,,,,"OVER $1,500",08/28/2025 22:00,UNABLE TO DETERMINE,NOT APPLICABLE,5749,S,HARLEM AVE,811,,,,,,,2,NO INDICATION OF INJURY,0,0,0,0,0,2,0,21,5,8,2,0,21,5,8
RAIN,DAYLIGHT,OVERTURNED,NOT DIVIDED,,STRAIGHT AND LEVEL,WET,NO DEFECTS,,INJURY AND / OR TOW DUE TO CRASH,,Y,Y,"OVER $1,500",05/25/2025 8:08,UNABLE TO DETERMINE,NOT APPLICABLE,5000,W,ROOSEVELT RD,1533,,,,,,,1,NO INDICATION OF INJURY,0,0,0,0,0,3,0,8,1,5,3,0,8,1,5
CLEAR,"DARKNESS, LIGHTED ROAD",TURNING,NOT DIVIDED,,STRAIGHT AND LEVEL,DRY,NO DEFECTS,NOT ON SCENE (DESK REPORT),INJURY AND / OR TOW DUE TO CRASH,,,,"OVER $1,500",10/27/2025 5:55,NOT APPLICABLE,NOT APPLICABLE,1800,W,DEVON AVE,2432,,,,,,,2,NO INDICATION OF INJURY,0,0,0,0,0,2,0,5,2,10,2,0,5,2,10
CLEAR,DAYLIGHT,SIDESWIPE SAME DIRECTION,DIVIDED - W/MEDIAN BARRIER,,STRAIGHT AND LEVEL,DRY,NO DEFECTS,ON SCENE,NO INJURY / DRIVE AWAY,,,,"OVER $1,500",08/28/2025 16:14,UNABLE TO DETERMINE,NOT APPLICABLE,4823,S,ASHLAND AVE,933,,,,,,,2,NO INDICATION OF INJURY,0,0,0,0,0,2,0,16,5,8,2,0,16,5,8
CLEAR,DAYLIGHT,SIDESWIPE SAME DIRECTION,DIVIDED - W/MEDIAN (NOT RAISED),,STRAIGHT AND LEVEL,DRY,NO DEFECTS,,NO INJURY / DRIVE AWAY,,,,"OVER $1,500",10/27/2025 11:25,FAILING TO YIELD RIGHT-OF-WAY,FAILING TO YIELD RIGHT-OF-WAY,1000,S,MICHIGAN AVE,123,,,,,,,2,NO INDICATION OF INJURY,0,0,0,0,0,2,0,10,2,10,2,0,10,2,10
CLEAR,DAYLIGHT,TURNING,NOT DIVIDED,,STRAIGHT AND LEVEL,DRY,NO DEFECTS,NOT ON SCENE (DESK REPORT),NO INJURY / DRIVE AWAY,,,Y,"OVER $1,500",06/08/2025 11:00,FAILING TO REDUCE SPEED TO AVOID CRASH,DRIVING SKILLS/KNOWLEDGE/EXPERIENCE,974,E,71ST ST,321,,,,,,,2,NO INDICATION OF INJURY,0,0,0,0,0,2,0,10,1,6,2,0,10,1,6
CLEAR,DAYLIGHT,PARKED MOTOR VEHICLE,NOT DIVIDED,,STRAIGHT AND LEVEL,DRY,NO DEFECTS,ON SCENE,NO INJURY / DRIVE AWAY,,,Y,"$501 - $1,500",10/27/2025 12:17,UNABLE TO DETERMINE,UNABLE TO DETERMINE,4209,W,31ST ST,1031,,,,,,,2,NO INDICATION OF INJURY,0,0,0,0,0,1,0,12,2,10,1,0,12,2,10
CLEAR,DUSK,PARKED MOTOR VEHICLE,NOT DIVIDED,,STRAIGHT AND LEVEL,DRY,NO DEFECTS,ON SCENE,INJURY AND / OR TOW DUE TO CRASH,,,,"OVER $1,500",08/05/2025 8:21,UNABLE TO DETERMINE,UNABLE TO DETERMINE,1219,E,72ND ST,324,,,,,,,3,NO INDICATION OF INJURY,0,0,0,0,0,1,0,2,3,8,1,0,2,3,8
CLEAR,DAYLIGHT,TURNING,NOT DIVIDED,,STRAIGHT AND LEVEL,DRY,NO DEFECTS,ON SCENE,INJURY AND / OR TOW DUE TO CRASH,Y,,,"OVER $1,500",04/08/2025 13:06,FAILING TO YIELD RIGHT-OF-WAY,DRIVING SKILLS/KNOWLEDGE/EXPERIENCE,8259,S,CICERO AVE,834,,,,,,,2,NONINCAPACITATING INJURY,1,0,0,1,0,1,0,13,2,4,1,0,13,2,4
CLEAR,DAYLIGHT,REAR END,NOT DIVIDED,,STRAIGHT AND LEVEL,DRY,NO DEFECTS,NOT ON SCENE (DESK REPORT),NO INJURY / DRIVE AWAY,,,,"$501 - $1,500",03/18/2025 15:13,UNABLE TO DETERMINE,NOT APPLICABLE,931,W,18TH ST,1235,,,,,,,2,NO INDICATION OF INJURY,0,0,0,0,0,2,0,14,3,3,2,0,14,3,3
CLEAR,"DARKNESS, LIGHTED ROAD",TURNING,NOT DIVIDED,,STRAIGHT AND LEVEL,DRY,NO DEFECTS,ON SCENE,INJURY AND / OR TOW DUE TO CRASH,N,,N,"OVER $1,500",10/27/2025 19:09,IMPROPER TURNING/NO SIGNAL,NOT APPLICABLE,5959,W,AUGUSTA BLVD,1511,,,,,,,2,"REPORTED, NOT EVIDENT",2,0,0,0,2,1,0,19,2,10,1,0,19,2,10
CLEAR,DAYLIGHT,PARKED MOTOR VEHICLE,NOT DIVIDED,,STRAIGHT AND LEVEL,DRY,NO DEFECTS,NOT ON SCENE (DESK REPORT),NO INJURY / DRIVE AWAY,N,,,"OVER $1,500",07/15/2025 19:00,FAILING TO YIELD RIGHT-OF-WAY,FAILING TO YIELD RIGHT-OF-WAY,1758,W,18TH ST,1234,,,,,,,2,NO INDICATION OF INJURY,0,0,0,0,0,4,0,18,3,7,4,0,18,3,7
CLEAR,DAYLIGHT,SIDESWIPE SAME DIRECTION,NOT DIVIDED,,STRAIGHT AND LEVEL,DRY,NO DEFECTS,ON SCENE,INJURY AND / OR TOW DUE TO CRASH,,,,"OVER $1,500",04/07/2025 10:10,IMPROPER OVERTAKING/PASSING,FAILING TO REDUCE SPEED TO AVOID CRASH,9816,S,PROSPECT AVE,2213,,,,,,,2,NO INDICATION OF INJURY,0,0,0,0,0,2,0,10,2,4,2,0,10,2,4
CLEAR,"DARKNESS, LIGHTED ROAD",SIDESWIPE SAME DIRECTION,DIVIDED - W/MEDIAN (NOT RAISED),,STRAIGHT AND LEVEL,UNKNOWN,UNKNOWN,NOT ON SCENE (DESK REPORT),NO INJURY / DRIVE AWAY,,,Y,$500 OR LESS,06/08/2025 21:10,IMPROPER OVERTAKING/PASSING,NOT APPLICABLE,308,S,PULASKI RD,1132,,,,,,,2,NO INDICATION OF INJURY,0,0,0,0,0,4,0,20,1,6,4,0,20,1,6
CLEAR,DAYLIGHT,REAR END,DIVIDED - W/MEDIAN (NOT RAISED),,STRAIGHT AND LEVEL,DRY,NO DEFECTS,NOT ON SCENE (DESK REPORT),NO INJURY / DRIVE AWAY,,,Y,"OVER $1,500",09/02/2025 18:10,FOLLOWING TOO CLOSELY,FOLLOWING TOO CLOSELY,2108,W,WALNUT ST,1223,,,,,,,2,NO INDICATION OF INJURY,0,0,0,0,0,2,0,11,5,8,2,0,11,5,8
CLEAR,"DARKNESS, LIGHTED ROAD",PEDESTRIAN,DIVIDED - W/MEDIAN (NOT RAISED),,STRAIGHT AND LEVEL,DRY,NO DEFECTS,ON SCENE,INJURY AND / OR TOW DUE TO CRASH,,,Y,"OVER $1,500",08/05/2025 1:59,"OPERATING VEHICLE IN ERRATIC, RECKLESS, CARELESS, NEGLIGENT OR AGGRESSIVE MANNER","OPERATING VEHICLE IN ERRATIC, RECKLESS, CARELESS, NEGLIGENT OR AGGRESSIVE MANNER",4027,N,KEDZIE AVE,1724,,,,,,,2,NONINCAPACITATING INJURY,1,0,0,1,0,3,0,1,3,8,3,0,1,3,8
CLEAR,"DARKNESS, LIGHTED ROAD",REAR TO FRONT,NOT DIVIDED,,STRAIGHT AND LEVEL,DRY,NO DEFECTS,NOT ON SCENE (DESK REPORT),INJURY AND / OR TOW DUE TO CRASH,,,,"OVER $1,500",08/28/2025 23:55,IMPROPER BACKING,IMPROPER BACKING,901,S,KILPATRICK AVE,1131,,,,,,,2,NO INDICATION OF INJURY,0,0,0,0,0,2,0,21,5,8,2,0,21,5,8
CLEAR,"DARKNESS, LIGHTED ROAD",TURNING,DIVIDED - W/MEDIAN (NOT RAISED),,STRAIGHT AND LEVEL,DRY,NO DEFECTS,NOT ON SCENE (DESK REPORT),NO INJURY / DRIVE AWAY,Y,,N,"OVER $1,500",08/28/2025 21:30,UNABLE TO DETERMINE,UNABLE TO DETERMINE,2401,N,CICERO AVE,2521,,,,,,,2,NO INDICATION OF INJURY,0,0,0,0,0,3,0,20,5,8,3,0,20,5,8
CLEAR,DAYLIGHT,ANGLE,NOT DIVIDED,,STRAIGHT AND LEVEL,DRY,NO DEFECTS,ON SCENE,INJURY AND / OR TOW DUE TO CRASH,,,,"OVER $1,500",06/24/2025 13:42,UNABLE TO DETERMINE,UNABLE TO DETERMINE,101,W,69TH ST,731,,,,,,,2,"REPORTED, NOT EVIDENT",1,0,0,0,1,1,0,13,3,6,1,0,13,3,6
CLEAR,"DARKNESS, LIGHTED ROAD",ANGLE,DIVIDED - W/MEDIAN (NOT RAISED),,STRAIGHT AND LEVEL,DRY,NO DEFECTS,NOT ON SCENE (DESK REPORT),NO INJURY / DRIVE AWAY,Y,,N,"OVER $1,500",04/07/2025 22:15,IMPROPER OVERTAKING/PASSING,DISREGARDING STOP SIGN,1835,W,NORTH AVE,1424,,,,,,,2,NO INDICATION OF INJURY,0,0,0,0,0,2,0,20,2,4,2,0,20,2,4