WEATHER_CONDITION,LIGHTING_CONDITION,FIRST_CRASH_TYPE,TRAFFICWAY_TYPE,LANE_CNT,ALIGNMENT,ROADWAY_SURFACE_COND,ROAD_DEFECT,REPORT_TYPE,CRASH_TYPE,INTERSECTION_RELATED_I,NOT_RIGHT_OF_WAY_I,HIT_AND_RUN_I,DAMAGE,DATE_POLICE_NOTIFIED,PRIM_CONTRIBUTORY_CAUSE,SEC_CONTRIBUTORY_CAUSE,STREET_NO,STREET_DIRECTION,STREET_NAME,BEAT_OF_OCCURRENCE,PHOTOS_TAKEN_I,STATEMENTS_TAKEN_I,DOORING_I,WORK_ZONE_I,WORK_ZONE_TYPE,WORKERS_PRESENT_I,NUM_UNITS,MOST_SEVERE_INJURY,INJURIES_TOTAL,INJURIES_FATAL,INJURIES_INCAPACITATING,INJURIES_NON_INCAPACITATING,INJURIES_REPORTED_NOT_EVIDENT,INJURIES_NO_INDICATION,INJURIES_UNKNOWN,CRASH_HOUR,CRASH_DAY_OF_WEEK,CRASH_MONTH,INJURIES_NO_INDICATION,INJURIES_UNKNOWN,CRASH_HOUR,CRASH_DAY_OF_WEEK,CRASH_MONTH
CLEAR,DAYLIGHT,PARKED MOTOR VEHICLE,UNKNOWN,,STRAIGHT AND LEVEL,DRY,UNKNOWN,NOT ON SCENE (DESK REPORT),NO INJURY / DRIVE AWAY,,N,Y,$500 OR LESS,07/15/2025 20:30,NOT APPLICABLE,NOT APPLICABLE,200,W,RANDOLPH ST,122,,,,,,,2,NO INDICATION OF INJURY,0,0,0,0,0,1,0,10,3,7,1,0,10,3,7
CLEAR,"DARKNESS, LIGHTED ROAD",FIXED OBJECT,DIVIDED - W/MEDIAN (NOT RAISED),,STRAIGHT AND LEVEL,DRY,NO DEFECTS,ON SCENE,INJURY AND / OR TOW DUE TO CRASH,,,,"OVER $1,500",07/15/2025 3:34,UNABLE TO DETERMINE,UNABLE TO DETERMINE,1318,W,CERMAK RD,1235,,,,,,,1,NO INDICATION OF INJURY,0,0,0,0,0,1,0,3,3,7,1,0,3,3,7
RAIN,DAYLIGHT,SIDESWIPE OPPOSITE DIRECTION,ONE-WAY,,STRAIGHT AND LEVEL,WET,NO DEFECTS,NOT ON SCENE (DESK REPORT),NO INJURY / DRIVE AWAY,,,Y,"OVER $1,500",06/08/2025 16:17,NOT APPLICABLE,NOT APPLICABLE,3151,W,64TH ST,823,,,,,,,2,NO INDICATION OF INJURY,0,0,0,0,0,2,0,15,1,6,2,0,15,1,6
CLEAR,"DARKNESS, LIGHTED ROAD",FIXED OBJECT,OTHER,,STRAIGHT AND LEVEL,DRY,NO DEFECTS,ON SCENE,INJURY AND / OR TOW DUE TO CRASH,,,,"$501 - $1,500",06/09/2025 0:40,UNABLE TO DETERMINE,UNABLE TO DETERMINE,970,W,PERSHING RD,915,,,,,,,1,,,,,,,,,0,2,6,,,0,2,6
CLEAR,DAYLIGHT,ANGLE,NOT DIVIDED,,STRAIGHT AND LEVEL,DRY,NO DEFECTS,NOT ON SCENE (DESK REPORT),NO INJURY / DRIVE AWAY,,,,"$501 - $1,500",10/27/2025 18:00,FAILING TO YIELD RIGHT-OF-WAY,UNABLE TO DETERMINE,5464,N,KEDZIE AVE,1712,,,,,,,2,NO INDICATION OF INJURY,0,0,0,0,0,4,0,16,2,10,4,0,16,2,10
CLEAR,DAYLIGHT,PARKED MOTOR VEHICLE,ONE-WAY,,STRAIGHT AND LEVEL,UNKNOWN,UNKNOWN,NOT ON SCENE (DESK REPORT),NO INJURY / DRIVE AWAY,,,Y,"OVER $1,500",08/28/2025 18:00,DRIVING SKILLS/KNOWLEDGE/EXPERIENCE,NOT APPLICABLE,1098,N,WASHTENAW AVE,1211,,,,,,,2,NO INDICATION OF INJURY,0,0,0,0,0,3,0,16,5,8,3,0,16,5,8
CLEAR,DAYLIGHT,REAR END,NOT DIVIDED,,STRAIGHT AND LEVEL,DRY,NO DEFECTS,NOT ON SCENE (DESK REPORT),INJURY AND / OR TOW DUE TO CRASH,,,,"OVER $1,500",10/27/2025 14:35,FOLLOWING TOO CLOSELY,FOLLOWING TOO CLOSELY,110,W,PERSHING RD,213,,,,,,,4,NO INDICATION OF INJURY,0,0,0,0,0,4,0,14,2,10,4,0,14,2,10
CLEAR,DAYLIGHT,ANGLE,ALLEY,,STRAIGHT AND LEVEL,DRY,NO DEFECTS,NOT ON SCENE (DESK REPORT),NO INJURY / DRIVE AWAY,,,,"OVER $1,500",04/08/2025 19:30,FOLLOWING TOO CLOSELY,FAILING TO REDUCE SPEED TO AVOID CRASH,610,W,26TH ST,914,,,,,,,2,NO INDICATION OF INJURY,0,0,0,0,0,2,0,16,2,4,2,0,16,2,4
CLEAR,DAYLIGHT,TURNING,FOUR WAY,,STRAIGHT AND LEVEL,DRY,NO DEFECTS,ON SCENE,INJURY AND / OR TOW DUE TO CRASH,Y,,,"OVER $1,500",04/07/2025 16:25,FAILING TO YIELD RIGHT-OF-WAY,IMPROPER TURNING/NO SIGNAL,4501,W,LAKE ST,1113,,,,,,,2,NO INDICATION OF INJURY,0,0,0,0,0,2,0,16,2,4,2,0,16,2,4
CLEAR,DAYLIGHT,TURNING,NOT DIVIDED,,STRAIGHT AND LEVEL,DRY,NO DEFECTS,ON SCENE,INJURY AND / OR TOW DUE TO CRASH,,,,"OVER $1,500",03/18/2025 15:02,FAILING TO YIELD RIGHT-OF-WAY,FAILING TO YIELD RIGHT-OF-WAY,456,E,71ST ST,322,,Y,,,,,2,NONINCAPACITATING INJURY,3,0,0,2,1,0,0,14,3,3,0,0,14,3,3
CLEAR,"DARKNESS, LIGHTED ROAD",PARKED MOTOR VEHICLE,DIVIDED - W/MEDIAN (NOT RAISED),,STRAIGHT AND LEVEL,DRY,NO DEFECTS,NOT ON SCENE (DESK REPORT),NO INJURY / DRIVE AWAY,,,Y,"OVER $1,500",06/08/2025 9:10,UNABLE TO DETERMINE,NOT APPLICABLE,2939,S,LOOMIS ST,913,,,,,,,2,NO INDICATION OF INJURY,0,0,0,0,0,1,0,1,7,6,1,0,1,7,6
CLEAR,DUSK,REAR TO SIDE,PARKING LOT,,STRAIGHT AND LEVEL,DRY,UNKNOWN,NOT ON SCENE (DESK REPORT),NO INJURY / DRIVE AWAY,,Y,,"OVER $1,500",06/08/2025 20:00,FAILING TO YIELD RIGHT-OF-WAY,NOT APPLICABLE,3320,W,BELMONT AVE,1733,,,,,,,2,NO INDICATION OF INJURY,0,0,0,0,0,2,0,19,1,6,2,0,19,1,6
CLEAR,DAYLIGHT,PARKED MOTOR VEHICLE,DIVIDED - W/MEDIAN (NOT RAISED),,STRAIGHT AND LEVEL,DRY,NO DEFECTS,ON SCENE,NO INJURY / DRIVE AWAY,,,,$500 OR LESS,06/08/2025 14:33,DRIVING SKILLS/KNOWLEDGE/EXPERIENCE,DRIVING SKILLS/KNOWLEDGE/EXPERIENCE,7305,N,ROGERS AVE,2424,,,,,,,2,NO INDICATION OF INJURY,0,0,0,0,0,1,0,14,1,6,1,0,14,1,6
CLEAR,DARKNESS,FIXED OBJECT,OTHER,,STRAIGHT AND LEVEL,DRY,NO DEFECTS,ON SCENE,INJURY AND / OR TOW DUE TO CRASH,,,,"OVER $1,500",06/09/2025 0:58,DRIVING ON WRONG SIDE/WRONG WAY,DRIVING SKILLS/KNOWLEDGE/EXPERIENCE,2250,N,SHEFFIELD AVE,1811,,,,,,,1,NO INDICATION OF INJURY,0,0,0,0,0,1,0,0,2,6,1,0,0,2,6
CLEAR,DAYLIGHT,TURNING,FOUR WAY,,STRAIGHT AND LEVEL,DRY,NO DEFECTS,ON SCENE,INJURY AND / OR TOW DUE TO CRASH,Y,,,"OVER $1,500",04/07/2025 17:43,FAILING TO YIELD RIGHT-OF-WAY,UNABLE TO DETERMINE,1600,N,HUMBOLDT BLVD,1421,,,,,,,2,"REPORTED, NOT EVIDENT",1,0,0,0,1,1,0,17,2,4,1,0,17,2,4
CLEAR,DAYLIGHT,PARKED MOTOR VEHICLE,NOT DIVIDED,,STRAIGHT AND LEVEL,DRY,UNKNOWN,ON SCENE,INJURY AND / OR TOW DUE TO CRASH,,,,"OVER $1,500",08/05/2025 7:00,UNABLE TO DETERMINE,UNABLE TO DETERMINE,5026,S,KEDVALE AVE,815,,,,,,,3,NO INDICATION OF INJURY,0,0,0,0,0,1,0,6,3,8,1,0,6,3,8
CLEAR,"DARKNESS, LIGHTED ROAD",REAR END,NOT DIVIDED,,STRAIGHT AND LEVEL,DRY,UNKNOWN,NOT ON SCENE (DESK REPORT),NO INJURY / DRIVE AWAY,,,,"$501 - $1,500",03/19/2025 21:00,FOLLOWING TOO CLOSELY,DRIVING SKILLS/KNOWLEDGE/EXPERIENCE,450,N,MILWAUKEE AVE,1214,,,,,,,2,NO INDICATION OF INJURY,0,0,0,0,0,2,0,20,3,3,2,0,20,3,3
CLEAR,DAYLIGHT,SIDESWIPE SAME DIRECTION,NOT DIVIDED,,STRAIGHT AND LEVEL,DRY,UNKNOWN,ON SCENE,INJURY AND / OR TOW DUE TO CRASH,,,,"OVER $1,500",10/27/2025 9:01,UNABLE TO DETERMINE,UNABLE TO DETERMINE,832,S,WABASH AVE,123,,,,,,,2,"REPORTED, NOT EVIDENT",1,0,0,0,1,1,0,9,2,10,1,0,9,2,10
CLEAR,DAYLIGHT,FIXED OBJECT,ALLEY,,STRAIGHT AND LEVEL,UNKNOWN,UNKNOWN,ON SCENE,NO INJURY / DRIVE AWAY,,,,"OVER $1,500",07/15/2025 15:55,UNABLE TO DETERMINE,UNABLE TO DETERMINE,8822,S,EUCLID AVE,412,,,,,,,1,NO INDICATION OF INJURY,0,0,0,0,0,1,0,15,3,7,1,0,15,3,7
CLEAR,DAYLIGHT,SIDESWIPE SAME DIRECTION,RAMP,,STRAIGHT AND LEVEL,DRY,NO DEFECTS,ON SCENE,NO INJURY / DRIVE AWAY,,,Y,"$501 - $1,500",03/18/2025 7:30,DRIVING SKILLS/KNOWLEDGE/EXPERIENCE,NOT APPLICABLE,2398,N,LAKE SHORE DR SB,1814,,,,,,,2,NO INDICATION OF INJURY,0,0,0,0,0,2,0,7,3,3,2,0,7,3,3
CLEAR,DAYLIGHT,REAR END,DIVIDED - W/MEDIAN (NOT RAISED),,STRAIGHT AND LEVEL,WET,UNKNOWN,NOT ON SCENE (DESK REPORT),NO INJURY / DRIVE AWAY,,,,"OVER $1,500",06/08/2025 19:25,DRIVING SKILLS/KNOWLEDGE/EXPERIENCE,UNABLE TO DETERMINE,1516,W,FOSTER AVE,2012,,,,,,,2,NO INDICATION OF INJURY,0,0,0,0,0,4,0,19,1,6,4,0,19,1,6
CLEAR,DAYLIGHT,PARKED MOTOR VEHICLE,ONE-WAY,,STRAIGHT AND LEVEL,DRY,NO DEFECTS,,NO INJURY / DRIVE AWAY,,,Y,"OVER $1,500",06/04/2020 14:05,UNABLE TO DETERMINE,UNABLE TO DETERMINE,2032,E,71ST ST,331,,,,,,,2,NO INDICATION OF INJURY,0,0,0,0,0,1,0,10,2,6,1,0,10,2,6
CLEAR,DAYLIGHT,REAR END,DIVIDED - W/MEDIAN (NOT RAISED),,STRAIGHT AND LEVEL,DRY,NO DEFECTS,NOT ON SCENE (DESK REPORT),NO INJURY / DRIVE AWAY,,,,"OVER $1,500",03/18/2025 15:40,UNABLE TO DETERMINE,UNABLE TO DETERMINE,3729,N,CICERO AVE,1731,,,,,,,2,NO INDICATION OF INJURY,0,0,0,0,0,2,0,15,3,3,2,0,15,3,3
CLEAR,DAYLIGHT,TURNING,NOT DIVIDED,,STRAIGHT AND LEVEL,DRY,NO DEFECTS,NOT ON SCENE (DESK REPORT),NO INJURY / DRIVE AWAY,,,,"OVER $1,500",03/18/2025 19:25,UNABLE TO DETERMINE,NOT APPLICABLE,3125,W,IRVING PARK RD,1733,,,,,,,2,NO INDICATION OF INJURY,0,0,0,0,0,2,0,17,3,3,2,0,17,3,3
CLEAR,DAYLIGHT,SIDESWIPE SAME DIRECTION,NOT DIVIDED,,STRAIGHT AND LEVEL,DRY,NO DEFECTS,NOT ON SCENE (DESK REPORT),NO INJURY / DRIVE AWAY,Y,,Y,"OVER $1,500",03/18/2025 20:00,IMPROPER OVERTAKING/PASSING,UNABLE TO DETERMINE,1400,S,DAMEN AVE,1233,,,,,,,2,NO INDICATION OF INJURY,0,0,0,0,0,2,0,18,3,3,2,0,18,3,3
CLEAR,DAYLIGHT,ANGLE,FOUR WAY,,STRAIGHT AND LEVEL,DRY,NO DEFECTS,,INJURY AND / OR TOW DUE TO CRASH,Y,,,"OVER $1,500",06/08/2025 11:47,FAILING TO YIELD RIGHT-OF-WAY,FAILING TO YIELD RIGHT-OF-WAY,2928,W,ARTHUR AVE,2412,,,,,,,4,NO INDICATION OF INJURY,0,0,0,0,0,3,0,11,1,6,3,0,11,1,6
CLEAR,"DARKNESS, LIGHTED ROAD",PARKED MOTOR VEHICLE,ONE-WAY,,STRAIGHT AND LEVEL,UNKNOWN,UNKNOWN,NOT ON SCENE (DESK REPORT),NO INJURY / DRIVE AWAY,,,Y,"OVER $1,500",06/08/2025 15:40,IMPROPER OVERTAKING/PASSING,DRIVING SKILLS/KNOWLEDGE/EXPERIENCE,305,N,LATROBE AVE,1523,,,,,,,2,NO INDICATION OF INJURY,0,0,0,0,0,3,0,23,7,6,3,0,23,7,6
CLEAR,DAYLIGHT,SIDESWIPE OPPOSITE DIRECTION,NOT DIVIDED,,STRAIGHT AND LEVEL,DRY,NO DEFECTS,ON SCENE,INJURY AND / OR TOW DUE TO CRASH,Y,,,"OVER $1,500",06/08/2025 8:05,FAILING TO YIELD RIGHT-OF-WAY,FAILING TO YIELD RIGHT-OF-WAY,300,S,CICERO AVE,1533,,,,,,,2,"REPORTED, NOT EVIDENT",1,0,0,0,1,4,0,8,1,6,4,0,8,1,6
CLEAR,"DARKNESS, LIGHTED ROAD",REAR END,ONE-WAY,,STRAIGHT AND LEVEL,DRY,NO DEFECTS,ON SCENE,INJURY AND / OR TOW DUE TO CRASH,,,Y,"OVER $1,500",03/18/2025 22:38,FAILING TO REDUCE SPEED TO AVOID CRASH,UNABLE TO DETERMINE,371,W,ONTARIO ST,1831,,,,,,,2,NO INDICATION OF INJURY,0,0,0,0,0,2,0,22,3,3,2,0,22,3,3
CLEAR,"DARKNESS, LIGHTED ROAD",REAR END,NOT DIVIDED,,STRAIGHT AND LEVEL,DRY,NO DEFECTS,NOT ON SCENE (DESK REPORT),NO INJURY / DRIVE AWAY,,,Y,"OVER $1,500",03/19/2025 0:10,ANIMAL,FOLLOWING TOO CLOSELY,3801,W,PETERSON AVE,1711,,,,,,,2,NO INDICATION OF INJURY,0,0,0,0,0,3,0,23,3,3,3,0,23,3,3
CLEAR,DAYLIGHT,REAR END,DIVIDED - W/MEDIAN (NOT RAISED),,STRAIGHT AND LEVEL,DRY,NO DEFECTS,NOT ON SCENE (DESK REPORT),NO INJURY / DRIVE AWAY,,,,"$501 - $1,500",03/18/2025 18:50,FOLLOWING TOO CLOSELY,DRIVING SKILLS/KNOWLEDGE/EXPERIENCE,111,W,WACKER DR,122,,,,,,,2,NO INDICATION OF INJURY,0,0,0,0,0,2,0,18,3,3,2,0,18,3,3
UNKNOWN,DAYLIGHT,SIDESWIPE SAME DIRECTION,NOT DIVIDED,,STRAIGHT AND LEVEL,UNKNOWN,NO DEFECTS,NOT ON SCENE (DESK REPORT),NO INJURY / DRIVE AWAY,Y,,Y,"OVER $1,500",08/25/2023 9:20,UNABLE TO DETERMINE,NOT APPLICABLE,501,S,SACRAMENTO BLVD,1135,,,,,,,2,NO INDICATION OF INJURY,0,0,0,0,0,3,0,15,4,8,3,0,15,4,8
CLOUDY/OVERCAST,DAYLIGHT,SIDESWIPE SAME DIRECTION,NOT DIVIDED,,STRAIGHT AND LEVEL,DRY,NO DEFECTS,ON SCENE,NO INJURY / DRIVE AWAY,,,Y,"$501 - $1,500",04/07/2025 9:19,UNABLE TO DETERMINE,UNABLE TO DETERMINE,1824,W,ARMITAGE AVE,1432,,,,,,,2,NO INDICATION OF INJURY,0,0,0,0,0,2,0,9,2,4,2,0,9,2,4
CLEAR,DAYLIGHT,SIDESWIPE SAME DIRECTION,ONE-WAY,,STRAIGHT ON GRADE,DRY,NO DEFECTS,NOT ON SCENE (DESK REPORT),NO INJURY / DRIVE AWAY,,,,"OVER $1,500",04/01/2025 10:19,FAILING TO YIELD RIGHT-OF-WAY,NOT APPLICABLE,1148,W,SCHOOL ST,1924,,,,,,,2,NO INDICATION OF INJURY,0,0,0,0,0,2,0,10,3,4,2,0,10,3,4
CLEAR,DAYLIGHT,PARKED MOTOR VEHICLE,ONE-WAY,,STRAIGHT AND LEVEL,UNKNOWN,UNKNOWN,ON SCENE,NO INJURY / DRIVE AWAY,,,Y,"OVER $1,500",06/06/2025 17:01,DRIVING ON WRONG SIDE/WRONG WAY,DRIVING ON WRONG SIDE/WRONG WAY,2207,W,ROSEMONT AVE,2413,,,,,,,2,NO INDICATION OF INJURY,0,0,0,0,0,1,0,17,6,6,1,0,17,6,6
CLEAR,DAYLIGHT,PEDALCYCLIST,FOUR WAY,,STRAIGHT AND LEVEL,DRY,NO DEFECTS,ON SCENE,NO INJURY / DRIVE AWAY,,,Y,$500 OR LESS,06/08/2025 18:52,UNABLE TO DETERMINE,UNABLE TO DETERMINE,301,W,MONTROSE DR,1915,,,,,,,2,NO INDICATION OF INJURY,0,0,0,0,0,2,0,18,1,6,2,0,18,1,6
CLEAR,UNKNOWN,REAR END,DIVIDED - W/MEDIAN (NOT RAISED),,STRAIGHT AND LEVEL,UNKNOWN,NO DEFECTS,ON SCENE,INJURY AND / OR TOW DUE TO CRASH,,,,"OVER $1,500",06/08/2025 20:35,FOLLOWING TOO CLOSELY,NOT APPLICABLE,5414,N,CALIFORNIA AVE,2011,,,,,,,3,NONINCAPACITATING INJURY,1,0,0,1,0,1,0,19,1,6,1,0,19,1,6
CLEAR,"DARKNESS, LIGHTED ROAD",REAR END,NOT DIVIDED,,STRAIGHT AND LEVEL,DRY,NO DEFECTS,,NO INJURY / DRIVE AWAY,,,Y,"OVER $1,500",02/03/2020 18:08,FOLLOWING TOO CLOSELY,FAILING TO REDUCE SPEED TO AVOID CRASH,6023,W,ADDISON ST,1633,,,,,,,3,NO INDICATION OF INJURY,0,0,0,0,0,3,0,18,2,2,3,0,18,2,2
CLEAR,DAYLIGHT,SIDESWIPE SAME DIRECTION,DIVIDED - W/MEDIAN BARRIER,,STRAIGHT AND LEVEL,DRY,NO DEFECTS,NOT ON SCENE (DESK REPORT),INJURY AND / OR TOW DUE TO CRASH,,,,"OVER $1,500",08/28/2025 14:15,IMPROPER OVERTAKING/PASSING,NOT APPLICABLE,1200,S,LAKE SHORE DR SB,132,,,,,,,2,"REPORTED, NOT EVIDENT",1,0,0,0,1,2,0,12,5,8,2,0,12,5,8
CLEAR,DAYLIGHT,TURNING,NOT DIVIDED,,STRAIGHT AND LEVEL,DRY,WORN SURFACE,ON SCENE,NO INJURY / DRIVE AWAY,,,,"$501 - $1,500",03/18/2025 16:51,DRIVING SKILLS/KNOWLEDGE/EXPERIENCE,FOLLOWING TOO CLOSELY,145,W,MARQUETTE RD,722,,,,,,,2,NO INDICATION OF INJURY,0,0,0,0,0,5,0,16,3,3,5,0,16,3,3
CLEAR,DAWN,SIDESWIPE SAME DIRECTION,FOUR WAY,,STRAIGHT AND LEVEL,DRY,UNKNOWN,NOT ON SCENE (DESK REPORT),NO INJURY / DRIVE AWAY,,,,"OVER $1,500",09/28/2023 14:16,FOLLOWING TOO CLOSELY,FOLLOWING TOO CLOSELY,5274,S,ARCHER AVE,815,,,,,,,2,NO INDICATION OF INJURY,0,0,0,0,0,2,0,6,5,9,2,0,6,5,9
RAIN,DARKNESS,ANGLE,FOUR WAY,,STRAIGHT AND LEVEL,WET,NO DEFECTS,,INJURY AND / OR TOW DUE TO CRASH,Y,,,"OVER $1,500",01/23/2024 4:48,DISREGARDING TRAFFIC SIGNALS,NOT APPLICABLE,342,N,LOWER COLUMBUS DR,114,,,,,,,2,NO INDICATION OF INJURY,0,0,0,0,0,2,0,4,3,1,2,0,4,3,1
CLEAR,DAYLIGHT,REAR TO FRONT,FOUR WAY,,STRAIGHT AND LEVEL,DRY,NO DEFECTS,,NO INJURY / DRIVE AWAY,,,N,$500 OR LESS,03/18/2025 18:20,FOLLOWING TOO CLOSELY,UNABLE TO DETERMINE,3498,S,RACINE AVE,913,,,,,,,2,NO INDICATION OF INJURY,0,0,0,0,0,4,0,18,3,3,4,0,18,3,3
CLEAR,DAYLIGHT,OTHER OBJECT,PARKING LOT,,STRAIGHT AND LEVEL,DRY,NO DEFECTS,NOT ON SCENE (DESK REPORT),NO INJURY / DRIVE AWAY,,,Y,"$501 - $1,500",04/08/2025 13:46,NOT APPLICABLE,NOT APPLICABLE,3357,W,55TH ST,822,,,,,,,1,NO INDICATION OF INJURY,0,0,0,0,0,1,0,13,2,4,1,0,13,2,4
CLEAR,DAYLIGHT,FIXED OBJECT,PARKING LOT,,STRAIGHT AND LEVEL,DRY,NO DEFECTS,ON SCENE,INJURY AND / OR TOW DUE TO CRASH,,Y,Y,"OVER $1,500",04/07/2025 13:18,UNABLE TO DETERMINE,UNABLE TO DETERMINE,9901,S,HALSTED ST,2232,,,,,,,2,NO INDICATION OF INJURY,0,0,0,0,0,1,0,13,2,4,1,0,13,2,4
CLEAR,"DARKNESS, LIGHTED ROAD",PARKED MOTOR VEHICLE,DIVIDED - W/MEDIAN BARRIER,,STRAIGHT AND LEVEL,DRY,NO DEFECTS,ON SCENE,INJURY AND / OR TOW DUE TO CRASH,,,,"OVER $1,500",06/09/2025 0:32,CELL PHONE USE OTHER THAN TEXTING,DISTRACTION - FROM INSIDE VEHICLE,1209,W,GARFIELD BLVD,713,,,,,,,3,NO INDICATION OF INJURY,0,0,0,0,0,1,0,0,2,6,1,0,0,2,6
CLEAR,DAYLIGHT,TURNING,DIVIDED - W/MEDIAN (NOT RAISED),,STRAIGHT AND LEVEL,DRY,NO DEFECTS,ON SCENE,NO INJURY / DRIVE AWAY,,,,"OVER $1,500",08/29/2025 13:01,UNABLE TO DETERMINE,DRIVING SKILLS/KNOWLEDGE/EXPERIENCE,2999,W,GRAND AVE,1211,,,,,,,2,NO INDICATION OF INJURY,0,0,0,0,0,2,0,12,6,8,2,0,12,6,8
CLEAR,DAYLIGHT,TURNING,FOUR WAY,,STRAIGHT AND LEVEL,DRY,NO DEFECTS,NOT ON SCENE (DESK REPORT),INJURY AND / OR TOW DUE TO CRASH,Y,,,"OVER $1,500",08/29/2025 14:45,UNABLE TO DETERMINE,UNABLE TO DETERMINE,1100,W,HUBBARD ST,1214,,,,,,,2,NONINCAPACITATING INJURY,1,0,0,1,0,1,0,13,6,8,1,0,13,6,8
CLEAR,DAYLIGHT,TURNING,FOUR WAY,,STRAIGHT AND LEVEL,DRY,NO DEFECTS,ON SCENE,NO INJURY / DRIVE AWAY,,,,"OVER $1,500",07/15/2025 10:02,IMPROPER OVERTAKING/PASSING,NOT APPLICABLE,2398,N,OAK PARK AVE,2512,,,,,,,2,NO INDICATION OF INJURY,0,0,0,0,0,2,0,10,3,7,2,0,10,3,7
CLEAR,UNKNOWN,REAR END,NOT DIVIDED,,STRAIGHT AND LEVEL,UNKNOWN,UNKNOWN,,NO INJURY / DRIVE AWAY,,,N,"$501 - $1,500",06/24/2025 10:01,UNABLE TO DETERMINE,NOT APPLICABLE,5803,W,63RD ST,812,,,,,,,2,NO INDICATION OF INJURY,0,0,0,0,0,2,0,9,3,6,2,0,9,3,6
CLEAR,DAYLIGHT,ANGLE,FOUR WAY,,STRAIGHT AND LEVEL,DRY,UNKNOWN,ON SCENE,INJURY AND / OR TOW DUE TO CRASH,Y,,,"OVER $1,500",10/05/2025 9:40,FAILING TO YIELD RIGHT-OF-WAY,DISREGARDING TRAFFIC SIGNALS,3150,S,ARCHER AVE,912,,,,,,,2,NO INDICATION OF INJURY,0,0,0,0,0,2,0,9,1,10,2,0,9,1,10
CLEAR,"DARKNESS, LIGHTED ROAD",ANGLE,T-INTERSECTION,,STRAIGHT AND LEVEL,DRY,NO DEFECTS,,INJURY AND / OR TOW DUE TO CRASH,Y,,,"OVER $1,500",03/21/2025 14:45,DRIVING ON WRONG SIDE/WRONG WAY,DRIVING ON WRONG SIDE/WRONG WAY,9200,S,EMERALD AVE,2223,,,,,,,2,"REPORTED, NOT EVIDENT",1,0,0,0,1,1,0,19,4,2,1,0,19,4,2
CLEAR,DAYLIGHT,PARKED MOTOR VEHICLE,ONE-WAY,,STRAIGHT AND LEVEL,DRY,NO DEFECTS,ON SCENE,INJURY AND / OR TOW DUE TO CRASH,,,,"OVER $1,500",03/18/2025 17:58,PHYSICAL CONDITION OF DRIVER,UNABLE TO DETERMINE,7600,S,WABASH AVE,623,,,,,,,2,NONINCAPACITATING INJURY,2,0,0,2,0,0,0,13,3,3,0,0,13,3,3
CLEAR,"DARKNESS, LIGHTED ROAD",OTHER OBJECT,FOUR WAY,,STRAIGHT AND LEVEL,DRY,NO DEFECTS,ON SCENE,INJURY AND / OR TOW DUE TO CRASH,Y,,,$500 OR LESS,08/28/2025 21:04,DRIVING ON WRONG SIDE/WRONG WAY,FAILING TO REDUCE SPEED TO AVOID CRASH,1200,W,CORNELIA AVE,1924,,,,,,,2,NONINCAPACITATING INJURY,1,0,0,1,0,2,0,21,5,8,2,0,21,5,8
CLEAR,DAYLIGHT,PARKED MOTOR VEHICLE,OTHER,,STRAIGHT AND LEVEL,DRY,NO DEFECTS,ON SCENE,NO INJURY / DRIVE AWAY,,,,"OVER $1,500",03/18/2025 6:42,NOT APPLICABLE,NOT APPLICABLE,5212,W,HARRISON ST,1522,,,,,,,2,NO INDICATION OF INJURY,0,0,0,0,0,2,0,6,3,3,2,0,6,3,3
CLEAR,"DARKNESS, LIGHTED ROAD",PARKED MOTOR VEHICLE,NOT DIVIDED,,STRAIGHT AND LEVEL,DRY,NO DEFECTS,ON SCENE,NO INJURY / DRIVE AWAY,,,,"OVER $1,500",08/29/2025 0:10,IMPROPER OVERTAKING/PASSING,UNABLE TO DETERMINE,3012,W,ARTHUR AVE,2412,,,,,,,2,NO INDICATION OF INJURY,0,0,0,0,0,1,0,23,5,8,1,0,23,5,8
CLEAR,DAYLIGHT,PEDESTRIAN,NOT DIVIDED,,STRAIGHT AND LEVEL,DRY,NO DEFECTS,ON SCENE,INJURY AND / OR TOW DUE TO CRASH,,,,$500 OR LESS,04/07/2025 8:28,FAILING TO YIELD RIGHT-OF-WAY,DISTRACTION - FROM INSIDE VEHICLE,2202,E,87TH ST,412,,,,,,,2,"REPORTED, NOT EVIDENT",1,0,0,0,1,1,0,8,2,4,1,0,8,2,4
CLEAR,DAYLIGHT,REAR END,NOT DIVIDED,,STRAIGHT AND LEVEL,UNKNOWN,UNKNOWN,NOT ON SCENE (DESK REPORT),NO INJURY / DRIVE AWAY,,,,"OVER $1,500",06/07/2025 19:15,UNABLE TO DETERMINE,UNABLE TO DETERMINE,608,N,LARAMIE AVE,1524,,,,,,,2,NO INDICATION OF INJURY,0,0,0,0,0,3,0,18,7,6,3,0,18,7,6
UNKNOWN,DAYLIGHT,ANGLE,ONE-WAY,,STRAIGHT AND LEVEL,WET,UNKNOWN,NOT ON SCENE (DESK REPORT),NO INJURY / DRIVE AWAY,,,,"OVER $1,500",06/08/2025 16:15,UNABLE TO DETERMINE,NOT APPLICABLE,2352,N,MENARD AVE,2515,,,,,,,2,NO INDICATION OF INJURY,0,0,0,0,0,7,0,15,1,6,7,0,15,1,6