WEATHER_CONDITION,LIGHTING_CONDITION,FIRST_CRASH_TYPE,TRAFFICWAY_TYPE,LANE_CNT,ALIGNMENT,ROADWAY_SURFACE_COND,ROAD_DEFECT,REPORT_TYPE,CRASH_TYPE,INTERSECTION_RELATED_I,NOT_RIGHT_OF_WAY_I,HIT_AND_RUN_I,DAMAGE,DATE_POLICE_NOTIFIED,PRIM_CONTRIBUTORY_CAUSE,SEC_CONTRIBUTORY_CAUSE,STREET_NO,STREET_DIRECTION,STREET_NAME,BEAT_OF_OCCURRENCE,PHOTOS_TAKEN_I,STATEMENTS_TAKEN_I,DOORING_I,WORK_ZONE_I,WORK_ZONE_TYPE,WORKERS_PRESENT_I,NUM_UNITS,MOST_SEVERE_INJURY,INJURIES_TOTAL,INJURIES_FATAL,INJURIES_INCAPACITATING,INJURIES_NON_INCAPACITATING,INJURIES_REPORTED_NOT_EVIDENT,INJURIES_NO_INDICATION,INJURIES_UNKNOWN,CRASH_HOUR,CRASH_DAY_OF_WEEK,CRASH_MONTH,INJURIES_NO_INDICATION,INJURIES_UNKNOWN,CRASH_HOUR,CRASH_DAY_OF_WEEK,CRASH_MONTH
SNOW,DAYLIGHT,PARKED MOTOR VEHICLE,NOT DIVIDED,,STRAIGHT AND LEVEL,WET,NO DEFECTS,ON SCENE,NO INJURY / DRIVE AWAY,,,,"OVER $1,500",04/07/2025 11:11,IMPROPER TURNING/NO SIGNAL,UNABLE TO DETERMINE,745,W,31ST ST,915,,,,,,,2,NO INDICATION OF INJURY,0,0,0,0,0,1,0,11,2,4,1,0,11,2,4
CLEAR,DAYLIGHT,SIDESWIPE SAME DIRECTION,OTHER,,STRAIGHT AND LEVEL,DRY,UNKNOWN,ON SCENE,INJURY AND / OR TOW DUE TO CRASH,,,Y,"OVER $1,500",07/15/2025 12:45,UNABLE TO DETERMINE,NOT APPLICABLE,1600,S,LAKE SHORE DR SB,132,,Y,,,,,3,"REPORTED, NOT EVIDENT",1,0,0,0,1,3,0,12,3,7,3,0,12,3,7
CLEAR,DAYLIGHT,SIDESWIPE OPPOSITE DIRECTION,DIVIDED - W/MEDIAN (NOT RAISED),,STRAIGHT AND LEVEL,DRY,UNKNOWN,NOT ON SCENE (DESK REPORT),NO INJURY / DRIVE AWAY,,,Y,"$501 - $1,500",01/25/2025 12:20,UNABLE TO DETERMINE,NOT APPLICABLE,7913,S,WESTERN AVE,835,,,,,,,2,NO INDICATION OF INJURY,0,0,0,0,0,2,0,11,7,1,2,0,11,7,1
CLEAR,"DARKNESS, LIGHTED ROAD",FIXED OBJECT,NOT DIVIDED,,STRAIGHT AND LEVEL,DRY,NO DEFECTS,ON SCENE,INJURY AND / OR TOW DUE TO CRASH,,,Y,"OVER $1,500",01/26/2025 0:06,UNABLE TO DETERMINE,NOT APPLICABLE,5000,S,PULASKI RD,815,,,,,,,1,NO INDICATION OF INJURY,0,0,0,0,0,1,0,22,7,1,1,0,22,7,1
CLEAR,DAYLIGHT,TURNING,DIVIDED - W/MEDIAN BARRIER,,STRAIGHT AND LEVEL,OTHER,NO DEFECTS,ON SCENE,NO INJURY / DRIVE AWAY,Y,,,"$501 - $1,500",01/25/2025 9:35,IMPROPER TURNING/NO SIGNAL,UNABLE TO DETERMINE,5700,S,LAKE SHORE DR,331,,,,,,,2,NO INDICATION OF INJURY,0,0,0,0,0,3,0,9,7,1,3,0,9,7,1
CLEAR,"DARKNESS, LIGHTED ROAD",SIDESWIPE SAME DIRECTION,NOT DIVIDED,,STRAIGHT AND LEVEL,DRY,UNKNOWN,NOT ON SCENE (DESK REPORT),NO INJURY / DRIVE AWAY,,,,"OVER $1,500",01/25/2025 19:20,IMPROPER OVERTAKING/PASSING,NOT APPLICABLE,3200,W,BELMONT AVE,1733,,,,,,,2,NO INDICATION OF INJURY,0,0,0,0,0,2,0,18,7,1,2,0,18,7,1
CLEAR,DAYLIGHT,PEDESTRIAN,NOT DIVIDED,,STRAIGHT AND LEVEL,DRY,NO DEFECTS,NOT ON SCENE (DESK REPORT),INJURY AND / OR TOW DUE TO CRASH,,,,$500 OR LESS,01/25/2025 14:03,DRIVING SKILLS/KNOWLEDGE/EXPERIENCE,DRIVING SKILLS/KNOWLEDGE/EXPERIENCE,500,W,MADISON ST,121,,,,,,,2,NONINCAPACITATING INJURY,2,0,0,1,1,0,0,14,7,1,0,0,14,7,1
CLEAR,DAYLIGHT,SIDESWIPE OPPOSITE DIRECTION,NOT DIVIDED,,STRAIGHT AND LEVEL,DRY,NO DEFECTS,NOT ON SCENE (DESK REPORT),NO INJURY / DRIVE AWAY,,,,"$501 - $1,500",04/07/2025 18:25,FAILING TO YIELD RIGHT-OF-WAY,FAILING TO YIELD RIGHT-OF-WAY,6300,W,HIGGINS AVE,1622,,,,,,,2,NO INDICATION OF INJURY,0,0,0,0,0,2,0,8,2,4,2,0,8,2,4
CLEAR,DAYLIGHT,TURNING,NOT DIVIDED,,STRAIGHT AND LEVEL,DRY,UNKNOWN,ON SCENE,INJURY AND / OR TOW DUE TO CRASH,Y,,Y,"OVER $1,500",08/28/2025 16:46,UNABLE TO DETERMINE,UNABLE TO DETERMINE,802,N,KILBOURN AVE,1111,,,,,,,2,NONINCAPACITATING INJURY,2,0,0,2,0,1,0,16,5,8,1,0,16,5,8
CLEAR,DAYLIGHT,ANGLE,PARKING LOT,,STRAIGHT AND LEVEL,DRY,UNKNOWN,NOT ON SCENE (DESK REPORT),NO INJURY / DRIVE AWAY,,,,"$501 - $1,500",04/07/2025 18:15,UNABLE TO DETERMINE,NOT APPLICABLE,3400,N,WESTERN AVE,1921,Y,,,,,,2,NO INDICATION OF INJURY,0,0,0,0,0,2,0,15,2,4,2,0,15,2,4
CLEAR,DAYLIGHT,SIDESWIPE SAME DIRECTION,DIVIDED - W/MEDIAN BARRIER,,"CURVE, LEVEL",DRY,NO DEFECTS,ON SCENE,NO INJURY / DRIVE AWAY,,,,"OVER $1,500",06/24/2025 15:10,DRIVING SKILLS/KNOWLEDGE/EXPERIENCE,IMPROPER OVERTAKING/PASSING,2208,S,LAKE SHORE DR SB,132,,,,,,,2,NO INDICATION OF INJURY,0,0,0,0,0,2,0,15,3,6,2,0,15,3,6
SNOW,DAYLIGHT,REAR END,NOT DIVIDED,,STRAIGHT AND LEVEL,WET,UNKNOWN,ON SCENE,NO INJURY / DRIVE AWAY,,,,"OVER $1,500",04/07/2025 12:30,UNABLE TO DETERMINE,UNABLE TO DETERMINE,3421,W,IRVING PARK RD,1732,,,,,,,2,NO INDICATION OF INJURY,0,0,0,0,0,3,0,12,2,4,3,0,12,2,4
CLEAR,DAYLIGHT,PARKED MOTOR VEHICLE,ONE-WAY,,STRAIGHT AND LEVEL,DRY,NO DEFECTS,NOT ON SCENE (DESK REPORT),NO INJURY / DRIVE AWAY,,,,"$501 - $1,500",03/18/2025 22:20,IMPROPER BACKING,NOT APPLICABLE,4747,N,KENMORE AVE,1914,,,,,,,2,NO INDICATION OF INJURY,0,0,0,0,0,1,0,16,3,3,1,0,16,3,3
CLEAR,DAYLIGHT,REAR END,FOUR WAY,,STRAIGHT AND LEVEL,DRY,NO DEFECTS,ON SCENE,NO INJURY / DRIVE AWAY,,,,"OVER $1,500",03/18/2025 14:13,UNABLE TO DETERMINE,DRIVING SKILLS/KNOWLEDGE/EXPERIENCE,4800,N,WESTERN AVE,2031,,,,,,,2,NO INDICATION OF INJURY,0,0,0,0,0,3,0,14,3,3,3,0,14,3,3
CLOUDY/OVERCAST,DAYLIGHT,PARKED MOTOR VEHICLE,NOT DIVIDED,,STRAIGHT AND LEVEL,DRY,NO DEFECTS,NOT ON SCENE (DESK REPORT),NO INJURY / DRIVE AWAY,,,,"OVER $1,500",03/18/2025 9:52,UNABLE TO DETERMINE,NOT APPLICABLE,1116,N,KEDZIE AVE,1121,,,,,,,2,NO INDICATION OF INJURY,0,0,0,0,0,4,0,9,3,3,4,0,9,3,3
CLEAR,DAYLIGHT,REAR END,NOT DIVIDED,,STRAIGHT AND LEVEL,DRY,NO DEFECTS,,INJURY AND / OR TOW DUE TO CRASH,,,,"OVER $1,500",06/06/2025 17:10,UNABLE TO DETERMINE,UNABLE TO DETERMINE,600,E,75TH ST,323,,,,,,,2,NONINCAPACITATING INJURY,1,0,0,1,0,1,0,16,6,6,1,0,16,6,6
CLEAR,DAYLIGHT,SIDESWIPE SAME DIRECTION,NOT DIVIDED,,STRAIGHT AND LEVEL,OTHER,UNKNOWN,NOT ON SCENE (DESK REPORT),NO INJURY / DRIVE AWAY,,,,"OVER $1,500",06/08/2025 13:21,UNABLE TO DETERMINE,NOT APPLICABLE,5836,N,PULASKI RD,1711,,,,,,,2,NO INDICATION OF INJURY,0,0,0,0,0,2,0,16,6,6,2,0,16,6,6
CLEAR,DAYLIGHT,TURNING,DIVIDED - W/MEDIAN (NOT RAISED),,STRAIGHT AND LEVEL,DRY,NO DEFECTS,ON SCENE,INJURY AND / OR TOW DUE TO CRASH,,,,"OVER $1,500",06/07/2025 10:39,DRIVING SKILLS/KNOWLEDGE/EXPERIENCE,FAILING TO YIELD RIGHT-OF-WAY,2904,W,CERMAK RD,1022,,,,,,,2,NONINCAPACITATING INJURY,1,0,0,1,0,1,0,10,7,6,1,0,10,7,6
UNKNOWN,DAYLIGHT,ANGLE,NOT DIVIDED,,STRAIGHT AND LEVEL,WET,UNKNOWN,ON SCENE,NO INJURY / DRIVE AWAY,,,Y,"OVER $1,500",06/08/2025 16:57,DRIVING SKILLS/KNOWLEDGE/EXPERIENCE,NOT APPLICABLE,3510,S,RHODES AVE,212,,,,,,,2,NO INDICATION OF INJURY,0,0,0,0,0,3,0,16,1,6,3,0,16,1,6
RAIN,DAYLIGHT,TURNING,NOT DIVIDED,,STRAIGHT AND LEVEL,WET,NO DEFECTS,ON SCENE,NO INJURY / DRIVE AWAY,,,,"OVER $1,500",06/08/2025 16:11,IMPROPER TURNING/NO SIGNAL,IMPROPER TURNING/NO SIGNAL,4001,S,ARCHER AVE,921,,,,,,,2,NO INDICATION OF INJURY,0,0,0,0,0,3,0,16,1,6,3,0,16,1,6
CLEAR,DAYLIGHT,TURNING,DIVIDED - W/MEDIAN BARRIER,,STRAIGHT AND LEVEL,DRY,NO DEFECTS,NOT ON SCENE (DESK REPORT),NO INJURY / DRIVE AWAY,Y,,,"OVER $1,500",03/18/2025 18:45,UNABLE TO DETERMINE,NOT APPLICABLE,1135,W,87TH ST,2222,,,,,,,2,NO INDICATION OF INJURY,0,0,0,0,0,2,0,18,3,3,2,0,18,3,3
CLEAR,DAYLIGHT,ANGLE,FOUR WAY,,STRAIGHT AND LEVEL,DRY,NO DEFECTS,NOT ON SCENE (DESK REPORT),INJURY AND / OR TOW DUE TO CRASH,Y,,,"OVER $1,500",04/07/2025 13:12,DISREGARDING TRAFFIC SIGNALS,UNABLE TO DETERMINE,34,N,WESTERN AVE,1222,,,,,,,2,NONINCAPACITATING INJURY,2,0,0,1,1,0,0,13,2,4,0,0,13,2,4
CLEAR,DAYLIGHT,TURNING,DIVIDED - W/MEDIAN (NOT RAISED),,STRAIGHT AND LEVEL,DRY,NO DEFECTS,ON SCENE,INJURY AND / OR TOW DUE TO CRASH,Y,,,"OVER $1,500",07/15/2025 7:16,DISREGARDING YIELD SIGN,NOT APPLICABLE,1800,W,ROOSEVELT RD,1231,,,,,,,2,"REPORTED, NOT EVIDENT",3,0,0,0,3,0,0,7,3,7,0,0,7,3,7
CLEAR,"DARKNESS, LIGHTED ROAD",REAR END,NOT DIVIDED,,STRAIGHT AND LEVEL,DRY,NO DEFECTS,NOT ON SCENE (DESK REPORT),NO INJURY / DRIVE AWAY,,,,"OVER $1,500",11/04/2025 11:30,FOLLOWING TOO CLOSELY,NOT APPLICABLE,5029,W,ARMITAGE AVE,2533,,,,,,,2,NO INDICATION OF INJURY,0,0,0,0,0,3,0,20,2,10,3,0,20,2,10
CLEAR,DAYLIGHT,PARKED MOTOR VEHICLE,NOT DIVIDED,,STRAIGHT AND LEVEL,DRY,NO DEFECTS,ON SCENE,INJURY AND / OR TOW DUE TO CRASH,,,Y,"OVER $1,500",08/05/2025 10:49,IMPROPER LANE USAGE,FAILING TO REDUCE SPEED TO AVOID CRASH,2504,W,100TH ST,2211,,,,,,,2,NO INDICATION OF INJURY,0,0,0,0,0,1,0,10,3,8,1,0,10,3,8
CLEAR,"DARKNESS, LIGHTED ROAD",REAR END,DIVIDED - W/MEDIAN (NOT RAISED),,STRAIGHT AND LEVEL,DRY,NO DEFECTS,,NO INJURY / DRIVE AWAY,,,Y,"$501 - $1,500",05/22/2025 22:07,FOLLOWING TOO CLOSELY,UNABLE TO DETERMINE,4003,W,OGDEN AVE,1013,,,,,,,2,NO INDICATION OF INJURY,0,0,0,0,0,3,0,21,5,5,3,0,21,5,5
CLEAR,"DARKNESS, LIGHTED ROAD",FIXED OBJECT,FOUR WAY,,STRAIGHT AND LEVEL,DRY,NO DEFECTS,ON SCENE,INJURY AND / OR TOW DUE TO CRASH,,,,"OVER $1,500",09/18/2022 5:10,PHYSICAL CONDITION OF DRIVER,NOT APPLICABLE,1,S,ASHLAND AVE,1224,,,,,,,1,NO INDICATION OF INJURY,0,0,0,0,0,1,0,5,1,9,1,0,5,1,9
CLEAR,DAYLIGHT,ANGLE,NOT DIVIDED,,STRAIGHT AND LEVEL,DRY,NO DEFECTS,,INJURY AND / OR TOW DUE TO CRASH,,,,"OVER $1,500",04/07/2025 9:33,FAILING TO YIELD RIGHT-OF-WAY,FAILING TO YIELD RIGHT-OF-WAY,1755,W,FOSTER AVE,2032,,,,,,,3,NONINCAPACITATING INJURY,1,0,0,1,0,2,0,9,2,4,2,0,9,2,4
CLEAR,DAYLIGHT,PARKED MOTOR VEHICLE,NOT DIVIDED,,STRAIGHT AND LEVEL,UNKNOWN,UNKNOWN,NOT ON SCENE (DESK REPORT),NO INJURY / DRIVE AWAY,,,Y,"OVER $1,500",06/07/2025 18:10,UNABLE TO DETERMINE,UNABLE TO DETERMINE,311,N,LOCKWOOD AVE,1523,,,,,,,2,NO INDICATION OF INJURY,0,0,0,0,0,1,0,15,7,6,1,0,15,7,6
CLEAR,DAYLIGHT,FIXED OBJECT,NOT DIVIDED,,STRAIGHT AND LEVEL,DRY,NO DEFECTS,ON SCENE,INJURY AND / OR TOW DUE TO CRASH,,,Y,"OVER $1,500",06/08/2025 7:04,UNABLE TO DETERMINE,UNABLE TO DETERMINE,5159,W,MADISON ST,1533,,,,,,,1,NO INDICATION OF INJURY,0,0,0,0,0,3,0,5,1,6,3,0,5,1,6
CLEAR,DAYLIGHT,SIDESWIPE SAME DIRECTION,FOUR WAY,,STRAIGHT ON GRADE,DRY,NO DEFECTS,ON SCENE,NO INJURY / DRIVE AWAY,Y,,,$500 OR LESS,04/07/2025 16:17,IMPROPER LANE USAGE,NOT APPLICABLE,212,W,CERMAK RD,914,,,,,,,2,NO INDICATION OF INJURY,0,0,0,0,0,2,0,16,2,4,2,0,16,2,4
CLEAR,"DARKNESS, LIGHTED ROAD",SIDESWIPE SAME DIRECTION,OTHER,,STRAIGHT AND LEVEL,DRY,NO DEFECTS,ON SCENE,NO INJURY / DRIVE AWAY,,Y,,"OVER $1,500",04/07/2025 22:30,DRIVING SKILLS/KNOWLEDGE/EXPERIENCE,NOT APPLICABLE,14,W,95TH ST,634,,,,,,,2,NO INDICATION OF INJURY,0,0,0,0,0,2,0,20,2,4,2,0,20,2,4
CLEAR,DAYLIGHT,SIDESWIPE SAME DIRECTION,CENTER TURN LANE,,STRAIGHT AND LEVEL,DRY,UNKNOWN,NOT ON SCENE (DESK REPORT),NO INJURY / DRIVE AWAY,,,,"OVER $1,500",04/07/2025 17:00,UNABLE TO DETERMINE,NOT APPLICABLE,1998,N,ASHLAND AVE,1433,,,,,,,2,NO INDICATION OF INJURY,0,0,0,0,0,4,0,16,2,4,4,0,16,2,4
CLEAR,DAYLIGHT,TURNING,NOT DIVIDED,,STRAIGHT AND LEVEL,DRY,NO DEFECTS,NOT ON SCENE (DESK REPORT),NO INJURY / DRIVE AWAY,,,,"$501 - $1,500",04/07/2025 16:02,IMPROPER TURNING/NO SIGNAL,NOT APPLICABLE,3100,W,MARQUETTE RD,831,,,,,,,2,NO INDICATION OF INJURY,0,0,0,0,0,2,0,15,2,4,2,0,15,2,4
CLEAR,DAYLIGHT,REAR END,NOT DIVIDED,,STRAIGHT AND LEVEL,DRY,NO DEFECTS,,INJURY AND / OR TOW DUE TO CRASH,,,,"OVER $1,500",04/07/2025 14:49,FOLLOWING TOO CLOSELY,DISTRACTION - FROM INSIDE VEHICLE,5301,N,NAGLE AVE,1622,,,,,,,2,"REPORTED, NOT EVIDENT",1,0,0,0,1,1,0,14,2,4,1,0,14,2,4
RAIN,"DARKNESS, LIGHTED ROAD",ANGLE,DIVIDED - W/MEDIAN BARRIER,,STRAIGHT AND LEVEL,WET,UNKNOWN,ON SCENE,INJURY AND / OR TOW DUE TO CRASH,Y,,,$500 OR LESS,06/24/2025 20:30,UNABLE TO DETERMINE,UNABLE TO DETERMINE,1001,S,DAMEN AVE,1231,,,,,,,2,NO INDICATION OF INJURY,0,0,0,0,0,4,0,20,3,6,4,0,20,3,6
CLEAR,DAYLIGHT,REAR END,DIVIDED - W/MEDIAN BARRIER,,STRAIGHT AND LEVEL,DRY,UNKNOWN,NOT ON SCENE (DESK REPORT),NO INJURY / DRIVE AWAY,,,,"OVER $1,500",05/27/2025 18:15,UNABLE TO DETERMINE,UNABLE TO DETERMINE,62,W,31ST ST,133,,,,,,,2,NO INDICATION OF INJURY,0,0,0,0,0,2,0,16,1,5,2,0,16,1,5
CLEAR,DAYLIGHT,ANGLE,FOUR WAY,,STRAIGHT AND LEVEL,DRY,NO DEFECTS,ON SCENE,INJURY AND / OR TOW DUE TO CRASH,Y,,,"OVER $1,500",05/25/2025 17:17,FAILING TO YIELD RIGHT-OF-WAY,NOT APPLICABLE,3700,W,CHICAGO AVE,1112,,,,,,,2,"REPORTED, NOT EVIDENT",1,0,0,0,1,1,0,17,1,5,1,0,17,1,5
OTHER,DAYLIGHT,PARKED MOTOR VEHICLE,ONE-WAY,,STRAIGHT AND LEVEL,DRY,NO DEFECTS,NOT ON SCENE (DESK REPORT),NO INJURY / DRIVE AWAY,,,,"$501 - $1,500",04/07/2025 13:06,NOT APPLICABLE,NOT APPLICABLE,6533,S,RICHMOND ST,831,,,,,,,2,NO INDICATION OF INJURY,0,0,0,0,0,1,0,11,2,4,1,0,11,2,4
CLEAR,DAYLIGHT,TURNING,DIVIDED - W/MEDIAN (NOT RAISED),,STRAIGHT AND LEVEL,DRY,NO DEFECTS,ON SCENE,INJURY AND / OR TOW DUE TO CRASH,,,,"OVER $1,500",04/07/2025 9:09,FAILING TO YIELD RIGHT-OF-WAY,FAILING TO YIELD RIGHT-OF-WAY,2323,W,CHICAGO AVE,1221,,,,,,,2,"REPORTED, NOT EVIDENT",1,0,0,0,1,1,0,9,2,4,1,0,9,2,4
CLEAR,DAYLIGHT,ANGLE,DIVIDED - W/MEDIAN (NOT RAISED),,STRAIGHT AND LEVEL,DRY,UNKNOWN,ON SCENE,NO INJURY / DRIVE AWAY,,,,"OVER $1,500",05/25/2025 13:30,UNABLE TO DETERMINE,NOT APPLICABLE,1805,N,CICERO AVE,2533,,,,,,,2,NO INDICATION OF INJURY,0,0,0,0,0,6,0,13,1,5,6,0,13,1,5
CLEAR,DAYLIGHT,SIDESWIPE OPPOSITE DIRECTION,NOT DIVIDED,,STRAIGHT AND LEVEL,DRY,NO DEFECTS,ON SCENE,NO INJURY / DRIVE AWAY,N,,,"$501 - $1,500",04/07/2025 8:10,UNABLE TO DETERMINE,NOT APPLICABLE,5970,N,RIDGE AVE,2012,,,,,,,2,NO INDICATION OF INJURY,0,0,0,0,0,2,0,8,2,4,2,0,8,2,4
CLEAR,DAYLIGHT,SIDESWIPE SAME DIRECTION,NOT DIVIDED,,STRAIGHT AND LEVEL,DRY,NO DEFECTS,ON SCENE,NO INJURY / DRIVE AWAY,,,Y,"OVER $1,500",04/07/2025 15:40,"OPERATING VEHICLE IN ERRATIC, RECKLESS, CARELESS, NEGLIGENT OR AGGRESSIVE MANNER",IMPROPER OVERTAKING/PASSING,3352,W,26TH ST,1024,,Y,,,,,2,NO INDICATION OF INJURY,0,0,0,0,0,4,0,15,2,4,4,0,15,2,4
CLEAR,DAYLIGHT,SIDESWIPE SAME DIRECTION,DIVIDED - W/MEDIAN (NOT RAISED),,STRAIGHT AND LEVEL,DRY,NO DEFECTS,NOT ON SCENE (DESK REPORT),NO INJURY / DRIVE AWAY,,,,"OVER $1,500",04/07/2025 13:25,IMPROPER OVERTAKING/PASSING,NOT APPLICABLE,4380,W,OGDEN AVE,1013,,,,,,,2,NO INDICATION OF INJURY,0,0,0,0,0,3,0,12,2,4,3,0,12,2,4
CLEAR,DAYLIGHT,REAR END,FOUR WAY,,STRAIGHT AND LEVEL,DRY,NO DEFECTS,NOT ON SCENE (DESK REPORT),NO INJURY / DRIVE AWAY,Y,,,"OVER $1,500",04/07/2025 16:04,UNABLE TO DETERMINE,UNABLE TO DETERMINE,6700,S,PERRY AVE,722,,,,,,,2,NO INDICATION OF INJURY,0,0,0,0,0,2,0,14,2,4,2,0,14,2,4
CLEAR,DAYLIGHT,SIDESWIPE SAME DIRECTION,NOT DIVIDED,,STRAIGHT AND LEVEL,DRY,NO DEFECTS,,NO INJURY / DRIVE AWAY,,,,"OVER $1,500",04/07/2025 18:44,FAILING TO REDUCE SPEED TO AVOID CRASH,NOT APPLICABLE,5615,N,NAGLE AVE,1622,,,,,,,2,NO INDICATION OF INJURY,0,0,0,0,0,2,0,18,2,4,2,0,18,2,4
CLEAR,DAYLIGHT,SIDESWIPE OPPOSITE DIRECTION,PARKING LOT,,STRAIGHT AND LEVEL,DRY,NO DEFECTS,NOT ON SCENE (DESK REPORT),NO INJURY / DRIVE AWAY,,Y,,"$501 - $1,500",04/07/2025 16:35,DRIVING SKILLS/KNOWLEDGE/EXPERIENCE,DRIVING SKILLS/KNOWLEDGE/EXPERIENCE,900,W,NELSON ST,1933,,,,,,,2,NO INDICATION OF INJURY,0,0,0,0,0,2,0,16,2,4,2,0,16,2,4
CLEAR,DAWN,ANGLE,FOUR WAY,,STRAIGHT AND LEVEL,DRY,NO DEFECTS,ON SCENE,INJURY AND / OR TOW DUE TO CRASH,Y,,,"OVER $1,500",04/07/2025 5:59,DISREGARDING TRAFFIC SIGNALS,FAILING TO REDUCE SPEED TO AVOID CRASH,7900,S,HALSTED ST,621,,,,,,,2,NONINCAPACITATING INJURY,2,0,0,2,0,0,0,5,2,4,0,0,5,2,4
CLEAR,DARKNESS,PEDALCYCLIST,NOT DIVIDED,,STRAIGHT AND LEVEL,DRY,NO DEFECTS,ON SCENE,INJURY AND / OR TOW DUE TO CRASH,Y,,,"OVER $1,500",04/07/2025 21:40,IMPROPER TURNING/NO SIGNAL,IMPROPER TURNING/NO SIGNAL,2156,W,DEVON AVE,2412,,,,,,,2,NONINCAPACITATING INJURY,1,0,0,1,0,2,0,21,2,4,2,0,21,2,4
CLEAR,"DARKNESS, LIGHTED ROAD",REAR END,FOUR WAY,,STRAIGHT AND LEVEL,UNKNOWN,NO DEFECTS,NOT ON SCENE (DESK REPORT),NO INJURY / DRIVE AWAY,Y,,Y,"$501 - $1,500",04/07/2025 19:47,FOLLOWING TOO CLOSELY,NOT APPLICABLE,8000,S,PEORIA ST,621,,,,,,,2,NO INDICATION OF INJURY,0,0,0,0,0,2,0,19,2,4,2,0,19,2,4
UNKNOWN,UNKNOWN,TURNING,NOT DIVIDED,,STRAIGHT AND LEVEL,UNKNOWN,UNKNOWN,NOT ON SCENE (DESK REPORT),NO INJURY / DRIVE AWAY,,,Y,"OVER $1,500",04/07/2025 17:45,UNABLE TO DETERMINE,UNABLE TO DETERMINE,6598,W,FULLERTON AVE,2512,,,,,,,2,NO INDICATION OF INJURY,0,0,0,0,0,2,0,17,2,4,2,0,17,2,4
CLEAR,DAYLIGHT,SIDESWIPE SAME DIRECTION,NOT REPORTED,,STRAIGHT AND LEVEL,DRY,NO DEFECTS,NOT ON SCENE (DESK REPORT),NO INJURY / DRIVE AWAY,Y,,,"OVER $1,500",04/20/2024 12:11,FAILING TO YIELD RIGHT-OF-WAY,NOT APPLICABLE,5800,N,NAGLE AVE,1611,,,,,,,2,NO INDICATION OF INJURY,0,0,0,0,0,2,0,18,6,4,2,0,18,6,4
CLEAR,DAYLIGHT,TURNING,FOUR WAY,,STRAIGHT AND LEVEL,DRY,NO DEFECTS,ON SCENE,INJURY AND / OR TOW DUE TO CRASH,Y,,,"OVER $1,500",03/18/2025 18:09,FAILING TO YIELD RIGHT-OF-WAY,FAILING TO REDUCE SPEED TO AVOID CRASH,5000,S,ARCHER AVE,815,,,,,,,2,NONINCAPACITATING INJURY,1,0,0,1,0,2,0,18,3,3,2,0,18,3,3
CLEAR,DAYLIGHT,ANGLE,FOUR WAY,,STRAIGHT AND LEVEL,DRY,NO DEFECTS,ON SCENE,INJURY AND / OR TOW DUE TO CRASH,Y,,,"OVER $1,500",04/07/2025 15:42,NOT APPLICABLE,NOT APPLICABLE,3835,N,ELSTON AVE,1732,,,,,,,2,NO INDICATION OF INJURY,0,0,0,0,0,4,0,15,2,4,4,0,15,2,4
UNKNOWN,UNKNOWN,FIXED OBJECT,T-INTERSECTION,,STRAIGHT AND LEVEL,UNKNOWN,UNKNOWN,NOT ON SCENE (DESK REPORT),NO INJURY / DRIVE AWAY,Y,,,"OVER $1,500",03/18/2025 17:30,UNABLE TO DETERMINE,UNABLE TO DETERMINE,9500,S,COTTAGE GROVE AVE,511,,,,,,,1,NO INDICATION OF INJURY,0,0,0,0,0,1,0,17,3,3,1,0,17,3,3
CLEAR,DAYLIGHT,PARKED MOTOR VEHICLE,NOT DIVIDED,,STRAIGHT AND LEVEL,DRY,NO DEFECTS,NOT ON SCENE (DESK REPORT),NO INJURY / DRIVE AWAY,,,,"OVER $1,500",03/18/2025 14:20,DRIVING SKILLS/KNOWLEDGE/EXPERIENCE,UNABLE TO DETERMINE,2442,N,MILWAUKEE AVE,1414,,,,,,,2,NO INDICATION OF INJURY,0,0,0,0,0,2,0,13,3,3,2,0,13,3,3
CLEAR,DAYLIGHT,PEDALCYCLIST,NOT DIVIDED,,STRAIGHT AND LEVEL,DRY,NO DEFECTS,NOT ON SCENE (DESK REPORT),NO INJURY / DRIVE AWAY,,,,$500 OR LESS,03/18/2025 19:15,NOT APPLICABLE,NOT APPLICABLE,3239,W,57TH ST,822,,,,,,,2,NO INDICATION OF INJURY,0,0,0,0,0,2,0,18,3,3,2,0,18,3,3
CLEAR,DAYLIGHT,ANGLE,NOT DIVIDED,,STRAIGHT AND LEVEL,DRY,NO DEFECTS,ON SCENE,NO INJURY / DRIVE AWAY,Y,,,"OVER $1,500",04/07/2025 7:42,FAILING TO YIELD RIGHT-OF-WAY,NOT APPLICABLE,3628,E,108TH ST,432,,,,,,,2,NO INDICATION OF INJURY,0,0,0,0,0,2,0,7,2,4,2,0,7,2,4
CLEAR,DAYLIGHT,PARKED MOTOR VEHICLE,PARKING LOT,,STRAIGHT AND LEVEL,DRY,NO DEFECTS,NOT ON SCENE (DESK REPORT),NO INJURY / DRIVE AWAY,,,,"$501 - $1,500",04/07/2025 15:30,UNABLE TO DETERMINE,UNABLE TO DETERMINE,13319,S,BRAINARD AVE,433,,,,,,,2,NO INDICATION OF INJURY,0,0,0,0,0,1,0,14,2,4,1,0,14,2,4
CLEAR,DAYLIGHT,SIDESWIPE SAME DIRECTION,DIVIDED - W/MEDIAN BARRIER,,STRAIGHT AND LEVEL,DRY,NO DEFECTS,NOT ON SCENE (DESK REPORT),NO INJURY / DRIVE AWAY,,,Y,"OVER $1,500",04/07/2025 6:40,UNABLE TO DETERMINE,UNABLE TO DETERMINE,12000,S,HALSTED ST,524,,,,,,,2,NO INDICATION OF INJURY,0,0,0,0,0,2,0,6,2,4,2,0,6,2,4