WEATHER_CONDITION,LIGHTING_CONDITION,FIRST_CRASH_TYPE,TRAFFICWAY_TYPE,LANE_CNT,ALIGNMENT,ROADWAY_SURFACE_COND,ROAD_DEFECT,REPORT_TYPE,CRASH_TYPE,INTERSECTION_RELATED_I,NOT_RIGHT_OF_WAY_I,HIT_AND_RUN_I,DAMAGE,DATE_POLICE_NOTIFIED,PRIM_CONTRIBUTORY_CAUSE,SEC_CONTRIBUTORY_CAUSE,STREET_NO,STREET_DIRECTION,STREET_NAME,BEAT_OF_OCCURRENCE,PHOTOS_TAKEN_I,STATEMENTS_TAKEN_I,DOORING_I,WORK_ZONE_I,WORK_ZONE_TYPE,WORKERS_PRESENT_I,NUM_UNITS,MOST_SEVERE_INJURY,INJURIES_TOTAL,INJURIES_FATAL,INJURIES_INCAPACITATING,INJURIES_NON_INCAPACITATING,INJURIES_REPORTED_NOT_EVIDENT,INJURIES_NO_INDICATION,INJURIES_UNKNOWN,CRASH_HOUR,CRASH_DAY_OF_WEEK,CRASH_MONTH,INJURIES_NO_INDICATION,INJURIES_UNKNOWN,CRASH_HOUR,CRASH_DAY_OF_WEEK,CRASH_MONTH
CLEAR,DAYLIGHT,SIDESWIPE SAME DIRECTION,ONE-WAY,,STRAIGHT AND LEVEL,WET,NO DEFECTS,NOT ON SCENE (DESK REPORT),NO INJURY / DRIVE AWAY,,,,"OVER $1,500",02/24/2025 11:40,UNABLE TO DETERMINE,NOT APPLICABLE,6317,S,INGLESIDE AVE,314,,,,,,,2,NO INDICATION OF INJURY,0,0,0,0,0,3,0,11,2,2,3,0,11,2,2
CLEAR,"DARKNESS, LIGHTED ROAD",FIXED OBJECT,FOUR WAY,,STRAIGHT AND LEVEL,DRY,NO DEFECTS,,INJURY AND / OR TOW DUE TO CRASH,Y,,Y,"OVER $1,500",01/26/2025 18:42,UNABLE TO DETERMINE,UNABLE TO DETERMINE,3199,W,GRAND AVE,1211,,,,,,,2,INCAPACITATING INJURY,2,0,2,0,0,1,0,18,1,1,1,0,18,1,1
UNKNOWN,"DARKNESS, LIGHTED ROAD",TURNING,FOUR WAY,,STRAIGHT AND LEVEL,UNKNOWN,UNKNOWN,NOT ON SCENE (DESK REPORT),NO INJURY / DRIVE AWAY,Y,,,"OVER $1,500",02/24/2025 19:00,IMPROPER TURNING/NO SIGNAL,FAILING TO REDUCE SPEED TO AVOID CRASH,100,N,STATE ST,111,,,,,,,2,NO INDICATION OF INJURY,0,0,0,0,0,2,0,16,1,2,2,0,16,1,2
CLEAR,DAYLIGHT,SIDESWIPE SAME DIRECTION,NOT DIVIDED,,STRAIGHT AND LEVEL,DRY,NO DEFECTS,NOT ON SCENE (DESK REPORT),NO INJURY / DRIVE AWAY,,,,"$501 - $1,500",02/20/2025 13:06,IMPROPER OVERTAKING/PASSING,NOT APPLICABLE,6398,S,ARCHER AVE,811,,,,,,,2,NO INDICATION OF INJURY,0,0,0,0,0,2,0,12,5,2,2,0,12,5,2
CLEAR,DARKNESS,REAR END,NOT DIVIDED,,STRAIGHT AND LEVEL,DRY,NO DEFECTS,NOT ON SCENE (DESK REPORT),NO INJURY / DRIVE AWAY,,,,"OVER $1,500",02/23/2025 22:20,UNABLE TO DETERMINE,UNABLE TO DETERMINE,1258,W,WEBSTER AVE,1811,,,,,,,2,NO INDICATION OF INJURY,0,0,0,0,0,2,0,20,1,2,2,0,20,1,2
CLEAR,DAYLIGHT,TURNING,FOUR WAY,,STRAIGHT AND LEVEL,DRY,NO DEFECTS,ON SCENE,INJURY AND / OR TOW DUE TO CRASH,Y,,Y,"OVER $1,500",02/23/2025 11:27,UNABLE TO DETERMINE,NOT APPLICABLE,3800,N,CENTRAL AVE,1633,,,,,,,3,"REPORTED, NOT EVIDENT",1,0,0,0,1,1,0,11,1,2,1,0,11,1,2
CLEAR,DAYLIGHT,PARKED MOTOR VEHICLE,DIVIDED - W/MEDIAN (NOT RAISED),,STRAIGHT AND LEVEL,DRY,UNKNOWN,ON SCENE,NO INJURY / DRIVE AWAY,,,Y,"OVER $1,500",02/24/2025 19:15,UNABLE TO DETERMINE,UNABLE TO DETERMINE,2503,S,ROCKWELL ST,1034,,,,,,,3,NO INDICATION OF INJURY,0,0,0,0,0,1,0,17,2,2,1,0,17,2,2
CLEAR,DAYLIGHT,SIDESWIPE SAME DIRECTION,NOT DIVIDED,,STRAIGHT AND LEVEL,DRY,NO DEFECTS,ON SCENE,NO INJURY / DRIVE AWAY,,,Y,$500 OR LESS,02/24/2025 10:00,UNABLE TO DETERMINE,NOT APPLICABLE,1001,N,ASHLAND AVE,1213,,,,,,,2,NO INDICATION OF INJURY,0,0,0,0,0,2,0,9,2,2,2,0,9,2,2
CLEAR,DAYLIGHT,ANGLE,UNKNOWN INTERSECTION TYPE,,STRAIGHT AND LEVEL,DRY,NO DEFECTS,ON SCENE,INJURY AND / OR TOW DUE TO CRASH,Y,,,"OVER $1,500",02/24/2025 15:10,UNABLE TO DETERMINE,UNABLE TO DETERMINE,4725,S,INDIANA AVE,224,,,,,,,2,NO INDICATION OF INJURY,0,0,0,0,0,3,0,15,2,2,3,0,15,2,2
CLEAR,DAYLIGHT,REAR END,NOT DIVIDED,,STRAIGHT AND LEVEL,UNKNOWN,UNKNOWN,NOT ON SCENE (DESK REPORT),NO INJURY / DRIVE AWAY,,,,"OVER $1,500",03/18/2025 19:45,UNABLE TO DETERMINE,UNABLE TO DETERMINE,333,N,WESTERN AVE,1223,,,,,,,2,NO INDICATION OF INJURY,0,0,0,0,0,2,0,17,3,3,2,0,17,3,3
CLEAR,DAYLIGHT,TURNING,NOT DIVIDED,,STRAIGHT AND LEVEL,DRY,UNKNOWN,,INJURY AND / OR TOW DUE TO CRASH,,,,"OVER $1,500",02/18/2025 16:16,DRIVING SKILLS/KNOWLEDGE/EXPERIENCE,NOT APPLICABLE,4200,S,PULASKI RD,815,,,,,,,2,NONINCAPACITATING INJURY,1,0,0,1,0,1,0,15,3,2,1,0,15,3,2
CLEAR,"DARKNESS, LIGHTED ROAD",FIXED OBJECT,NOT DIVIDED,,STRAIGHT AND LEVEL,DRY,NO DEFECTS,ON SCENE,INJURY AND / OR TOW DUE TO CRASH,,,,"OVER $1,500",02/16/2025 22:11,UNABLE TO DETERMINE,NOT APPLICABLE,5104,W,LAKE ST,1532,,,,,,,1,NONINCAPACITATING INJURY,1,0,0,1,0,0,0,22,1,2,0,0,22,1,2
CLEAR,DAYLIGHT,REAR TO SIDE,OTHER,,STRAIGHT AND LEVEL,UNKNOWN,UNKNOWN,NOT ON SCENE (DESK REPORT),NO INJURY / DRIVE AWAY,,,,"OVER $1,500",02/24/2025 16:00,UNABLE TO DETERMINE,UNABLE TO DETERMINE,7600,S,STONY ISLAND AVE,411,,,,,,,2,NO INDICATION OF INJURY,0,0,0,0,0,2,0,14,7,2,2,0,14,7,2
CLEAR,DAYLIGHT,SIDESWIPE SAME DIRECTION,ONE-WAY,,STRAIGHT AND LEVEL,DRY,NO DEFECTS,ON SCENE,NO INJURY / DRIVE AWAY,,,Y,"OVER $1,500",02/24/2025 8:42,FAILING TO YIELD RIGHT-OF-WAY,FAILING TO REDUCE SPEED TO AVOID CRASH,4931,W,QUINCY ST,1533,,,,,,,2,NO INDICATION OF INJURY,0,0,0,0,0,3,0,8,2,2,3,0,8,2,2
CLEAR,"DARKNESS, LIGHTED ROAD",SIDESWIPE SAME DIRECTION,OTHER,,"CURVE, LEVEL",DRY,NO DEFECTS,ON SCENE,NO INJURY / DRIVE AWAY,,,,"OVER $1,500",02/24/2025 18:19,UNABLE TO DETERMINE,NOT APPLICABLE,1600,W,IRVING PARK RD,1912,,,,,,,2,NO INDICATION OF INJURY,0,0,0,0,0,2,0,18,2,2,2,0,18,2,2
RAIN,"DARKNESS, LIGHTED ROAD",HEAD ON,FOUR WAY,,STRAIGHT AND LEVEL,WET,NO DEFECTS,ON SCENE,INJURY AND / OR TOW DUE TO CRASH,Y,,,"OVER $1,500",02/25/2025 0:10,DISREGARDING TRAFFIC SIGNALS,DISREGARDING TRAFFIC SIGNALS,404,S,WELLS ST,122,,,,,,,2,"REPORTED, NOT EVIDENT",1,0,0,0,1,1,0,0,3,2,1,0,0,3,2
CLEAR,DAYLIGHT,SIDESWIPE SAME DIRECTION,NOT DIVIDED,,STRAIGHT AND LEVEL,DRY,NO DEFECTS,NOT ON SCENE (DESK REPORT),NO INJURY / DRIVE AWAY,,,,"OVER $1,500",03/18/2025 17:30,FAILING TO REDUCE SPEED TO AVOID CRASH,UNABLE TO DETERMINE,807,W,WEBSTER AVE,1812,,,,,,,2,NO INDICATION OF INJURY,0,0,0,0,0,2,0,10,3,3,2,0,10,3,3
CLEAR,DAYLIGHT,SIDESWIPE SAME DIRECTION,CENTER TURN LANE,,STRAIGHT AND LEVEL,DRY,NO DEFECTS,ON SCENE,NO INJURY / DRIVE AWAY,,,,"$501 - $1,500",03/18/2025 14:59,FAILING TO YIELD RIGHT-OF-WAY,NOT APPLICABLE,653,N,MICHIGAN AVE,1834,,,,,,,2,NO INDICATION OF INJURY,0,0,0,0,0,2,0,14,3,3,2,0,14,3,3
UNKNOWN,UNKNOWN,TURNING,NOT DIVIDED,,STRAIGHT AND LEVEL,UNKNOWN,UNKNOWN,NOT ON SCENE (DESK REPORT),NO INJURY / DRIVE AWAY,,,Y,"OVER $1,500",04/07/2025 14:50,IMPROPER OVERTAKING/PASSING,NOT APPLICABLE,5400,S,WESTERN AVE,923,,,,,,,2,NO INDICATION OF INJURY,0,0,0,0,0,2,0,13,2,4,2,0,13,2,4
CLEAR,DAYLIGHT,ANGLE,NOT DIVIDED,,STRAIGHT AND LEVEL,DRY,NO DEFECTS,ON SCENE,NO INJURY / DRIVE AWAY,Y,,,"OVER $1,500",01/29/2025 7:25,FAILING TO YIELD RIGHT-OF-WAY,NOT APPLICABLE,9900,S,GENOA AVE,2232,,,,,,,2,NO INDICATION OF INJURY,0,0,0,0,0,2,0,7,4,1,2,0,7,4,1
CLEAR,DAYLIGHT,PARKED MOTOR VEHICLE,ONE-WAY,,STRAIGHT AND LEVEL,DRY,NO DEFECTS,ON SCENE,NO INJURY / DRIVE AWAY,,,Y,"$501 - $1,500",03/18/2025 17:31,UNABLE TO DETERMINE,UNABLE TO DETERMINE,9513,S,HAMILTON AVE,2213,,,,,,,2,NO INDICATION OF INJURY,0,0,0,0,0,1,0,17,3,3,1,0,17,3,3
CLEAR,DAYLIGHT,REAR END,NOT DIVIDED,,STRAIGHT AND LEVEL,UNKNOWN,UNKNOWN,NOT ON SCENE (DESK REPORT),NO INJURY / DRIVE AWAY,,,,"$501 - $1,500",02/24/2025 18:00,UNABLE TO DETERMINE,UNABLE TO DETERMINE,5940,N,RIDGE AVE,2012,,,,,,,2,NO INDICATION OF INJURY,0,0,0,0,0,2,0,7,6,2,2,0,7,6,2
CLEAR,"DARKNESS, LIGHTED ROAD",REAR END,PARKING LOT,,STRAIGHT AND LEVEL,DRY,NO DEFECTS,NOT ON SCENE (DESK REPORT),NO INJURY / DRIVE AWAY,,,Y,"OVER $1,500",02/24/2025 18:30,UNABLE TO DETERMINE,UNABLE TO DETERMINE,8628,S,COTTAGE GROVE AVE,632,,,,,,,2,NO INDICATION OF INJURY,0,0,0,0,0,2,0,22,6,2,2,0,22,6,2
CLEAR,"DARKNESS, LIGHTED ROAD",PARKED MOTOR VEHICLE,ONE-WAY,,STRAIGHT AND LEVEL,DRY,NO DEFECTS,NOT ON SCENE (DESK REPORT),NO INJURY / DRIVE AWAY,,,Y,"OVER $1,500",02/23/2025 23:00,UNABLE TO DETERMINE,UNABLE TO DETERMINE,4107,W,IOWA ST,1111,,,,,,,3,NO INDICATION OF INJURY,0,0,0,0,0,1,0,22,1,2,1,0,22,1,2
CLEAR,DAYLIGHT,PARKED MOTOR VEHICLE,ONE-WAY,,STRAIGHT AND LEVEL,DRY,NO DEFECTS,ON SCENE,NO INJURY / DRIVE AWAY,,,,"$501 - $1,500",02/23/2025 11:45,DRIVING ON WRONG SIDE/WRONG WAY,DRIVING ON WRONG SIDE/WRONG WAY,3635,S,DAMEN AVE,912,,,,,,,2,NO INDICATION OF INJURY,0,0,0,0,0,1,0,11,1,2,1,0,11,1,2
CLEAR,DAYLIGHT,TURNING,NOT DIVIDED,,STRAIGHT AND LEVEL,DRY,NO DEFECTS,ON SCENE,NO INJURY / DRIVE AWAY,,,,"OVER $1,500",02/24/2025 11:20,UNABLE TO DETERMINE,NOT APPLICABLE,1511,E,52ND ST,234,,,,,,,2,NO INDICATION OF INJURY,0,0,0,0,0,2,0,11,2,2,2,0,11,2,2
CLEAR,DAYLIGHT,TURNING,ALLEY,,STRAIGHT AND LEVEL,DRY,NO DEFECTS,ON SCENE,INJURY AND / OR TOW DUE TO CRASH,,,,"OVER $1,500",02/24/2025 14:56,UNABLE TO DETERMINE,NOT APPLICABLE,2611,N,PAULINA ST,1931,,,,,,,2,NONINCAPACITATING INJURY,1,0,0,1,0,1,0,14,2,2,1,0,14,2,2
CLEAR,"DARKNESS, LIGHTED ROAD",REAR TO REAR,PARKING LOT,,STRAIGHT AND LEVEL,DRY,NO DEFECTS,NOT ON SCENE (DESK REPORT),NO INJURY / DRIVE AWAY,,,,$500 OR LESS,04/07/2025 22:00,FAILING TO REDUCE SPEED TO AVOID CRASH,IMPROPER BACKING,5935,W,ADDISON ST,1633,,,,,,,2,NO INDICATION OF INJURY,0,0,0,0,0,2,0,21,2,4,2,0,21,2,4
CLEAR,DAYLIGHT,ANGLE,FOUR WAY,,STRAIGHT AND LEVEL,DRY,NO DEFECTS,ON SCENE,INJURY AND / OR TOW DUE TO CRASH,Y,,,"OVER $1,500",02/23/2025 10:55,DISREGARDING STOP SIGN,DISREGARDING STOP SIGN,4800,S,DR MARTIN LUTHER KING JR DR,224,,,,,,,3,NO INDICATION OF INJURY,0,0,0,0,0,3,0,10,1,2,3,0,10,1,2
CLEAR,DAYLIGHT,SIDESWIPE SAME DIRECTION,DIVIDED - W/MEDIAN (NOT RAISED),,STRAIGHT AND LEVEL,DRY,NO DEFECTS,ON SCENE,INJURY AND / OR TOW DUE TO CRASH,,Y,,"OVER $1,500",02/23/2025 10:35,UNABLE TO DETERMINE,UNABLE TO DETERMINE,4951,S,CICERO AVE,815,,,,,,,2,NO INDICATION OF INJURY,0,0,0,0,0,2,0,10,1,2,2,0,10,1,2
CLEAR,DAYLIGHT,REAR END,PARKING LOT,,STRAIGHT AND LEVEL,DRY,NO DEFECTS,NOT ON SCENE (DESK REPORT),NO INJURY / DRIVE AWAY,,,,$500 OR LESS,02/24/2025 13:13,UNABLE TO DETERMINE,NOT APPLICABLE,2714,W,15TH ST,1023,,,,,,,2,NO INDICATION OF INJURY,0,0,0,0,0,2,0,8,2,2,2,0,8,2,2
CLEAR,DAYLIGHT,REAR END,FOUR WAY,,STRAIGHT AND LEVEL,DRY,NO DEFECTS,NOT ON SCENE (DESK REPORT),NO INJURY / DRIVE AWAY,,,,"OVER $1,500",02/24/2025 9:15,UNABLE TO DETERMINE,NOT APPLICABLE,1000,E,111TH ST,513,,,,,,,2,NO INDICATION OF INJURY,0,0,0,0,0,2,0,8,2,2,2,0,8,2,2
CLEAR,"DARKNESS, LIGHTED ROAD",TURNING,CENTER TURN LANE,,STRAIGHT AND LEVEL,DRY,UNKNOWN,ON SCENE,INJURY AND / OR TOW DUE TO CRASH,Y,,,"OVER $1,500",02/23/2025 19:12,FAILING TO YIELD RIGHT-OF-WAY,NOT APPLICABLE,3202,W,IRVING PARK RD,1724,,,,,,,2,NONINCAPACITATING INJURY,1,0,0,1,0,3,0,19,1,2,3,0,19,1,2
CLEAR,DAYLIGHT,REAR END,NOT DIVIDED,,STRAIGHT AND LEVEL,DRY,NO DEFECTS,ON SCENE,INJURY AND / OR TOW DUE TO CRASH,,,,"OVER $1,500",02/24/2025 15:00,PHYSICAL CONDITION OF DRIVER,NOT APPLICABLE,3401,S,CALIFORNIA AVE,911,,,,,,,3,"REPORTED, NOT EVIDENT",1,0,0,0,1,3,0,14,2,2,3,0,14,2,2
UNKNOWN,UNKNOWN,PARKED MOTOR VEHICLE,PARKING LOT,,STRAIGHT AND LEVEL,UNKNOWN,UNKNOWN,NOT ON SCENE (DESK REPORT),NO INJURY / DRIVE AWAY,,,Y,"OVER $1,500",04/07/2025 6:45,UNABLE TO DETERMINE,NOT APPLICABLE,2828,N,CLARK ST,1934,,,,,,,2,NO INDICATION OF INJURY,0,0,0,0,0,1,0,6,2,4,1,0,6,2,4
CLEAR,"DARKNESS, LIGHTED ROAD",FIXED OBJECT,DIVIDED - W/MEDIAN BARRIER,,STRAIGHT AND LEVEL,DRY,NO DEFECTS,ON SCENE,INJURY AND / OR TOW DUE TO CRASH,,,Y,"OVER $1,500",05/25/2025 1:09,UNABLE TO DETERMINE,UNABLE TO DETERMINE,1029,S,CALIFORNIA AVE,1135,,,,,,,1,NO INDICATION OF INJURY,0,0,0,0,0,1,0,1,1,5,1,0,1,1,5
UNKNOWN,UNKNOWN,PARKED MOTOR VEHICLE,NOT DIVIDED,,STRAIGHT AND LEVEL,UNKNOWN,UNKNOWN,NOT ON SCENE (DESK REPORT),NO INJURY / DRIVE AWAY,,,,"OVER $1,500",02/24/2025 18:00,UNABLE TO DETERMINE,UNABLE TO DETERMINE,3021,N,HARLEM AVE,2511,,,,,,,2,NO INDICATION OF INJURY,0,0,0,0,0,1,0,1,2,2,1,0,1,2,2
CLEAR,DAYLIGHT,SIDESWIPE SAME DIRECTION,ONE-WAY,,STRAIGHT AND LEVEL,DRY,UNKNOWN,ON SCENE,NO INJURY / DRIVE AWAY,,,Y,"OVER $1,500",04/07/2025 16:18,IMPROPER OVERTAKING/PASSING,NOT APPLICABLE,700,N,CLARK ST,1832,,,,,,,2,NO INDICATION OF INJURY,0,0,0,0,0,2,0,16,2,4,2,0,16,2,4
CLEAR,DAYLIGHT,REAR END,NOT DIVIDED,,STRAIGHT AND LEVEL,DRY,UNKNOWN,ON SCENE,NO INJURY / DRIVE AWAY,,,Y,"OVER $1,500",03/18/2025 10:45,FOLLOWING TOO CLOSELY,FOLLOWING TOO CLOSELY,4831,W,MONTROSE AVE,1624,,,,,,,2,NO INDICATION OF INJURY,0,0,0,0,0,2,0,10,3,3,2,0,10,3,3
CLEAR,"DARKNESS, LIGHTED ROAD",TURNING,DIVIDED - W/MEDIAN (NOT RAISED),,STRAIGHT AND LEVEL,DRY,UNKNOWN,NOT ON SCENE (DESK REPORT),NO INJURY / DRIVE AWAY,Y,,,"OVER $1,500",02/24/2025 17:00,UNABLE TO DETERMINE,UNABLE TO DETERMINE,5201,W,FULLERTON AVE,2515,,,,,,,2,NO INDICATION OF INJURY,0,0,0,0,0,2,0,0,2,2,2,0,0,2,2
CLEAR,DAYLIGHT,TURNING,NOT DIVIDED,,STRAIGHT AND LEVEL,DRY,NO DEFECTS,NOT ON SCENE (DESK REPORT),NO INJURY / DRIVE AWAY,,,,"OVER $1,500",02/21/2025 12:15,IMPROPER TURNING/NO SIGNAL,NOT APPLICABLE,2400,N,LINCOLN AVE,1932,,,,,,,2,NO INDICATION OF INJURY,0,0,0,0,0,2,0,11,6,2,2,0,11,6,2
CLEAR,DAYLIGHT,ANGLE,DIVIDED - W/MEDIAN (NOT RAISED),,STRAIGHT AND LEVEL,DRY,NO DEFECTS,ON SCENE,INJURY AND / OR TOW DUE TO CRASH,Y,,Y,"OVER $1,500",02/22/2025 8:37,UNABLE TO DETERMINE,NOT APPLICABLE,3400,W,POLK ST,1133,,,,,,,2,NO INDICATION OF INJURY,0,0,0,0,0,3,0,8,7,2,3,0,8,7,2
CLEAR,DAYLIGHT,TURNING,DIVIDED - W/MEDIAN (NOT RAISED),,STRAIGHT AND LEVEL,DRY,NO DEFECTS,ON SCENE,INJURY AND / OR TOW DUE TO CRASH,,,,"OVER $1,500",02/24/2025 14:59,UNABLE TO DETERMINE,UNABLE TO DETERMINE,3223,W,63RD ST,823,,,,,,,2,NO INDICATION OF INJURY,0,0,0,0,0,3,0,14,2,2,3,0,14,2,2
CLEAR,DAYLIGHT,ANGLE,TRAFFIC ROUTE,,STRAIGHT AND LEVEL,DRY,NO DEFECTS,NOT ON SCENE (DESK REPORT),NO INJURY / DRIVE AWAY,,,,"OVER $1,500",04/07/2025 16:28,DRIVING SKILLS/KNOWLEDGE/EXPERIENCE,NOT APPLICABLE,7900,S,LAFAYETTE AVE,623,,,,,,,2,NO INDICATION OF INJURY,0,0,0,0,0,2,0,16,2,4,2,0,16,2,4
CLEAR,DAWN,ANGLE,FOUR WAY,,STRAIGHT AND LEVEL,DRY,NO DEFECTS,ON SCENE,INJURY AND / OR TOW DUE TO CRASH,Y,,Y,"OVER $1,500",03/18/2025 6:41,DISREGARDING TRAFFIC SIGNALS,FAILING TO REDUCE SPEED TO AVOID CRASH,50,W,75TH ST,731,,,,,,,2,NO INDICATION OF INJURY,0,0,0,0,0,2,0,6,3,3,2,0,6,3,3
CLEAR,"DARKNESS, LIGHTED ROAD",SIDESWIPE SAME DIRECTION,UNKNOWN,,STRAIGHT AND LEVEL,DRY,NO DEFECTS,ON SCENE,NO INJURY / DRIVE AWAY,Y,,,$500 OR LESS,03/18/2025 23:41,FOLLOWING TOO CLOSELY,NOT APPLICABLE,123,S,DEARBORN ST,112,,,,,,,2,NO INDICATION OF INJURY,0,0,0,0,0,2,0,23,3,3,2,0,23,3,3
CLEAR,DAYLIGHT,REAR END,PARKING LOT,,STRAIGHT AND LEVEL,DRY,NO DEFECTS,NOT ON SCENE (DESK REPORT),NO INJURY / DRIVE AWAY,,Y,,"OVER $1,500",05/25/2025 16:20,UNABLE TO DETERMINE,UNABLE TO DETERMINE,1919,N,CICERO AVE,2533,,,,,,,2,NO INDICATION OF INJURY,0,0,0,0,0,2,0,15,1,5,2,0,15,1,5
CLEAR,DARKNESS,OTHER OBJECT,PARKING LOT,,STRAIGHT AND LEVEL,DRY,NO DEFECTS,NOT ON SCENE (DESK REPORT),NO INJURY / DRIVE AWAY,,,Y,"OVER $1,500",02/24/2025 10:00,UNABLE TO DETERMINE,UNABLE TO DETERMINE,5335,S,PULASKI RD,822,,,,,,,1,NO INDICATION OF INJURY,0,0,0,0,0,1,0,2,7,2,1,0,2,7,2
CLEAR,"DARKNESS, LIGHTED ROAD",PARKED MOTOR VEHICLE,NOT DIVIDED,,STRAIGHT AND LEVEL,DRY,NO DEFECTS,ON SCENE,INJURY AND / OR TOW DUE TO CRASH,,,,"OVER $1,500",02/23/2025 4:08,UNABLE TO DETERMINE,NOT APPLICABLE,2467,E,102ND ST,431,,,,,,,3,INCAPACITATING INJURY,2,0,1,1,0,1,0,3,1,2,1,0,3,1,2
CLEAR,DAYLIGHT,PARKED MOTOR VEHICLE,NOT DIVIDED,,STRAIGHT AND LEVEL,SNOW OR SLUSH,NO DEFECTS,ON SCENE,NO INJURY / DRIVE AWAY,,,Y,"OVER $1,500",02/24/2025 10:40,NOT APPLICABLE,NOT APPLICABLE,2210,W,GRANVILLE AVE,2413,,,,,,,2,NO INDICATION OF INJURY,0,0,0,0,0,1,0,22,1,2,1,0,22,1,2
CLEAR,DAYLIGHT,FIXED OBJECT,NOT DIVIDED,,STRAIGHT AND LEVEL,DRY,NO DEFECTS,ON SCENE,INJURY AND / OR TOW DUE TO CRASH,,,,"OVER $1,500",02/24/2025 10:37,PHYSICAL CONDITION OF DRIVER,UNABLE TO DETERMINE,4531,S,WESTERN AVE,922,,,,,,,1,NO INDICATION OF INJURY,0,0,0,0,0,1,0,10,2,2,1,0,10,2,2
CLEAR,DAYLIGHT,ANGLE,FOUR WAY,,STRAIGHT AND LEVEL,UNKNOWN,UNKNOWN,NOT ON SCENE (DESK REPORT),NO INJURY / DRIVE AWAY,Y,,,"OVER $1,500",02/24/2025 19:00,FAILING TO YIELD RIGHT-OF-WAY,FAILING TO YIELD RIGHT-OF-WAY,101,S,HALSTED ST,1232,,,,,,,2,NO INDICATION OF INJURY,0,0,0,0,0,2,0,18,2,2,2,0,18,2,2
CLEAR,"DARKNESS, LIGHTED ROAD",TURNING,NOT DIVIDED,,STRAIGHT AND LEVEL,DRY,OTHER,NOT ON SCENE (DESK REPORT),NO INJURY / DRIVE AWAY,,,,"OVER $1,500",02/24/2025 9:40,UNABLE TO DETERMINE,NOT APPLICABLE,2500,W,DIVERSEY AVE,1411,,,,,,,2,NO INDICATION OF INJURY,0,0,0,0,0,2,0,18,6,2,2,0,18,6,2
UNKNOWN,UNKNOWN,ANGLE,NOT DIVIDED,,STRAIGHT AND LEVEL,UNKNOWN,OTHER,NOT ON SCENE (DESK REPORT),INJURY AND / OR TOW DUE TO CRASH,Y,,Y,"$501 - $1,500",02/23/2025 11:52,UNABLE TO DETERMINE,NOT APPLICABLE,6600,S,KOSTNER AVE,833,,,,,,,2,NO INDICATION OF INJURY,0,0,0,0,0,3,0,21,7,2,3,0,21,7,2
CLEAR,DARKNESS,ANGLE,NOT DIVIDED,,STRAIGHT AND LEVEL,DRY,NO DEFECTS,ON SCENE,INJURY AND / OR TOW DUE TO CRASH,Y,,,"OVER $1,500",02/23/2025 18:52,FAILING TO REDUCE SPEED TO AVOID CRASH,FAILING TO YIELD RIGHT-OF-WAY,1998,N,ASHLAND AVE,1433,,,,,,,2,NO INDICATION OF INJURY,0,0,0,0,0,2,0,18,1,2,2,0,18,1,2
CLEAR,"DARKNESS, LIGHTED ROAD",SIDESWIPE SAME DIRECTION,DIVIDED - W/MEDIAN BARRIER,,STRAIGHT AND LEVEL,DRY,NO DEFECTS,ON SCENE,NO INJURY / DRIVE AWAY,,,,$500 OR LESS,02/24/2025 18:36,FAILING TO YIELD RIGHT-OF-WAY,NOT APPLICABLE,1158,S,MICHIGAN AVE,123,,,,,,,2,NO INDICATION OF INJURY,0,0,0,0,0,3,0,18,2,2,3,0,18,2,2
CLEAR,"DARKNESS, LIGHTED ROAD",PARKED MOTOR VEHICLE,NOT DIVIDED,,STRAIGHT AND LEVEL,DRY,NO DEFECTS,ON SCENE,INJURY AND / OR TOW DUE TO CRASH,,,Y,"OVER $1,500",02/24/2025 1:35,UNABLE TO DETERMINE,NOT APPLICABLE,4228,N,KEDZIE AVE,1724,,,,,,,3,NO INDICATION OF INJURY,0,0,0,0,0,1,0,1,2,2,1,0,1,2,2
CLEAR,DAYLIGHT,ANGLE,DIVIDED - W/MEDIAN (NOT RAISED),,STRAIGHT AND LEVEL,DRY,NO DEFECTS,NOT ON SCENE (DESK REPORT),NO INJURY / DRIVE AWAY,Y,,Y,"OVER $1,500",02/24/2025 7:15,DISREGARDING STOP SIGN,UNABLE TO DETERMINE,5700,S,COTTAGE GROVE AVE,233,,,,,,,2,NO INDICATION OF INJURY,0,0,0,0,0,2,0,6,2,2,2,0,6,2,2
CLEAR,DAYLIGHT,REAR TO FRONT,PARKING LOT,,STRAIGHT AND LEVEL,DRY,UNKNOWN,NOT ON SCENE (DESK REPORT),NO INJURY / DRIVE AWAY,,Y,,"$501 - $1,500",03/18/2025 17:10,IMPROPER BACKING,NOT APPLICABLE,3850,W,FULLERTON AVE,2524,,,,,,,2,NO INDICATION OF INJURY,0,0,0,0,0,2,0,14,3,3,2,0,14,3,3
CLEAR,DAYLIGHT,OTHER OBJECT,NOT DIVIDED,,STRAIGHT AND LEVEL,DRY,NO DEFECTS,ON SCENE,INJURY AND / OR TOW DUE TO CRASH,,,Y,"OVER $1,500",05/25/2025 6:17,UNABLE TO DETERMINE,NOT APPLICABLE,3200,N,SOUTHPORT AVE,1922,,,,,,,1,NO INDICATION OF INJURY,0,0,0,0,0,1,0,6,1,5,1,0,6,1,5