WEATHER_CONDITION,LIGHTING_CONDITION,FIRST_CRASH_TYPE,TRAFFICWAY_TYPE,LANE_CNT,ALIGNMENT,ROADWAY_SURFACE_COND,ROAD_DEFECT,REPORT_TYPE,CRASH_TYPE,INTERSECTION_RELATED_I,NOT_RIGHT_OF_WAY_I,HIT_AND_RUN_I,DAMAGE,DATE_POLICE_NOTIFIED,PRIM_CONTRIBUTORY_CAUSE,SEC_CONTRIBUTORY_CAUSE,STREET_NO,STREET_DIRECTION,STREET_NAME,BEAT_OF_OCCURRENCE,PHOTOS_TAKEN_I,STATEMENTS_TAKEN_I,DOORING_I,WORK_ZONE_I,WORK_ZONE_TYPE,WORKERS_PRESENT_I,NUM_UNITS,MOST_SEVERE_INJURY,INJURIES_TOTAL,INJURIES_FATAL,INJURIES_INCAPACITATING,INJURIES_NON_INCAPACITATING,INJURIES_REPORTED_NOT_EVIDENT,INJURIES_NO_INDICATION,INJURIES_UNKNOWN,CRASH_HOUR,CRASH_DAY_OF_WEEK,CRASH_MONTH,INJURIES_NO_INDICATION,INJURIES_UNKNOWN,CRASH_HOUR,CRASH_DAY_OF_WEEK,CRASH_MONTH
CLEAR,DAYLIGHT,REAR TO SIDE,PARKING LOT,,STRAIGHT AND LEVEL,DRY,NO DEFECTS,NOT ON SCENE (DESK REPORT),NO INJURY / DRIVE AWAY,,,Y,"OVER $1,500",03/18/2025 11:05,UNABLE TO DETERMINE,NOT APPLICABLE,3650,N,ELSTON AVE,1733,,,,,,,2,NO INDICATION OF INJURY,0,0,0,0,0,2,0,9,3,3,2,0,9,3,3
CLEAR,DAYLIGHT,ANGLE,FOUR WAY,,STRAIGHT AND LEVEL,DRY,NO DEFECTS,NOT ON SCENE (DESK REPORT),NO INJURY / DRIVE AWAY,,,,"OVER $1,500",03/18/2025 18:40,DISREGARDING STOP SIGN,NOT APPLICABLE,1900,W,GRAND AVE,1221,,,,,,,2,NO INDICATION OF INJURY,0,0,0,0,0,2,0,16,3,3,2,0,16,3,3
CLEAR,"DARKNESS, LIGHTED ROAD",SIDESWIPE SAME DIRECTION,DIVIDED - W/MEDIAN BARRIER,,STRAIGHT AND LEVEL,DRY,UNKNOWN,ON SCENE,INJURY AND / OR TOW DUE TO CRASH,,,,"OVER $1,500",05/25/2025 22:56,UNABLE TO DETERMINE,UNABLE TO DETERMINE,830,N,LAKE SHORE DR,1833,,,,,,,3,NO INDICATION OF INJURY,0,0,0,0,0,4,0,22,1,5,4,0,22,1,5
CLEAR,"DARKNESS, LIGHTED ROAD",SIDESWIPE SAME DIRECTION,NOT DIVIDED,,STRAIGHT AND LEVEL,DRY,NO DEFECTS,ON SCENE,NO INJURY / DRIVE AWAY,,,Y,"$501 - $1,500",03/18/2025 18:21,UNABLE TO DETERMINE,NOT APPLICABLE,643,E,47TH ST,223,,,,,,,2,NO INDICATION OF INJURY,0,0,0,0,0,1,0,18,3,3,1,0,18,3,3
CLEAR,DAYLIGHT,ANGLE,ONE-WAY,,STRAIGHT AND LEVEL,UNKNOWN,DEBRIS ON ROADWAY,ON SCENE,INJURY AND / OR TOW DUE TO CRASH,Y,,,"OVER $1,500",02/22/2025 12:31,FAILING TO YIELD RIGHT-OF-WAY,DRIVING SKILLS/KNOWLEDGE/EXPERIENCE,5800,S,MICHIGAN AVE,232,,Y,,,,,3,"REPORTED, NOT EVIDENT",4,0,0,0,4,1,0,12,7,2,1,0,12,7,2
CLEAR,DAYLIGHT,SIDESWIPE SAME DIRECTION,NOT DIVIDED,,STRAIGHT AND LEVEL,DRY,NO DEFECTS,ON SCENE,INJURY AND / OR TOW DUE TO CRASH,,,,"OVER $1,500",02/23/2025 12:51,UNABLE TO DETERMINE,NOT APPLICABLE,4875,N,MILWAUKEE AVE,1623,,,,,,,2,NO INDICATION OF INJURY,0,0,0,0,0,3,0,12,1,2,3,0,12,1,2
CLEAR,DAYLIGHT,REAR END,NOT DIVIDED,,STRAIGHT AND LEVEL,DRY,NO DEFECTS,ON SCENE,NO INJURY / DRIVE AWAY,,,,"OVER $1,500",02/24/2025 15:25,FAILING TO REDUCE SPEED TO AVOID CRASH,NOT APPLICABLE,5810,W,GRAND AVE,2515,,,,,,,2,NO INDICATION OF INJURY,0,0,0,0,0,2,0,15,2,2,2,0,15,2,2
CLEAR,"DARKNESS, LIGHTED ROAD",TURNING,FOUR WAY,,STRAIGHT AND LEVEL,DRY,NO DEFECTS,ON SCENE,INJURY AND / OR TOW DUE TO CRASH,Y,,,"OVER $1,500",02/24/2025 18:00,IMPROPER OVERTAKING/PASSING,NOT APPLICABLE,4801,S,MICHIGAN AVE,224,,N,,,,,2,"REPORTED, NOT EVIDENT",2,0,0,0,2,1,0,18,2,2,1,0,18,2,2
CLEAR,DAYLIGHT,SIDESWIPE SAME DIRECTION,NOT DIVIDED,,STRAIGHT AND LEVEL,DRY,UNKNOWN,NOT ON SCENE (DESK REPORT),NO INJURY / DRIVE AWAY,,,Y,"OVER $1,500",02/24/2025 8:30,UNABLE TO DETERMINE,UNABLE TO DETERMINE,6800,S,STONY ISLAND AVE,332,,,,,,,2,NO INDICATION OF INJURY,0,0,0,0,0,2,0,6,2,2,2,0,6,2,2
CLEAR,DAYLIGHT,PARKED MOTOR VEHICLE,ALLEY,,STRAIGHT ON GRADE,DRY,WORN SURFACE,,NO INJURY / DRIVE AWAY,,,,$500 OR LESS,05/25/2025 17:19,UNABLE TO DETERMINE,UNABLE TO DETERMINE,6443,S,JUSTINE ST,725,,,,,,,2,NO INDICATION OF INJURY,0,0,0,0,0,2,0,17,1,5,2,0,17,1,5
RAIN,DAWN,HEAD ON,T-INTERSECTION,,STRAIGHT AND LEVEL,WET,NO DEFECTS,ON SCENE,INJURY AND / OR TOW DUE TO CRASH,Y,,,"OVER $1,500",05/25/2025 3:33,UNABLE TO DETERMINE,NOT APPLICABLE,6199,W,IRVING PARK RD,1633,,,,,,,2,NO INDICATION OF INJURY,0,0,0,0,0,2,0,3,1,5,2,0,3,1,5
CLEAR,DAYLIGHT,FIXED OBJECT,ONE-WAY,,STRAIGHT AND LEVEL,DRY,NO DEFECTS,ON SCENE,NO INJURY / DRIVE AWAY,,,,$500 OR LESS,05/25/2025 15:58,UNABLE TO DETERMINE,UNABLE TO DETERMINE,71,E,MADISON ST,112,,,,,,,1,NO INDICATION OF INJURY,0,0,0,0,0,1,0,15,1,5,1,0,15,1,5
UNKNOWN,DAYLIGHT,PARKED MOTOR VEHICLE,DIVIDED - W/MEDIAN (NOT RAISED),,STRAIGHT AND LEVEL,UNKNOWN,UNKNOWN,NOT ON SCENE (DESK REPORT),NO INJURY / DRIVE AWAY,,,Y,"OVER $1,500",02/24/2025 12:00,UNABLE TO DETERMINE,UNABLE TO DETERMINE,1400,S,WASHTENAW AVE,1023,,,,,,,2,NO INDICATION OF INJURY,0,0,0,0,0,1,0,10,5,2,1,0,10,5,2
CLEAR,DARKNESS,REAR END,NOT DIVIDED,,STRAIGHT AND LEVEL,DRY,NO DEFECTS,NOT ON SCENE (DESK REPORT),NO INJURY / DRIVE AWAY,,,Y,"$501 - $1,500",02/22/2025 13:04,FOLLOWING TOO CLOSELY,NOT APPLICABLE,6701,S,PULASKI RD,833,,,,,,,2,NO INDICATION OF INJURY,0,0,0,0,0,3,0,21,6,2,3,0,21,6,2
CLEAR,DUSK,PARKED MOTOR VEHICLE,NOT DIVIDED,,STRAIGHT AND LEVEL,DRY,NO DEFECTS,NOT ON SCENE (DESK REPORT),NO INJURY / DRIVE AWAY,,,,$500 OR LESS,02/24/2025 18:30,IMPROPER OVERTAKING/PASSING,DRIVING ON WRONG SIDE/WRONG WAY,2131,S,ARCHER AVE,914,,,,,,,2,NO INDICATION OF INJURY,0,0,0,0,0,1,0,17,2,2,1,0,17,2,2
CLEAR,DAYLIGHT,PARKED MOTOR VEHICLE,DIVIDED - W/MEDIAN (NOT RAISED),,STRAIGHT AND LEVEL,DRY,UNKNOWN,NOT ON SCENE (DESK REPORT),NO INJURY / DRIVE AWAY,,,Y,"OVER $1,500",05/25/2025 18:36,UNABLE TO DETERMINE,UNABLE TO DETERMINE,200,W,HUBBARD ST,1831,,,,,,,2,NO INDICATION OF INJURY,0,0,0,0,0,2,0,18,1,5,2,0,18,1,5
CLEAR,DARKNESS,REAR END,FOUR WAY,,STRAIGHT AND LEVEL,DRY,NO DEFECTS,NOT ON SCENE (DESK REPORT),NO INJURY / DRIVE AWAY,Y,,,"OVER $1,500",05/26/2025 0:10,FAILING TO REDUCE SPEED TO AVOID CRASH,NOT APPLICABLE,2010,N,PULASKI RD,2525,,,,,,,2,NO INDICATION OF INJURY,0,0,0,0,0,2,0,23,1,5,2,0,23,1,5
OTHER,"DARKNESS, LIGHTED ROAD",TURNING,FOUR WAY,,STRAIGHT AND LEVEL,WET,NO DEFECTS,ON SCENE,INJURY AND / OR TOW DUE TO CRASH,Y,,,"OVER $1,500",05/25/2025 4:02,IMPROPER TURNING/NO SIGNAL,FAILING TO YIELD RIGHT-OF-WAY,4329,N,ELSTON AVE,1723,,,,,,,2,NONINCAPACITATING INJURY,2,0,0,2,0,1,0,4,1,5,1,0,4,1,5
UNKNOWN,UNKNOWN,REAR TO FRONT,NOT DIVIDED,,STRAIGHT AND LEVEL,UNKNOWN,UNKNOWN,NOT ON SCENE (DESK REPORT),NO INJURY / DRIVE AWAY,,,,"OVER $1,500",05/25/2025 17:00,UNABLE TO DETERMINE,NOT APPLICABLE,2746,N,CLYBOURN AVE,1931,,,,,,,2,NO INDICATION OF INJURY,0,0,0,0,0,2,0,16,1,5,2,0,16,1,5
CLEAR,DAYLIGHT,ANGLE,NOT DIVIDED,,STRAIGHT AND LEVEL,DRY,NO DEFECTS,NOT ON SCENE (DESK REPORT),NO INJURY / DRIVE AWAY,,,,"OVER $1,500",05/25/2025 11:24,NOT APPLICABLE,NOT APPLICABLE,2514,W,DEVON AVE,2412,,,,,,,2,NO INDICATION OF INJURY,0,0,0,0,0,2,0,10,1,5,2,0,10,1,5
CLEAR,DAYLIGHT,SIDESWIPE SAME DIRECTION,DIVIDED - W/MEDIAN (NOT RAISED),,STRAIGHT AND LEVEL,DRY,UNKNOWN,NOT ON SCENE (DESK REPORT),NO INJURY / DRIVE AWAY,,,,"OVER $1,500",03/18/2025 19:30,IMPROPER LANE USAGE,FAILING TO REDUCE SPEED TO AVOID CRASH,810,N,LARRABEE ST,1822,,,,,,,2,NO INDICATION OF INJURY,0,0,0,0,0,2,0,18,3,3,2,0,18,3,3
CLEAR,"DARKNESS, LIGHTED ROAD",ANGLE,NOT DIVIDED,,STRAIGHT AND LEVEL,WET,NO DEFECTS,ON SCENE,INJURY AND / OR TOW DUE TO CRASH,,,,"OVER $1,500",05/25/2025 2:29,IMPROPER OVERTAKING/PASSING,UNABLE TO DETERMINE,4830,S,HALSTED ST,933,,,,,,,2,NO INDICATION OF INJURY,0,0,0,0,0,4,0,2,1,5,4,0,2,1,5
CLEAR,DAYLIGHT,REAR END,RAMP,,STRAIGHT AND LEVEL,DRY,NO DEFECTS,ON SCENE,INJURY AND / OR TOW DUE TO CRASH,,,,"$501 - $1,500",03/18/2025 18:45,FAILING TO REDUCE SPEED TO AVOID CRASH,FOLLOWING TOO CLOSELY,912,W,BRYN MAWR AVE,2022,,,,,,,2,INCAPACITATING INJURY,1,0,1,0,0,2,0,18,3,3,2,0,18,3,3
CLOUDY/OVERCAST,DAYLIGHT,PARKED MOTOR VEHICLE,ONE-WAY,,STRAIGHT AND LEVEL,DRY,NO DEFECTS,ON SCENE,INJURY AND / OR TOW DUE TO CRASH,,,Y,"OVER $1,500",05/25/2025 8:00,UNABLE TO DETERMINE,NOT APPLICABLE,3850,W,ARTHINGTON ST,1133,,,,,,,2,NO INDICATION OF INJURY,0,0,0,0,0,1,0,7,1,5,1,0,7,1,5
CLEAR,DAYLIGHT,FIXED OBJECT,ONE-WAY,,STRAIGHT AND LEVEL,DRY,NO DEFECTS,ON SCENE,INJURY AND / OR TOW DUE TO CRASH,,,,"OVER $1,500",02/21/2025 12:02,UNABLE TO DETERMINE,NOT APPLICABLE,3900,S,WENTWORTH AVE,925,,,,,,,1,NO INDICATION OF INJURY,0,0,0,0,0,1,0,12,6,2,1,0,12,6,2
CLEAR,DAYLIGHT,TURNING,DIVIDED - W/MEDIAN (NOT RAISED),,STRAIGHT AND LEVEL,DRY,UNKNOWN,NOT ON SCENE (DESK REPORT),NO INJURY / DRIVE AWAY,Y,,Y,"OVER $1,500",02/24/2025 16:10,UNABLE TO DETERMINE,UNABLE TO DETERMINE,4,E,69TH ST,322,,,,,,,2,NO INDICATION OF INJURY,0,0,0,0,0,2,0,14,2,2,2,0,14,2,2
CLEAR,"DARKNESS, LIGHTED ROAD",PARKED MOTOR VEHICLE,NOT DIVIDED,,STRAIGHT AND LEVEL,DRY,NO DEFECTS,ON SCENE,INJURY AND / OR TOW DUE TO CRASH,,,Y,"OVER $1,500",05/25/2025 2:15,UNABLE TO DETERMINE,NOT APPLICABLE,1821,N,HERMITAGE AVE,1433,Y,Y,,,,,3,NO INDICATION OF INJURY,0,0,0,0,0,1,0,2,1,5,1,0,2,1,5
CLEAR,DAYLIGHT,PEDALCYCLIST,NOT DIVIDED,,STRAIGHT AND LEVEL,DRY,NO DEFECTS,ON SCENE,INJURY AND / OR TOW DUE TO CRASH,,,Y,"$501 - $1,500",05/25/2025 17:33,DRIVING SKILLS/KNOWLEDGE/EXPERIENCE,NOT APPLICABLE,5055,N,CLARK ST,2033,,,Y,,,,2,NONINCAPACITATING INJURY,1,0,0,1,0,1,0,17,1,5,1,0,17,1,5
CLEAR,"DARKNESS, LIGHTED ROAD",SIDESWIPE SAME DIRECTION,NOT DIVIDED,,STRAIGHT AND LEVEL,DRY,NO DEFECTS,NOT ON SCENE (DESK REPORT),NO INJURY / DRIVE AWAY,,,Y,"$501 - $1,500",05/25/2025 22:39,IMPROPER LANE USAGE,UNABLE TO DETERMINE,1563,E,79TH ST,411,,,,,,,2,NO INDICATION OF INJURY,0,0,0,0,0,2,0,21,1,5,2,0,21,1,5
CLEAR,DAYLIGHT,OTHER OBJECT,FOUR WAY,,STRAIGHT AND LEVEL,DRY,NO DEFECTS,ON SCENE,INJURY AND / OR TOW DUE TO CRASH,Y,,,$500 OR LESS,05/25/2025 13:20,FAILING TO YIELD RIGHT-OF-WAY,NOT APPLICABLE,2555,N,CALIFORNIA AVE,1431,,,,,,,2,NONINCAPACITATING INJURY,1,0,0,1,0,1,0,13,1,5,1,0,13,1,5
CLEAR,DAYLIGHT,REAR TO SIDE,DIVIDED - W/MEDIAN (NOT RAISED),,STRAIGHT AND LEVEL,DRY,NO DEFECTS,ON SCENE,NO INJURY / DRIVE AWAY,,,,"OVER $1,500",02/20/2025 8:45,FAILING TO REDUCE SPEED TO AVOID CRASH,NOT APPLICABLE,10126,S,WESTERN AVE,2211,,,,,,,2,NO INDICATION OF INJURY,0,0,0,0,0,2,0,8,5,2,2,0,8,5,2
CLEAR,DAYLIGHT,ANGLE,FOUR WAY,,STRAIGHT AND LEVEL,DRY,NO DEFECTS,ON SCENE,INJURY AND / OR TOW DUE TO CRASH,Y,,,"OVER $1,500",02/22/2025 11:20,FAILING TO REDUCE SPEED TO AVOID CRASH,NOT APPLICABLE,5665,N,BROADWAY,2022,,,,,,,2,INCAPACITATING INJURY,2,0,1,1,0,4,0,11,7,2,4,0,11,7,2
CLEAR,"DARKNESS, LIGHTED ROAD",SIDESWIPE SAME DIRECTION,DIVIDED - W/MEDIAN (NOT RAISED),,STRAIGHT AND LEVEL,DRY,NO DEFECTS,NOT ON SCENE (DESK REPORT),NO INJURY / DRIVE AWAY,Y,,,"OVER $1,500",02/23/2025 23:00,FAILING TO YIELD RIGHT-OF-WAY,UNABLE TO DETERMINE,247,W,63RD ST,722,,,,,,,2,NO INDICATION OF INJURY,0,0,0,0,0,2,0,22,1,2,2,0,22,1,2
CLEAR,DAYLIGHT,TURNING,NOT DIVIDED,,STRAIGHT AND LEVEL,DRY,NO DEFECTS,NOT ON SCENE (DESK REPORT),NO INJURY / DRIVE AWAY,,,Y,"OVER $1,500",02/24/2025 12:00,FAILING TO YIELD RIGHT-OF-WAY,NOT APPLICABLE,2637,S,PULASKI RD,1031,,,,,,,2,NO INDICATION OF INJURY,0,0,0,0,0,2,0,11,2,2,2,0,11,2,2
CLEAR,DAYLIGHT,PARKED MOTOR VEHICLE,ONE-WAY,,STRAIGHT AND LEVEL,DRY,NO DEFECTS,ON SCENE,NO INJURY / DRIVE AWAY,,,,"OVER $1,500",02/24/2025 8:50,UNABLE TO DETERMINE,UNABLE TO DETERMINE,11536,S,THROOP ST,524,,,,,,,2,NO INDICATION OF INJURY,0,0,0,0,0,1,0,8,2,2,1,0,8,2,2
CLEAR,DAYLIGHT,TURNING,ONE-WAY,,STRAIGHT AND LEVEL,DRY,NO DEFECTS,ON SCENE,INJURY AND / OR TOW DUE TO CRASH,Y,,,"OVER $1,500",05/25/2025 14:00,FAILING TO YIELD RIGHT-OF-WAY,NOT APPLICABLE,41,W,WALTON ST,1832,,,,,,,2,NO INDICATION OF INJURY,0,0,0,0,0,10,0,13,1,5,10,0,13,1,5
CLEAR,DAYLIGHT,ANGLE,FOUR WAY,,STRAIGHT AND LEVEL,DRY,NO DEFECTS,,NO INJURY / DRIVE AWAY,Y,,,"OVER $1,500",06/07/2025 12:08,FAILING TO YIELD RIGHT-OF-WAY,UNABLE TO DETERMINE,6718,W,NORTH AVE,2513,,,,,,,2,NO INDICATION OF INJURY,0,0,0,0,0,2,0,12,7,6,2,0,12,7,6
CLEAR,DAWN,PARKED MOTOR VEHICLE,ONE-WAY,,STRAIGHT AND LEVEL,DRY,DEBRIS ON ROADWAY,ON SCENE,NO INJURY / DRIVE AWAY,,,,"OVER $1,500",05/25/2025 7:12,FAILING TO REDUCE SPEED TO AVOID CRASH,UNABLE TO DETERMINE,1220,N,WASHTENAW AVE,1423,,,,,,,4,NO INDICATION OF INJURY,0,0,0,0,0,1,0,7,1,5,1,0,7,1,5
CLEAR,UNKNOWN,PARKED MOTOR VEHICLE,NOT DIVIDED,,STRAIGHT AND LEVEL,DRY,NO DEFECTS,NOT ON SCENE (DESK REPORT),NO INJURY / DRIVE AWAY,,,,$500 OR LESS,05/26/2025 0:30,IMPROPER OVERTAKING/PASSING,NOT APPLICABLE,3019,N,LAMON AVE,2521,,,,,,,2,NO INDICATION OF INJURY,0,0,0,0,0,1,0,23,1,5,1,0,23,1,5
CLEAR,DAYLIGHT,PARKED MOTOR VEHICLE,NOT DIVIDED,,STRAIGHT AND LEVEL,DRY,NO DEFECTS,NOT ON SCENE (DESK REPORT),NO INJURY / DRIVE AWAY,,,,$500 OR LESS,02/20/2025 15:13,IMPROPER OVERTAKING/PASSING,NOT APPLICABLE,3026,W,MARQUETTE RD,831,,,,,,,2,NO INDICATION OF INJURY,0,0,0,0,0,1,0,14,5,2,1,0,14,5,2
RAIN,"DARKNESS, LIGHTED ROAD",TURNING,DIVIDED - W/MEDIAN (NOT RAISED),,STRAIGHT AND LEVEL,WET,UNKNOWN,ON SCENE,INJURY AND / OR TOW DUE TO CRASH,Y,,Y,"OVER $1,500",02/24/2025 21:32,FAILING TO YIELD RIGHT-OF-WAY,FAILING TO REDUCE SPEED TO AVOID CRASH,200,W,OAK ST,1823,,,,,,,2,NONINCAPACITATING INJURY,1,0,0,1,0,1,0,21,2,2,1,0,21,2,2
CLEAR,DAYLIGHT,PARKED MOTOR VEHICLE,ONE-WAY,,STRAIGHT AND LEVEL,DRY,NO DEFECTS,NOT ON SCENE (DESK REPORT),NO INJURY / DRIVE AWAY,,,,"OVER $1,500",02/24/2025 9:47,DRIVING SKILLS/KNOWLEDGE/EXPERIENCE,NOT APPLICABLE,620,N,SAWYER AVE,1121,,,,,,,2,NO INDICATION OF INJURY,0,0,0,0,0,2,0,8,2,2,2,0,8,2,2
CLEAR,DAYLIGHT,REAR END,DIVIDED - W/MEDIAN (NOT RAISED),,STRAIGHT AND LEVEL,DRY,UNKNOWN,,INJURY AND / OR TOW DUE TO CRASH,,,,"OVER $1,500",02/24/2025 9:00,FAILING TO REDUCE SPEED TO AVOID CRASH,UNABLE TO DETERMINE,2933,N,CENTRAL AVE,2514,,,,,,,2,"REPORTED, NOT EVIDENT",1,0,0,0,1,2,0,8,2,2,2,0,8,2,2
CLEAR,DAYLIGHT,REAR END,ONE-WAY,,STRAIGHT AND LEVEL,UNKNOWN,UNKNOWN,NOT ON SCENE (DESK REPORT),NO INJURY / DRIVE AWAY,,,,"OVER $1,500",03/18/2025 9:30,UNABLE TO DETERMINE,UNABLE TO DETERMINE,4235,S,WENTWORTH AVE,925,,,,,,,2,NO INDICATION OF INJURY,0,0,0,0,0,2,0,8,3,3,2,0,8,3,3
CLEAR,DUSK,REAR END,NOT DIVIDED,,STRAIGHT AND LEVEL,DRY,NO DEFECTS,NOT ON SCENE (DESK REPORT),NO INJURY / DRIVE AWAY,,,,"$501 - $1,500",05/25/2025 21:05,UNABLE TO DETERMINE,UNABLE TO DETERMINE,727,N,AUSTIN BLVD,1511,,,,,,,2,NO INDICATION OF INJURY,0,0,0,0,0,2,0,19,1,5,2,0,19,1,5
CLEAR,DAYLIGHT,REAR END,NOT DIVIDED,,STRAIGHT AND LEVEL,UNKNOWN,UNKNOWN,NOT ON SCENE (DESK REPORT),NO INJURY / DRIVE AWAY,,,,"$501 - $1,500",09/12/2023 16:40,UNABLE TO DETERMINE,NOT APPLICABLE,6601,W,GRAND AVE,2512,,,,,,,2,NO INDICATION OF INJURY,0,0,0,0,0,2,0,16,3,9,2,0,16,3,9
CLEAR,DAYLIGHT,SIDESWIPE SAME DIRECTION,FOUR WAY,,STRAIGHT AND LEVEL,DRY,NO DEFECTS,ON SCENE,INJURY AND / OR TOW DUE TO CRASH,,,,"OVER $1,500",03/18/2025 8:50,FOLLOWING TOO CLOSELY,UNABLE TO DETERMINE,1997,W,FULLERTON AVE,1432,,,,,,,2,"REPORTED, NOT EVIDENT",1,0,0,0,1,1,0,8,3,3,1,0,8,3,3
CLEAR,DAYLIGHT,PEDALCYCLIST,NOT DIVIDED,,STRAIGHT AND LEVEL,DRY,NO DEFECTS,NOT ON SCENE (DESK REPORT),INJURY AND / OR TOW DUE TO CRASH,,,Y,"OVER $1,500",03/19/2025 13:51,UNABLE TO DETERMINE,NOT APPLICABLE,724,S,STATE ST,123,,,,,,,2,"REPORTED, NOT EVIDENT",1,0,0,0,1,1,0,8,3,3,1,0,8,3,3
UNKNOWN,"DARKNESS, LIGHTED ROAD",PARKED MOTOR VEHICLE,DIVIDED - W/MEDIAN (NOT RAISED),,STRAIGHT AND LEVEL,DRY,NO DEFECTS,ON SCENE,NO INJURY / DRIVE AWAY,,,Y,"OVER $1,500",05/26/2025 5:51,UNABLE TO DETERMINE,UNABLE TO DETERMINE,4034,W,NORTH AVE,2534,,,,,,,2,NO INDICATION OF INJURY,0,0,0,0,0,1,0,11,1,5,1,0,11,1,5
CLEAR,"DARKNESS, LIGHTED ROAD",PARKED MOTOR VEHICLE,DIVIDED - W/MEDIAN (NOT RAISED),,STRAIGHT AND LEVEL,DRY,NO DEFECTS,NOT ON SCENE (DESK REPORT),NO INJURY / DRIVE AWAY,,,,"OVER $1,500",02/24/2025 18:50,UNABLE TO DETERMINE,UNABLE TO DETERMINE,3500,S,HALSTED ST,915,,,,,,,2,NO INDICATION OF INJURY,0,0,0,0,0,1,0,18,2,2,1,0,18,2,2
CLEAR,DAYLIGHT,PARKED MOTOR VEHICLE,NOT DIVIDED,,STRAIGHT AND LEVEL,DRY,NO DEFECTS,NOT ON SCENE (DESK REPORT),NO INJURY / DRIVE AWAY,,,Y,"OVER $1,500",02/24/2025 19:45,IMPROPER OVERTAKING/PASSING,UNABLE TO DETERMINE,4700,W,FLOURNOY ST,1131,,,,,,,2,NO INDICATION OF INJURY,0,0,0,0,0,1,0,10,2,2,1,0,10,2,2
CLEAR,"DARKNESS, LIGHTED ROAD",PARKED MOTOR VEHICLE,ONE-WAY,,STRAIGHT AND LEVEL,DRY,NO DEFECTS,ON SCENE,NO INJURY / DRIVE AWAY,,,Y,$500 OR LESS,02/22/2025 9:39,UNABLE TO DETERMINE,NOT APPLICABLE,6145,S,VERNON AVE,313,,,,,,,2,NO INDICATION OF INJURY,0,0,0,0,0,1,0,3,7,2,1,0,3,7,2
CLEAR,DAYLIGHT,ANGLE,FOUR WAY,,STRAIGHT AND LEVEL,DRY,NO DEFECTS,,NO INJURY / DRIVE AWAY,,,,"OVER $1,500",02/24/2025 9:20,DISREGARDING TRAFFIC SIGNALS,NOT APPLICABLE,700,N,WELLS ST,1831,,,,,,,2,NO INDICATION OF INJURY,0,0,0,0,0,2,0,11,1,2,2,0,11,1,2
CLEAR,DAYLIGHT,REAR END,NOT DIVIDED,,STRAIGHT ON GRADE,DRY,NO DEFECTS,,NO INJURY / DRIVE AWAY,Y,,Y,"OVER $1,500",01/03/2025 14:15,FAILING TO REDUCE SPEED TO AVOID CRASH,DRIVING SKILLS/KNOWLEDGE/EXPERIENCE,11060,S,WESTERN AVE,2212,,,,,,,2,NO INDICATION OF INJURY,0,0,0,0,0,2,0,13,6,1,2,0,13,6,1
CLEAR,UNKNOWN,PARKED MOTOR VEHICLE,ONE-WAY,,STRAIGHT AND LEVEL,DRY,NO DEFECTS,ON SCENE,NO INJURY / DRIVE AWAY,,,Y,"OVER $1,500",05/25/2025 11:49,UNABLE TO DETERMINE,NOT APPLICABLE,826,N,ST LOUIS AVE,1121,,,,,,,2,NO INDICATION OF INJURY,0,0,0,0,0,1,0,11,1,5,1,0,11,1,5
CLEAR,DAYLIGHT,PARKED MOTOR VEHICLE,PARKING LOT,,STRAIGHT AND LEVEL,WET,NO DEFECTS,NOT ON SCENE (DESK REPORT),NO INJURY / DRIVE AWAY,,,Y,$500 OR LESS,03/18/2025 9:10,DRIVING SKILLS/KNOWLEDGE/EXPERIENCE,DRIVING SKILLS/KNOWLEDGE/EXPERIENCE,4047,E,106TH ST,432,,,,,,,2,NO INDICATION OF INJURY,0,0,0,0,0,1,0,8,3,3,1,0,8,3,3
CLEAR,DAYLIGHT,PARKED MOTOR VEHICLE,ONE-WAY,,STRAIGHT AND LEVEL,DRY,UNKNOWN,NOT ON SCENE (DESK REPORT),NO INJURY / DRIVE AWAY,,,,"OVER $1,500",03/19/2025 17:40,UNABLE TO DETERMINE,NOT APPLICABLE,4706,W,POLK ST,1131,,,,,,,2,NO INDICATION OF INJURY,0,0,0,0,0,1,0,12,3,3,1,0,12,3,3
SNOW,"DARKNESS, LIGHTED ROAD",FIXED OBJECT,FOUR WAY,,STRAIGHT AND LEVEL,SNOW OR SLUSH,NO DEFECTS,,INJURY AND / OR TOW DUE TO CRASH,,,Y,"OVER $1,500",02/15/2025 0:21,UNABLE TO DETERMINE,UNABLE TO DETERMINE,39,W,75TH ST,623,,,,,,,1,NO INDICATION OF INJURY,0,0,0,0,0,1,0,23,6,2,1,0,23,6,2
CLEAR,"DARKNESS, LIGHTED ROAD",FIXED OBJECT,RAMP,,STRAIGHT AND LEVEL,DRY,NO DEFECTS,ON SCENE,INJURY AND / OR TOW DUE TO CRASH,,,,"OVER $1,500",02/18/2025 2:31,UNABLE TO DETERMINE,NOT APPLICABLE,1042,E,OAKWOOD BLVD,212,,,,,,,1,NONINCAPACITATING INJURY,1,0,0,1,0,0,0,2,3,2,0,0,2,3,2
CLEAR,"DARKNESS, LIGHTED ROAD",ANGLE,NOT DIVIDED,,STRAIGHT AND LEVEL,DRY,NO DEFECTS,NOT ON SCENE (DESK REPORT),NO INJURY / DRIVE AWAY,Y,,,"OVER $1,500",02/24/2025 19:45,UNABLE TO DETERMINE,NOT APPLICABLE,1900,N,CAMPBELL AVE,1434,,,,,,,2,NO INDICATION OF INJURY,0,0,0,0,0,4,0,19,2,2,4,0,19,2,2