WEATHER_CONDITION,LIGHTING_CONDITION,FIRST_CRASH_TYPE,TRAFFICWAY_TYPE,LANE_CNT,ALIGNMENT,ROADWAY_SURFACE_COND,ROAD_DEFECT,REPORT_TYPE,CRASH_TYPE,INTERSECTION_RELATED_I,NOT_RIGHT_OF_WAY_I,HIT_AND_RUN_I,DAMAGE,DATE_POLICE_NOTIFIED,PRIM_CONTRIBUTORY_CAUSE,SEC_CONTRIBUTORY_CAUSE,STREET_NO,STREET_DIRECTION,STREET_NAME,BEAT_OF_OCCURRENCE,PHOTOS_TAKEN_I,STATEMENTS_TAKEN_I,DOORING_I,WORK_ZONE_I,WORK_ZONE_TYPE,WORKERS_PRESENT_I,NUM_UNITS,MOST_SEVERE_INJURY,INJURIES_TOTAL,INJURIES_FATAL,INJURIES_INCAPACITATING,INJURIES_NON_INCAPACITATING,INJURIES_REPORTED_NOT_EVIDENT,INJURIES_NO_INDICATION,INJURIES_UNKNOWN,CRASH_HOUR,CRASH_DAY_OF_WEEK,CRASH_MONTH,INJURIES_NO_INDICATION,INJURIES_UNKNOWN,CRASH_HOUR,CRASH_DAY_OF_WEEK,CRASH_MONTH
CLEAR,DAYLIGHT,PARKED MOTOR VEHICLE,ONE-WAY,,STRAIGHT AND LEVEL,DRY,NO DEFECTS,NOT ON SCENE (DESK REPORT),NO INJURY / DRIVE AWAY,,,Y,"OVER $1,500",02/24/2025 14:50,UNABLE TO DETERMINE,UNABLE TO DETERMINE,2955,N,MEADE AVE,2511,,,,,,,2,NO INDICATION OF INJURY,0,0,0,0,0,1,0,12,2,2,1,0,12,2,2
CLEAR,DAYLIGHT,PARKED MOTOR VEHICLE,ONE-WAY,,STRAIGHT AND LEVEL,DRY,NO DEFECTS,NOT ON SCENE (DESK REPORT),NO INJURY / DRIVE AWAY,,,,"OVER $1,500",03/18/2025 18:10,IMPROPER OVERTAKING/PASSING,UNABLE TO DETERMINE,4600,W,MONTROSE AVE,1722,,,,,,,2,NO INDICATION OF INJURY,0,0,0,0,0,1,0,8,3,3,1,0,8,3,3
CLEAR,DAYLIGHT,PARKED MOTOR VEHICLE,NOT DIVIDED,,STRAIGHT AND LEVEL,UNKNOWN,NO DEFECTS,NOT ON SCENE (DESK REPORT),NO INJURY / DRIVE AWAY,,,Y,"OVER $1,500",05/25/2025 12:55,DRIVING SKILLS/KNOWLEDGE/EXPERIENCE,"OPERATING VEHICLE IN ERRATIC, RECKLESS, CARELESS, NEGLIGENT OR AGGRESSIVE MANNER",3911,N,ASHLAND AVE,1922,,,,,,,2,NO INDICATION OF INJURY,0,0,0,0,0,1,0,9,1,5,1,0,9,1,5
CLEAR,"DARKNESS, LIGHTED ROAD",TURNING,FOUR WAY,,STRAIGHT AND LEVEL,DRY,NO DEFECTS,ON SCENE,INJURY AND / OR TOW DUE TO CRASH,Y,,,"OVER $1,500",03/18/2025 22:52,FAILING TO YIELD RIGHT-OF-WAY,UNABLE TO DETERMINE,3901,S,STATE ST,213,,Y,,,,,2,NONINCAPACITATING INJURY,1,0,0,1,0,1,0,22,3,3,1,0,22,3,3
CLEAR,"DARKNESS, LIGHTED ROAD",PARKED MOTOR VEHICLE,NOT DIVIDED,,STRAIGHT AND LEVEL,DRY,NO DEFECTS,ON SCENE,NO INJURY / DRIVE AWAY,,,,"$501 - $1,500",03/18/2025 9:09,IMPROPER OVERTAKING/PASSING,IMPROPER LANE USAGE,300,N,LOWER COLUMBUS DR,114,,,,,,,2,NO INDICATION OF INJURY,0,0,0,0,0,1,0,8,3,3,1,0,8,3,3
CLEAR,"DARKNESS, LIGHTED ROAD",PARKED MOTOR VEHICLE,ONE-WAY,,STRAIGHT AND LEVEL,DRY,NO DEFECTS,NOT ON SCENE (DESK REPORT),NO INJURY / DRIVE AWAY,,Y,,"OVER $1,500",02/24/2025 19:26,IMPROPER OVERTAKING/PASSING,DRIVING SKILLS/KNOWLEDGE/EXPERIENCE,2468,N,MILWAUKEE AVE,1414,,,,,,,2,NO INDICATION OF INJURY,0,0,0,0,0,1,0,17,6,2,1,0,17,6,2
UNKNOWN,"DARKNESS, LIGHTED ROAD",SIDESWIPE SAME DIRECTION,NOT DIVIDED,,STRAIGHT AND LEVEL,UNKNOWN,UNKNOWN,NOT ON SCENE (DESK REPORT),NO INJURY / DRIVE AWAY,,,,"OVER $1,500",02/22/2025 23:06,IMPROPER OVERTAKING/PASSING,UNABLE TO DETERMINE,1,W,103RD ST,512,,,,,,,2,NO INDICATION OF INJURY,0,0,0,0,0,4,0,23,7,2,4,0,23,7,2
UNKNOWN,"DARKNESS, LIGHTED ROAD",PARKED MOTOR VEHICLE,NOT DIVIDED,,STRAIGHT AND LEVEL,UNKNOWN,UNKNOWN,NOT ON SCENE (DESK REPORT),INJURY AND / OR TOW DUE TO CRASH,,,Y,"OVER $1,500",02/24/2025 3:10,IMPROPER OVERTAKING/PASSING,UNABLE TO DETERMINE,11644,S,HALSTED ST,524,,,,,,,2,NO INDICATION OF INJURY,0,0,0,0,0,1,0,2,1,2,1,0,2,1,2
CLOUDY/OVERCAST,DAYLIGHT,PARKED MOTOR VEHICLE,DIVIDED - W/MEDIAN (NOT RAISED),,STRAIGHT AND LEVEL,UNKNOWN,UNKNOWN,NOT ON SCENE (DESK REPORT),NO INJURY / DRIVE AWAY,,,Y,"OVER $1,500",02/24/2025 13:02,FOLLOWING TOO CLOSELY,DRIVING SKILLS/KNOWLEDGE/EXPERIENCE,1541,W,DEVON AVE,2433,,,,,,,2,NO INDICATION OF INJURY,0,0,0,0,0,2,0,12,2,2,2,0,12,2,2
CLEAR,DAYLIGHT,PARKED MOTOR VEHICLE,PARKING LOT,,STRAIGHT ON GRADE,DRY,NO DEFECTS,ON SCENE,NO INJURY / DRIVE AWAY,,,,"OVER $1,500",02/24/2025 8:13,IMPROPER TURNING/NO SIGNAL,IMPROPER TURNING/NO SIGNAL,200,S,LOWER WACKER DR,122,,,,,,,2,NO INDICATION OF INJURY,0,0,0,0,0,1,0,7,2,2,1,0,7,2,2
CLEAR,DAYLIGHT,REAR END,NOT DIVIDED,,STRAIGHT AND LEVEL,DRY,NO DEFECTS,NOT ON SCENE (DESK REPORT),NO INJURY / DRIVE AWAY,,,,"OVER $1,500",02/24/2025 12:00,FOLLOWING TOO CLOSELY,FOLLOWING TOO CLOSELY,5160,N,MILWAUKEE AVE,1623,,,,,,,2,NO INDICATION OF INJURY,0,0,0,0,0,2,0,13,7,2,2,0,13,7,2
CLEAR,DAYLIGHT,PARKED MOTOR VEHICLE,FOUR WAY,,STRAIGHT AND LEVEL,DRY,NO DEFECTS,ON SCENE,INJURY AND / OR TOW DUE TO CRASH,Y,,,"OVER $1,500",03/18/2025 15:08,FOLLOWING TOO CLOSELY,FAILING TO REDUCE SPEED TO AVOID CRASH,5256,W,SUNNYSIDE AVE,1623,,,,,,,2,NONINCAPACITATING INJURY,1,0,0,1,0,2,0,15,3,3,2,0,15,3,3
CLEAR,DAYLIGHT,SIDESWIPE SAME DIRECTION,DIVIDED - W/MEDIAN BARRIER,,STRAIGHT AND LEVEL,DRY,NO DEFECTS,ON SCENE,NO INJURY / DRIVE AWAY,,,,"OVER $1,500",02/16/2025 12:27,IMPROPER LANE USAGE,NOT APPLICABLE,11549,S,WESTERN AVE,2212,,,,,,,2,NO INDICATION OF INJURY,0,0,0,0,0,2,0,12,1,2,2,0,12,1,2
SNOW,UNKNOWN,FIXED OBJECT,ONE-WAY,,STRAIGHT AND LEVEL,SNOW OR SLUSH,UNKNOWN,ON SCENE,NO INJURY / DRIVE AWAY,,Y,Y,"OVER $1,500",02/19/2025 9:11,UNABLE TO DETERMINE,UNABLE TO DETERMINE,6122,S,INDIANA AVE,311,,Y,,,,,1,NO INDICATION OF INJURY,0,0,0,0,0,1,0,22,2,2,1,0,22,2,2
UNKNOWN,UNKNOWN,TURNING,T-INTERSECTION,,STRAIGHT AND LEVEL,UNKNOWN,UNKNOWN,NOT ON SCENE (DESK REPORT),INJURY AND / OR TOW DUE TO CRASH,Y,,,"OVER $1,500",02/24/2025 10:45,UNABLE TO DETERMINE,UNABLE TO DETERMINE,5862,W,CORTLAND ST,2531,,,,,,,2,"REPORTED, NOT EVIDENT",1,0,0,0,1,1,0,14,1,2,1,0,14,1,2
CLEAR,DAYLIGHT,TURNING,DIVIDED - W/MEDIAN (NOT RAISED),,STRAIGHT AND LEVEL,DRY,UNKNOWN,ON SCENE,NO INJURY / DRIVE AWAY,Y,,,"OVER $1,500",02/24/2025 9:45,FAILING TO YIELD RIGHT-OF-WAY,NOT APPLICABLE,4104,S,CICERO AVE,814,,,,,,,2,NO INDICATION OF INJURY,0,0,0,0,0,3,0,9,2,2,3,0,9,2,2
CLEAR,DAYLIGHT,REAR END,NOT DIVIDED,,STRAIGHT AND LEVEL,DRY,NO DEFECTS,ON SCENE,NO INJURY / DRIVE AWAY,,,,"OVER $1,500",02/24/2025 15:53,FOLLOWING TOO CLOSELY,FOLLOWING TOO CLOSELY,1699,W,AUGUSTA BLVD,1213,,,,,,,2,NO INDICATION OF INJURY,0,0,0,0,0,2,0,15,2,2,2,0,15,2,2
CLEAR,DAYLIGHT,REAR END,NOT DIVIDED,,STRAIGHT AND LEVEL,DRY,NO DEFECTS,ON SCENE,NO INJURY / DRIVE AWAY,,,,$500 OR LESS,05/25/2025 17:40,UNABLE TO DETERMINE,NOT APPLICABLE,4734,W,NORTH AVE,2533,,,,,,,2,NO INDICATION OF INJURY,0,0,0,0,0,6,0,17,1,5,6,0,17,1,5
CLEAR,DAYLIGHT,FIXED OBJECT,PARKING LOT,,STRAIGHT AND LEVEL,DRY,NO DEFECTS,NOT ON SCENE (DESK REPORT),NO INJURY / DRIVE AWAY,,,,"OVER $1,500",03/18/2025 14:50,UNABLE TO DETERMINE,UNABLE TO DETERMINE,111,W,WACKER DR,122,,,,,,,1,NO INDICATION OF INJURY,0,0,0,0,0,1,0,13,3,3,1,0,13,3,3
CLEAR,DAYLIGHT,SIDESWIPE SAME DIRECTION,DIVIDED - W/MEDIAN (NOT RAISED),,STRAIGHT AND LEVEL,DRY,UNKNOWN,NOT ON SCENE (DESK REPORT),NO INJURY / DRIVE AWAY,,,,"OVER $1,500",03/18/2025 11:07,UNABLE TO DETERMINE,UNABLE TO DETERMINE,5700,S,CALIFORNIA AVE,824,,,,,,,2,NO INDICATION OF INJURY,0,0,0,0,0,2,0,6,3,3,2,0,6,3,3
CLEAR,DAYLIGHT,REAR END,NOT DIVIDED,,STRAIGHT AND LEVEL,DRY,NO DEFECTS,NOT ON SCENE (DESK REPORT),NO INJURY / DRIVE AWAY,Y,,,"OVER $1,500",03/18/2025 18:40,NOT APPLICABLE,NOT APPLICABLE,4800,W,HURON ST,1531,,,,,,,2,NO INDICATION OF INJURY,0,0,0,0,0,2,0,16,3,3,2,0,16,3,3
SNOW,"DARKNESS, LIGHTED ROAD",PARKED MOTOR VEHICLE,ONE-WAY,,STRAIGHT AND LEVEL,SNOW OR SLUSH,UNKNOWN,,INJURY AND / OR TOW DUE TO CRASH,,,Y,"$501 - $1,500",02/13/2025 21:00,UNABLE TO DETERMINE,NOT APPLICABLE,22,E,70TH ST,322,,,,,,,2,"REPORTED, NOT EVIDENT",1,0,0,0,1,1,0,19,5,2,1,0,19,5,2
UNKNOWN,UNKNOWN,PARKED MOTOR VEHICLE,PARKING LOT,,STRAIGHT AND LEVEL,UNKNOWN,UNKNOWN,NOT ON SCENE (DESK REPORT),NO INJURY / DRIVE AWAY,,Y,Y,$500 OR LESS,02/24/2025 13:36,UNABLE TO DETERMINE,UNABLE TO DETERMINE,3154,W,64TH ST,823,,,,,,,2,NO INDICATION OF INJURY,0,0,0,0,0,1,0,15,7,2,1,0,15,7,2
CLEAR,DAYLIGHT,SIDESWIPE SAME DIRECTION,DIVIDED - W/MEDIAN (NOT RAISED),,STRAIGHT AND LEVEL,DRY,NO DEFECTS,ON SCENE,INJURY AND / OR TOW DUE TO CRASH,,,,"$501 - $1,500",06/24/2025 18:17,IMPROPER LANE USAGE,NOT APPLICABLE,4799,S,CICERO AVE,815,,,,,,,2,NO INDICATION OF INJURY,0,0,0,0,0,2,0,18,3,6,2,0,18,3,6
CLEAR,DAYLIGHT,ANGLE,FOUR WAY,,STRAIGHT AND LEVEL,DRY,NO DEFECTS,ON SCENE,INJURY AND / OR TOW DUE TO CRASH,Y,,,"OVER $1,500",02/18/2025 8:53,FAILING TO YIELD RIGHT-OF-WAY,FAILING TO YIELD RIGHT-OF-WAY,8100,S,HALSTED ST,613,,,,,,,2,"REPORTED, NOT EVIDENT",1,0,0,0,1,1,0,8,3,2,1,0,8,3,2
CLEAR,"DARKNESS, LIGHTED ROAD",FIXED OBJECT,DIVIDED - W/MEDIAN BARRIER,,STRAIGHT AND LEVEL,DRY,"RUT, HOLES",NOT ON SCENE (DESK REPORT),NO INJURY / DRIVE AWAY,Y,,,$500 OR LESS,02/24/2025 15:22,NOT APPLICABLE,NOT APPLICABLE,1709,E,103RD ST,434,,,,,,,1,NO INDICATION OF INJURY,0,0,0,0,0,1,0,18,4,2,1,0,18,4,2
UNKNOWN,UNKNOWN,PARKED MOTOR VEHICLE,DIVIDED - W/MEDIAN (NOT RAISED),,STRAIGHT AND LEVEL,UNKNOWN,UNKNOWN,NOT ON SCENE (DESK REPORT),NO INJURY / DRIVE AWAY,,,Y,"OVER $1,500",02/24/2025 19:30,FOLLOWING TOO CLOSELY,UNABLE TO DETERMINE,7010,N,SHERIDAN RD,2423,,,,,,,2,NO INDICATION OF INJURY,0,0,0,0,0,3,0,17,2,2,3,0,17,2,2
CLEAR,DAWN,TURNING,NOT DIVIDED,,STRAIGHT AND LEVEL,UNKNOWN,UNKNOWN,ON SCENE,NO INJURY / DRIVE AWAY,Y,,,"OVER $1,500",02/24/2025 17:44,IMPROPER TURNING/NO SIGNAL,IMPROPER TURNING/NO SIGNAL,6222,N,RIDGE AVE,2413,,,,,,,2,NO INDICATION OF INJURY,0,0,0,0,0,3,0,17,2,2,3,0,17,2,2
CLEAR,"DARKNESS, LIGHTED ROAD",TURNING,FOUR WAY,,STRAIGHT AND LEVEL,UNKNOWN,UNKNOWN,ON SCENE,INJURY AND / OR TOW DUE TO CRASH,Y,,,"OVER $1,500",10/27/2025 20:54,DISREGARDING TRAFFIC SIGNALS,FAILING TO YIELD RIGHT-OF-WAY,8300,S,SOUTH CHICAGO AVE,412,,,,,,,3,NONINCAPACITATING INJURY,2,0,0,2,0,2,0,19,2,10,2,0,19,2,10
CLEAR,DAYLIGHT,SIDESWIPE SAME DIRECTION,FOUR WAY,,STRAIGHT AND LEVEL,DRY,NO DEFECTS,ON SCENE,INJURY AND / OR TOW DUE TO CRASH,,,,"OVER $1,500",03/18/2025 17:32,IMPROPER LANE USAGE,FAILING TO REDUCE SPEED TO AVOID CRASH,6761,N,SHERIDAN RD,2432,,,,,,,2,NO INDICATION OF INJURY,0,0,0,0,0,2,0,17,3,3,2,0,17,3,3
CLEAR,DAYLIGHT,SIDESWIPE SAME DIRECTION,NOT DIVIDED,,STRAIGHT AND LEVEL,DRY,NO DEFECTS,NOT ON SCENE (DESK REPORT),NO INJURY / DRIVE AWAY,,,,"$501 - $1,500",03/18/2025 16:05,NOT APPLICABLE,NOT APPLICABLE,7128,W,DEVON AVE,1611,,,,,,,2,NO INDICATION OF INJURY,0,0,0,0,0,2,0,15,3,3,2,0,15,3,3
CLEAR,DAYLIGHT,ANGLE,ALLEY,,STRAIGHT AND LEVEL,DRY,NO DEFECTS,NOT ON SCENE (DESK REPORT),NO INJURY / DRIVE AWAY,,,,"$501 - $1,500",02/24/2025 13:30,FAILING TO YIELD RIGHT-OF-WAY,FAILING TO YIELD RIGHT-OF-WAY,8500,S,PULASKI RD,834,,,,,,,2,NO INDICATION OF INJURY,0,0,0,0,0,2,0,11,6,2,2,0,11,6,2
CLEAR,DAYLIGHT,PARKED MOTOR VEHICLE,DIVIDED - W/MEDIAN (NOT RAISED),,STRAIGHT AND LEVEL,DRY,UNKNOWN,NOT ON SCENE (DESK REPORT),NO INJURY / DRIVE AWAY,Y,,Y,"OVER $1,500",02/23/2025 11:45,UNABLE TO DETERMINE,UNABLE TO DETERMINE,2746,N,MILWAUKEE AVE,1412,,,,,,,2,NO INDICATION OF INJURY,0,0,0,0,0,1,0,13,7,2,1,0,13,7,2
UNKNOWN,DAYLIGHT,ANGLE,FOUR WAY,,STRAIGHT AND LEVEL,DRY,NO DEFECTS,NOT ON SCENE (DESK REPORT),NO INJURY / DRIVE AWAY,,,,"OVER $1,500",02/24/2025 12:30,UNABLE TO DETERMINE,NOT APPLICABLE,950,W,BARRY AVE,1933,,,,,,,2,NO INDICATION OF INJURY,0,0,0,0,0,2,0,18,1,2,2,0,18,1,2
CLEAR,"DARKNESS, LIGHTED ROAD",TURNING,FOUR WAY,,STRAIGHT AND LEVEL,DRY,NO DEFECTS,,INJURY AND / OR TOW DUE TO CRASH,Y,,,"OVER $1,500",02/23/2025 23:03,UNABLE TO DETERMINE,UNABLE TO DETERMINE,4800,W,ARMITAGE AVE,2522,,,,,,,5,"REPORTED, NOT EVIDENT",1,0,0,0,1,4,0,23,1,2,4,0,23,1,2
CLEAR,DAYLIGHT,PARKED MOTOR VEHICLE,ONE-WAY,,STRAIGHT AND LEVEL,DRY,NO DEFECTS,ON SCENE,INJURY AND / OR TOW DUE TO CRASH,Y,,Y,"OVER $1,500",02/24/2025 16:44,IMPROPER BACKING,"OPERATING VEHICLE IN ERRATIC, RECKLESS, CARELESS, NEGLIGENT OR AGGRESSIVE MANNER",8500,S,CALUMET AVE,632,,,,,,,2,NO INDICATION OF INJURY,0,0,0,0,0,1,0,16,2,2,1,0,16,2,2
CLEAR,DARKNESS,PEDESTRIAN,DIVIDED - W/MEDIAN (NOT RAISED),,STRAIGHT AND LEVEL,DRY,NO DEFECTS,ON SCENE,INJURY AND / OR TOW DUE TO CRASH,,,,$500 OR LESS,02/24/2025 19:07,UNABLE TO DETERMINE,IMPROPER LANE USAGE,2536,W,DEVON AVE,2412,,,,,,,2,NONINCAPACITATING INJURY,1,0,0,1,0,1,0,18,2,2,1,0,18,2,2
CLEAR,DAWN,REAR TO FRONT,NOT DIVIDED,,STRAIGHT AND LEVEL,DRY,NO DEFECTS,NOT ON SCENE (DESK REPORT),NO INJURY / DRIVE AWAY,,,Y,"OVER $1,500",03/18/2025 22:45,IMPROPER BACKING,NOT APPLICABLE,4500,W,CHICAGO AVE,1111,,,,,,,2,NO INDICATION OF INJURY,0,0,0,0,0,2,0,18,3,3,2,0,18,3,3
SNOW,DAYLIGHT,PARKED MOTOR VEHICLE,NOT DIVIDED,,STRAIGHT AND LEVEL,SNOW OR SLUSH,NO DEFECTS,NOT ON SCENE (DESK REPORT),NO INJURY / DRIVE AWAY,,,,$500 OR LESS,01/10/2025 11:21,UNABLE TO DETERMINE,UNABLE TO DETERMINE,3357,W,112TH PL,2211,,,,,,,2,NO INDICATION OF INJURY,0,0,0,0,0,1,0,11,6,1,1,0,11,6,1
CLEAR,DAYLIGHT,ANGLE,DIVIDED - W/MEDIAN (NOT RAISED),,STRAIGHT AND LEVEL,DRY,NO DEFECTS,ON SCENE,INJURY AND / OR TOW DUE TO CRASH,Y,,,"OVER $1,500",03/18/2025 14:38,FAILING TO YIELD RIGHT-OF-WAY,FAILING TO YIELD RIGHT-OF-WAY,3000,N,OAK PARK AVE,2511,,,,,,,2,NONINCAPACITATING INJURY,1,0,0,1,0,1,0,14,3,3,1,0,14,3,3
CLEAR,DAYLIGHT,FIXED OBJECT,DIVIDED - W/MEDIAN BARRIER,,STRAIGHT AND LEVEL,DRY,NO DEFECTS,ON SCENE,NO INJURY / DRIVE AWAY,,,,"OVER $1,500",02/05/2025 10:50,ROAD ENGINEERING/SURFACE/MARKING DEFECTS,ROAD ENGINEERING/SURFACE/MARKING DEFECTS,380,W,ROOT ST,925,,,,,,,1,NO INDICATION OF INJURY,0,0,0,0,0,1,0,10,4,2,1,0,10,4,2
CLEAR,"DARKNESS, LIGHTED ROAD",REAR END,DIVIDED - W/MEDIAN BARRIER,,STRAIGHT AND LEVEL,DRY,UNKNOWN,NOT ON SCENE (DESK REPORT),NO INJURY / DRIVE AWAY,,,Y,"$501 - $1,500",05/25/2025 21:15,UNABLE TO DETERMINE,NOT APPLICABLE,2200,S,LAKE SHORE DR SB,132,,,,,,,2,NO INDICATION OF INJURY,0,0,0,0,0,4,0,21,1,5,4,0,21,1,5
CLEAR,DAYLIGHT,TURNING,FOUR WAY,,STRAIGHT AND LEVEL,DRY,NO DEFECTS,NOT ON SCENE (DESK REPORT),NO INJURY / DRIVE AWAY,,,Y,"$501 - $1,500",02/23/2025 11:10,FAILING TO YIELD RIGHT-OF-WAY,NOT APPLICABLE,6200,N,SHERIDAN RD,2433,,,,,,,2,NO INDICATION OF INJURY,0,0,0,0,0,3,0,11,1,2,3,0,11,1,2
RAIN,"DARKNESS, LIGHTED ROAD",FIXED OBJECT,DIVIDED - W/MEDIAN BARRIER,,STRAIGHT AND LEVEL,WET,NO DEFECTS,ON SCENE,INJURY AND / OR TOW DUE TO CRASH,,,,"OVER $1,500",02/24/2025 23:07,WEATHER,WEATHER,1000,N,LAKE SHORE DR,1824,,,,,,,1,NO INDICATION OF INJURY,0,0,0,0,0,1,0,23,2,2,1,0,23,2,2
CLEAR,"DARKNESS, LIGHTED ROAD",ANGLE,FOUR WAY,,STRAIGHT AND LEVEL,DRY,NO DEFECTS,ON SCENE,INJURY AND / OR TOW DUE TO CRASH,Y,,,"OVER $1,500",02/24/2025 2:47,DISREGARDING TRAFFIC SIGNALS,NOT APPLICABLE,2001,W,35TH ST,912,,,,,,,2,NO INDICATION OF INJURY,0,0,0,0,0,4,0,2,2,2,4,0,2,2,2
CLEAR,DAYLIGHT,TURNING,FOUR WAY,,STRAIGHT AND LEVEL,UNKNOWN,NO DEFECTS,NOT ON SCENE (DESK REPORT),NO INJURY / DRIVE AWAY,,,,"OVER $1,500",03/18/2025 8:45,UNABLE TO DETERMINE,NOT APPLICABLE,191,N,CLARK ST,111,,,,,,,2,NO INDICATION OF INJURY,0,0,0,0,0,2,0,7,3,3,2,0,7,3,3
CLEAR,DAYLIGHT,SIDESWIPE SAME DIRECTION,NOT DIVIDED,,STRAIGHT AND LEVEL,DRY,NO DEFECTS,NOT ON SCENE (DESK REPORT),NO INJURY / DRIVE AWAY,,,,"$501 - $1,500",05/25/2025 17:58,IMPROPER OVERTAKING/PASSING,NOT APPLICABLE,600,E,GRAND AVE,1834,,,,,,,2,NO INDICATION OF INJURY,0,0,0,0,0,2,0,17,1,5,2,0,17,1,5
CLEAR,"DARKNESS, LIGHTED ROAD",REAR END,DIVIDED - W/MEDIAN (NOT RAISED),,STRAIGHT AND LEVEL,DRY,NO DEFECTS,NOT ON SCENE (DESK REPORT),NO INJURY / DRIVE AWAY,,,,"OVER $1,500",02/24/2025 17:29,FOLLOWING TOO CLOSELY,NOT APPLICABLE,4113,S,PULASKI RD,821,,,,,,,2,NO INDICATION OF INJURY,0,0,0,0,0,2,0,20,1,2,2,0,20,1,2
CLEAR,DAYLIGHT,PARKED MOTOR VEHICLE,NOT DIVIDED,,STRAIGHT AND LEVEL,DRY,NO DEFECTS,ON SCENE,INJURY AND / OR TOW DUE TO CRASH,,,,"OVER $1,500",02/24/2025 17:45,FAILING TO REDUCE SPEED TO AVOID CRASH,NOT APPLICABLE,321,E,35TH ST,212,,,,,,,3,NONINCAPACITATING INJURY,2,0,0,2,0,2,0,17,2,2,2,0,17,2,2
CLEAR,DAYLIGHT,FIXED OBJECT,ALLEY,,STRAIGHT AND LEVEL,DRY,NO DEFECTS,ON SCENE,NO INJURY / DRIVE AWAY,,Y,,"OVER $1,500",02/24/2025 13:55,DRIVING SKILLS/KNOWLEDGE/EXPERIENCE,NOT APPLICABLE,3109,N,NAGLE AVE,2511,,,,,,,1,NO INDICATION OF INJURY,0,0,0,0,0,1,0,13,2,2,1,0,13,2,2
CLEAR,DAYLIGHT,SIDESWIPE SAME DIRECTION,ONE-WAY,,STRAIGHT AND LEVEL,DRY,NO DEFECTS,ON SCENE,NO INJURY / DRIVE AWAY,,,,"OVER $1,500",02/24/2025 8:54,IMPROPER LANE USAGE,NOT APPLICABLE,301,S,DEARBORN ST,113,,,,,,,2,NO INDICATION OF INJURY,0,0,0,0,0,2,0,8,2,2,2,0,8,2,2
CLOUDY/OVERCAST,DAYLIGHT,ANGLE,FOUR WAY,,STRAIGHT AND LEVEL,DRY,NO DEFECTS,ON SCENE,INJURY AND / OR TOW DUE TO CRASH,Y,,,"$501 - $1,500",02/24/2025 16:05,DISTRACTION - FROM INSIDE VEHICLE,DISREGARDING TRAFFIC SIGNALS,5200,N,SHERIDAN RD,2023,,,,,,,2,INCAPACITATING INJURY,1,0,1,0,0,1,0,16,2,2,1,0,16,2,2
UNKNOWN,DAYLIGHT,REAR END,FOUR WAY,,STRAIGHT AND LEVEL,UNKNOWN,NO DEFECTS,ON SCENE,NO INJURY / DRIVE AWAY,Y,,,"OVER $1,500",04/07/2025 9:49,UNABLE TO DETERMINE,FAILING TO REDUCE SPEED TO AVOID CRASH,4800,W,CHICAGO AVE,1531,,,,,,,2,NO INDICATION OF INJURY,0,0,0,0,0,2,0,9,2,4,2,0,9,2,4
CLEAR,DAYLIGHT,SIDESWIPE SAME DIRECTION,NOT DIVIDED,,STRAIGHT AND LEVEL,DRY,NO DEFECTS,NOT ON SCENE (DESK REPORT),NO INJURY / DRIVE AWAY,,,Y,"OVER $1,500",03/18/2025 12:25,IMPROPER LANE USAGE,NOT APPLICABLE,4951,S,ASHLAND AVE,933,,,,,,,2,NO INDICATION OF INJURY,0,0,0,0,0,3,0,11,3,3,3,0,11,3,3
UNKNOWN,DAYLIGHT,REAR END,NOT DIVIDED,,STRAIGHT AND LEVEL,UNKNOWN,UNKNOWN,NOT ON SCENE (DESK REPORT),NO INJURY / DRIVE AWAY,,,,"OVER $1,500",03/19/2025 8:45,UNABLE TO DETERMINE,UNABLE TO DETERMINE,3141,W,JACKSON BLVD,1124,,,,,,,2,NO INDICATION OF INJURY,0,0,0,0,0,4,0,7,3,3,4,0,7,3,3
CLEAR,DAYLIGHT,PARKED MOTOR VEHICLE,NOT DIVIDED,,STRAIGHT AND LEVEL,DRY,NO DEFECTS,NOT ON SCENE (DESK REPORT),NO INJURY / DRIVE AWAY,,,,"OVER $1,500",03/18/2025 15:25,NOT APPLICABLE,NOT APPLICABLE,6300,N,NORTHWEST HWY,1612,,,,,,,2,NO INDICATION OF INJURY,0,0,0,0,0,1,0,15,3,3,1,0,15,3,3
CLEAR,DAYLIGHT,PEDESTRIAN,TRAFFIC ROUTE,,STRAIGHT AND LEVEL,DRY,NO DEFECTS,ON SCENE,INJURY AND / OR TOW DUE TO CRASH,N,,,$500 OR LESS,03/18/2025 17:44,FAILING TO YIELD RIGHT-OF-WAY,NOT APPLICABLE,199,E,LOWER SOUTH WATER ST,114,,,,,,,2,INCAPACITATING INJURY,1,0,1,0,0,1,0,17,3,3,1,0,17,3,3
CLEAR,DAYLIGHT,PARKED MOTOR VEHICLE,PARKING LOT,,STRAIGHT AND LEVEL,DRY,NO DEFECTS,ON SCENE,NO INJURY / DRIVE AWAY,,,,"$501 - $1,500",03/18/2025 14:42,UNABLE TO DETERMINE,UNABLE TO DETERMINE,3700,W,103RD ST,2211,,,,,,,2,NO INDICATION OF INJURY,0,0,0,0,0,1,0,12,3,3,1,0,12,3,3