WEATHER_CONDITION,LIGHTING_CONDITION,FIRST_CRASH_TYPE,TRAFFICWAY_TYPE,LANE_CNT,ALIGNMENT,ROADWAY_SURFACE_COND,ROAD_DEFECT,REPORT_TYPE,CRASH_TYPE,INTERSECTION_RELATED_I,NOT_RIGHT_OF_WAY_I,HIT_AND_RUN_I,DAMAGE,DATE_POLICE_NOTIFIED,PRIM_CONTRIBUTORY_CAUSE,SEC_CONTRIBUTORY_CAUSE,STREET_NO,STREET_DIRECTION,STREET_NAME,BEAT_OF_OCCURRENCE,PHOTOS_TAKEN_I,STATEMENTS_TAKEN_I,DOORING_I,WORK_ZONE_I,WORK_ZONE_TYPE,WORKERS_PRESENT_I,NUM_UNITS,MOST_SEVERE_INJURY,INJURIES_TOTAL,INJURIES_FATAL,INJURIES_INCAPACITATING,INJURIES_NON_INCAPACITATING,INJURIES_REPORTED_NOT_EVIDENT,INJURIES_NO_INDICATION,INJURIES_UNKNOWN,CRASH_HOUR,CRASH_DAY_OF_WEEK,CRASH_MONTH,INJURIES_NO_INDICATION,INJURIES_UNKNOWN,CRASH_HOUR,CRASH_DAY_OF_WEEK,CRASH_MONTH
RAIN,"DARKNESS, LIGHTED ROAD",PEDESTRIAN,DIVIDED - W/MEDIAN (NOT RAISED),,STRAIGHT AND LEVEL,WET,NO DEFECTS,NOT ON SCENE (DESK REPORT),NO INJURY / DRIVE AWAY,Y,,,$500 OR LESS,05/25/2025 2:40,WEATHER,DRIVING SKILLS/KNOWLEDGE/EXPERIENCE,1800,S,THROOP ST,1233,,,,,,,2,NO INDICATION OF INJURY,0,0,0,0,0,2,0,0,1,5,2,0,0,1,5
CLEAR,DAYLIGHT,REAR END,NOT DIVIDED,,STRAIGHT AND LEVEL,DRY,NO DEFECTS,NOT ON SCENE (DESK REPORT),NO INJURY / DRIVE AWAY,,,,"OVER $1,500",03/18/2025 9:40,FOLLOWING TOO CLOSELY,FOLLOWING TOO CLOSELY,1800,S,CLINTON ST,1235,,,,,,,2,NO INDICATION OF INJURY,0,0,0,0,0,2,0,8,3,3,2,0,8,3,3
CLEAR,"DARKNESS, LIGHTED ROAD",ANGLE,FOUR WAY,,STRAIGHT AND LEVEL,DRY,NO DEFECTS,ON SCENE,INJURY AND / OR TOW DUE TO CRASH,Y,,,"$501 - $1,500",03/18/2025 21:42,DRIVING SKILLS/KNOWLEDGE/EXPERIENCE,NOT APPLICABLE,5100,W,AINSLIE ST,1623,,,,,,,2,NONINCAPACITATING INJURY,1,0,0,1,0,1,0,21,3,3,1,0,21,3,3
CLEAR,DAYLIGHT,PEDALCYCLIST,ONE-WAY,,STRAIGHT AND LEVEL,DRY,NO DEFECTS,ON SCENE,INJURY AND / OR TOW DUE TO CRASH,Y,,,"OVER $1,500",03/18/2025 17:18,"OPERATING VEHICLE IN ERRATIC, RECKLESS, CARELESS, NEGLIGENT OR AGGRESSIVE MANNER","VISION OBSCURED (SIGNS, TREE LIMBS, BUILDINGS, ETC.)",99,N,WELLS ST,122,,,,,,,2,NONINCAPACITATING INJURY,1,0,0,1,0,3,0,17,3,3,3,0,17,3,3
CLEAR,DARKNESS,REAR END,FOUR WAY,,STRAIGHT AND LEVEL,DRY,UNKNOWN,NOT ON SCENE (DESK REPORT),INJURY AND / OR TOW DUE TO CRASH,,,Y,"OVER $1,500",03/18/2025 20:36,FAILING TO REDUCE SPEED TO AVOID CRASH,FAILING TO REDUCE SPEED TO AVOID CRASH,628,E,115TH ST,531,,,,,,,2,"REPORTED, NOT EVIDENT",1,0,0,0,1,2,0,20,3,3,2,0,20,3,3
CLOUDY/OVERCAST,DAYLIGHT,REAR END,NOT DIVIDED,,STRAIGHT AND LEVEL,DRY,NO DEFECTS,NOT ON SCENE (DESK REPORT),NO INJURY / DRIVE AWAY,,,,"OVER $1,500",05/25/2025 13:10,FOLLOWING TOO CLOSELY,NOT APPLICABLE,1951,W,MONTEREY AVE,2212,,,,,,,2,NO INDICATION OF INJURY,0,0,0,0,0,3,0,13,1,5,3,0,13,1,5
CLEAR,DAYLIGHT,PARKED MOTOR VEHICLE,OTHER,,STRAIGHT AND LEVEL,DRY,NO DEFECTS,NOT ON SCENE (DESK REPORT),NO INJURY / DRIVE AWAY,,,,"OVER $1,500",04/07/2025 15:34,UNABLE TO DETERMINE,NOT APPLICABLE,400,E,33RD ST,211,,,,,,,2,NO INDICATION OF INJURY,0,0,0,0,0,2,0,14,2,4,2,0,14,2,4
CLEAR,DAYLIGHT,PARKED MOTOR VEHICLE,NOT DIVIDED,,STRAIGHT AND LEVEL,DRY,NO DEFECTS,ON SCENE,NO INJURY / DRIVE AWAY,,,,$500 OR LESS,04/07/2025 15:34,NOT APPLICABLE,NOT APPLICABLE,1626,W,FOSTER AVE,2012,,,,,,,2,NO INDICATION OF INJURY,0,0,0,0,0,3,0,15,2,4,3,0,15,2,4
CLEAR,DAYLIGHT,TURNING,NOT DIVIDED,,STRAIGHT AND LEVEL,DRY,NO DEFECTS,ON SCENE,INJURY AND / OR TOW DUE TO CRASH,,,,"OVER $1,500",04/07/2025 14:00,IMPROPER TURNING/NO SIGNAL,IMPROPER TURNING/NO SIGNAL,6701,S,CICERO AVE,833,,,,,,,2,NO INDICATION OF INJURY,0,0,0,0,0,2,0,14,2,4,2,0,14,2,4
CLEAR,DAYLIGHT,PARKED MOTOR VEHICLE,PARKING LOT,,STRAIGHT AND LEVEL,DRY,NO DEFECTS,NOT ON SCENE (DESK REPORT),NO INJURY / DRIVE AWAY,,Y,,"OVER $1,500",03/19/2025 17:15,UNABLE TO DETERMINE,UNABLE TO DETERMINE,727,W,OHARE ST,1654,,,,,,,2,NO INDICATION OF INJURY,0,0,0,0,0,1,0,5,3,3,1,0,5,3,3
CLEAR,DAYLIGHT,SIDESWIPE SAME DIRECTION,NOT DIVIDED,,STRAIGHT AND LEVEL,UNKNOWN,UNKNOWN,NOT ON SCENE (DESK REPORT),NO INJURY / DRIVE AWAY,,,,"OVER $1,500",03/18/2025 18:55,IMPROPER OVERTAKING/PASSING,NOT APPLICABLE,6100,S,CICERO AVE,813,,,,,,,2,NO INDICATION OF INJURY,0,0,0,0,0,5,0,17,3,3,5,0,17,3,3
CLEAR,DAYLIGHT,SIDESWIPE SAME DIRECTION,NOT DIVIDED,,STRAIGHT AND LEVEL,DRY,NO DEFECTS,ON SCENE,NO INJURY / DRIVE AWAY,,,Y,$500 OR LESS,04/07/2025 9:37,IMPROPER OVERTAKING/PASSING,NOT APPLICABLE,755,W,BELMONT AVE,1934,,,,,,,2,NO INDICATION OF INJURY,0,0,0,0,0,2,0,9,2,4,2,0,9,2,4
CLEAR,DAYLIGHT,REAR END,DIVIDED - W/MEDIAN (NOT RAISED),,STRAIGHT AND LEVEL,DRY,NO DEFECTS,NOT ON SCENE (DESK REPORT),NO INJURY / DRIVE AWAY,,,,"OVER $1,500",03/18/2025 14:49,FOLLOWING TOO CLOSELY,NOT APPLICABLE,4200,N,AUSTIN AVE,1624,,,,,,,2,NO INDICATION OF INJURY,0,0,0,0,0,2,0,14,3,3,2,0,14,3,3
CLEAR,DAYLIGHT,SIDESWIPE SAME DIRECTION,DIVIDED - W/MEDIAN (NOT RAISED),,STRAIGHT AND LEVEL,DRY,UNKNOWN,ON SCENE,NO INJURY / DRIVE AWAY,,,Y,"OVER $1,500",04/07/2025 16:04,IMPROPER OVERTAKING/PASSING,NOT APPLICABLE,1950,N,RACINE AVE,1811,,,,,,,2,NO INDICATION OF INJURY,0,0,0,0,0,2,0,16,2,4,2,0,16,2,4
CLEAR,DAYLIGHT,PARKED MOTOR VEHICLE,PARKING LOT,,STRAIGHT AND LEVEL,DRY,NO DEFECTS,NOT ON SCENE (DESK REPORT),NO INJURY / DRIVE AWAY,,,Y,"OVER $1,500",05/25/2025 18:46,UNABLE TO DETERMINE,NOT APPLICABLE,2116,S,ARCHER AVE,914,,,,,,,2,NO INDICATION OF INJURY,0,0,0,0,0,1,0,17,1,5,1,0,17,1,5
CLEAR,DAYLIGHT,TURNING,FOUR WAY,,STRAIGHT AND LEVEL,DRY,NO DEFECTS,NOT ON SCENE (DESK REPORT),NO INJURY / DRIVE AWAY,Y,,Y,"OVER $1,500",03/18/2025 16:30,IMPROPER TURNING/NO SIGNAL,UNABLE TO DETERMINE,590,W,MADISON ST,121,,,,,,,2,NO INDICATION OF INJURY,0,0,0,0,0,2,0,15,3,3,2,0,15,3,3
UNKNOWN,UNKNOWN,PARKED MOTOR VEHICLE,NOT DIVIDED,,STRAIGHT AND LEVEL,DRY,NO DEFECTS,ON SCENE,NO INJURY / DRIVE AWAY,,,N,"$501 - $1,500",04/08/2025 8:25,UNABLE TO DETERMINE,UNABLE TO DETERMINE,2943,N,SACRAMENTO AVE,1411,,,,,,,2,NO INDICATION OF INJURY,0,0,0,0,0,1,0,22,2,4,1,0,22,2,4
CLEAR,DAYLIGHT,REAR END,NOT DIVIDED,,STRAIGHT AND LEVEL,WET,"RUT, HOLES",,NO INJURY / DRIVE AWAY,,,Y,"OVER $1,500",04/20/2025 16:10,FOLLOWING TOO CLOSELY,NOT APPLICABLE,6900,S,EGGLESTON AVE,732,,,,,,,2,NO INDICATION OF INJURY,0,0,0,0,0,2,0,16,1,4,2,0,16,1,4
CLEAR,"DARKNESS, LIGHTED ROAD",REAR TO FRONT,NOT DIVIDED,,STRAIGHT AND LEVEL,DRY,NO DEFECTS,NOT ON SCENE (DESK REPORT),NO INJURY / DRIVE AWAY,,,,"OVER $1,500",08/28/2025 20:10,IMPROPER BACKING,NOT APPLICABLE,3608,N,RACINE AVE,1923,,,,,,,2,NO INDICATION OF INJURY,0,0,0,0,0,2,0,19,5,8,2,0,19,5,8
CLEAR,DAYLIGHT,FIXED OBJECT,T-INTERSECTION,,STRAIGHT AND LEVEL,DRY,NO DEFECTS,NOT ON SCENE (DESK REPORT),INJURY AND / OR TOW DUE TO CRASH,Y,,,"OVER $1,500",04/07/2025 13:15,IMPROPER LANE USAGE,UNABLE TO DETERMINE,3102,S,ASHLAND AVE,912,,,,,,,2,NO INDICATION OF INJURY,0,0,0,0,0,1,0,5,2,4,1,0,5,2,4
CLEAR,DARKNESS,ANGLE,NOT DIVIDED,,STRAIGHT AND LEVEL,DRY,NO DEFECTS,NOT ON SCENE (DESK REPORT),INJURY AND / OR TOW DUE TO CRASH,,,,"$501 - $1,500",03/18/2025 19:18,FAILING TO YIELD RIGHT-OF-WAY,NOT APPLICABLE,6527,W,ARCHER AVE,811,,,,,,,2,NO INDICATION OF INJURY,0,0,0,0,0,2,0,16,3,3,2,0,16,3,3
CLEAR,DAYLIGHT,SIDESWIPE SAME DIRECTION,NOT DIVIDED,,STRAIGHT AND LEVEL,DRY,UNKNOWN,ON SCENE,NO INJURY / DRIVE AWAY,,,,"OVER $1,500",04/07/2025 18:00,UNABLE TO DETERMINE,NOT APPLICABLE,730,S,CLARK ST,123,,,,,,,2,NO INDICATION OF INJURY,0,0,0,0,0,4,0,18,2,4,4,0,18,2,4
UNKNOWN,UNKNOWN,PARKED MOTOR VEHICLE,ONE-WAY,,STRAIGHT AND LEVEL,UNKNOWN,UNKNOWN,NOT ON SCENE (DESK REPORT),NO INJURY / DRIVE AWAY,,,Y,"OVER $1,500",04/08/2025 14:00,UNABLE TO DETERMINE,NOT APPLICABLE,821,W,JACKSON BLVD,1232,,,,,,,2,NO INDICATION OF INJURY,0,0,0,0,0,1,0,19,2,4,1,0,19,2,4
CLEAR,DAYLIGHT,PARKED MOTOR VEHICLE,FOUR WAY,,STRAIGHT AND LEVEL,DRY,NO DEFECTS,ON SCENE,INJURY AND / OR TOW DUE TO CRASH,Y,,,"OVER $1,500",03/18/2025 20:34,UNABLE TO DETERMINE,FAILING TO REDUCE SPEED TO AVOID CRASH,4898,W,AUGUSTA BLVD,1531,,,,,,,3,NONINCAPACITATING INJURY,1,0,0,1,0,0,0,18,3,3,0,0,18,3,3
CLEAR,DAYLIGHT,REAR END,NOT DIVIDED,,STRAIGHT AND LEVEL,DRY,UNKNOWN,NOT ON SCENE (DESK REPORT),NO INJURY / DRIVE AWAY,,,Y,"$501 - $1,500",05/25/2025 14:00,FOLLOWING TOO CLOSELY,UNABLE TO DETERMINE,8849,S,STONY ISLAND AVE,412,,,,,,,2,NO INDICATION OF INJURY,0,0,0,0,0,4,0,11,1,5,4,0,11,1,5
CLEAR,DAYLIGHT,ANGLE,NOT REPORTED,,STRAIGHT AND LEVEL,DRY,NO DEFECTS,NOT ON SCENE (DESK REPORT),NO INJURY / DRIVE AWAY,Y,,Y,"OVER $1,500",03/18/2025 15:45,DISREGARDING TRAFFIC SIGNALS,NOT APPLICABLE,11249,S,MARSHFIELD AVE,2234,,,,,,,2,NO INDICATION OF INJURY,0,0,0,0,0,2,0,15,3,3,2,0,15,3,3
CLEAR,DAYLIGHT,REAR END,NOT DIVIDED,,STRAIGHT AND LEVEL,DRY,UNKNOWN,NOT ON SCENE (DESK REPORT),NO INJURY / DRIVE AWAY,,,,"$501 - $1,500",04/07/2025 15:15,UNABLE TO DETERMINE,NOT APPLICABLE,10905,S,KEDZIE AVE,2211,,,,,,,2,NO INDICATION OF INJURY,0,0,0,0,0,2,0,15,2,4,2,0,15,2,4
CLEAR,DAYLIGHT,HEAD ON,NOT DIVIDED,,STRAIGHT AND LEVEL,DRY,NO DEFECTS,NOT ON SCENE (DESK REPORT),INJURY AND / OR TOW DUE TO CRASH,,,Y,"OVER $1,500",02/10/2025 8:30,FAILING TO YIELD RIGHT-OF-WAY,IMPROPER TURNING/NO SIGNAL,1227,S,CALIFORNIA BLVD,1023,,,,,,,2,NONINCAPACITATING INJURY,1,0,0,1,0,1,0,8,2,2,1,0,8,2,2
CLEAR,DAYLIGHT,PARKED MOTOR VEHICLE,DIVIDED - W/MEDIAN (NOT RAISED),,STRAIGHT AND LEVEL,DRY,UNKNOWN,NOT ON SCENE (DESK REPORT),NO INJURY / DRIVE AWAY,,,Y,"OVER $1,500",03/18/2025 20:00,FAILING TO REDUCE SPEED TO AVOID CRASH,UNABLE TO DETERMINE,408,W,HURON ST,1831,,,,,,,2,NO INDICATION OF INJURY,0,0,0,0,0,1,0,15,3,3,1,0,15,3,3
CLEAR,DAYLIGHT,PARKED MOTOR VEHICLE,ONE-WAY,,STRAIGHT AND LEVEL,DRY,UNKNOWN,ON SCENE,NO INJURY / DRIVE AWAY,,,Y,"OVER $1,500",04/07/2025 18:00,UNABLE TO DETERMINE,NOT APPLICABLE,3849,W,THOMAS ST,1112,,,,,,,2,NO INDICATION OF INJURY,0,0,0,0,0,1,0,17,2,4,1,0,17,2,4
CLEAR,"DARKNESS, LIGHTED ROAD",FIXED OBJECT,DIVIDED - W/MEDIAN (NOT RAISED),,STRAIGHT AND LEVEL,DRY,NO DEFECTS,ON SCENE,INJURY AND / OR TOW DUE TO CRASH,,,,"OVER $1,500",05/25/2025 23:43,NOT APPLICABLE,NOT APPLICABLE,8701,S,LOOMIS ST,2222,,,,,,,1,NO INDICATION OF INJURY,0,0,0,0,0,1,0,23,1,5,1,0,23,1,5
CLEAR,DAYLIGHT,TURNING,NOT DIVIDED,,STRAIGHT AND LEVEL,DRY,NO DEFECTS,NOT ON SCENE (DESK REPORT),INJURY AND / OR TOW DUE TO CRASH,Y,,,"OVER $1,500",03/18/2025 18:00,UNABLE TO DETERMINE,UNABLE TO DETERMINE,3000,W,OGDEN AVE,1022,,,,,,,2,NO INDICATION OF INJURY,0,0,0,0,0,3,0,17,3,3,3,0,17,3,3
CLEAR,DAYLIGHT,ANGLE,NOT DIVIDED,,STRAIGHT AND LEVEL,DRY,NO DEFECTS,ON SCENE,INJURY AND / OR TOW DUE TO CRASH,Y,,,"OVER $1,500",03/18/2025 15:07,FAILING TO YIELD RIGHT-OF-WAY,UNABLE TO DETERMINE,7598,W,BIRCHWOOD AVE,1611,,,,,,,2,"REPORTED, NOT EVIDENT",1,0,0,0,1,1,0,15,3,3,1,0,15,3,3
CLOUDY/OVERCAST,DAYLIGHT,TURNING,DIVIDED - W/MEDIAN (NOT RAISED),,STRAIGHT AND LEVEL,DRY,NO DEFECTS,NOT ON SCENE (DESK REPORT),NO INJURY / DRIVE AWAY,Y,,,"OVER $1,500",04/07/2025 16:40,UNABLE TO DETERMINE,UNABLE TO DETERMINE,7500,S,YATES BLVD,414,,,,,,,2,NO INDICATION OF INJURY,0,0,0,0,0,2,0,15,2,4,2,0,15,2,4
CLEAR,DAYLIGHT,SIDESWIPE SAME DIRECTION,NOT DIVIDED,,STRAIGHT AND LEVEL,DRY,UNKNOWN,ON SCENE,NO INJURY / DRIVE AWAY,,,,"OVER $1,500",03/18/2025 11:11,UNABLE TO DETERMINE,NOT APPLICABLE,3605,W,CHICAGO AVE,1112,,Y,,,,,2,NO INDICATION OF INJURY,0,0,0,0,0,4,0,11,3,3,4,0,11,3,3
UNKNOWN,UNKNOWN,PARKED MOTOR VEHICLE,PARKING LOT,,STRAIGHT AND LEVEL,UNKNOWN,UNKNOWN,NOT ON SCENE (DESK REPORT),NO INJURY / DRIVE AWAY,,,Y,"OVER $1,500",05/25/2025 22:05,UNABLE TO DETERMINE,UNABLE TO DETERMINE,8258,W,IRVING PARK RD,1614,,,,,,,2,NO INDICATION OF INJURY,0,0,0,0,0,1,0,17,1,5,1,0,17,1,5
CLEAR,UNKNOWN,REAR END,NOT DIVIDED,,STRAIGHT AND LEVEL,UNKNOWN,UNKNOWN,NOT ON SCENE (DESK REPORT),NO INJURY / DRIVE AWAY,,,,"OVER $1,500",04/09/2025 18:15,DISTRACTION - FROM OUTSIDE VEHICLE,NOT APPLICABLE,7900,S,STONY ISLAND AVE,411,,,,,,,2,NO INDICATION OF INJURY,0,0,0,0,0,2,0,18,2,4,2,0,18,2,4
CLEAR,"DARKNESS, LIGHTED ROAD",TURNING,DIVIDED - W/MEDIAN (NOT RAISED),,STRAIGHT AND LEVEL,DRY,UNKNOWN,ON SCENE,INJURY AND / OR TOW DUE TO CRASH,Y,,,"OVER $1,500",05/25/2025 23:06,FAILING TO YIELD RIGHT-OF-WAY,NOT APPLICABLE,9100,S,ASHLAND AVE,2221,,,,,,,2,NO INDICATION OF INJURY,0,0,0,0,0,3,0,23,1,5,3,0,23,1,5
CLEAR,DAYLIGHT,PARKED MOTOR VEHICLE,NOT DIVIDED,,STRAIGHT AND LEVEL,DRY,NO DEFECTS,NOT ON SCENE (DESK REPORT),NO INJURY / DRIVE AWAY,,,Y,"OVER $1,500",03/18/2025 16:30,UNABLE TO DETERMINE,UNABLE TO DETERMINE,3545,S,MORGAN ST,915,,,,,,,2,NO INDICATION OF INJURY,0,0,0,0,0,1,0,12,3,3,1,0,12,3,3
CLEAR,DAYLIGHT,SIDESWIPE OPPOSITE DIRECTION,NOT DIVIDED,,STRAIGHT AND LEVEL,DRY,NO DEFECTS,ON SCENE,NO INJURY / DRIVE AWAY,,,Y,$500 OR LESS,05/25/2025 19:35,"OPERATING VEHICLE IN ERRATIC, RECKLESS, CARELESS, NEGLIGENT OR AGGRESSIVE MANNER",DRIVING SKILLS/KNOWLEDGE/EXPERIENCE,4330,W,MAYPOLE AVE,1114,,,,,,,2,NO INDICATION OF INJURY,0,0,0,0,0,4,0,19,1,5,4,0,19,1,5
CLEAR,DAYLIGHT,REAR TO SIDE,PARKING LOT,,STRAIGHT AND LEVEL,DRY,NO DEFECTS,ON SCENE,NO INJURY / DRIVE AWAY,,,,"$501 - $1,500",04/07/2025 16:56,IMPROPER BACKING,FAILING TO YIELD RIGHT-OF-WAY,4656,S,ASHLAND AVE,924,,,,,,,2,NO INDICATION OF INJURY,0,0,0,0,0,4,0,16,2,4,4,0,16,2,4
UNKNOWN,UNKNOWN,PEDALCYCLIST,NOT DIVIDED,,STRAIGHT AND LEVEL,UNKNOWN,UNKNOWN,NOT ON SCENE (DESK REPORT),INJURY AND / OR TOW DUE TO CRASH,,,,"OVER $1,500",03/20/2025 10:10,UNABLE TO DETERMINE,NOT APPLICABLE,2720,N,CLARK ST,1935,,,Y,,,,2,NONINCAPACITATING INJURY,1,0,0,1,0,0,0,14,3,3,0,0,14,3,3
CLEAR,DAYLIGHT,FIXED OBJECT,NOT DIVIDED,,STRAIGHT AND LEVEL,DRY,NO DEFECTS,ON SCENE,NO INJURY / DRIVE AWAY,,,Y,"$501 - $1,500",04/07/2025 9:10,"OPERATING VEHICLE IN ERRATIC, RECKLESS, CARELESS, NEGLIGENT OR AGGRESSIVE MANNER","OPERATING VEHICLE IN ERRATIC, RECKLESS, CARELESS, NEGLIGENT OR AGGRESSIVE MANNER",616,W,WILLOW ST,1813,,,,,,,1,NO INDICATION OF INJURY,0,0,0,0,0,1,0,9,2,4,1,0,9,2,4
CLEAR,"DARKNESS, LIGHTED ROAD",TURNING,NOT DIVIDED,,STRAIGHT AND LEVEL,DRY,NO DEFECTS,NOT ON SCENE (DESK REPORT),NO INJURY / DRIVE AWAY,,,Y,"OVER $1,500",03/19/2025 13:50,FAILING TO YIELD RIGHT-OF-WAY,NOT APPLICABLE,3199,N,CICERO AVE,2521,,,,,,,2,NO INDICATION OF INJURY,0,0,0,0,0,2,0,21,3,3,2,0,21,3,3
CLEAR,DAYLIGHT,TURNING,FOUR WAY,,STRAIGHT AND LEVEL,DRY,UNKNOWN,ON SCENE,INJURY AND / OR TOW DUE TO CRASH,Y,,,"OVER $1,500",03/18/2025 8:49,FAILING TO YIELD RIGHT-OF-WAY,NOT APPLICABLE,5359,N,LINCOLN AVE,2011,,,,,,,2,NO INDICATION OF INJURY,0,0,0,0,0,3,0,8,3,3,3,0,8,3,3
CLEAR,DAYLIGHT,SIDESWIPE SAME DIRECTION,NOT DIVIDED,,STRAIGHT AND LEVEL,DRY,OTHER,NOT ON SCENE (DESK REPORT),NO INJURY / DRIVE AWAY,,,,"OVER $1,500",03/19/2025 8:45,IMPROPER LANE USAGE,UNABLE TO DETERMINE,3400,W,47TH ST,821,,,,,,,2,NO INDICATION OF INJURY,0,0,0,0,0,5,0,16,3,3,5,0,16,3,3
CLEAR,DAYLIGHT,TURNING,NOT DIVIDED,,STRAIGHT AND LEVEL,UNKNOWN,UNKNOWN,NOT ON SCENE (DESK REPORT),NO INJURY / DRIVE AWAY,N,,,"OVER $1,500",04/07/2025 19:10,FAILING TO YIELD RIGHT-OF-WAY,NOT APPLICABLE,9500,S,DR MARTIN LUTHER KING JR DR,511,,,,,,,2,NO INDICATION OF INJURY,0,0,0,0,0,2,0,8,2,4,2,0,8,2,4
CLEAR,DAYLIGHT,ANGLE,NOT DIVIDED,,STRAIGHT AND LEVEL,DRY,NO DEFECTS,ON SCENE,INJURY AND / OR TOW DUE TO CRASH,Y,,,"OVER $1,500",03/18/2025 14:29,DISREGARDING TRAFFIC SIGNALS,NOT APPLICABLE,1700,N,LA SALLE DR,1814,,,,,,,2,INCAPACITATING INJURY,2,0,2,0,0,0,0,14,3,3,0,0,14,3,3
CLEAR,"DARKNESS, LIGHTED ROAD",SIDESWIPE OPPOSITE DIRECTION,CENTER TURN LANE,,STRAIGHT AND LEVEL,DRY,NO DEFECTS,ON SCENE,NO INJURY / DRIVE AWAY,,,Y,"OVER $1,500",03/18/2025 23:58,UNABLE TO DETERMINE,NOT APPLICABLE,2700,W,26TH ST,1034,,,,,,,2,NO INDICATION OF INJURY,0,0,0,0,0,2,0,23,3,3,2,0,23,3,3
CLEAR,DAYLIGHT,FIXED OBJECT,DRIVEWAY,,STRAIGHT AND LEVEL,DRY,NO DEFECTS,NOT ON SCENE (DESK REPORT),NO INJURY / DRIVE AWAY,,Y,,"$501 - $1,500",03/18/2025 9:41,UNABLE TO DETERMINE,UNABLE TO DETERMINE,7251,S,SOUTH SHORE DR,334,,,,,,,1,NO INDICATION OF INJURY,0,0,0,0,0,1,0,7,3,3,1,0,7,3,3
CLEAR,DUSK,REAR END,NOT DIVIDED,,STRAIGHT AND LEVEL,DRY,NO DEFECTS,,INJURY AND / OR TOW DUE TO CRASH,,,,$500 OR LESS,02/18/2025 17:50,FOLLOWING TOO CLOSELY,FAILING TO REDUCE SPEED TO AVOID CRASH,201,W,31ST ST,915,,,,,,,2,"REPORTED, NOT EVIDENT",1,0,0,0,1,2,0,17,3,2,2,0,17,3,2
SNOW,DAYLIGHT,REAR END,CENTER TURN LANE,,STRAIGHT AND LEVEL,WET,NO DEFECTS,NOT ON SCENE (DESK REPORT),NO INJURY / DRIVE AWAY,,,,"OVER $1,500",04/07/2025 12:30,FOLLOWING TOO CLOSELY,NOT APPLICABLE,3398,W,IRVING PARK RD,1724,,,,,,,2,NO INDICATION OF INJURY,0,0,0,0,0,3,0,12,2,4,3,0,12,2,4
CLEAR,DAYLIGHT,REAR END,DIVIDED - W/MEDIAN (NOT RAISED),,STRAIGHT AND LEVEL,DRY,NO DEFECTS,NOT ON SCENE (DESK REPORT),NO INJURY / DRIVE AWAY,Y,,Y,"$501 - $1,500",03/18/2025 17:45,FAILING TO REDUCE SPEED TO AVOID CRASH,UNABLE TO DETERMINE,9400,S,COTTAGE GROVE AVE,633,,,,,,,3,NO INDICATION OF INJURY,0,0,0,0,0,3,0,16,3,3,3,0,16,3,3
CLEAR,"DARKNESS, LIGHTED ROAD",REAR END,NOT DIVIDED,,STRAIGHT AND LEVEL,DRY,UNKNOWN,ON SCENE,NO INJURY / DRIVE AWAY,,,,"OVER $1,500",03/18/2025 21:08,UNABLE TO DETERMINE,UNABLE TO DETERMINE,6700,S,PAULINA ST,725,,,,,,,2,NO INDICATION OF INJURY,0,0,0,0,0,2,0,21,3,3,2,0,21,3,3
CLEAR,DAYLIGHT,PARKED MOTOR VEHICLE,NOT DIVIDED,,STRAIGHT AND LEVEL,DRY,UNKNOWN,NOT ON SCENE (DESK REPORT),NO INJURY / DRIVE AWAY,,,Y,"OVER $1,500",05/25/2025 15:06,IMPROPER OVERTAKING/PASSING,IMPROPER OVERTAKING/PASSING,5414,S,ASHLAND AVE,932,,,,,,,2,NO INDICATION OF INJURY,0,0,0,0,0,1,0,12,1,5,1,0,12,1,5
UNKNOWN,UNKNOWN,PARKED MOTOR VEHICLE,NOT DIVIDED,,STRAIGHT AND LEVEL,UNKNOWN,UNKNOWN,NOT ON SCENE (DESK REPORT),NO INJURY / DRIVE AWAY,,,Y,"OVER $1,500",04/07/2025 17:30,UNABLE TO DETERMINE,NOT APPLICABLE,6320,S,CALIFORNIA AVE,823,,,,,,,2,NO INDICATION OF INJURY,0,0,0,0,0,1,0,9,2,4,1,0,9,2,4
CLEAR,DAYLIGHT,TURNING,NOT DIVIDED,,STRAIGHT AND LEVEL,DRY,NO DEFECTS,NOT ON SCENE (DESK REPORT),NO INJURY / DRIVE AWAY,,,Y,"OVER $1,500",04/07/2025 16:10,FAILING TO YIELD RIGHT-OF-WAY,FAILING TO YIELD RIGHT-OF-WAY,5502,W,LAWRENCE AVE,1623,,,,,,,2,NO INDICATION OF INJURY,0,0,0,0,0,2,0,15,2,4,2,0,15,2,4
CLEAR,DAYLIGHT,REAR END,NOT DIVIDED,,STRAIGHT AND LEVEL,DRY,NO DEFECTS,NOT ON SCENE (DESK REPORT),NO INJURY / DRIVE AWAY,,,,"OVER $1,500",04/07/2025 16:36,FOLLOWING TOO CLOSELY,NOT APPLICABLE,5829,S,ARCHER AVE,814,,,,,,,2,NO INDICATION OF INJURY,0,0,0,0,0,3,0,12,2,4,3,0,12,2,4
CLEAR,DAYLIGHT,PARKED MOTOR VEHICLE,DIVIDED - W/MEDIAN (NOT RAISED),,STRAIGHT AND LEVEL,DRY,NO DEFECTS,ON SCENE,NO INJURY / DRIVE AWAY,,,,"OVER $1,500",03/18/2025 16:15,DRIVING SKILLS/KNOWLEDGE/EXPERIENCE,NOT APPLICABLE,1562,W,99TH ST,2213,,,,,,,2,NO INDICATION OF INJURY,0,0,0,0,0,2,0,16,3,3,2,0,16,3,3