WEATHER_CONDITION,LIGHTING_CONDITION,FIRST_CRASH_TYPE,TRAFFICWAY_TYPE,LANE_CNT,ALIGNMENT,ROADWAY_SURFACE_COND,ROAD_DEFECT,REPORT_TYPE,CRASH_TYPE,INTERSECTION_RELATED_I,NOT_RIGHT_OF_WAY_I,HIT_AND_RUN_I,DAMAGE,DATE_POLICE_NOTIFIED,PRIM_CONTRIBUTORY_CAUSE,SEC_CONTRIBUTORY_CAUSE,STREET_NO,STREET_DIRECTION,STREET_NAME,BEAT_OF_OCCURRENCE,PHOTOS_TAKEN_I,STATEMENTS_TAKEN_I,DOORING_I,WORK_ZONE_I,WORK_ZONE_TYPE,WORKERS_PRESENT_I,NUM_UNITS,MOST_SEVERE_INJURY,INJURIES_TOTAL,INJURIES_FATAL,INJURIES_INCAPACITATING,INJURIES_NON_INCAPACITATING,INJURIES_REPORTED_NOT_EVIDENT,INJURIES_NO_INDICATION,INJURIES_UNKNOWN,CRASH_HOUR,CRASH_DAY_OF_WEEK,CRASH_MONTH,INJURIES_NO_INDICATION,INJURIES_UNKNOWN,CRASH_HOUR,CRASH_DAY_OF_WEEK,CRASH_MONTH
CLEAR,DAYLIGHT,PEDALCYCLIST,FOUR WAY,,STRAIGHT AND LEVEL,DRY,NO DEFECTS,ON SCENE,INJURY AND / OR TOW DUE TO CRASH,Y,,Y,"$501 - $1,500",05/25/2025 16:28,FAILING TO YIELD RIGHT-OF-WAY,UNABLE TO DETERMINE,2800,W,AUGUSTA BLVD,1211,,Y,,,,,2,"REPORTED, NOT EVIDENT",1,0,0,0,1,1,0,16,1,5,1,0,16,1,5
CLEAR,"DARKNESS, LIGHTED ROAD",PARKED MOTOR VEHICLE,NOT DIVIDED,,STRAIGHT AND LEVEL,DRY,NO DEFECTS,ON SCENE,NO INJURY / DRIVE AWAY,,,Y,"$501 - $1,500",04/09/2025 11:19,UNABLE TO DETERMINE,NOT APPLICABLE,4859,N,AUSTIN AVE,1622,,,,,,,2,NO INDICATION OF INJURY,0,0,0,0,0,1,0,20,2,4,1,0,20,2,4
CLEAR,DAYLIGHT,SIDESWIPE SAME DIRECTION,DIVIDED - W/MEDIAN BARRIER,,STRAIGHT AND LEVEL,UNKNOWN,UNKNOWN,ON SCENE,NO INJURY / DRIVE AWAY,,,,"OVER $1,500",04/07/2025 12:22,UNABLE TO DETERMINE,UNABLE TO DETERMINE,221,N,COLUMBUS DR,114,,,,,,,2,NO INDICATION OF INJURY,0,0,0,0,0,3,0,12,2,4,3,0,12,2,4
CLEAR,DAYLIGHT,TURNING,T-INTERSECTION,,STRAIGHT AND LEVEL,DRY,NO DEFECTS,ON SCENE,NO INJURY / DRIVE AWAY,,,,"OVER $1,500",04/07/2025 15:37,IMPROPER TURNING/NO SIGNAL,NOT APPLICABLE,4098,S,CALIFORNIA AVE,921,,,,,,,2,NO INDICATION OF INJURY,0,0,0,0,0,2,0,15,2,4,2,0,15,2,4
CLEAR,DAYLIGHT,TURNING,FOUR WAY,,STRAIGHT AND LEVEL,DRY,NO DEFECTS,NOT ON SCENE (DESK REPORT),NO INJURY / DRIVE AWAY,Y,,,"OVER $1,500",04/07/2025 13:30,UNABLE TO DETERMINE,NOT APPLICABLE,6401,N,SHERIDAN RD,2432,,,,,,,2,NO INDICATION OF INJURY,0,0,0,0,0,2,0,11,2,4,2,0,11,2,4
CLEAR,DARKNESS,PARKED MOTOR VEHICLE,PARKING LOT,,STRAIGHT AND LEVEL,DRY,NO DEFECTS,ON SCENE,NO INJURY / DRIVE AWAY,,,Y,"OVER $1,500",04/07/2025 2:52,UNABLE TO DETERMINE,UNABLE TO DETERMINE,5342,N,CUMBERLAND AVE,1614,,,,,,,2,NO INDICATION OF INJURY,0,0,0,0,0,1,0,2,2,4,1,0,2,2,4
CLEAR,DAYLIGHT,REAR TO SIDE,PARKING LOT,,STRAIGHT AND LEVEL,DRY,NO DEFECTS,ON SCENE,NO INJURY / DRIVE AWAY,,,,$500 OR LESS,07/15/2025 12:45,IMPROPER BACKING,NOT APPLICABLE,810,W,OHARE ST,1654,,Y,,,,,2,NO INDICATION OF INJURY,0,0,0,0,0,2,0,12,3,7,2,0,12,3,7
CLEAR,DAYLIGHT,TURNING,FOUR WAY,,STRAIGHT AND LEVEL,DRY,NO DEFECTS,NOT ON SCENE (DESK REPORT),NO INJURY / DRIVE AWAY,Y,,Y,"OVER $1,500",04/07/2025 10:10,FAILING TO YIELD RIGHT-OF-WAY,UNABLE TO DETERMINE,6659,S,COTTAGE GROVE AVE,321,,,,,,,2,NO INDICATION OF INJURY,0,0,0,0,0,2,0,9,2,4,2,0,9,2,4
CLEAR,DAYLIGHT,PARKED MOTOR VEHICLE,NOT DIVIDED,,STRAIGHT AND LEVEL,DRY,NO DEFECTS,ON SCENE,NO INJURY / DRIVE AWAY,,,,"OVER $1,500",04/07/2025 13:34,NOT APPLICABLE,NOT APPLICABLE,4150,W,OGDEN AVE,1013,,,,,,,2,NO INDICATION OF INJURY,0,0,0,0,0,1,0,13,2,4,1,0,13,2,4
CLEAR,"DARKNESS, LIGHTED ROAD",SIDESWIPE SAME DIRECTION,DIVIDED - W/MEDIAN BARRIER,,STRAIGHT AND LEVEL,DRY,UNKNOWN,NOT ON SCENE (DESK REPORT),NO INJURY / DRIVE AWAY,,,Y,"OVER $1,500",04/07/2025 22:40,UNABLE TO DETERMINE,UNABLE TO DETERMINE,3614,W,IRVING PARK RD,1723,,,,,,,2,NO INDICATION OF INJURY,0,0,0,0,0,2,0,21,2,4,2,0,21,2,4
RAIN,"DARKNESS, LIGHTED ROAD",PARKED MOTOR VEHICLE,NOT DIVIDED,,STRAIGHT AND LEVEL,WET,UNKNOWN,ON SCENE,NO INJURY / DRIVE AWAY,,,Y,"OVER $1,500",05/25/2025 0:41,UNABLE TO DETERMINE,UNABLE TO DETERMINE,326,W,64TH ST,722,,,,,,,2,NO INDICATION OF INJURY,0,0,0,0,0,1,0,0,1,5,1,0,0,1,5
CLEAR,DAYLIGHT,PARKED MOTOR VEHICLE,ONE-WAY,,STRAIGHT AND LEVEL,DRY,UNKNOWN,NOT ON SCENE (DESK REPORT),NO INJURY / DRIVE AWAY,,,Y,"OVER $1,500",04/07/2025 14:25,UNABLE TO DETERMINE,NOT APPLICABLE,2415,N,LAWNDALE AVE,2524,,,,,,,2,NO INDICATION OF INJURY,0,0,0,0,0,1,0,8,2,4,1,0,8,2,4
CLEAR,DAYLIGHT,SIDESWIPE SAME DIRECTION,DIVIDED - W/MEDIAN (NOT RAISED),,STRAIGHT AND LEVEL,UNKNOWN,UNKNOWN,ON SCENE,NO INJURY / DRIVE AWAY,,,,"OVER $1,500",04/07/2025 17:30,UNABLE TO DETERMINE,NOT APPLICABLE,833,W,GRAND AVE,1214,,,,,,,2,NO INDICATION OF INJURY,0,0,0,0,0,2,0,17,2,4,2,0,17,2,4
CLEAR,"DARKNESS, LIGHTED ROAD",REAR END,NOT DIVIDED,,STRAIGHT AND LEVEL,DRY,UNKNOWN,NOT ON SCENE (DESK REPORT),NO INJURY / DRIVE AWAY,,,,"OVER $1,500",05/25/2025 23:08,UNABLE TO DETERMINE,UNABLE TO DETERMINE,3800,W,LAWRENCE AVE,1712,,,,,,,2,NO INDICATION OF INJURY,0,0,0,0,0,2,0,22,1,5,2,0,22,1,5
CLEAR,DAYLIGHT,SIDESWIPE SAME DIRECTION,NOT DIVIDED,,STRAIGHT AND LEVEL,DRY,UNKNOWN,ON SCENE,INJURY AND / OR TOW DUE TO CRASH,,,,"OVER $1,500",04/07/2025 16:45,UNABLE TO DETERMINE,NOT APPLICABLE,101,E,123RD ST,532,,,,,,,2,NONINCAPACITATING INJURY,1,0,0,1,0,1,0,16,2,4,1,0,16,2,4
CLEAR,DAYLIGHT,ANGLE,FOUR WAY,,STRAIGHT AND LEVEL,UNKNOWN,UNKNOWN,NOT ON SCENE (DESK REPORT),NO INJURY / DRIVE AWAY,Y,,,"OVER $1,500",02/10/2025 14:35,UNABLE TO DETERMINE,UNABLE TO DETERMINE,1400,W,WRIGHTWOOD AVE,1932,,,,,,,2,NO INDICATION OF INJURY,0,0,0,0,0,3,0,14,2,2,3,0,14,2,2
CLEAR,DAYLIGHT,REAR TO FRONT,NOT DIVIDED,,STRAIGHT AND LEVEL,DRY,NO DEFECTS,ON SCENE,NO INJURY / DRIVE AWAY,,,,"OVER $1,500",02/10/2025 17:19,UNABLE TO DETERMINE,NOT APPLICABLE,121,N,LA SALLE ST,122,,,,,,,2,NO INDICATION OF INJURY,0,0,0,0,0,2,0,17,2,2,2,0,17,2,2
CLEAR,DAYLIGHT,SIDESWIPE SAME DIRECTION,NOT DIVIDED,,STRAIGHT AND LEVEL,DRY,NO DEFECTS,NOT ON SCENE (DESK REPORT),NO INJURY / DRIVE AWAY,,,,"OVER $1,500",05/25/2025 19:50,IMPROPER OVERTAKING/PASSING,DRIVING SKILLS/KNOWLEDGE/EXPERIENCE,10301,S,MICHIGAN AVE,512,,,,,,,2,NO INDICATION OF INJURY,0,0,0,0,0,2,0,19,1,5,2,0,19,1,5
SNOW,DAYLIGHT,ANGLE,ALLEY,,STRAIGHT AND LEVEL,SNOW OR SLUSH,NO DEFECTS,NOT ON SCENE (DESK REPORT),NO INJURY / DRIVE AWAY,,,,"$501 - $1,500",04/07/2025 12:11,FAILING TO YIELD RIGHT-OF-WAY,NOT APPLICABLE,5500,W,FULLERTON AVE,2515,,,,,,,2,NO INDICATION OF INJURY,0,0,0,0,0,2,0,11,2,4,2,0,11,2,4
CLEAR,DAYLIGHT,PARKED MOTOR VEHICLE,NOT DIVIDED,,STRAIGHT AND LEVEL,DRY,NO DEFECTS,ON SCENE,NO INJURY / DRIVE AWAY,Y,,,"OVER $1,500",04/07/2025 17:13,IMPROPER LANE USAGE,UNABLE TO DETERMINE,2761,W,DEVON AVE,2413,,,,,,,2,NO INDICATION OF INJURY,0,0,0,0,0,1,0,17,2,4,1,0,17,2,4
CLEAR,DAYLIGHT,SIDESWIPE SAME DIRECTION,ONE-WAY,,STRAIGHT AND LEVEL,DRY,UNKNOWN,NOT ON SCENE (DESK REPORT),NO INJURY / DRIVE AWAY,,,,"OVER $1,500",05/25/2025 19:40,UNABLE TO DETERMINE,UNABLE TO DETERMINE,55,E,GRAND AVE,1834,,,,,,,2,NO INDICATION OF INJURY,0,0,0,0,0,2,0,18,1,5,2,0,18,1,5
CLOUDY/OVERCAST,DAYLIGHT,REAR END,NOT DIVIDED,,STRAIGHT AND LEVEL,DRY,NO DEFECTS,ON SCENE,INJURY AND / OR TOW DUE TO CRASH,,,,"$501 - $1,500",04/07/2025 7:10,DISTRACTION - FROM INSIDE VEHICLE,DISTRACTION - FROM INSIDE VEHICLE,1556,W,WRIGHTWOOD AVE,1932,,,,,,,2,"REPORTED, NOT EVIDENT",1,0,0,0,1,2,0,7,2,4,2,0,7,2,4
CLEAR,DAYLIGHT,ANGLE,FOUR WAY,,STRAIGHT AND LEVEL,DRY,NO DEFECTS,NOT ON SCENE (DESK REPORT),NO INJURY / DRIVE AWAY,Y,,,"OVER $1,500",04/07/2025 11:30,DISREGARDING STOP SIGN,UNABLE TO DETERMINE,7300,N,OLCOTT AVE,1611,,,,,,,2,NO INDICATION OF INJURY,0,0,0,0,0,2,0,10,2,4,2,0,10,2,4
RAIN,DAYLIGHT,ANGLE,NOT DIVIDED,,STRAIGHT AND LEVEL,WET,NO DEFECTS,,NO INJURY / DRIVE AWAY,,,,"OVER $1,500",04/20/2025 15:52,FAILING TO YIELD RIGHT-OF-WAY,NOT APPLICABLE,3828,W,MONTROSE AVE,1723,,,,,,,2,NO INDICATION OF INJURY,0,0,0,0,0,4,0,14,1,4,4,0,14,1,4
RAIN,DAYLIGHT,REAR END,NOT DIVIDED,,STRAIGHT AND LEVEL,DRY,NO DEFECTS,NOT ON SCENE (DESK REPORT),NO INJURY / DRIVE AWAY,Y,,,"$501 - $1,500",05/25/2025 9:32,FOLLOWING TOO CLOSELY,NOT APPLICABLE,3598,W,111TH ST,2211,,,,,,,2,NO INDICATION OF INJURY,0,0,0,0,0,2,0,8,1,5,2,0,8,1,5
UNKNOWN,UNKNOWN,REAR TO FRONT,ONE-WAY,,STRAIGHT AND LEVEL,UNKNOWN,UNKNOWN,,NO INJURY / DRIVE AWAY,,,,$500 OR LESS,04/07/2025 15:43,UNABLE TO DETERMINE,UNABLE TO DETERMINE,2740,W,ROSEMONT AVE,2413,,,,,,,2,NO INDICATION OF INJURY,0,0,0,0,0,2,0,14,2,4,2,0,14,2,4
UNKNOWN,"DARKNESS, LIGHTED ROAD",REAR END,DIVIDED - W/MEDIAN (NOT RAISED),,STRAIGHT AND LEVEL,DRY,NO DEFECTS,NOT ON SCENE (DESK REPORT),INJURY AND / OR TOW DUE TO CRASH,,,Y,"OVER $1,500",02/13/2025 17:15,UNABLE TO DETERMINE,UNABLE TO DETERMINE,12,W,ROOSEVELT RD,123,,,,,,,2,"REPORTED, NOT EVIDENT",1,0,0,0,1,3,0,21,2,2,3,0,21,2,2
CLEAR,DAYLIGHT,TURNING,FOUR WAY,,STRAIGHT AND LEVEL,DRY,NO DEFECTS,ON SCENE,NO INJURY / DRIVE AWAY,Y,,,"OVER $1,500",05/25/2025 14:40,IMPROPER TURNING/NO SIGNAL,NOT APPLICABLE,10858,S,LAWNDALE AVE,2211,,,,,,,2,NO INDICATION OF INJURY,0,0,0,0,0,3,0,13,1,5,3,0,13,1,5
CLEAR,DAYLIGHT,REAR END,FOUR WAY,,STRAIGHT AND LEVEL,DRY,WORN SURFACE,NOT ON SCENE (DESK REPORT),NO INJURY / DRIVE AWAY,Y,,,"OVER $1,500",02/10/2025 10:30,FOLLOWING TOO CLOSELY,NOT APPLICABLE,7500,S,SOUTH CHICAGO AVE,624,,,,,,,2,NO INDICATION OF INJURY,0,0,0,0,0,2,0,8,2,2,2,0,8,2,2
CLEAR,DAYLIGHT,PARKED MOTOR VEHICLE,T-INTERSECTION,,STRAIGHT AND LEVEL,DRY,NO DEFECTS,NOT ON SCENE (DESK REPORT),NO INJURY / DRIVE AWAY,,,Y,"$501 - $1,500",05/25/2025 11:45,IMPROPER OVERTAKING/PASSING,IMPROPER OVERTAKING/PASSING,2955,N,RIDGEWAY AVE,2523,,,,,,,2,NO INDICATION OF INJURY,0,0,0,0,0,1,0,10,1,5,1,0,10,1,5
CLEAR,"DARKNESS, LIGHTED ROAD",PARKED MOTOR VEHICLE,DIVIDED - W/MEDIAN BARRIER,,STRAIGHT AND LEVEL,DRY,NO DEFECTS,ON SCENE,NO INJURY / DRIVE AWAY,,,Y,"OVER $1,500",05/25/2025 19:50,FAILING TO REDUCE SPEED TO AVOID CRASH,NOT APPLICABLE,5550,N,HARLEM AVE,1612,,,,,,,2,NO INDICATION OF INJURY,0,0,0,0,0,1,0,19,1,5,1,0,19,1,5
CLEAR,DAYLIGHT,REAR END,DIVIDED - W/MEDIAN (NOT RAISED),,STRAIGHT AND LEVEL,DRY,NO DEFECTS,ON SCENE,NO INJURY / DRIVE AWAY,Y,,,"OVER $1,500",02/10/2025 8:47,OBSTRUCTED CROSSWALKS,UNABLE TO DETERMINE,5500,W,IRVING PARK RD,1624,,,,,,,2,NO INDICATION OF INJURY,0,0,0,0,0,3,0,8,2,2,3,0,8,2,2
CLEAR,DAYLIGHT,REAR END,NOT DIVIDED,,STRAIGHT AND LEVEL,UNKNOWN,UNKNOWN,ON SCENE,NO INJURY / DRIVE AWAY,,,,"OVER $1,500",02/10/2025 15:48,DISTRACTION - FROM INSIDE VEHICLE,NOT APPLICABLE,2310,S,WESTERN AVE,1034,,,,,,,3,NO INDICATION OF INJURY,0,0,0,0,0,3,0,15,2,2,3,0,15,2,2
CLEAR,DAYLIGHT,PARKED MOTOR VEHICLE,RAMP,,STRAIGHT AND LEVEL,DRY,NO DEFECTS,ON SCENE,NO INJURY / DRIVE AWAY,,Y,,"$501 - $1,500",04/07/2025 6:18,DRIVING SKILLS/KNOWLEDGE/EXPERIENCE,DRIVING SKILLS/KNOWLEDGE/EXPERIENCE,5701,S,CICERO AVE,813,,,,,,,2,NO INDICATION OF INJURY,0,0,0,0,0,2,0,6,2,4,2,0,6,2,4
CLEAR,DAYLIGHT,PARKED MOTOR VEHICLE,NOT DIVIDED,,STRAIGHT AND LEVEL,DRY,NO DEFECTS,NOT ON SCENE (DESK REPORT),NO INJURY / DRIVE AWAY,,,Y,"$501 - $1,500",05/27/2025 14:35,UNABLE TO DETERMINE,UNABLE TO DETERMINE,5147,N,EAST RIVER RD,1614,,,,,,,2,NO INDICATION OF INJURY,0,0,0,0,0,1,0,12,1,5,1,0,12,1,5
UNKNOWN,UNKNOWN,REAR END,OTHER,,STRAIGHT AND LEVEL,UNKNOWN,UNKNOWN,NOT ON SCENE (DESK REPORT),NO INJURY / DRIVE AWAY,,Y,,"OVER $1,500",04/07/2025 21:36,UNABLE TO DETERMINE,UNABLE TO DETERMINE,4343,N,MILWAUKEE AVE,1624,,,,,,,2,NO INDICATION OF INJURY,0,0,0,0,0,2,0,19,2,4,2,0,19,2,4
CLOUDY/OVERCAST,DAYLIGHT,SIDESWIPE SAME DIRECTION,DIVIDED - W/MEDIAN (NOT RAISED),,STRAIGHT AND LEVEL,DRY,NO DEFECTS,NOT ON SCENE (DESK REPORT),NO INJURY / DRIVE AWAY,,,,"OVER $1,500",04/07/2025 16:30,UNABLE TO DETERMINE,UNABLE TO DETERMINE,1956,N,CICERO AVE,2533,,,,,,,2,NO INDICATION OF INJURY,0,0,0,0,0,2,0,14,2,4,2,0,14,2,4
RAIN,DAYLIGHT,PEDESTRIAN,NOT DIVIDED,,STRAIGHT AND LEVEL,WET,NO DEFECTS,NOT ON SCENE (DESK REPORT),INJURY AND / OR TOW DUE TO CRASH,,,Y,$500 OR LESS,04/07/2025 10:30,NOT APPLICABLE,NOT APPLICABLE,5918,N,OCONTO AVE,1612,,,,,,,2,"REPORTED, NOT EVIDENT",1,0,0,0,1,2,0,8,2,4,2,0,8,2,4
CLEAR,DAYLIGHT,PARKED MOTOR VEHICLE,ALLEY,,STRAIGHT AND LEVEL,DRY,NO DEFECTS,NOT ON SCENE (DESK REPORT),NO INJURY / DRIVE AWAY,,,Y,"OVER $1,500",04/14/2025 11:19,UNABLE TO DETERMINE,NOT APPLICABLE,933,S,INDEPENDENCE BLVD,1133,,,,,,,2,NO INDICATION OF INJURY,0,0,0,0,0,1,0,8,2,4,1,0,8,2,4
CLEAR,"DARKNESS, LIGHTED ROAD",REAR END,T-INTERSECTION,,STRAIGHT AND LEVEL,DRY,NO DEFECTS,ON SCENE,INJURY AND / OR TOW DUE TO CRASH,,,,"OVER $1,500",08/13/2023 1:45,FAILING TO REDUCE SPEED TO AVOID CRASH,DISREGARDING STOP SIGN,7258,S,LAFAYETTE AVE,731,,,,,,,3,NO INDICATION OF INJURY,0,0,0,0,0,3,0,1,1,8,3,0,1,1,8
CLEAR,DAYLIGHT,PARKED MOTOR VEHICLE,DRIVEWAY,,STRAIGHT AND LEVEL,DRY,NO DEFECTS,NOT ON SCENE (DESK REPORT),NO INJURY / DRIVE AWAY,,,,$500 OR LESS,04/07/2025 16:53,FAILING TO REDUCE SPEED TO AVOID CRASH,UNABLE TO DETERMINE,5700,S,LAKE SHORE DR,331,,,,,,,2,NO INDICATION OF INJURY,0,0,0,0,0,5,0,16,2,4,5,0,16,2,4
CLEAR,DAYLIGHT,REAR END,DIVIDED - W/MEDIAN BARRIER,,STRAIGHT AND LEVEL,DRY,NO DEFECTS,NOT ON SCENE (DESK REPORT),INJURY AND / OR TOW DUE TO CRASH,,,Y,"OVER $1,500",04/07/2025 16:30,UNABLE TO DETERMINE,NOT APPLICABLE,3616,W,IRVING PARK RD,1723,,,,,,,3,"REPORTED, NOT EVIDENT",1,0,0,0,1,2,0,16,2,4,2,0,16,2,4
CLEAR,"DARKNESS, LIGHTED ROAD",REAR END,DIVIDED - W/MEDIAN BARRIER,,STRAIGHT AND LEVEL,DRY,NO DEFECTS,ON SCENE,INJURY AND / OR TOW DUE TO CRASH,,,,"OVER $1,500",04/07/2025 2:09,FAILING TO REDUCE SPEED TO AVOID CRASH,NOT APPLICABLE,4100,N,LAKE SHORE DR SB,1915,,,,,,,2,INCAPACITATING INJURY,2,0,1,1,0,1,0,2,2,4,1,0,2,2,4
CLEAR,DAYLIGHT,SIDESWIPE SAME DIRECTION,DIVIDED - W/MEDIAN BARRIER,,STRAIGHT AND LEVEL,UNKNOWN,UNKNOWN,NOT ON SCENE (DESK REPORT),NO INJURY / DRIVE AWAY,,,,"$501 - $1,500",02/10/2025 15:57,UNABLE TO DETERMINE,NOT APPLICABLE,5540,N,LINCOLN AVE,2011,,,,,,,2,NO INDICATION OF INJURY,0,0,0,0,0,2,0,15,2,2,2,0,15,2,2
CLEAR,DAYLIGHT,PEDESTRIAN,NOT DIVIDED,,STRAIGHT AND LEVEL,DRY,NO DEFECTS,,INJURY AND / OR TOW DUE TO CRASH,N,,,"OVER $1,500",04/07/2025 8:46,FAILING TO YIELD RIGHT-OF-WAY,NOT APPLICABLE,3158,W,HARRISON ST,1134,,N,,,,,2,"REPORTED, NOT EVIDENT",1,0,0,0,1,1,0,8,2,4,1,0,8,2,4
CLEAR,DAYLIGHT,PARKED MOTOR VEHICLE,DIVIDED - W/MEDIAN BARRIER,,STRAIGHT AND LEVEL,DRY,NO DEFECTS,ON SCENE,NO INJURY / DRIVE AWAY,,,,"OVER $1,500",02/10/2025 16:36,IMPROPER OVERTAKING/PASSING,UNABLE TO DETERMINE,7459,S,SOUTH SHORE DR,334,,,,,,,2,NO INDICATION OF INJURY,0,0,0,0,0,1,0,16,2,2,1,0,16,2,2
CLEAR,DAYLIGHT,SIDESWIPE SAME DIRECTION,NOT DIVIDED,,STRAIGHT AND LEVEL,DRY,UNKNOWN,NOT ON SCENE (DESK REPORT),NO INJURY / DRIVE AWAY,,,,"OVER $1,500",04/07/2025 19:00,IMPROPER OVERTAKING/PASSING,NOT APPLICABLE,3654,N,WESTERN AVE,1921,,,,,,,2,NO INDICATION OF INJURY,0,0,0,0,0,2,0,18,2,4,2,0,18,2,4
CLEAR,DAYLIGHT,REAR END,NOT DIVIDED,,STRAIGHT AND LEVEL,DRY,NO DEFECTS,ON SCENE,NO INJURY / DRIVE AWAY,,,Y,"OVER $1,500",04/07/2025 17:35,FAILING TO REDUCE SPEED TO AVOID CRASH,NOT APPLICABLE,6927,W,ARCHER AVE,811,,,,,,,3,NO INDICATION OF INJURY,0,0,0,0,0,4,0,17,2,4,4,0,17,2,4
CLEAR,DAYLIGHT,TURNING,NOT DIVIDED,,STRAIGHT AND LEVEL,DRY,NO DEFECTS,ON SCENE,NO INJURY / DRIVE AWAY,,,,"$501 - $1,500",04/07/2025 8:54,UNABLE TO DETERMINE,NOT APPLICABLE,5399,W,BELDEN AVE,2515,,,,,,,2,NO INDICATION OF INJURY,0,0,0,0,0,5,0,8,2,4,5,0,8,2,4
CLEAR,DAYLIGHT,SIDESWIPE SAME DIRECTION,DIVIDED - W/MEDIAN (NOT RAISED),,STRAIGHT AND LEVEL,DRY,UNKNOWN,NOT ON SCENE (DESK REPORT),NO INJURY / DRIVE AWAY,,,,"OVER $1,500",04/07/2025 17:45,IMPROPER OVERTAKING/PASSING,FAILING TO REDUCE SPEED TO AVOID CRASH,3,W,CHICAGO AVE,1832,,,,,,,2,NO INDICATION OF INJURY,0,0,0,0,0,2,0,17,2,4,2,0,17,2,4
CLEAR,DAYLIGHT,REAR END,NOT DIVIDED,,STRAIGHT AND LEVEL,DRY,NO DEFECTS,NOT ON SCENE (DESK REPORT),NO INJURY / DRIVE AWAY,,,,"OVER $1,500",04/07/2025 18:26,FOLLOWING TOO CLOSELY,NOT APPLICABLE,4219,S,CICERO AVE,815,,,,,,,2,NO INDICATION OF INJURY,0,0,0,0,0,4,0,17,2,4,4,0,17,2,4
CLEAR,DAYLIGHT,HEAD ON,ONE-WAY,,STRAIGHT AND LEVEL,UNKNOWN,NO DEFECTS,ON SCENE,INJURY AND / OR TOW DUE TO CRASH,,,Y,"OVER $1,500",04/07/2025 13:18,DRIVING ON WRONG SIDE/WRONG WAY,FAILING TO REDUCE SPEED TO AVOID CRASH,4457,W,GUNNISON ST,1712,,,,,,,2,NO INDICATION OF INJURY,0,0,0,0,0,6,0,12,2,4,6,0,12,2,4
CLEAR,DAYLIGHT,SIDESWIPE SAME DIRECTION,NOT DIVIDED,,STRAIGHT AND LEVEL,DRY,NO DEFECTS,NOT ON SCENE (DESK REPORT),NO INJURY / DRIVE AWAY,,,Y,"OVER $1,500",02/10/2025 16:08,NOT APPLICABLE,NOT APPLICABLE,6401,W,ARCHER AVE,811,,,,,,,2,NO INDICATION OF INJURY,0,0,0,0,0,2,0,14,2,2,2,0,14,2,2
CLEAR,"DARKNESS, LIGHTED ROAD",REAR TO FRONT,DIVIDED - W/MEDIAN (NOT RAISED),,STRAIGHT AND LEVEL,DRY,NO DEFECTS,ON SCENE,NO INJURY / DRIVE AWAY,,,,"OVER $1,500",02/10/2025 23:31,UNABLE TO DETERMINE,UNABLE TO DETERMINE,2,E,115TH ST,531,,,,,,,2,NO INDICATION OF INJURY,0,0,0,0,0,5,0,23,2,2,5,0,23,2,2
CLEAR,DAYLIGHT,TURNING,NOT DIVIDED,,STRAIGHT AND LEVEL,UNKNOWN,UNKNOWN,ON SCENE,INJURY AND / OR TOW DUE TO CRASH,Y,Y,,"OVER $1,500",04/07/2025 13:55,IMPROPER TURNING/NO SIGNAL,IMPROPER LANE USAGE,2927,S,ARCHER AVE,913,,,,,,,2,NO INDICATION OF INJURY,0,0,0,0,0,2,0,13,2,4,2,0,13,2,4
CLEAR,DAYLIGHT,PARKED MOTOR VEHICLE,PARKING LOT,,STRAIGHT AND LEVEL,DRY,NO DEFECTS,NOT ON SCENE (DESK REPORT),NO INJURY / DRIVE AWAY,,Y,,"OVER $1,500",04/09/2025 11:15,UNABLE TO DETERMINE,UNABLE TO DETERMINE,5949,W,HIGGINS AVE,1622,,,,,,,2,NO INDICATION OF INJURY,0,0,0,0,0,2,0,8,2,4,2,0,8,2,4
CLEAR,DAYLIGHT,TURNING,OTHER,,STRAIGHT AND LEVEL,DRY,NO DEFECTS,ON SCENE,NO INJURY / DRIVE AWAY,,,,"OVER $1,500",04/07/2025 9:45,UNABLE TO DETERMINE,NOT APPLICABLE,520,N,STATE ST,1831,,,,,,,2,NO INDICATION OF INJURY,0,0,0,0,0,2,0,9,2,4,2,0,9,2,4
CLEAR,UNKNOWN,PARKED MOTOR VEHICLE,DIVIDED - W/MEDIAN (NOT RAISED),,STRAIGHT AND LEVEL,DRY,NO DEFECTS,ON SCENE,NO INJURY / DRIVE AWAY,,,Y,"OVER $1,500",02/11/2025 15:25,UNABLE TO DETERMINE,UNABLE TO DETERMINE,4032,W,31ST ST,1031,,,,,,,2,NO INDICATION OF INJURY,0,0,0,0,0,1,0,14,2,2,1,0,14,2,2
CLEAR,DAYLIGHT,SIDESWIPE SAME DIRECTION,ONE-WAY,,STRAIGHT AND LEVEL,DRY,NO DEFECTS,ON SCENE,NO INJURY / DRIVE AWAY,Y,,N,"OVER $1,500",08/09/2023 7:48,IMPROPER OVERTAKING/PASSING,UNABLE TO DETERMINE,7200,S,MICHIGAN AVE,323,,,,,,,2,NO INDICATION OF INJURY,0,0,0,0,0,2,0,7,4,8,2,0,7,4,8