WEATHER_CONDITION,LIGHTING_CONDITION,FIRST_CRASH_TYPE,TRAFFICWAY_TYPE,LANE_CNT,ALIGNMENT,ROADWAY_SURFACE_COND,ROAD_DEFECT,REPORT_TYPE,CRASH_TYPE,INTERSECTION_RELATED_I,NOT_RIGHT_OF_WAY_I,HIT_AND_RUN_I,DAMAGE,DATE_POLICE_NOTIFIED,PRIM_CONTRIBUTORY_CAUSE,SEC_CONTRIBUTORY_CAUSE,STREET_NO,STREET_DIRECTION,STREET_NAME,BEAT_OF_OCCURRENCE,PHOTOS_TAKEN_I,STATEMENTS_TAKEN_I,DOORING_I,WORK_ZONE_I,WORK_ZONE_TYPE,WORKERS_PRESENT_I,NUM_UNITS,MOST_SEVERE_INJURY,INJURIES_TOTAL,INJURIES_FATAL,INJURIES_INCAPACITATING,INJURIES_NON_INCAPACITATING,INJURIES_REPORTED_NOT_EVIDENT,INJURIES_NO_INDICATION,INJURIES_UNKNOWN,CRASH_HOUR,CRASH_DAY_OF_WEEK,CRASH_MONTH,INJURIES_NO_INDICATION,INJURIES_UNKNOWN,CRASH_HOUR,CRASH_DAY_OF_WEEK,CRASH_MONTH
RAIN,DAYLIGHT,REAR END,DIVIDED - W/MEDIAN (NOT RAISED),,STRAIGHT AND LEVEL,WET,OTHER,ON SCENE,INJURY AND / OR TOW DUE TO CRASH,,,,"OVER $1,500",08/14/2023 14:09,WEATHER,ROAD CONSTRUCTION/MAINTENANCE,6040,W,FULLERTON AVE,2512,,,,,,,2,"REPORTED, NOT EVIDENT",1,0,0,0,1,1,0,13,2,8,1,0,13,2,8
CLEAR,DAYLIGHT,TURNING,FOUR WAY,,STRAIGHT AND LEVEL,DRY,SHOULDER DEFECT,ON SCENE,INJURY AND / OR TOW DUE TO CRASH,,,,"OVER $1,500",02/23/2024 13:16,FAILING TO YIELD RIGHT-OF-WAY,UNABLE TO DETERMINE,2801,W,BELMONT AVE,1411,,,,,,,2,NONINCAPACITATING INJURY,1,0,0,1,0,2,0,13,6,2,2,0,13,6,2
RAIN,DAYLIGHT,TURNING,PARKING LOT,,STRAIGHT AND LEVEL,WET,NO DEFECTS,NOT ON SCENE (DESK REPORT),NO INJURY / DRIVE AWAY,,,,"$501 - $1,500",08/14/2023 14:35,FAILING TO YIELD RIGHT-OF-WAY,DRIVING SKILLS/KNOWLEDGE/EXPERIENCE,524,W,OHARE ST,1654,,,,,,,2,NO INDICATION OF INJURY,0,0,0,0,0,2,0,13,2,8,2,0,13,2,8
CLEAR,DAYLIGHT,SIDESWIPE SAME DIRECTION,ONE-WAY,,STRAIGHT AND LEVEL,DRY,NO DEFECTS,ON SCENE,NO INJURY / DRIVE AWAY,,,,"OVER $1,500",04/07/2025 15:37,DRIVING SKILLS/KNOWLEDGE/EXPERIENCE,UNABLE TO DETERMINE,1,W,TERMINAL ST,1651,,,,,,,2,NO INDICATION OF INJURY,0,0,0,0,0,2,0,15,2,4,2,0,15,2,4
CLEAR,"DARKNESS, LIGHTED ROAD",SIDESWIPE SAME DIRECTION,CENTER TURN LANE,,STRAIGHT AND LEVEL,DRY,UNKNOWN,ON SCENE,NO INJURY / DRIVE AWAY,,,,"OVER $1,500",02/10/2025 19:46,UNABLE TO DETERMINE,UNABLE TO DETERMINE,1040,W,ROOSEVELT RD,1232,,,,,,,2,NO INDICATION OF INJURY,0,0,0,0,0,2,0,18,2,2,2,0,18,2,2
CLEAR,DAYLIGHT,REAR END,OTHER,,STRAIGHT AND LEVEL,DRY,NO DEFECTS,ON SCENE,NO INJURY / DRIVE AWAY,,,Y,"OVER $1,500",04/07/2025 17:28,UNABLE TO DETERMINE,UNABLE TO DETERMINE,104,N,CICERO AVE,1532,,,,,,,3,NO INDICATION OF INJURY,0,0,0,0,0,4,0,17,2,4,4,0,17,2,4
CLEAR,DAYLIGHT,SIDESWIPE SAME DIRECTION,ONE-WAY,,STRAIGHT AND LEVEL,UNKNOWN,UNKNOWN,NOT ON SCENE (DESK REPORT),NO INJURY / DRIVE AWAY,,,Y,"OVER $1,500",02/10/2025 18:00,FAILING TO YIELD RIGHT-OF-WAY,NOT APPLICABLE,5305,S,RUTHERFORD AVE,811,,,,,,,2,NO INDICATION OF INJURY,0,0,0,0,0,2,0,7,2,2,2,0,7,2,2
CLEAR,DAYLIGHT,OTHER OBJECT,ONE-WAY,,STRAIGHT AND LEVEL,DRY,NO DEFECTS,ON SCENE,INJURY AND / OR TOW DUE TO CRASH,,,,"OVER $1,500",02/10/2025 15:03,UNABLE TO DETERMINE,NOT APPLICABLE,4603,N,MARMORA AVE,1622,,,,,,,2,NO INDICATION OF INJURY,0,0,0,0,0,2,0,15,2,2,2,0,15,2,2
CLEAR,DAYLIGHT,ANGLE,FOUR WAY,,STRAIGHT AND LEVEL,DRY,UNKNOWN,NOT ON SCENE (DESK REPORT),NO INJURY / DRIVE AWAY,Y,,,"$501 - $1,500",04/07/2025 7:40,DISREGARDING TRAFFIC SIGNALS,UNABLE TO DETERMINE,2401,N,KOSTNER AVE,2524,,,,,,,2,NO INDICATION OF INJURY,0,0,0,0,0,2,0,6,2,4,2,0,6,2,4
CLEAR,DAYLIGHT,TURNING,NOT DIVIDED,,STRAIGHT AND LEVEL,DRY,NO DEFECTS,NOT ON SCENE (DESK REPORT),NO INJURY / DRIVE AWAY,Y,,Y,"OVER $1,500",02/10/2025 10:01,IMPROPER TURNING/NO SIGNAL,NOT APPLICABLE,2,N,STATE ST,112,,,,,,,2,NO INDICATION OF INJURY,0,0,0,0,0,2,0,9,2,2,2,0,9,2,2
CLEAR,"DARKNESS, LIGHTED ROAD",TURNING,FOUR WAY,,STRAIGHT AND LEVEL,DRY,UNKNOWN,ON SCENE,NO INJURY / DRIVE AWAY,Y,,,"OVER $1,500",04/07/2025 4:57,IMPROPER TURNING/NO SIGNAL,NOT APPLICABLE,4698,S,HALSTED ST,925,,,,,,,2,NO INDICATION OF INJURY,0,0,0,0,0,2,0,4,2,4,2,0,4,2,4
CLEAR,DAYLIGHT,ANGLE,CENTER TURN LANE,,STRAIGHT AND LEVEL,DRY,UNKNOWN,ON SCENE,NO INJURY / DRIVE AWAY,,,,$500 OR LESS,04/07/2025 17:30,FAILING TO YIELD RIGHT-OF-WAY,NOT APPLICABLE,1734,W,WILSON AVE,1912,,,,,,,2,NO INDICATION OF INJURY,0,0,0,0,0,2,0,17,2,4,2,0,17,2,4
CLEAR,"DARKNESS, LIGHTED ROAD",REAR END,OTHER,,STRAIGHT AND LEVEL,DRY,NO DEFECTS,NOT ON SCENE (DESK REPORT),NO INJURY / DRIVE AWAY,,,,"OVER $1,500",02/10/2025 19:26,UNABLE TO DETERMINE,NOT APPLICABLE,1595,N,LA SALLE DR,1821,,,,,,,2,NO INDICATION OF INJURY,0,0,0,0,0,2,0,18,2,2,2,0,18,2,2
UNKNOWN,UNKNOWN,REAR END,DIVIDED - W/MEDIAN (NOT RAISED),,STRAIGHT AND LEVEL,UNKNOWN,UNKNOWN,NOT ON SCENE (DESK REPORT),NO INJURY / DRIVE AWAY,,,Y,"$501 - $1,500",02/10/2025 16:53,FOLLOWING TOO CLOSELY,FOLLOWING TOO CLOSELY,256,N,PULASKI RD,1114,,,,,,,3,NO INDICATION OF INJURY,0,0,0,0,0,3,0,15,2,2,3,0,15,2,2
CLEAR,DAYLIGHT,REAR TO FRONT,NOT DIVIDED,,STRAIGHT AND LEVEL,DRY,NO DEFECTS,NOT ON SCENE (DESK REPORT),NO INJURY / DRIVE AWAY,,,,"OVER $1,500",04/07/2025 18:30,IMPROPER BACKING,NOT APPLICABLE,4036,W,COLUMBUS AVE,834,,,,,,,2,NO INDICATION OF INJURY,0,0,0,0,0,4,0,15,2,4,4,0,15,2,4
CLEAR,DAYLIGHT,SIDESWIPE SAME DIRECTION,NOT DIVIDED,,STRAIGHT AND LEVEL,DRY,NO DEFECTS,NOT ON SCENE (DESK REPORT),NO INJURY / DRIVE AWAY,,,,"$501 - $1,500",04/07/2025 16:15,FOLLOWING TOO CLOSELY,NOT APPLICABLE,92,E,103RD ST,511,,,,,,,2,NO INDICATION OF INJURY,0,0,0,0,0,2,0,16,2,4,2,0,16,2,4
CLEAR,DAYLIGHT,SIDESWIPE SAME DIRECTION,DIVIDED - W/MEDIAN BARRIER,,"CURVE, LEVEL",DRY,UNKNOWN,ON SCENE,NO INJURY / DRIVE AWAY,,,Y,"$501 - $1,500",04/07/2025 8:00,IMPROPER OVERTAKING/PASSING,IMPROPER LANE USAGE,5743,S,LAKE SHORE DR,331,,,,,,,2,NO INDICATION OF INJURY,0,0,0,0,0,2,0,7,2,4,2,0,7,2,4
CLEAR,DUSK,TURNING,DIVIDED - W/MEDIAN (NOT RAISED),,STRAIGHT AND LEVEL,DRY,NO DEFECTS,ON SCENE,NO INJURY / DRIVE AWAY,,,,"$501 - $1,500",02/10/2025 17:41,IMPROPER LANE USAGE,IMPROPER LANE USAGE,2,N,MICHIGAN AVE,112,,,,,,,2,NO INDICATION OF INJURY,0,0,0,0,0,2,0,17,2,2,2,0,17,2,2
CLEAR,DAYLIGHT,REAR END,DIVIDED - W/MEDIAN BARRIER,,STRAIGHT AND LEVEL,DRY,NO DEFECTS,NOT ON SCENE (DESK REPORT),NO INJURY / DRIVE AWAY,,,,"$501 - $1,500",02/10/2025 10:00,UNABLE TO DETERMINE,NOT APPLICABLE,1137,E,75TH ST,624,,,,,,,2,NO INDICATION OF INJURY,0,0,0,0,0,3,0,8,2,2,3,0,8,2,2
CLEAR,DAYLIGHT,PEDESTRIAN,FOUR WAY,,STRAIGHT AND LEVEL,UNKNOWN,UNKNOWN,ON SCENE,INJURY AND / OR TOW DUE TO CRASH,Y,,N,$500 OR LESS,02/10/2025 15:04,UNABLE TO DETERMINE,NOT APPLICABLE,1100,W,SHERIDAN RD,2432,,,,,,,2,NONINCAPACITATING INJURY,1,0,0,1,0,2,0,15,2,2,2,0,15,2,2
RAIN,DAYLIGHT,PARKED MOTOR VEHICLE,ONE-WAY,,STRAIGHT AND LEVEL,WET,NO DEFECTS,ON SCENE,NO INJURY / DRIVE AWAY,,,,"$501 - $1,500",04/02/2025 15:50,DRIVING SKILLS/KNOWLEDGE/EXPERIENCE,UNABLE TO DETERMINE,1,W,TERMINAL ST,1651,,,,,,,2,NO INDICATION OF INJURY,0,0,0,0,0,1,0,15,4,4,1,0,15,4,4
CLOUDY/OVERCAST,DAYLIGHT,ANGLE,ONE-WAY,,STRAIGHT AND LEVEL,DRY,NO DEFECTS,NOT ON SCENE (DESK REPORT),NO INJURY / DRIVE AWAY,,,,"OVER $1,500",04/07/2025 13:22,FAILING TO YIELD RIGHT-OF-WAY,DRIVING SKILLS/KNOWLEDGE/EXPERIENCE,867,W,BUCKINGHAM PL,1924,,,,,,,2,NO INDICATION OF INJURY,0,0,0,0,0,2,0,10,2,4,2,0,10,2,4
CLEAR,DAYLIGHT,REAR END,DIVIDED - W/MEDIAN (NOT RAISED),,STRAIGHT AND LEVEL,DRY,NO DEFECTS,ON SCENE,INJURY AND / OR TOW DUE TO CRASH,,,,"OVER $1,500",02/10/2025 13:28,FOLLOWING TOO CLOSELY,DRIVING SKILLS/KNOWLEDGE/EXPERIENCE,3900,W,BELMONT AVE,1732,,,,,,,4,NONINCAPACITATING INJURY,2,0,0,1,1,2,0,13,2,2,2,0,13,2,2
UNKNOWN,UNKNOWN,SIDESWIPE OPPOSITE DIRECTION,NOT DIVIDED,,STRAIGHT AND LEVEL,UNKNOWN,UNKNOWN,NOT ON SCENE (DESK REPORT),NO INJURY / DRIVE AWAY,,,,$500 OR LESS,02/10/2025 18:00,UNABLE TO DETERMINE,NOT APPLICABLE,6650,N,GLENWOOD AVE,2432,,,,,,,2,NO INDICATION OF INJURY,0,0,0,0,0,2,0,14,2,2,2,0,14,2,2
CLOUDY/OVERCAST,"DARKNESS, LIGHTED ROAD",REAR END,NOT DIVIDED,,STRAIGHT AND LEVEL,DRY,NO DEFECTS,NOT ON SCENE (DESK REPORT),INJURY AND / OR TOW DUE TO CRASH,,,,"OVER $1,500",02/10/2025 19:15,FAILING TO REDUCE SPEED TO AVOID CRASH,UNABLE TO DETERMINE,10298,S,YATES AVE,431,,,,,,,3,"REPORTED, NOT EVIDENT",1,0,0,0,1,2,0,19,2,2,2,0,19,2,2
CLEAR,DARKNESS,FIXED OBJECT,ALLEY,,STRAIGHT AND LEVEL,DRY,NO DEFECTS,ON SCENE,NO INJURY / DRIVE AWAY,,Y,Y,"OVER $1,500",02/10/2025 21:51,"OPERATING VEHICLE IN ERRATIC, RECKLESS, CARELESS, NEGLIGENT OR AGGRESSIVE MANNER","OPERATING VEHICLE IN ERRATIC, RECKLESS, CARELESS, NEGLIGENT OR AGGRESSIVE MANNER",1536,E,85TH ST,412,,,,,,,1,NO INDICATION OF INJURY,0,0,0,0,0,1,0,21,2,2,1,0,21,2,2
CLEAR,DAYLIGHT,ANGLE,NOT DIVIDED,,STRAIGHT AND LEVEL,DRY,UNKNOWN,ON SCENE,NO INJURY / DRIVE AWAY,,,,"OVER $1,500",04/07/2025 16:20,FAILING TO YIELD RIGHT-OF-WAY,CELL PHONE USE OTHER THAN TEXTING,2506,W,PERSHING RD,911,,Y,,,,,2,NO INDICATION OF INJURY,0,0,0,0,0,2,0,16,2,4,2,0,16,2,4
CLEAR,DAYLIGHT,SIDESWIPE SAME DIRECTION,NOT DIVIDED,,STRAIGHT AND LEVEL,DRY,NO DEFECTS,ON SCENE,NO INJURY / DRIVE AWAY,,,Y,"OVER $1,500",04/07/2025 12:56,UNABLE TO DETERMINE,UNABLE TO DETERMINE,19,W,LAKE ST,111,,,,,,,2,NO INDICATION OF INJURY,0,0,0,0,0,2,0,12,2,4,2,0,12,2,4
CLEAR,DAYLIGHT,SIDESWIPE SAME DIRECTION,NOT DIVIDED,,STRAIGHT AND LEVEL,DRY,NO DEFECTS,ON SCENE,NO INJURY / DRIVE AWAY,,,,"OVER $1,500",04/07/2025 7:55,IMPROPER OVERTAKING/PASSING,FAILING TO YIELD RIGHT-OF-WAY,4400,S,KEDZIE AVE,821,,,,,,,2,NO INDICATION OF INJURY,0,0,0,0,0,4,0,7,2,4,4,0,7,2,4
CLEAR,DAYLIGHT,ANGLE,ALLEY,,STRAIGHT AND LEVEL,DRY,NO DEFECTS,ON SCENE,INJURY AND / OR TOW DUE TO CRASH,N,,,"OVER $1,500",04/07/2025 16:20,CELL PHONE USE OTHER THAN TEXTING,NOT APPLICABLE,23,N,KARLOV AVE,1115,,,,,,,2,NO INDICATION OF INJURY,0,0,0,0,0,3,0,16,2,4,3,0,16,2,4
CLEAR,DAYLIGHT,ANGLE,NOT DIVIDED,,STRAIGHT AND LEVEL,DRY,NO DEFECTS,ON SCENE,NO INJURY / DRIVE AWAY,Y,,,"OVER $1,500",02/10/2025 15:47,DISREGARDING TRAFFIC SIGNALS,NOT APPLICABLE,7100,S,HALSTED ST,733,,,,,,,2,NO INDICATION OF INJURY,0,0,0,0,0,3,0,15,2,2,3,0,15,2,2
CLEAR,DAYLIGHT,REAR END,PARKING LOT,,STRAIGHT AND LEVEL,DRY,NO DEFECTS,ON SCENE,NO INJURY / DRIVE AWAY,,,Y,"OVER $1,500",05/25/2025 16:06,UNABLE TO DETERMINE,UNABLE TO DETERMINE,2600,N,LINCOLN AVE,1932,,,,,,,2,NO INDICATION OF INJURY,0,0,0,0,0,2,0,16,1,5,2,0,16,1,5
CLEAR,DAYLIGHT,ANGLE,DIVIDED - W/MEDIAN (NOT RAISED),,STRAIGHT AND LEVEL,DRY,NO DEFECTS,ON SCENE,NO INJURY / DRIVE AWAY,,,,"OVER $1,500",05/25/2025 15:10,NOT APPLICABLE,NOT APPLICABLE,2832,N,AUSTIN AVE,2511,,,,,,,2,NO INDICATION OF INJURY,0,0,0,0,0,2,0,14,1,5,2,0,14,1,5
CLEAR,DAYLIGHT,PEDALCYCLIST,NOT DIVIDED,,STRAIGHT AND LEVEL,DRY,NO DEFECTS,NOT ON SCENE (DESK REPORT),INJURY AND / OR TOW DUE TO CRASH,,,Y,"OVER $1,500",05/25/2025 11:10,DISREGARDING YIELD SIGN,UNABLE TO DETERMINE,935,N,DEARBORN ST,1832,,,,,,,2,"REPORTED, NOT EVIDENT",1,0,0,0,1,1,0,11,1,5,1,0,11,1,5
UNKNOWN,UNKNOWN,REAR TO SIDE,NOT DIVIDED,,STRAIGHT AND LEVEL,UNKNOWN,UNKNOWN,NOT ON SCENE (DESK REPORT),NO INJURY / DRIVE AWAY,,,,"$501 - $1,500",05/27/2025 21:05,UNABLE TO DETERMINE,NOT APPLICABLE,3139,W,37TH PL,911,,,,,,,2,NO INDICATION OF INJURY,0,0,0,0,0,2,0,22,1,5,2,0,22,1,5
RAIN,"DARKNESS, LIGHTED ROAD",SIDESWIPE SAME DIRECTION,ONE-WAY,,STRAIGHT AND LEVEL,WET,NO DEFECTS,ON SCENE,NO INJURY / DRIVE AWAY,,,Y,"$501 - $1,500",08/15/2023 4:44,FAILING TO YIELD RIGHT-OF-WAY,UNABLE TO DETERMINE,1,S,DOOR 4 ST,813,,,,,,,2,NO INDICATION OF INJURY,0,0,0,0,0,2,0,4,3,8,2,0,4,3,8
CLEAR,DAYLIGHT,REAR END,T-INTERSECTION,,STRAIGHT AND LEVEL,DRY,UNKNOWN,NOT ON SCENE (DESK REPORT),NO INJURY / DRIVE AWAY,Y,,Y,"OVER $1,500",02/10/2025 16:30,UNABLE TO DETERMINE,UNABLE TO DETERMINE,9648,S,DR MARTIN LUTHER KING JR DR,511,,,,,,,2,NO INDICATION OF INJURY,0,0,0,0,0,2,0,14,2,2,2,0,14,2,2
RAIN,"DARKNESS, LIGHTED ROAD",PARKED MOTOR VEHICLE,DIVIDED - W/MEDIAN (NOT RAISED),,STRAIGHT AND LEVEL,WET,UNKNOWN,ON SCENE,INJURY AND / OR TOW DUE TO CRASH,,,Y,"OVER $1,500",05/25/2025 1:10,UNABLE TO DETERMINE,WEATHER,1056,W,76TH ST,612,,Y,,,,,2,INCAPACITATING INJURY,1,0,1,0,0,1,0,1,1,5,1,0,1,1,5
CLEAR,DAYLIGHT,REAR END,DIVIDED - W/MEDIAN (NOT RAISED),,STRAIGHT AND LEVEL,DRY,NO DEFECTS,NOT ON SCENE (DESK REPORT),NO INJURY / DRIVE AWAY,Y,,,"OVER $1,500",05/25/2025 9:00,FOLLOWING TOO CLOSELY,UNABLE TO DETERMINE,3602,N,CUMBERLAND AVE,1631,,,,,,,2,NO INDICATION OF INJURY,0,0,0,0,0,2,0,7,1,5,2,0,7,1,5
RAIN,"DARKNESS, LIGHTED ROAD",SIDESWIPE SAME DIRECTION,ONE-WAY,,STRAIGHT AND LEVEL,WET,NO DEFECTS,ON SCENE,NO INJURY / DRIVE AWAY,,,,"OVER $1,500",04/02/2025 8:37,FOLLOWING TOO CLOSELY,DRIVING SKILLS/KNOWLEDGE/EXPERIENCE,2,W,TERMINAL ST,1652,,,,,,,2,NO INDICATION OF INJURY,0,0,0,0,0,2,0,8,4,4,2,0,8,4,4
CLEAR,DAYLIGHT,PARKED MOTOR VEHICLE,ONE-WAY,,STRAIGHT AND LEVEL,DRY,NO DEFECTS,ON SCENE,NO INJURY / DRIVE AWAY,,,Y,"$501 - $1,500",02/10/2025 14:31,"OPERATING VEHICLE IN ERRATIC, RECKLESS, CARELESS, NEGLIGENT OR AGGRESSIVE MANNER",UNABLE TO DETERMINE,1350,S,KOMENSKY AVE,1011,,,,,,,2,NO INDICATION OF INJURY,0,0,0,0,0,1,0,14,2,2,1,0,14,2,2
CLEAR,DAYLIGHT,PEDESTRIAN,OTHER,,STRAIGHT AND LEVEL,UNKNOWN,NO DEFECTS,ON SCENE,INJURY AND / OR TOW DUE TO CRASH,,,Y,$500 OR LESS,05/26/2025 9:37,UNABLE TO DETERMINE,NOT APPLICABLE,7001,S,JEFFERY BLVD,331,,,,,,,2,NONINCAPACITATING INJURY,1,0,0,1,0,1,0,14,1,5,1,0,14,1,5
CLEAR,DAYLIGHT,ANGLE,PARKING LOT,,STRAIGHT AND LEVEL,UNKNOWN,UNKNOWN,ON SCENE,NO INJURY / DRIVE AWAY,,Y,,"OVER $1,500",05/25/2025 19:40,UNABLE TO DETERMINE,UNABLE TO DETERMINE,5801,S,KEDZIE AVE,824,,,,,,,2,NO INDICATION OF INJURY,0,0,0,0,0,2,0,17,1,5,2,0,17,1,5
CLEAR,DAYLIGHT,TURNING,DIVIDED - W/MEDIAN (NOT RAISED),,STRAIGHT AND LEVEL,DRY,NO DEFECTS,ON SCENE,INJURY AND / OR TOW DUE TO CRASH,,,,"OVER $1,500",08/15/2023 17:43,IMPROPER TURNING/NO SIGNAL,NOT APPLICABLE,6730,S,HALSTED ST,723,,,,,,,2,NONINCAPACITATING INJURY,1,0,0,1,0,1,0,17,3,8,1,0,17,3,8
CLEAR,DAYLIGHT,PARKED MOTOR VEHICLE,FOUR WAY,,STRAIGHT AND LEVEL,DRY,NO DEFECTS,ON SCENE,NO INJURY / DRIVE AWAY,Y,,Y,$500 OR LESS,02/10/2025 9:58,FAILING TO REDUCE SPEED TO AVOID CRASH,DRIVING SKILLS/KNOWLEDGE/EXPERIENCE,3053,S,NORMAL AVE,914,,,,,,,2,NO INDICATION OF INJURY,0,0,0,0,0,2,0,9,2,2,2,0,9,2,2
CLEAR,"DARKNESS, LIGHTED ROAD",FIXED OBJECT,FOUR WAY,,STRAIGHT AND LEVEL,DRY,NO DEFECTS,ON SCENE,INJURY AND / OR TOW DUE TO CRASH,Y,,,"OVER $1,500",05/25/2025 20:50,DISTRACTION - FROM INSIDE VEHICLE,PHYSICAL CONDITION OF DRIVER,301,N,HAMLIN AVE,1122,Y,,,,,,1,NONINCAPACITATING INJURY,1,0,0,1,0,0,0,20,1,5,0,0,20,1,5
CLEAR,DAYLIGHT,PARKED MOTOR VEHICLE,NOT DIVIDED,,STRAIGHT AND LEVEL,DRY,NO DEFECTS,NOT ON SCENE (DESK REPORT),NO INJURY / DRIVE AWAY,,,,"OVER $1,500",02/10/2025 11:20,UNABLE TO DETERMINE,NOT APPLICABLE,4038,W,BELMONT AVE,1731,,,,,,,2,NO INDICATION OF INJURY,0,0,0,0,0,1,0,9,2,2,1,0,9,2,2
CLEAR,UNKNOWN,SIDESWIPE SAME DIRECTION,NOT DIVIDED,,STRAIGHT AND LEVEL,DRY,UNKNOWN,NOT ON SCENE (DESK REPORT),NO INJURY / DRIVE AWAY,,,,"OVER $1,500",05/25/2025 17:30,FOLLOWING TOO CLOSELY,UNABLE TO DETERMINE,801,W,71ST ST,733,,,,,,,2,NO INDICATION OF INJURY,0,0,0,0,0,3,0,13,1,5,3,0,13,1,5
CLEAR,DAYLIGHT,REAR TO SIDE,PARKING LOT,,STRAIGHT AND LEVEL,DRY,NO DEFECTS,NOT ON SCENE (DESK REPORT),NO INJURY / DRIVE AWAY,,Y,,"OVER $1,500",02/10/2025 16:25,UNABLE TO DETERMINE,UNABLE TO DETERMINE,9850,S,AVENUE H,432,,,,,,,2,NO INDICATION OF INJURY,0,0,0,0,0,2,0,16,2,2,2,0,16,2,2
CLEAR,DAYLIGHT,PEDALCYCLIST,NOT DIVIDED,,STRAIGHT AND LEVEL,DRY,NO DEFECTS,ON SCENE,INJURY AND / OR TOW DUE TO CRASH,,,Y,$500 OR LESS,02/10/2025 12:03,UNABLE TO DETERMINE,UNABLE TO DETERMINE,1138,W,CATALPA AVE,2023,,,,,,,2,NONINCAPACITATING INJURY,1,0,0,1,0,1,0,11,2,2,1,0,11,2,2
CLEAR,DAYLIGHT,SIDESWIPE SAME DIRECTION,DIVIDED - W/MEDIAN BARRIER,,STRAIGHT AND LEVEL,UNKNOWN,UNKNOWN,NOT ON SCENE (DESK REPORT),NO INJURY / DRIVE AWAY,Y,,,"OVER $1,500",02/10/2025 18:00,UNABLE TO DETERMINE,UNABLE TO DETERMINE,41,W,IDA B WELLS DR,123,,,,,,,2,NO INDICATION OF INJURY,0,0,0,0,0,2,0,12,2,2,2,0,12,2,2
CLEAR,DAYLIGHT,HEAD ON,NOT DIVIDED,,STRAIGHT AND LEVEL,DRY,UNKNOWN,NOT ON SCENE (DESK REPORT),NO INJURY / DRIVE AWAY,,,Y,"OVER $1,500",08/12/2023 19:30,DISREGARDING OTHER TRAFFIC SIGNS,UNABLE TO DETERMINE,800,W,VERMONT ST,523,,,,,,,2,NO INDICATION OF INJURY,0,0,0,0,0,2,0,18,7,8,2,0,18,7,8
RAIN,"DARKNESS, LIGHTED ROAD",FIXED OBJECT,FOUR WAY,,STRAIGHT AND LEVEL,WET,NO DEFECTS,ON SCENE,INJURY AND / OR TOW DUE TO CRASH,,,,"OVER $1,500",05/25/2025 5:17,FAILING TO REDUCE SPEED TO AVOID CRASH,UNABLE TO DETERMINE,29,W,79TH ST,623,,,,,,,1,"REPORTED, NOT EVIDENT",1,0,0,0,1,0,0,2,1,5,0,0,2,1,5
CLEAR,"DARKNESS, LIGHTED ROAD",FIXED OBJECT,NOT DIVIDED,,STRAIGHT AND LEVEL,DRY,NO DEFECTS,ON SCENE,NO INJURY / DRIVE AWAY,,,,"OVER $1,500",05/25/2025 22:20,PHYSICAL CONDITION OF DRIVER,NOT APPLICABLE,555,E,75TH ST,624,,,,,,,1,NO INDICATION OF INJURY,0,0,0,0,0,1,0,22,1,5,1,0,22,1,5
CLEAR,DAYLIGHT,REAR END,FOUR WAY,,STRAIGHT AND LEVEL,DRY,NO DEFECTS,ON SCENE,NO INJURY / DRIVE AWAY,Y,,Y,"$501 - $1,500",05/25/2025 15:00,FOLLOWING TOO CLOSELY,NOT APPLICABLE,2559,N,CENTRAL AVE,2515,,,,,,,2,NO INDICATION OF INJURY,0,0,0,0,0,3,0,14,1,5,3,0,14,1,5
RAIN,"DARKNESS, LIGHTED ROAD",PARKED MOTOR VEHICLE,DIVIDED - W/MEDIAN (NOT RAISED),,STRAIGHT AND LEVEL,WET,NO DEFECTS,ON SCENE,INJURY AND / OR TOW DUE TO CRASH,,,Y,"OVER $1,500",05/25/2025 2:17,IMPROPER LANE USAGE,NOT APPLICABLE,3635,W,51ST ST,822,,,,,,,2,NO INDICATION OF INJURY,0,0,0,0,0,1,0,2,1,5,1,0,2,1,5
UNKNOWN,UNKNOWN,TURNING,DIVIDED - W/MEDIAN (NOT RAISED),,STRAIGHT AND LEVEL,UNKNOWN,UNKNOWN,NOT ON SCENE (DESK REPORT),NO INJURY / DRIVE AWAY,,,Y,"OVER $1,500",02/10/2025 16:55,FAILING TO YIELD RIGHT-OF-WAY,DRIVING SKILLS/KNOWLEDGE/EXPERIENCE,6466,N,SHERIDAN RD,2432,,,,,,,2,NO INDICATION OF INJURY,0,0,0,0,0,3,0,16,2,2,3,0,16,2,2
CLEAR,DAYLIGHT,SIDESWIPE OPPOSITE DIRECTION,OTHER,,STRAIGHT AND LEVEL,DRY,NO DEFECTS,NOT ON SCENE (DESK REPORT),NO INJURY / DRIVE AWAY,,,Y,"OVER $1,500",05/27/2025 0:20,UNABLE TO DETERMINE,NOT APPLICABLE,6257,S,COTTAGE GROVE AVE,313,,,,,,,2,NO INDICATION OF INJURY,0,0,0,0,0,2,0,9,1,5,2,0,9,1,5
RAIN,"DARKNESS, LIGHTED ROAD",TURNING,DIVIDED - W/MEDIAN (NOT RAISED),,STRAIGHT AND LEVEL,WET,NO DEFECTS,ON SCENE,INJURY AND / OR TOW DUE TO CRASH,,,,"OVER $1,500",05/25/2025 1:59,UNABLE TO DETERMINE,UNABLE TO DETERMINE,3511,W,DEVON AVE,1711,,,,,,,2,"REPORTED, NOT EVIDENT",1,0,0,0,1,2,0,1,1,5,2,0,1,1,5