WEATHER_CONDITION,LIGHTING_CONDITION,FIRST_CRASH_TYPE,TRAFFICWAY_TYPE,LANE_CNT,ALIGNMENT,ROADWAY_SURFACE_COND,ROAD_DEFECT,REPORT_TYPE,CRASH_TYPE,INTERSECTION_RELATED_I,NOT_RIGHT_OF_WAY_I,HIT_AND_RUN_I,DAMAGE,DATE_POLICE_NOTIFIED,PRIM_CONTRIBUTORY_CAUSE,SEC_CONTRIBUTORY_CAUSE,STREET_NO,STREET_DIRECTION,STREET_NAME,BEAT_OF_OCCURRENCE,PHOTOS_TAKEN_I,STATEMENTS_TAKEN_I,DOORING_I,WORK_ZONE_I,WORK_ZONE_TYPE,WORKERS_PRESENT_I,NUM_UNITS,MOST_SEVERE_INJURY,INJURIES_TOTAL,INJURIES_FATAL,INJURIES_INCAPACITATING,INJURIES_NON_INCAPACITATING,INJURIES_REPORTED_NOT_EVIDENT,INJURIES_NO_INDICATION,INJURIES_UNKNOWN,CRASH_HOUR,CRASH_DAY_OF_WEEK,CRASH_MONTH,INJURIES_NO_INDICATION,INJURIES_UNKNOWN,CRASH_HOUR,CRASH_DAY_OF_WEEK,CRASH_MONTH
CLEAR,"DARKNESS, LIGHTED ROAD",REAR END,FOUR WAY,,STRAIGHT AND LEVEL,DRY,WORN SURFACE,NOT ON SCENE (DESK REPORT),NO INJURY / DRIVE AWAY,Y,,,"OVER $1,500",02/10/2025 5:30,FOLLOWING TOO CLOSELY,NOT APPLICABLE,7100,S,LAFAYETTE AVE,731,,,,,,,2,NO INDICATION OF INJURY,0,0,0,0,0,2,0,4,2,2,,,,,
CLEAR,DAYLIGHT,REAR END,OTHER,,STRAIGHT AND LEVEL,UNKNOWN,UNKNOWN,,NO INJURY / DRIVE AWAY,,,N,"OVER $1,500",01/15/2025 17:00,FOLLOWING TOO CLOSELY,UNABLE TO DETERMINE,5600,N,LAKE SHORE DR NB,2022,,,,,,,3,NO INDICATION OF INJURY,0,0,0,0,0,3,0,8,4,1,,,,,
CLEAR,"DARKNESS, LIGHTED ROAD",PARKED MOTOR VEHICLE,ONE-WAY,,STRAIGHT AND LEVEL,DRY,UNKNOWN,ON SCENE,NO INJURY / DRIVE AWAY,,,,"OVER $1,500",05/25/2025 0:37,FAILING TO REDUCE SPEED TO AVOID CRASH,DRIVING ON WRONG SIDE/WRONG WAY,4147,W,WABANSIA AVE,2534,,,,,,,2,NO INDICATION OF INJURY,0,0,0,0,0,1,0,0,1,5,,,,,
UNKNOWN,UNKNOWN,REAR END,CENTER TURN LANE,,STRAIGHT AND LEVEL,UNKNOWN,UNKNOWN,NOT ON SCENE (DESK REPORT),NO INJURY / DRIVE AWAY,,,,"OVER $1,500",05/25/2025 22:49,UNABLE TO DETERMINE,UNABLE TO DETERMINE,8700,S,STONY ISLAND AVE,412,,,,,,,2,NO INDICATION OF INJURY,0,0,0,0,0,2,0,22,1,5,,,,,
RAIN,"DARKNESS, LIGHTED ROAD",REAR END,NOT DIVIDED,,STRAIGHT AND LEVEL,WET,NO DEFECTS,ON SCENE,NO INJURY / DRIVE AWAY,,,Y,"OVER $1,500",05/25/2025 2:18,UNABLE TO DETERMINE,UNABLE TO DETERMINE,4447,N,KEDZIE AVE,1724,,,,,,,2,NO INDICATION OF INJURY,0,0,0,0,0,2,0,2,1,5,,,,,
CLEAR,"DARKNESS, LIGHTED ROAD",PARKED MOTOR VEHICLE,NOT DIVIDED,,STRAIGHT AND LEVEL,DRY,NO DEFECTS,ON SCENE,INJURY AND / OR TOW DUE TO CRASH,,,Y,"OVER $1,500",05/25/2025 23:10,UNABLE TO DETERMINE,UNABLE TO DETERMINE,651,W,74TH ST,732,,,,,,,2,NO INDICATION OF INJURY,0,0,0,0,0,1,0,22,1,5,,,,,
CLEAR,DAYLIGHT,FIXED OBJECT,NOT DIVIDED,,STRAIGHT AND LEVEL,DRY,NO DEFECTS,ON SCENE,NO INJURY / DRIVE AWAY,,,,"OVER $1,500",05/25/2025 11:36,IMPROPER BACKING,FAILING TO REDUCE SPEED TO AVOID CRASH,3335,W,111TH ST,2211,,,,,,,1,NO INDICATION OF INJURY,0,0,0,0,0,1,0,11,1,5,,,,,
CLEAR,"DARKNESS, LIGHTED ROAD",FIXED OBJECT,NOT DIVIDED,,STRAIGHT AND LEVEL,DRY,NO DEFECTS,ON SCENE,INJURY AND / OR TOW DUE TO CRASH,,,Y,"OVER $1,500",05/25/2025 3:28,UNABLE TO DETERMINE,NOT APPLICABLE,727,W,107TH ST,2233,,,,,,,1,NO INDICATION OF INJURY,0,0,0,0,0,1,0,3,1,5,,,,,
CLEAR,DAYLIGHT,SIDESWIPE SAME DIRECTION,NOT DIVIDED,,STRAIGHT AND LEVEL,DRY,NO DEFECTS,NOT ON SCENE (DESK REPORT),NO INJURY / DRIVE AWAY,,,,"OVER $1,500",05/25/2025 18:33,IMPROPER LANE USAGE,NOT APPLICABLE,4000,W,87TH ST,834,,,,,,,2,NO INDICATION OF INJURY,0,0,0,0,0,3,0,18,1,5,,,,,
CLEAR,DAYLIGHT,REAR END,NOT DIVIDED,,STRAIGHT AND LEVEL,DRY,NO DEFECTS,NOT ON SCENE (DESK REPORT),NO INJURY / DRIVE AWAY,Y,,,"OVER $1,500",05/25/2025 12:58,FOLLOWING TOO CLOSELY,NOT APPLICABLE,5500,S,PULASKI RD,813,,,,,,,2,NO INDICATION OF INJURY,0,0,0,0,0,2,0,12,1,5,,,,,
CLEAR,DAYLIGHT,PARKED MOTOR VEHICLE,PARKING LOT,,STRAIGHT AND LEVEL,DRY,NO DEFECTS,NOT ON SCENE (DESK REPORT),NO INJURY / DRIVE AWAY,,,Y,"OVER $1,500",05/25/2025 14:20,IMPROPER BACKING,UNABLE TO DETERMINE,4800,W,FULLERTON AVE,2521,,,,,,,2,NO INDICATION OF INJURY,0,0,0,0,0,2,0,14,1,5,,,,,
CLEAR,"DARKNESS, LIGHTED ROAD",FIXED OBJECT,FOUR WAY,,STRAIGHT AND LEVEL,DRY,NO DEFECTS,ON SCENE,INJURY AND / OR TOW DUE TO CRASH,Y,,,"OVER $1,500",05/25/2025 3:15,DISREGARDING TRAFFIC SIGNALS,UNDER THE INFLUENCE OF ALCOHOL/DRUGS (USE WHEN ARREST IS EFFECTED),8300,S,STONY ISLAND AVE,412,,,,,,,1,NONINCAPACITATING INJURY,1,0,0,1,0,0,0,3,1,5,,,,,
CLEAR,DAYLIGHT,PEDESTRIAN,NOT DIVIDED,,STRAIGHT AND LEVEL,DRY,NO DEFECTS,ON SCENE,INJURY AND / OR TOW DUE TO CRASH,,,Y,$500 OR LESS,05/25/2025 16:14,FAILING TO YIELD RIGHT-OF-WAY,FOLLOWING TOO CLOSELY,7500,S,CORNELL AVE,411,,,,,,,2,NONINCAPACITATING INJURY,1,0,0,1,0,1,0,15,1,5,,,,,
CLEAR,DARKNESS,PARKED MOTOR VEHICLE,NOT DIVIDED,,STRAIGHT AND LEVEL,DRY,NO DEFECTS,NOT ON SCENE (DESK REPORT),NO INJURY / DRIVE AWAY,,,Y,"OVER $1,500",05/26/2025 0:26,UNABLE TO DETERMINE,UNABLE TO DETERMINE,29,W,KINZIE ST,1831,,,,,,,2,NO INDICATION OF INJURY,0,0,0,0,0,1,0,22,1,5,,,,,
CLEAR,DAYLIGHT,PARKED MOTOR VEHICLE,PARKING LOT,,STRAIGHT AND LEVEL,DRY,NO DEFECTS,NOT ON SCENE (DESK REPORT),NO INJURY / DRIVE AWAY,,Y,,"OVER $1,500",02/10/2025 21:20,NOT APPLICABLE,NOT APPLICABLE,3236,W,ROOSEVELT RD,1134,,,,,,,2,NO INDICATION OF INJURY,0,0,0,0,0,1,0,15,2,2,,,,,
CLEAR,DARKNESS,ANIMAL,DIVIDED - W/MEDIAN (NOT RAISED),,STRAIGHT AND LEVEL,DRY,UNKNOWN,ON SCENE,NO INJURY / DRIVE AWAY,,,,"OVER $1,500",05/25/2025 21:47,ANIMAL,ANIMAL,4301,N,CUMBERLAND AVE,1614,,,,,,,1,NO INDICATION OF INJURY,0,0,0,0,0,1,0,21,1,5,,,,,
CLEAR,DAYLIGHT,REAR END,FOUR WAY,,STRAIGHT AND LEVEL,UNKNOWN,UNKNOWN,NOT ON SCENE (DESK REPORT),NO INJURY / DRIVE AWAY,Y,,,"OVER $1,500",05/25/2025 16:23,FAILING TO YIELD RIGHT-OF-WAY,DRIVING SKILLS/KNOWLEDGE/EXPERIENCE,440,W,CERMAK RD,914,,,,,,,2,NO INDICATION OF INJURY,0,0,0,0,0,3,0,15,1,5,,,,,
CLEAR,DAYLIGHT,SIDESWIPE SAME DIRECTION,NOT DIVIDED,,STRAIGHT AND LEVEL,DRY,NO DEFECTS,NOT ON SCENE (DESK REPORT),NO INJURY / DRIVE AWAY,Y,,,$500 OR LESS,02/10/2025 17:00,IMPROPER OVERTAKING/PASSING,NOT APPLICABLE,2874,N,KIMBALL AVE,1412,,,,,,,2,NO INDICATION OF INJURY,0,0,0,0,0,2,0,15,2,2,,,,,
CLEAR,DAYLIGHT,PARKED MOTOR VEHICLE,NOT DIVIDED,,STRAIGHT AND LEVEL,DRY,NO DEFECTS,NOT ON SCENE (DESK REPORT),NO INJURY / DRIVE AWAY,,,,"$501 - $1,500",05/31/2025 17:27,UNABLE TO DETERMINE,NOT APPLICABLE,7037,N,CLARK ST,2423,,,,,,,2,NO INDICATION OF INJURY,0,0,0,0,0,3,0,11,1,5,,,,,
CLEAR,DAYLIGHT,PARKED MOTOR VEHICLE,PARKING LOT,,STRAIGHT AND LEVEL,DRY,NO DEFECTS,NOT ON SCENE (DESK REPORT),NO INJURY / DRIVE AWAY,,,,"$501 - $1,500",05/25/2025 14:15,IMPROPER BACKING,NOT APPLICABLE,1711,W,CERMAK RD,1034,,,,,,,2,NO INDICATION OF INJURY,0,0,0,0,0,2,0,13,1,5,,,,,
CLEAR,DAYLIGHT,OTHER OBJECT,NOT DIVIDED,,STRAIGHT AND LEVEL,DRY,NO DEFECTS,NOT ON SCENE (DESK REPORT),NO INJURY / DRIVE AWAY,,Y,,"$501 - $1,500",02/10/2025 18:15,NOT APPLICABLE,NOT APPLICABLE,6301,N,NEENAH AVE,1611,,,,,,,1,NO INDICATION OF INJURY,0,0,0,0,0,1,0,6,2,2,,,,,
CLEAR,DAYLIGHT,TURNING,DIVIDED - W/MEDIAN (NOT RAISED),,STRAIGHT AND LEVEL,DRY,NO DEFECTS,ON SCENE,NO INJURY / DRIVE AWAY,Y,,,"OVER $1,500",02/10/2025 7:57,FAILING TO YIELD RIGHT-OF-WAY,UNABLE TO DETERMINE,2330,W,PETERSON AVE,2413,,,,,,,2,NO INDICATION OF INJURY,0,0,0,0,0,2,0,7,2,2,,,,,
CLEAR,DARKNESS,SIDESWIPE SAME DIRECTION,FOUR WAY,,STRAIGHT AND LEVEL,UNKNOWN,UNKNOWN,ON SCENE,NO INJURY / DRIVE AWAY,,,,"OVER $1,500",02/10/2025 18:20,UNABLE TO DETERMINE,UNABLE TO DETERMINE,3200,N,KIMBALL AVE,1732,,,,,,,2,NO INDICATION OF INJURY,0,0,0,0,0,6,0,18,2,2,,,,,
CLEAR,DAYLIGHT,SIDESWIPE SAME DIRECTION,DIVIDED - W/MEDIAN (NOT RAISED),,STRAIGHT AND LEVEL,DRY,NO DEFECTS,NOT ON SCENE (DESK REPORT),NO INJURY / DRIVE AWAY,,,Y,"OVER $1,500",02/10/2025 16:45,IMPROPER OVERTAKING/PASSING,FAILING TO REDUCE SPEED TO AVOID CRASH,675,N,ST CLAIR ST,1834,,,,,,,2,NO INDICATION OF INJURY,0,0,0,0,0,2,0,15,2,2,,,,,
CLEAR,DAYLIGHT,SIDESWIPE SAME DIRECTION,ONE-WAY,,STRAIGHT AND LEVEL,DRY,NO DEFECTS,NOT ON SCENE (DESK REPORT),NO INJURY / DRIVE AWAY,,,,"OVER $1,500",02/10/2025 15:15,UNABLE TO DETERMINE,UNABLE TO DETERMINE,11100,S,HAMLET AVE,2234,,,,,,,2,NO INDICATION OF INJURY,0,0,0,0,0,2,0,14,2,2,,,,,
CLEAR,"DARKNESS, LIGHTED ROAD",REAR END,ONE-WAY,,STRAIGHT AND LEVEL,DRY,NO DEFECTS,ON SCENE,NO INJURY / DRIVE AWAY,,,Y,$500 OR LESS,05/25/2025 0:16,IMPROPER BACKING,IMPROPER BACKING,1400,N,MONITOR AVE,2531,,,,,,,2,NO INDICATION OF INJURY,0,0,0,0,0,2,0,0,1,5,,,,,
CLEAR,DUSK,REAR END,DIVIDED - W/MEDIAN (NOT RAISED),,STRAIGHT AND LEVEL,DRY,NO DEFECTS,ON SCENE,NO INJURY / DRIVE AWAY,,,,"$501 - $1,500",05/25/2025 21:11,FOLLOWING TOO CLOSELY,NOT APPLICABLE,3957,N,HARLEM AVE,1632,,,,,,,2,NO INDICATION OF INJURY,0,0,0,0,0,3,0,21,1,5,,,,,
CLEAR,DAYLIGHT,REAR END,FOUR WAY,,STRAIGHT AND LEVEL,UNKNOWN,UNKNOWN,NOT ON SCENE (DESK REPORT),NO INJURY / DRIVE AWAY,Y,,,$500 OR LESS,02/10/2025 15:10,UNABLE TO DETERMINE,UNABLE TO DETERMINE,1574,W,IRVING PARK RD,1912,,,,,,,2,NO INDICATION OF INJURY,0,0,0,0,0,2,0,12,2,2,,,,,
CLEAR,DAYLIGHT,SIDESWIPE SAME DIRECTION,NOT DIVIDED,,STRAIGHT AND LEVEL,DRY,NO DEFECTS,ON SCENE,NO INJURY / DRIVE AWAY,,,,"OVER $1,500",01/29/2025 8:40,NOT APPLICABLE,NOT APPLICABLE,1545,W,BELMONT AVE,1933,,,,,,,2,NO INDICATION OF INJURY,0,0,0,0,0,2,0,8,4,1,,,,,
CLEAR,"DARKNESS, LIGHTED ROAD",TURNING,ONE-WAY,,STRAIGHT AND LEVEL,DRY,NO DEFECTS,NOT ON SCENE (DESK REPORT),NO INJURY / DRIVE AWAY,Y,,,"OVER $1,500",01/29/2025 20:00,IMPROPER LANE USAGE,NOT APPLICABLE,2300,W,SHAKESPEARE AVE,1432,,,,,,,2,NO INDICATION OF INJURY,0,0,0,0,0,2,0,18,4,1,,,,,
CLEAR,DAYLIGHT,REAR END,DIVIDED - W/MEDIAN (NOT RAISED),,STRAIGHT AND LEVEL,DRY,NO DEFECTS,NOT ON SCENE (DESK REPORT),NO INJURY / DRIVE AWAY,,,Y,"OVER $1,500",01/30/2025 10:17,UNABLE TO DETERMINE,NOT APPLICABLE,731,E,63RD ST,312,,,,,,,2,NO INDICATION OF INJURY,0,0,0,0,0,2,0,8,5,1,,,,,
CLEAR,DAYLIGHT,TURNING,FOUR WAY,,STRAIGHT AND LEVEL,DRY,NO DEFECTS,,INJURY AND / OR TOW DUE TO CRASH,Y,,,$500 OR LESS,01/30/2025 7:52,DRIVING ON WRONG SIDE/WRONG WAY,"VISION OBSCURED (SIGNS, TREE LIMBS, BUILDINGS, ETC.)",1812,N,CICERO AVE,2533,,,,,,,2,"REPORTED, NOT EVIDENT",1,0,0,0,1,1,0,7,5,1,,,,,
CLEAR,"DARKNESS, LIGHTED ROAD",PARKED MOTOR VEHICLE,NOT DIVIDED,,STRAIGHT AND LEVEL,DRY,NO DEFECTS,ON SCENE,NO INJURY / DRIVE AWAY,,,Y,"OVER $1,500",02/10/2025 18:16,IMPROPER TURNING/NO SIGNAL,NOT APPLICABLE,6751,S,CAMPBELL AVE,832,,,,,,,2,NO INDICATION OF INJURY,0,0,0,0,0,1,0,18,2,2,,,,,
CLEAR,"DARKNESS, LIGHTED ROAD",PARKED MOTOR VEHICLE,NOT DIVIDED,,STRAIGHT AND LEVEL,DRY,NO DEFECTS,,NO INJURY / DRIVE AWAY,,,,"OVER $1,500",01/12/2025 17:19,CELL PHONE USE OTHER THAN TEXTING,NOT APPLICABLE,3200,E,92ND ST,424,,Y,,,,,2,NO INDICATION OF INJURY,0,0,0,0,0,1,0,17,1,1,,,,,
CLEAR,DAYLIGHT,REAR END,NOT DIVIDED,,STRAIGHT AND LEVEL,DRY,NO DEFECTS,NOT ON SCENE (DESK REPORT),NO INJURY / DRIVE AWAY,Y,,,"OVER $1,500",02/10/2025 10:35,FOLLOWING TOO CLOSELY,NOT APPLICABLE,570,W,ROOSEVELT RD,124,,,,,,,2,NO INDICATION OF INJURY,0,0,0,0,0,4,0,9,2,2,,,,,
CLOUDY/OVERCAST,DAYLIGHT,PARKED MOTOR VEHICLE,NOT DIVIDED,,STRAIGHT AND LEVEL,DRY,NO DEFECTS,NOT ON SCENE (DESK REPORT),NO INJURY / DRIVE AWAY,,,,"$501 - $1,500",01/30/2025 15:30,IMPROPER BACKING,IMPROPER BACKING,2022,S,ARCHER AVE,914,,,,,,,2,NO INDICATION OF INJURY,0,0,0,0,0,2,0,14,5,1,,,,,
CLEAR,"DARKNESS, LIGHTED ROAD",TURNING,NOT DIVIDED,,STRAIGHT AND LEVEL,DRY,NO DEFECTS,,INJURY AND / OR TOW DUE TO CRASH,Y,,Y,"OVER $1,500",02/24/2025 22:45,IMPROPER TURNING/NO SIGNAL,FAILING TO YIELD RIGHT-OF-WAY,2000,N,MOZART ST,1414,,,,,,,2,NO INDICATION OF INJURY,0,0,0,0,0,2,0,21,2,2,,,,,
CLEAR,DARKNESS,PARKED MOTOR VEHICLE,ONE-WAY,,STRAIGHT AND LEVEL,DRY,NO DEFECTS,,NO INJURY / DRIVE AWAY,,,Y,"OVER $1,500",05/26/2025 16:47,UNABLE TO DETERMINE,UNABLE TO DETERMINE,2859,N,SPRINGFIELD AVE,2523,,,,,,,3,NO INDICATION OF INJURY,0,0,0,0,0,1,0,21,1,5,,,,,
CLEAR,DAYLIGHT,PARKED MOTOR VEHICLE,PARKING LOT,,STRAIGHT AND LEVEL,DRY,NO DEFECTS,NOT ON SCENE (DESK REPORT),NO INJURY / DRIVE AWAY,,,Y,"OVER $1,500",05/25/2025 19:21,FOLLOWING TOO CLOSELY,DRIVING SKILLS/KNOWLEDGE/EXPERIENCE,4524,N,SIMONDS DR,1914,,,,,,,2,NO INDICATION OF INJURY,0,0,0,0,0,2,0,18,1,5,,,,,
CLEAR,DAYLIGHT,TURNING,NOT DIVIDED,,STRAIGHT AND LEVEL,DRY,NO DEFECTS,NOT ON SCENE (DESK REPORT),NO INJURY / DRIVE AWAY,Y,,,"OVER $1,500",05/25/2025 19:30,UNABLE TO DETERMINE,NOT APPLICABLE,840,W,BELMONT AVE,1924,,,,,,,2,NO INDICATION OF INJURY,0,0,0,0,0,2,0,14,1,5,,,,,
RAIN,"DARKNESS, LIGHTED ROAD",SIDESWIPE SAME DIRECTION,NOT DIVIDED,,STRAIGHT AND LEVEL,WET,UNKNOWN,ON SCENE,NO INJURY / DRIVE AWAY,,,,"OVER $1,500",01/30/2025 18:54,IMPROPER OVERTAKING/PASSING,UNABLE TO DETERMINE,3316,W,ADDISON ST,1733,,,,,,,2,NO INDICATION OF INJURY,0,0,0,0,0,2,0,18,5,1,,,,,
CLEAR,"DARKNESS, LIGHTED ROAD",PEDALCYCLIST,NOT DIVIDED,,STRAIGHT AND LEVEL,DRY,NO DEFECTS,,NO INJURY / DRIVE AWAY,,,,$500 OR LESS,01/30/2025 12:20,UNABLE TO DETERMINE,NOT APPLICABLE,340,W,OAK ST,1823,,,,,,,2,NO INDICATION OF INJURY,0,0,0,0,0,2,0,17,4,1,,,,,
CLEAR,DAYLIGHT,PARKED MOTOR VEHICLE,NOT DIVIDED,,STRAIGHT AND LEVEL,DRY,NO DEFECTS,NOT ON SCENE (DESK REPORT),NO INJURY / DRIVE AWAY,,,,"OVER $1,500",01/30/2025 15:10,UNABLE TO DETERMINE,NOT APPLICABLE,11124,S,HOYNE AVE,2212,,,,,,,2,NO INDICATION OF INJURY,0,0,0,0,0,1,0,15,4,1,,,,,
CLEAR,DAYLIGHT,TURNING,FOUR WAY,,STRAIGHT AND LEVEL,DRY,NO DEFECTS,ON SCENE,INJURY AND / OR TOW DUE TO CRASH,Y,,,"OVER $1,500",01/30/2025 7:54,FAILING TO YIELD RIGHT-OF-WAY,FAILING TO YIELD RIGHT-OF-WAY,4300,W,CRYSTAL ST,2534,,,,,,,2,NO INDICATION OF INJURY,0,0,0,0,0,4,0,7,5,1,,,,,
CLEAR,DAYLIGHT,REAR END,Y-INTERSECTION,,STRAIGHT AND LEVEL,DRY,NO DEFECTS,ON SCENE,NO INJURY / DRIVE AWAY,Y,,,"OVER $1,500",01/30/2025 15:30,FAILING TO REDUCE SPEED TO AVOID CRASH,FOLLOWING TOO CLOSELY,5816,N,CLARK ST,2012,,,,,,,2,NO INDICATION OF INJURY,0,0,0,0,0,2,0,15,5,1,,,,,
CLEAR,DAYLIGHT,SIDESWIPE SAME DIRECTION,PARKING LOT,,STRAIGHT AND LEVEL,DRY,UNKNOWN,ON SCENE,NO INJURY / DRIVE AWAY,,,,"OVER $1,500",05/25/2025 15:38,IMPROPER OVERTAKING/PASSING,NOT APPLICABLE,10000,W,BRYN MAWR AVE,1654,,,,,,,2,NO INDICATION OF INJURY,0,0,0,0,0,2,0,15,1,5,,,,,
CLEAR,DAYLIGHT,REAR END,DIVIDED - W/MEDIAN (NOT RAISED),,STRAIGHT AND LEVEL,DRY,NO DEFECTS,NOT ON SCENE (DESK REPORT),NO INJURY / DRIVE AWAY,,,Y,"$501 - $1,500",01/30/2025 12:30,FAILING TO REDUCE SPEED TO AVOID CRASH,UNABLE TO DETERMINE,2200,N,DAMEN AVE,1432,,,,,,,2,NO INDICATION OF INJURY,0,0,0,0,0,2,0,11,5,1,,,,,
CLEAR,DAYLIGHT,TURNING,DIVIDED - W/MEDIAN BARRIER,,STRAIGHT AND LEVEL,DRY,NO DEFECTS,NOT ON SCENE (DESK REPORT),NO INJURY / DRIVE AWAY,Y,,,"OVER $1,500",01/29/2025 12:50,UNABLE TO DETERMINE,NOT APPLICABLE,1098,N,LA SALLE DR,1824,,,,,,,2,NO INDICATION OF INJURY,0,0,0,0,0,2,0,11,4,1,,,,,
RAIN,"DARKNESS, LIGHTED ROAD",PARKED MOTOR VEHICLE,NOT DIVIDED,,STRAIGHT AND LEVEL,WET,NO DEFECTS,ON SCENE,INJURY AND / OR TOW DUE TO CRASH,,Y,,"OVER $1,500",05/25/2025 2:28,DRIVING SKILLS/KNOWLEDGE/EXPERIENCE,WEATHER,828,W,FULLERTON AVE,1932,,,,,,,2,NO INDICATION OF INJURY,0,0,0,0,0,2,0,2,1,5,,,,,
CLEAR,DAYLIGHT,TURNING,PARKING LOT,,STRAIGHT AND LEVEL,DRY,NO DEFECTS,ON SCENE,NO INJURY / DRIVE AWAY,,,,"OVER $1,500",05/25/2025 12:17,UNABLE TO DETERMINE,UNABLE TO DETERMINE,3570,N,KEDZIE AVE,1733,,,,,,,2,NO INDICATION OF INJURY,0,0,0,0,0,2,0,12,1,5,,,,,
CLEAR,DAYLIGHT,PARKED MOTOR VEHICLE,ONE-WAY,,STRAIGHT AND LEVEL,DRY,NO DEFECTS,ON SCENE,INJURY AND / OR TOW DUE TO CRASH,,,,"OVER $1,500",05/25/2025 9:53,UNABLE TO DETERMINE,NOT APPLICABLE,4539,W,ALTGELD ST,2521,,,,,,,3,NO INDICATION OF INJURY,0,0,0,0,0,1,0,9,1,5,,,,,
CLEAR,DAYLIGHT,SIDESWIPE SAME DIRECTION,NOT DIVIDED,,STRAIGHT AND LEVEL,DRY,NO DEFECTS,NOT ON SCENE (DESK REPORT),NO INJURY / DRIVE AWAY,,,,"OVER $1,500",05/25/2025 20:16,IMPROPER LANE USAGE,NOT APPLICABLE,5500,S,WESTERN AVE,824,,,,,,,2,NO INDICATION OF INJURY,0,0,0,0,0,2,0,20,1,5,,,,,
CLEAR,DARKNESS,REAR END,DIVIDED - W/MEDIAN (NOT RAISED),,STRAIGHT AND LEVEL,DRY,NO DEFECTS,,NO INJURY / DRIVE AWAY,,,N,"OVER $1,500",05/25/2025 23:50,FOLLOWING TOO CLOSELY,FOLLOWING TOO CLOSELY,329,W,18TH ST,1235,,,,,,,2,NO INDICATION OF INJURY,0,0,0,0,0,2,0,22,1,5,,,,,
CLEAR,"DARKNESS, LIGHTED ROAD",FIXED OBJECT,PARKING LOT,,STRAIGHT AND LEVEL,DRY,NO DEFECTS,NOT ON SCENE (DESK REPORT),NO INJURY / DRIVE AWAY,,,,"OVER $1,500",01/29/2025 9:30,UNABLE TO DETERMINE,UNABLE TO DETERMINE,667,W,DIVERSEY PKWY,1935,,,,,,,1,NO INDICATION OF INJURY,0,0,0,0,0,1,0,19,3,1,,,,,
CLEAR,DAYLIGHT,PARKED MOTOR VEHICLE,NOT DIVIDED,,STRAIGHT AND LEVEL,DRY,NO DEFECTS,NOT ON SCENE (DESK REPORT),NO INJURY / DRIVE AWAY,,,,"OVER $1,500",01/30/2025 15:45,UNABLE TO DETERMINE,UNABLE TO DETERMINE,6040,N,KILPATRICK AVE,1711,,,,,,,2,NO INDICATION OF INJURY,0,0,0,0,0,2,0,14,5,1,,,,,
CLEAR,DAYLIGHT,PEDALCYCLIST,TRAFFIC ROUTE,,STRAIGHT AND LEVEL,DRY,NO DEFECTS,ON SCENE,INJURY AND / OR TOW DUE TO CRASH,N,,,$500 OR LESS,08/01/2023 16:10,DRIVING ON WRONG SIDE/WRONG WAY,NOT APPLICABLE,151,W,EUGENIE ST,1814,,,,,,,2,"REPORTED, NOT EVIDENT",1,0,0,0,1,1,0,15,3,8,,,,,
UNKNOWN,"DARKNESS, LIGHTED ROAD",REAR END,DIVIDED - W/MEDIAN (NOT RAISED),,STRAIGHT AND LEVEL,UNKNOWN,UNKNOWN,NOT ON SCENE (DESK REPORT),NO INJURY / DRIVE AWAY,,,,"OVER $1,500",01/30/2025 18:15,UNABLE TO DETERMINE,NOT APPLICABLE,3240,N,KIMBALL AVE,1732,,,,,,,2,NO INDICATION OF INJURY,0,0,0,0,0,2,0,17,2,1,,,,,
CLEAR,DAYLIGHT,TURNING,DIVIDED - W/MEDIAN (NOT RAISED),,STRAIGHT AND LEVEL,DRY,NO DEFECTS,NOT ON SCENE (DESK REPORT),NO INJURY / DRIVE AWAY,,,Y,"$501 - $1,500",01/29/2025 16:24,UNABLE TO DETERMINE,UNABLE TO DETERMINE,198,W,GARFIELD BLVD,225,,,,,,,2,NO INDICATION OF INJURY,0,0,0,0,0,2,0,16,4,1,,,,,
CLEAR,DAYLIGHT,SIDESWIPE SAME DIRECTION,T-INTERSECTION,,STRAIGHT AND LEVEL,DRY,NO DEFECTS,NOT ON SCENE (DESK REPORT),NO INJURY / DRIVE AWAY,,,Y,"$501 - $1,500",01/29/2025 17:15,FOLLOWING TOO CLOSELY,NOT APPLICABLE,4700,S,INDIANA AVE,224,,,,,,,2,NO INDICATION OF INJURY,0,0,0,0,0,2,0,17,4,1,,,,,
CLEAR,"DARKNESS, LIGHTED ROAD",TURNING,DIVIDED - W/MEDIAN (NOT RAISED),,STRAIGHT AND LEVEL,DRY,NO DEFECTS,NOT ON SCENE (DESK REPORT),NO INJURY / DRIVE AWAY,,,,"$501 - $1,500",01/30/2025 17:49,UNABLE TO DETERMINE,UNABLE TO DETERMINE,6404,N,CALIFORNIA AVE,2412,,,,,,,2,NO INDICATION OF INJURY,0,0,0,0,0,2,0,17,5,1,,,,,
CLEAR,DAYLIGHT,TURNING,FOUR WAY,,STRAIGHT AND LEVEL,DRY,NO DEFECTS,ON SCENE,NO INJURY / DRIVE AWAY,Y,,,$500 OR LESS,01/30/2025 8:46,UNABLE TO DETERMINE,NOT APPLICABLE,4700,S,ASHLAND AVE,931,,,,,,,2,NO INDICATION OF INJURY,0,0,0,0,0,4,0,8,5,1,,,,,