WEATHER_CONDITION,LIGHTING_CONDITION,FIRST_CRASH_TYPE,TRAFFICWAY_TYPE,LANE_CNT,ALIGNMENT,ROADWAY_SURFACE_COND,ROAD_DEFECT,REPORT_TYPE,CRASH_TYPE,INTERSECTION_RELATED_I,NOT_RIGHT_OF_WAY_I,HIT_AND_RUN_I,DAMAGE,DATE_POLICE_NOTIFIED,PRIM_CONTRIBUTORY_CAUSE,SEC_CONTRIBUTORY_CAUSE,STREET_NO,STREET_DIRECTION,STREET_NAME,BEAT_OF_OCCURRENCE,PHOTOS_TAKEN_I,STATEMENTS_TAKEN_I,DOORING_I,WORK_ZONE_I,WORK_ZONE_TYPE,WORKERS_PRESENT_I,NUM_UNITS,MOST_SEVERE_INJURY,INJURIES_TOTAL,INJURIES_FATAL,INJURIES_INCAPACITATING,INJURIES_NON_INCAPACITATING,INJURIES_REPORTED_NOT_EVIDENT,INJURIES_NO_INDICATION,INJURIES_UNKNOWN,CRASH_HOUR,CRASH_DAY_OF_WEEK,CRASH_MONTH,INJURIES_NO_INDICATION,INJURIES_UNKNOWN,CRASH_HOUR,CRASH_DAY_OF_WEEK,CRASH_MONTH
CLEAR,DAYLIGHT,REAR END,FOUR WAY,,STRAIGHT AND LEVEL,DRY,NO DEFECTS,NOT ON SCENE (DESK REPORT),NO INJURY / DRIVE AWAY,Y,,,"OVER $1,500",01/30/2025 13:20,UNABLE TO DETERMINE,UNABLE TO DETERMINE,2401,W,OGDEN AVE,1023,,,,,,,2,NO INDICATION OF INJURY,0,0,0,0,0,2,0,13,5,1,,,,,
CLEAR,"DARKNESS, LIGHTED ROAD",SIDESWIPE SAME DIRECTION,NOT DIVIDED,,STRAIGHT AND LEVEL,DRY,NO DEFECTS,NOT ON SCENE (DESK REPORT),NO INJURY / DRIVE AWAY,Y,,,"OVER $1,500",08/02/2023 10:44,IMPROPER TURNING/NO SIGNAL,IMPROPER OVERTAKING/PASSING,254,N,LOWER COLUMBUS DR,114,,,,,,,2,NO INDICATION OF INJURY,0,0,0,0,0,2,0,18,3,8,,,,,
CLEAR,"DARKNESS, LIGHTED ROAD",PEDALCYCLIST,FOUR WAY,,STRAIGHT AND LEVEL,DRY,WORN SURFACE,,INJURY AND / OR TOW DUE TO CRASH,,,Y,"$501 - $1,500",02/10/2025 17:48,FAILING TO YIELD RIGHT-OF-WAY,NOT APPLICABLE,101,S,HALSTED ST,1232,,,,,,,2,"REPORTED, NOT EVIDENT",1,0,0,0,1,1,0,17,2,2,,,,,
UNKNOWN,UNKNOWN,SIDESWIPE SAME DIRECTION,NOT DIVIDED,,STRAIGHT AND LEVEL,UNKNOWN,UNKNOWN,NOT ON SCENE (DESK REPORT),NO INJURY / DRIVE AWAY,,,,"OVER $1,500",01/29/2025 20:25,UNABLE TO DETERMINE,NOT APPLICABLE,2400,N,ASHLAND AVE,1931,,,,,,,2,NO INDICATION OF INJURY,0,0,0,0,0,2,0,23,1,1,,,,,
CLEAR,"DARKNESS, LIGHTED ROAD",REAR END,DIVIDED - W/MEDIAN BARRIER,,STRAIGHT AND LEVEL,DRY,NO DEFECTS,ON SCENE,INJURY AND / OR TOW DUE TO CRASH,,,,"OVER $1,500",01/29/2025 18:16,UNABLE TO DETERMINE,UNABLE TO DETERMINE,1120,N,LAKE SHORE DR SB,1824,,,,,,,2,NO INDICATION OF INJURY,0,0,0,0,0,5,0,18,4,1,,,,,
CLEAR,UNKNOWN,PARKED MOTOR VEHICLE,ONE-WAY,,STRAIGHT AND LEVEL,UNKNOWN,NO DEFECTS,NOT ON SCENE (DESK REPORT),NO INJURY / DRIVE AWAY,,,Y,"OVER $1,500",01/30/2025 11:10,UNABLE TO DETERMINE,UNABLE TO DETERMINE,6436,N,HAMILTON AVE,2412,,,,,,,2,NO INDICATION OF INJURY,0,0,0,0,0,1,0,19,4,1,,,,,
CLEAR,DAYLIGHT,SIDESWIPE SAME DIRECTION,DIVIDED - W/MEDIAN BARRIER,,STRAIGHT AND LEVEL,DRY,NO DEFECTS,ON SCENE,NO INJURY / DRIVE AWAY,,,Y,"OVER $1,500",01/30/2025 7:42,UNABLE TO DETERMINE,NOT APPLICABLE,5600,N,LAKE SHORE DR NB,2022,,,,,,,2,NO INDICATION OF INJURY,0,0,0,0,0,2,0,7,5,1,,,,,
RAIN,"DARKNESS, LIGHTED ROAD",REAR TO FRONT,NOT DIVIDED,,STRAIGHT AND LEVEL,WET,UNKNOWN,NOT ON SCENE (DESK REPORT),NO INJURY / DRIVE AWAY,,,Y,"$501 - $1,500",01/30/2025 21:35,UNABLE TO DETERMINE,UNABLE TO DETERMINE,645,N,MC CLURG CT,1834,,,,,,,2,NO INDICATION OF INJURY,0,0,0,0,0,2,0,21,5,1,,,,,
CLEAR,DAYLIGHT,REAR END,DIVIDED - W/MEDIAN (NOT RAISED),,STRAIGHT AND LEVEL,DRY,NO DEFECTS,NOT ON SCENE (DESK REPORT),NO INJURY / DRIVE AWAY,Y,,,"OVER $1,500",01/30/2025 15:35,FOLLOWING TOO CLOSELY,PHYSICAL CONDITION OF DRIVER,2400,W,103RD ST,2211,,,,,,,2,NO INDICATION OF INJURY,0,0,0,0,0,4,0,15,5,1,,,,,
CLEAR,DAYLIGHT,REAR END,DIVIDED - W/MEDIAN BARRIER,,STRAIGHT AND LEVEL,DRY,NO DEFECTS,ON SCENE,INJURY AND / OR TOW DUE TO CRASH,Y,,,"OVER $1,500",01/30/2025 7:58,FOLLOWING TOO CLOSELY,UNABLE TO DETERMINE,7934,S,LAKE SHORE DR,422,,,,,,,2,NO INDICATION OF INJURY,0,0,0,0,0,3,0,7,5,1,,,,,
CLEAR,"DARKNESS, LIGHTED ROAD",SIDESWIPE SAME DIRECTION,DIVIDED - W/MEDIAN (NOT RAISED),,STRAIGHT AND LEVEL,DRY,NO DEFECTS,NOT ON SCENE (DESK REPORT),NO INJURY / DRIVE AWAY,,,,$500 OR LESS,01/30/2025 18:30,FAILING TO YIELD RIGHT-OF-WAY,UNABLE TO DETERMINE,758,W,111TH ST,2233,,,,,,,2,NO INDICATION OF INJURY,0,0,0,0,0,2,0,22,3,1,,,,,
CLEAR,DARKNESS,PARKED MOTOR VEHICLE,ONE-WAY,,STRAIGHT AND LEVEL,DRY,NO DEFECTS,NOT ON SCENE (DESK REPORT),NO INJURY / DRIVE AWAY,,,Y,"OVER $1,500",01/30/2025 15:45,UNABLE TO DETERMINE,UNABLE TO DETERMINE,3649,S,WOLCOTT AVE,912,,,,,,,2,NO INDICATION OF INJURY,0,0,0,0,0,1,0,17,4,1,,,,,
RAIN,DARKNESS,ANGLE,ONE-WAY,,STRAIGHT AND LEVEL,WET,NO DEFECTS,ON SCENE,INJURY AND / OR TOW DUE TO CRASH,,,,"$501 - $1,500",01/30/2025 20:10,FAILING TO YIELD RIGHT-OF-WAY,FAILING TO YIELD RIGHT-OF-WAY,7900,S,ESSEX AVE,422,,,,,,,2,"REPORTED, NOT EVIDENT",1,0,0,0,1,1,0,20,5,1,,,,,
CLEAR,DAYLIGHT,SIDESWIPE SAME DIRECTION,"FIVE POINT, OR MORE",,STRAIGHT AND LEVEL,DRY,NO DEFECTS,ON SCENE,NO INJURY / DRIVE AWAY,,,,"$501 - $1,500",01/30/2025 8:21,UNABLE TO DETERMINE,UNABLE TO DETERMINE,2746,N,WESTERN AVE,1411,,,,,,,2,NO INDICATION OF INJURY,0,0,0,0,0,2,0,8,5,1,,,,,
CLEAR,DAYLIGHT,REAR END,DIVIDED - W/MEDIAN (NOT RAISED),,STRAIGHT AND LEVEL,DRY,NO DEFECTS,NOT ON SCENE (DESK REPORT),INJURY AND / OR TOW DUE TO CRASH,,,,"$501 - $1,500",01/30/2025 8:40,FAILING TO REDUCE SPEED TO AVOID CRASH,UNABLE TO DETERMINE,4200,W,DIVISION ST,2534,,,,,,,2,"REPORTED, NOT EVIDENT",2,0,0,0,2,1,0,7,5,1,,,,,
CLEAR,DAWN,OTHER OBJECT,NOT DIVIDED,,STRAIGHT AND LEVEL,DRY,NO DEFECTS,ON SCENE,INJURY AND / OR TOW DUE TO CRASH,,,Y,"OVER $1,500",01/30/2025 6:40,UNABLE TO DETERMINE,UNABLE TO DETERMINE,3610,W,FOSTER AVE,1712,,,,,,,1,NO INDICATION OF INJURY,0,0,0,0,0,1,0,6,5,1,,,,,
UNKNOWN,UNKNOWN,PARKED MOTOR VEHICLE,PARKING LOT,,STRAIGHT AND LEVEL,UNKNOWN,UNKNOWN,NOT ON SCENE (DESK REPORT),NO INJURY / DRIVE AWAY,,,Y,"OVER $1,500",02/10/2025 16:40,UNABLE TO DETERMINE,NOT APPLICABLE,2035,N,NARRAGANSETT AVE,2512,,,,,,,2,NO INDICATION OF INJURY,0,0,0,0,0,1,0,15,2,2,,,,,
CLEAR,DAYLIGHT,PARKED MOTOR VEHICLE,NOT DIVIDED,,STRAIGHT AND LEVEL,DRY,NO DEFECTS,NOT ON SCENE (DESK REPORT),NO INJURY / DRIVE AWAY,,,Y,"$501 - $1,500",01/30/2025 12:30,DRIVING SKILLS/KNOWLEDGE/EXPERIENCE,DRIVING SKILLS/KNOWLEDGE/EXPERIENCE,7937,S,RIDGELAND AVE,414,,,,,,,2,NO INDICATION OF INJURY,0,0,0,0,0,1,0,10,1,1,,,,,
UNKNOWN,UNKNOWN,REAR END,NOT DIVIDED,,STRAIGHT AND LEVEL,UNKNOWN,UNKNOWN,NOT ON SCENE (DESK REPORT),NO INJURY / DRIVE AWAY,,,Y,"$501 - $1,500",01/30/2025 8:40,UNABLE TO DETERMINE,NOT APPLICABLE,3800,S,KEDZIE AVE,911,,,,,,,2,NO INDICATION OF INJURY,0,0,0,0,0,2,0,18,3,1,,,,,
CLEAR,DAYLIGHT,ANGLE,NOT DIVIDED,,STRAIGHT AND LEVEL,DRY,NO DEFECTS,ON SCENE,INJURY AND / OR TOW DUE TO CRASH,Y,,,"OVER $1,500",01/29/2025 11:18,DISREGARDING TRAFFIC SIGNALS,NOT APPLICABLE,1,W,GARFIELD BLVD,225,,,,,,,2,"REPORTED, NOT EVIDENT",3,0,0,0,3,1,0,11,4,1,,,,,
CLEAR,DUSK,SIDESWIPE SAME DIRECTION,NOT DIVIDED,,STRAIGHT AND LEVEL,DRY,NO DEFECTS,NOT ON SCENE (DESK REPORT),NO INJURY / DRIVE AWAY,Y,,,"$501 - $1,500",01/29/2025 21:30,UNABLE TO DETERMINE,IMPROPER LANE USAGE,57,W,IDA B WELLS DR,123,,,,,,,2,NO INDICATION OF INJURY,0,0,0,0,0,3,0,21,4,1,,,,,
CLOUDY/OVERCAST,DAYLIGHT,TURNING,NOT DIVIDED,,STRAIGHT AND LEVEL,DRY,NO DEFECTS,ON SCENE,INJURY AND / OR TOW DUE TO CRASH,N,,,"OVER $1,500",01/30/2025 15:39,FAILING TO YIELD RIGHT-OF-WAY,FAILING TO YIELD RIGHT-OF-WAY,7717,S,HALSTED ST,621,,,,,,,2,NO INDICATION OF INJURY,0,0,0,0,0,2,0,15,5,1,,,,,
RAIN,DAYLIGHT,REAR TO FRONT,NOT DIVIDED,,STRAIGHT AND LEVEL,WET,NO DEFECTS,NOT ON SCENE (DESK REPORT),NO INJURY / DRIVE AWAY,,,,"OVER $1,500",01/30/2025 20:33,NOT APPLICABLE,NOT APPLICABLE,106,W,CHICAGO AVE,1832,,,,,,,2,NO INDICATION OF INJURY,0,0,0,0,0,2,0,19,5,1,,,,,
CLEAR,DAYLIGHT,PARKED MOTOR VEHICLE,ONE-WAY,,STRAIGHT AND LEVEL,DRY,NO DEFECTS,ON SCENE,NO INJURY / DRIVE AWAY,,,,"$501 - $1,500",01/28/2025 12:15,DRIVING SKILLS/KNOWLEDGE/EXPERIENCE,DRIVING SKILLS/KNOWLEDGE/EXPERIENCE,1232,W,ROSCOE ST,1924,,,,,,,2,NO INDICATION OF INJURY,0,0,0,0,0,1,0,12,3,1,,,,,
CLEAR,"DARKNESS, LIGHTED ROAD",PARKED MOTOR VEHICLE,NOT DIVIDED,,STRAIGHT AND LEVEL,UNKNOWN,NO DEFECTS,NOT ON SCENE (DESK REPORT),INJURY AND / OR TOW DUE TO CRASH,,,Y,"OVER $1,500",01/29/2025 22:15,UNABLE TO DETERMINE,NOT APPLICABLE,2535,W,81ST ST,835,,,,,,,2,NO INDICATION OF INJURY,0,0,0,0,0,1,0,21,4,1,,,,,
RAIN,"DARKNESS, LIGHTED ROAD",PEDESTRIAN,FOUR WAY,,STRAIGHT AND LEVEL,WET,NO DEFECTS,ON SCENE,INJURY AND / OR TOW DUE TO CRASH,Y,,,$500 OR LESS,01/30/2025 19:27,FAILING TO YIELD RIGHT-OF-WAY,NOT APPLICABLE,1659,S,ASHLAND AVE,1233,,,,,,,2,NONINCAPACITATING INJURY,1,0,0,1,0,1,0,17,5,1,,,,,
CLEAR,"DARKNESS, LIGHTED ROAD",ANGLE,FOUR WAY,,STRAIGHT AND LEVEL,DRY,UNKNOWN,NOT ON SCENE (DESK REPORT),NO INJURY / DRIVE AWAY,Y,,,"OVER $1,500",01/30/2025 11:00,DISREGARDING TRAFFIC SIGNALS,UNABLE TO DETERMINE,5200,N,RAVENSWOOD AVE,2012,,,,,,,2,NO INDICATION OF INJURY,0,0,0,0,0,3,0,21,4,1,,,,,
CLEAR,UNKNOWN,ANGLE,ONE-WAY,,STRAIGHT AND LEVEL,UNKNOWN,UNKNOWN,NOT ON SCENE (DESK REPORT),NO INJURY / DRIVE AWAY,Y,,Y,"$501 - $1,500",01/30/2025 10:10,UNABLE TO DETERMINE,NOT APPLICABLE,2935,W,71ST ST,831,,,,,,,2,NO INDICATION OF INJURY,0,0,0,0,0,3,0,8,5,1,,,,,
RAIN,UNKNOWN,PARKED MOTOR VEHICLE,UNKNOWN INTERSECTION TYPE,,STRAIGHT AND LEVEL,WET,UNKNOWN,NOT ON SCENE (DESK REPORT),NO INJURY / DRIVE AWAY,,,,"OVER $1,500",01/30/2025 21:00,DRIVING SKILLS/KNOWLEDGE/EXPERIENCE,DRIVING SKILLS/KNOWLEDGE/EXPERIENCE,1201,W,WASHINGTON BLVD,1224,,,,,,,2,NO INDICATION OF INJURY,0,0,0,0,0,1,0,18,5,1,,,,,
CLEAR,"DARKNESS, LIGHTED ROAD",SIDESWIPE SAME DIRECTION,DIVIDED - W/MEDIAN (NOT RAISED),,STRAIGHT AND LEVEL,DRY,UNKNOWN,ON SCENE,NO INJURY / DRIVE AWAY,,,,"OVER $1,500",01/30/2025 5:44,UNABLE TO DETERMINE,UNABLE TO DETERMINE,1151,W,HOLLYWOOD AVE,2022,,Y,,,,,2,NO INDICATION OF INJURY,0,0,0,0,0,2,0,5,5,1,,,,,
CLEAR,DARKNESS,PARKED MOTOR VEHICLE,PARKING LOT,,STRAIGHT AND LEVEL,UNKNOWN,NO DEFECTS,NOT ON SCENE (DESK REPORT),NO INJURY / DRIVE AWAY,,,,"$501 - $1,500",01/30/2025 13:40,NOT APPLICABLE,NOT APPLICABLE,8444,S,PULASKI RD,834,,,,,,,2,NO INDICATION OF INJURY,0,0,0,0,0,1,0,20,4,1,,,,,
RAIN,"DARKNESS, LIGHTED ROAD",SIDESWIPE SAME DIRECTION,ONE-WAY,,STRAIGHT AND LEVEL,WET,NO DEFECTS,NOT ON SCENE (DESK REPORT),NO INJURY / DRIVE AWAY,,,,"OVER $1,500",01/30/2025 21:00,IMPROPER OVERTAKING/PASSING,IMPROPER OVERTAKING/PASSING,235,S,FRANKLIN ST,122,,,,,,,2,NO INDICATION OF INJURY,0,0,0,0,0,3,0,19,5,1,,,,,
CLEAR,DAYLIGHT,REAR END,DIVIDED - W/MEDIAN (NOT RAISED),,STRAIGHT AND LEVEL,DRY,NO DEFECTS,NOT ON SCENE (DESK REPORT),NO INJURY / DRIVE AWAY,,,,"OVER $1,500",10/05/2025 14:20,FOLLOWING TOO CLOSELY,UNABLE TO DETERMINE,1805,W,103RD ST,2212,,,,,,,2,NO INDICATION OF INJURY,0,0,0,0,0,2,0,13,1,10,,,,,
CLEAR,DAYLIGHT,REAR END,NOT DIVIDED,,STRAIGHT AND LEVEL,DRY,NO DEFECTS,ON SCENE,NO INJURY / DRIVE AWAY,,,,$500 OR LESS,01/26/2025 12:34,UNABLE TO DETERMINE,NOT APPLICABLE,1198,W,35TH ST,913,,,,,,,2,NO INDICATION OF INJURY,0,0,0,0,0,2,0,12,1,1,,,,,
CLEAR,DAYLIGHT,PARKED MOTOR VEHICLE,NOT DIVIDED,,STRAIGHT AND LEVEL,DRY,NO DEFECTS,NOT ON SCENE (DESK REPORT),NO INJURY / DRIVE AWAY,,,Y,"OVER $1,500",01/30/2025 17:00,IMPROPER LANE USAGE,IMPROPER LANE USAGE,5255,S,STATE ST,225,,,,,,,2,NO INDICATION OF INJURY,0,0,0,0,0,2,0,15,4,1,,,,,
CLEAR,DAYLIGHT,PEDESTRIAN,FOUR WAY,,STRAIGHT AND LEVEL,DRY,NO DEFECTS,ON SCENE,INJURY AND / OR TOW DUE TO CRASH,Y,,,$500 OR LESS,01/29/2025 13:09,NOT APPLICABLE,NOT APPLICABLE,600,S,CALIFORNIA AVE,1135,,,,,,,2,NONINCAPACITATING INJURY,1,0,0,1,0,1,0,13,4,1,,,,,
CLEAR,DAYLIGHT,ANGLE,NOT DIVIDED,,STRAIGHT AND LEVEL,DRY,NO DEFECTS,NOT ON SCENE (DESK REPORT),NO INJURY / DRIVE AWAY,,,,"OVER $1,500",01/29/2025 11:35,UNABLE TO DETERMINE,UNABLE TO DETERMINE,3646,N,BROADWAY,1925,,,,,,,2,NO INDICATION OF INJURY,0,0,0,0,0,2,0,11,4,1,,,,,
CLEAR,DAYLIGHT,SIDESWIPE SAME DIRECTION,FOUR WAY,,STRAIGHT AND LEVEL,DRY,NO DEFECTS,NOT ON SCENE (DESK REPORT),NO INJURY / DRIVE AWAY,,,,"$501 - $1,500",01/29/2025 11:15,NOT APPLICABLE,FAILING TO YIELD RIGHT-OF-WAY,3730,N,OAKLEY AVE,1921,,,,,,,2,NO INDICATION OF INJURY,0,0,0,0,0,2,0,8,4,1,,,,,
CLEAR,DAYLIGHT,TURNING,NOT DIVIDED,,STRAIGHT AND LEVEL,DRY,NO DEFECTS,NOT ON SCENE (DESK REPORT),NO INJURY / DRIVE AWAY,,,,"OVER $1,500",01/30/2025 9:00,IMPROPER TURNING/NO SIGNAL,NOT APPLICABLE,1616,W,NORTH AVE,1433,,,,,,,2,NO INDICATION OF INJURY,0,0,0,0,0,2,0,7,5,1,,,,,
CLEAR,DAYLIGHT,FIXED OBJECT,DIVIDED - W/MEDIAN BARRIER,,STRAIGHT AND LEVEL,DRY,NO DEFECTS,ON SCENE,INJURY AND / OR TOW DUE TO CRASH,,,,"OVER $1,500",01/30/2025 8:15,ROAD ENGINEERING/SURFACE/MARKING DEFECTS,ROAD ENGINEERING/SURFACE/MARKING DEFECTS,380,W,ROOT ST,925,,,,,,,1,NO INDICATION OF INJURY,0,0,0,0,0,1,0,8,5,1,,,,,
CLEAR,"DARKNESS, LIGHTED ROAD",SIDESWIPE SAME DIRECTION,DIVIDED - W/MEDIAN (NOT RAISED),,STRAIGHT AND LEVEL,DRY,NO DEFECTS,NOT ON SCENE (DESK REPORT),NO INJURY / DRIVE AWAY,N,,Y,"OVER $1,500",01/30/2025 16:15,IMPROPER OVERTAKING/PASSING,UNABLE TO DETERMINE,4000,S,ASHLAND AVE,924,,,,,,,2,NO INDICATION OF INJURY,0,0,0,0,0,2,0,18,4,1,,,,,
CLEAR,"DARKNESS, LIGHTED ROAD",ANGLE,DIVIDED - W/MEDIAN (NOT RAISED),,STRAIGHT AND LEVEL,DRY,NO DEFECTS,NOT ON SCENE (DESK REPORT),NO INJURY / DRIVE AWAY,,,,"$501 - $1,500",01/30/2025 6:50,DRIVING SKILLS/KNOWLEDGE/EXPERIENCE,NOT APPLICABLE,6350,S,ASHLAND AVE,725,,,,,,,2,NO INDICATION OF INJURY,0,0,0,0,0,2,0,6,5,1,,,,,
RAIN,DAYLIGHT,REAR END,NOT DIVIDED,,STRAIGHT AND LEVEL,WET,NO DEFECTS,ON SCENE,INJURY AND / OR TOW DUE TO CRASH,,,,"$501 - $1,500",01/23/2024 15:43,FOLLOWING TOO CLOSELY,NOT APPLICABLE,3628,W,GRAND AVE,2535,,,,,,,2,NO INDICATION OF INJURY,0,0,0,0,0,2,0,15,3,1,,,,,
CLEAR,UNKNOWN,PARKED MOTOR VEHICLE,PARKING LOT,,STRAIGHT AND LEVEL,DRY,NO DEFECTS,NOT ON SCENE (DESK REPORT),NO INJURY / DRIVE AWAY,,,Y,$500 OR LESS,01/30/2025 9:25,UNABLE TO DETERMINE,UNABLE TO DETERMINE,3500,N,KIMBALL AVE,1732,,,,,,,2,NO INDICATION OF INJURY,0,0,0,0,0,1,0,6,3,1,,,,,
CLEAR,"DARKNESS, LIGHTED ROAD",TURNING,DIVIDED - W/MEDIAN BARRIER,,STRAIGHT AND LEVEL,DRY,NO DEFECTS,ON SCENE,INJURY AND / OR TOW DUE TO CRASH,N,,,"OVER $1,500",01/29/2025 22:54,DISREGARDING TRAFFIC SIGNALS,FAILING TO REDUCE SPEED TO AVOID CRASH,1,N,LOWER WACKER DR,122,,,,,,,2,NO INDICATION OF INJURY,0,0,0,0,0,4,0,22,4,1,,,,,
CLEAR,DAYLIGHT,TURNING,DIVIDED - W/MEDIAN (NOT RAISED),,STRAIGHT AND LEVEL,DRY,NO DEFECTS,ON SCENE,NO INJURY / DRIVE AWAY,,,Y,$500 OR LESS,01/30/2025 8:31,FOLLOWING TOO CLOSELY,FAILING TO REDUCE SPEED TO AVOID CRASH,2099,N,CENTRAL AVE,2515,,,,,,,2,NO INDICATION OF INJURY,0,0,0,0,0,2,0,8,5,1,,,,,
RAIN,"DARKNESS, LIGHTED ROAD",TURNING,NOT DIVIDED,,STRAIGHT AND LEVEL,WET,NO DEFECTS,ON SCENE,NO INJURY / DRIVE AWAY,,,,"$501 - $1,500",01/30/2025 17:23,FAILING TO YIELD RIGHT-OF-WAY,FAILING TO YIELD RIGHT-OF-WAY,6847,S,LOOMIS BLVD,724,,,,,,,2,NO INDICATION OF INJURY,0,0,0,0,0,2,0,17,5,1,,,,,
CLEAR,"DARKNESS, LIGHTED ROAD",PARKED MOTOR VEHICLE,NOT DIVIDED,,STRAIGHT AND LEVEL,DRY,NO DEFECTS,ON SCENE,INJURY AND / OR TOW DUE TO CRASH,,,,"OVER $1,500",01/29/2025 23:16,UNABLE TO DETERMINE,UNABLE TO DETERMINE,7534,N,CALIFORNIA AVE,2411,,,,,,,3,NONINCAPACITATING INJURY,1,0,0,1,0,0,0,23,4,1,,,,,
RAIN,"DARKNESS, LIGHTED ROAD",REAR END,NOT DIVIDED,,STRAIGHT AND LEVEL,WET,UNKNOWN,ON SCENE,NO INJURY / DRIVE AWAY,,,N,"OVER $1,500",01/30/2025 16:13,FAILING TO REDUCE SPEED TO AVOID CRASH,NOT APPLICABLE,2199,S,CANALPORT AVE,1235,,,,,,,2,NO INDICATION OF INJURY,0,0,0,0,0,2,0,16,5,1,,,,,
UNKNOWN,DAYLIGHT,ANGLE,NOT DIVIDED,,STRAIGHT AND LEVEL,UNKNOWN,UNKNOWN,NOT ON SCENE (DESK REPORT),NO INJURY / DRIVE AWAY,,,Y,"OVER $1,500",01/30/2025 13:43,FAILING TO REDUCE SPEED TO AVOID CRASH,DRIVING SKILLS/KNOWLEDGE/EXPERIENCE,6700,S,WESTERN AVE,832,,,,,,,2,NO INDICATION OF INJURY,0,0,0,0,0,2,0,12,5,1,,,,,
RAIN,"DARKNESS, LIGHTED ROAD",PEDESTRIAN,ONE-WAY,,STRAIGHT AND LEVEL,WET,UNKNOWN,ON SCENE,INJURY AND / OR TOW DUE TO CRASH,Y,,,"OVER $1,500",01/30/2025 18:32,FAILING TO YIELD RIGHT-OF-WAY,FAILING TO YIELD RIGHT-OF-WAY,700,N,FAIRBANKS CT,1834,,,,,,,2,NONINCAPACITATING INJURY,1,0,0,1,0,1,0,18,5,1,,,,,
CLEAR,DAYLIGHT,SIDESWIPE SAME DIRECTION,UNKNOWN INTERSECTION TYPE,,STRAIGHT AND LEVEL,UNKNOWN,UNKNOWN,ON SCENE,NO INJURY / DRIVE AWAY,,,,"OVER $1,500",01/30/2025 10:43,UNABLE TO DETERMINE,UNABLE TO DETERMINE,1900,S,PULASKI RD,1012,,,,,,,2,NO INDICATION OF INJURY,0,0,0,0,0,2,0,10,5,1,,,,,
RAIN,"DARKNESS, LIGHTED ROAD",ANGLE,FOUR WAY,,STRAIGHT AND LEVEL,WET,NO DEFECTS,NOT ON SCENE (DESK REPORT),NO INJURY / DRIVE AWAY,Y,,,"OVER $1,500",01/30/2025 22:10,FAILING TO YIELD RIGHT-OF-WAY,FAILING TO YIELD RIGHT-OF-WAY,9300,S,ASHLAND AVE,2221,,,,,,,2,NO INDICATION OF INJURY,0,0,0,0,0,2,0,20,5,1,,,,,
CLEAR,DAYLIGHT,REAR END,NOT DIVIDED,,STRAIGHT AND LEVEL,DRY,NO DEFECTS,NOT ON SCENE (DESK REPORT),INJURY AND / OR TOW DUE TO CRASH,,,Y,"OVER $1,500",10/13/2023 11:00,FAILING TO REDUCE SPEED TO AVOID CRASH,UNABLE TO DETERMINE,1038,W,BRYN MAWR AVE,2022,,,,,,,2,"REPORTED, NOT EVIDENT",1,0,0,0,1,1,0,14,3,10,,,,,
CLEAR,DAYLIGHT,HEAD ON,NOT DIVIDED,,STRAIGHT AND LEVEL,DRY,NO DEFECTS,ON SCENE,INJURY AND / OR TOW DUE TO CRASH,,,,"OVER $1,500",01/22/2025 8:00,UNABLE TO DETERMINE,UNABLE TO DETERMINE,1115,S,CICERO AVE,1131,,,,,,,2,"REPORTED, NOT EVIDENT",1,0,0,0,1,2,0,7,4,1,,,,,
CLEAR,DAYLIGHT,TURNING,OTHER,,STRAIGHT AND LEVEL,DRY,UNKNOWN,NOT ON SCENE (DESK REPORT),NO INJURY / DRIVE AWAY,,,,"OVER $1,500",01/30/2025 16:45,UNABLE TO DETERMINE,UNABLE TO DETERMINE,2403,S,BLUE ISLAND AVE,1034,,,,,,,2,NO INDICATION OF INJURY,0,0,0,0,0,2,0,8,3,1,,,,,
CLEAR,"DARKNESS, LIGHTED ROAD",PARKED MOTOR VEHICLE,ONE-WAY,,STRAIGHT AND LEVEL,DRY,NO DEFECTS,ON SCENE,NO INJURY / DRIVE AWAY,,,Y,"OVER $1,500",01/29/2025 21:40,UNABLE TO DETERMINE,NOT APPLICABLE,7142,S,CONSTANCE AVE,324,,,,,,,2,NO INDICATION OF INJURY,0,0,0,0,0,1,0,21,4,1,,,,,
CLEAR,DAYLIGHT,REAR END,CENTER TURN LANE,,STRAIGHT ON GRADE,DRY,NO DEFECTS,NOT ON SCENE (DESK REPORT),NO INJURY / DRIVE AWAY,Y,,,"OVER $1,500",01/30/2025 10:55,FAILING TO YIELD RIGHT-OF-WAY,FAILING TO YIELD RIGHT-OF-WAY,1201,S,COLUMBUS DR,132,,,,,,,2,NO INDICATION OF INJURY,0,0,0,0,0,3,0,8,5,1,,,,,
CLEAR,DUSK,PARKED MOTOR VEHICLE,OTHER,,STRAIGHT AND LEVEL,DRY,NO DEFECTS,ON SCENE,NO INJURY / DRIVE AWAY,,,,"$501 - $1,500",02/25/2025 17:49,DRIVING SKILLS/KNOWLEDGE/EXPERIENCE,NOT APPLICABLE,618,W,OHARE ST,1654,,,,,,,2,NO INDICATION OF INJURY,0,0,0,0,0,1,0,17,3,2,,,,,