WEATHER_CONDITION,LIGHTING_CONDITION,FIRST_CRASH_TYPE,TRAFFICWAY_TYPE,LANE_CNT,ALIGNMENT,ROADWAY_SURFACE_COND,ROAD_DEFECT,REPORT_TYPE,CRASH_TYPE,INTERSECTION_RELATED_I,NOT_RIGHT_OF_WAY_I,HIT_AND_RUN_I,DAMAGE,DATE_POLICE_NOTIFIED,PRIM_CONTRIBUTORY_CAUSE,SEC_CONTRIBUTORY_CAUSE,STREET_NO,STREET_DIRECTION,STREET_NAME,BEAT_OF_OCCURRENCE,PHOTOS_TAKEN_I,STATEMENTS_TAKEN_I,DOORING_I,WORK_ZONE_I,WORK_ZONE_TYPE,WORKERS_PRESENT_I,NUM_UNITS,MOST_SEVERE_INJURY,INJURIES_TOTAL,INJURIES_FATAL,INJURIES_INCAPACITATING,INJURIES_NON_INCAPACITATING,INJURIES_REPORTED_NOT_EVIDENT,INJURIES_NO_INDICATION,INJURIES_UNKNOWN,CRASH_HOUR,CRASH_DAY_OF_WEEK,CRASH_MONTH,INJURIES_NO_INDICATION,INJURIES_UNKNOWN,CRASH_HOUR,CRASH_DAY_OF_WEEK,CRASH_MONTH
CLOUDY/OVERCAST,DAYLIGHT,REAR END,NOT DIVIDED,,STRAIGHT AND LEVEL,UNKNOWN,UNKNOWN,NOT ON SCENE (DESK REPORT),NO INJURY / DRIVE AWAY,,,,"OVER $1,500",01/16/2025 9:16,FOLLOWING TOO CLOSELY,WEATHER,1020,N,ELSTON AVE,1213,,,,,,,2,NO INDICATION OF INJURY,0,0,0,0,0,2,0,8,5,1,,,,,
RAIN,DUSK,REAR END,DIVIDED - W/MEDIAN BARRIER,,STRAIGHT AND LEVEL,WET,NO DEFECTS,NOT ON SCENE (DESK REPORT),NO INJURY / DRIVE AWAY,,,,"OVER $1,500",10/13/2023 19:00,FAILING TO YIELD RIGHT-OF-WAY,UNABLE TO DETERMINE,7299,S,CHICAGO SKYWAY IB,323,,,,,,,2,NO INDICATION OF INJURY,0,0,0,0,0,2,0,18,6,10,,,,,
CLEAR,DAYLIGHT,REAR END,NOT DIVIDED,,STRAIGHT AND LEVEL,DRY,NO DEFECTS,NOT ON SCENE (DESK REPORT),NO INJURY / DRIVE AWAY,N,,,"$501 - $1,500",01/16/2025 17:30,FOLLOWING TOO CLOSELY,NOT APPLICABLE,6156,N,CLARK ST,2433,,,,,,,3,NO INDICATION OF INJURY,0,0,0,0,0,3,0,16,5,1,,,,,
CLEAR,"DARKNESS, LIGHTED ROAD",REAR END,NOT DIVIDED,,STRAIGHT AND LEVEL,DRY,NO DEFECTS,NOT ON SCENE (DESK REPORT),NO INJURY / DRIVE AWAY,,,Y,"OVER $1,500",01/16/2025 21:05,UNABLE TO DETERMINE,NOT APPLICABLE,3644,S,ARCHER AVE,912,,,,,,,2,NO INDICATION OF INJURY,0,0,0,0,0,2,0,19,5,1,,,,,
CLEAR,DAWN,ANGLE,FOUR WAY,,STRAIGHT AND LEVEL,DRY,NO DEFECTS,ON SCENE,NO INJURY / DRIVE AWAY,Y,,,"$501 - $1,500",02/10/2025 17:08,IMPROPER BACKING,NOT APPLICABLE,5000,W,AINSLIE ST,1623,,,,,,,2,NO INDICATION OF INJURY,0,0,0,0,0,2,0,16,2,2,,,,,
CLEAR,DAYLIGHT,TURNING,FOUR WAY,,STRAIGHT AND LEVEL,DRY,NO DEFECTS,ON SCENE,NO INJURY / DRIVE AWAY,,,Y,"OVER $1,500",02/10/2025 12:37,IMPROPER LANE USAGE,DRIVING SKILLS/KNOWLEDGE/EXPERIENCE,388,S,COLUMBUS DR,114,,,,,,,2,NO INDICATION OF INJURY,0,0,0,0,0,2,0,12,2,2,,,,,
CLEAR,DARKNESS,PARKED MOTOR VEHICLE,OTHER,,STRAIGHT AND LEVEL,OTHER,WORN SURFACE,ON SCENE,NO INJURY / DRIVE AWAY,,,Y,"$501 - $1,500",01/16/2025 19:58,DRIVING SKILLS/KNOWLEDGE/EXPERIENCE,NOT APPLICABLE,4943,S,RACINE AVE,933,,,,,,,2,NO INDICATION OF INJURY,0,0,0,0,0,2,0,19,5,1,,,,,
UNKNOWN,"DARKNESS, LIGHTED ROAD",PARKED MOTOR VEHICLE,NOT DIVIDED,,STRAIGHT AND LEVEL,DRY,UNKNOWN,NOT ON SCENE (DESK REPORT),NO INJURY / DRIVE AWAY,,,Y,"$501 - $1,500",01/16/2025 7:09,UNABLE TO DETERMINE,UNABLE TO DETERMINE,606,W,26TH ST,914,,,,,,,2,NO INDICATION OF INJURY,0,0,0,0,0,1,0,5,5,1,,,,,
CLEAR,"DARKNESS, LIGHTED ROAD",SIDESWIPE SAME DIRECTION,NOT DIVIDED,,STRAIGHT AND LEVEL,DRY,NO DEFECTS,ON SCENE,NO INJURY / DRIVE AWAY,,,,"$501 - $1,500",02/10/2025 18:17,IMPROPER LANE USAGE,FOLLOWING TOO CLOSELY,2356,W,ROOSEVELT RD,1225,,Y,,,,,2,NO INDICATION OF INJURY,0,0,0,0,0,2,0,17,2,2,,,,,
CLEAR,"DARKNESS, LIGHTED ROAD",TURNING,NOT DIVIDED,,STRAIGHT AND LEVEL,DRY,NO DEFECTS,NOT ON SCENE (DESK REPORT),NO INJURY / DRIVE AWAY,,,Y,"OVER $1,500",01/17/2025 15:02,DISREGARDING TRAFFIC SIGNALS,NOT APPLICABLE,4801,S,LAWNDALE AVE,821,,,,,,,2,NO INDICATION OF INJURY,0,0,0,0,0,2,0,18,5,1,,,,,
CLEAR,DAYLIGHT,TURNING,ONE-WAY,,STRAIGHT AND LEVEL,WET,NO DEFECTS,NOT ON SCENE (DESK REPORT),NO INJURY / DRIVE AWAY,,,,"OVER $1,500",01/16/2025 8:15,DRIVING SKILLS/KNOWLEDGE/EXPERIENCE,UNABLE TO DETERMINE,2800,N,MONITOR AVE,2514,,,,,,,2,NO INDICATION OF INJURY,0,0,0,0,0,2,0,7,5,1,,,,,
CLEAR,DAYLIGHT,SIDESWIPE OPPOSITE DIRECTION,NOT DIVIDED,,STRAIGHT AND LEVEL,DRY,NO DEFECTS,ON SCENE,INJURY AND / OR TOW DUE TO CRASH,Y,,N,"OVER $1,500",02/10/2025 14:30,UNABLE TO DETERMINE,UNABLE TO DETERMINE,7100,S,DAMEN AVE,735,,,,,,,3,NONINCAPACITATING INJURY,1,0,0,1,0,2,0,14,2,2,,,,,
CLEAR,DAYLIGHT,TURNING,FOUR WAY,,STRAIGHT AND LEVEL,DRY,NO DEFECTS,ON SCENE,NO INJURY / DRIVE AWAY,,,Y,"OVER $1,500",02/10/2025 16:08,UNABLE TO DETERMINE,UNABLE TO DETERMINE,198,W,47TH ST,215,,,,,,,2,NO INDICATION OF INJURY,0,0,0,0,0,2,0,16,2,2,,,,,
UNKNOWN,UNKNOWN,SIDESWIPE SAME DIRECTION,DIVIDED - W/MEDIAN BARRIER,,STRAIGHT AND LEVEL,UNKNOWN,UNKNOWN,NOT ON SCENE (DESK REPORT),NO INJURY / DRIVE AWAY,,,,"$501 - $1,500",02/10/2025 15:30,DRIVING SKILLS/KNOWLEDGE/EXPERIENCE,UNABLE TO DETERMINE,229,E,MONROE DR,114,,,,,,,2,NO INDICATION OF INJURY,0,0,0,0,0,3,0,13,2,2,,,,,
CLEAR,DAYLIGHT,PARKED MOTOR VEHICLE,DIVIDED - W/MEDIAN (NOT RAISED),,STRAIGHT AND LEVEL,DRY,NO DEFECTS,NOT ON SCENE (DESK REPORT),NO INJURY / DRIVE AWAY,,,,"OVER $1,500",02/10/2025 19:35,UNABLE TO DETERMINE,UNABLE TO DETERMINE,3424,W,BELMONT AVE,1732,,,,,,,2,NO INDICATION OF INJURY,0,0,0,0,0,1,0,18,2,2,,,,,
CLEAR,DAYLIGHT,SIDESWIPE SAME DIRECTION,NOT DIVIDED,,STRAIGHT AND LEVEL,DRY,NO DEFECTS,NOT ON SCENE (DESK REPORT),NO INJURY / DRIVE AWAY,,,,"OVER $1,500",01/16/2025 9:30,FAILING TO YIELD RIGHT-OF-WAY,FAILING TO YIELD RIGHT-OF-WAY,5017,S,PULASKI RD,821,,,,,,,2,NO INDICATION OF INJURY,0,0,0,0,0,3,0,7,5,1,,,,,
CLEAR,DAYLIGHT,REAR END,DIVIDED - W/MEDIAN (NOT RAISED),,STRAIGHT AND LEVEL,DRY,NO DEFECTS,NOT ON SCENE (DESK REPORT),NO INJURY / DRIVE AWAY,,,,"OVER $1,500",06/15/2024 13:45,FAILING TO REDUCE SPEED TO AVOID CRASH,UNABLE TO DETERMINE,2200,W,ADDISON ST,1921,,,,,,,3,NO INDICATION OF INJURY,0,0,0,0,0,3,0,12,7,6,,,,,
SNOW,"DARKNESS, LIGHTED ROAD",PARKED MOTOR VEHICLE,NOT DIVIDED,,STRAIGHT AND LEVEL,ICE,NO DEFECTS,ON SCENE,INJURY AND / OR TOW DUE TO CRASH,,,,"OVER $1,500",01/16/2025 1:55,WEATHER,NOT APPLICABLE,5428,N,NATOMA AVE,1613,,,,,,,2,NO INDICATION OF INJURY,0,0,0,0,0,1,0,1,5,1,,,,,
CLEAR,"DARKNESS, LIGHTED ROAD",PARKED MOTOR VEHICLE,ONE-WAY,,STRAIGHT AND LEVEL,DRY,NO DEFECTS,ON SCENE,INJURY AND / OR TOW DUE TO CRASH,,,Y,"OVER $1,500",02/10/2025 1:03,UNABLE TO DETERMINE,UNABLE TO DETERMINE,330,S,DEARBORN ST,113,,,,,,,2,NO INDICATION OF INJURY,0,0,0,0,0,1,0,1,2,2,,,,,
SNOW,"DARKNESS, LIGHTED ROAD",REAR END,FOUR WAY,,STRAIGHT AND LEVEL,WET,NO DEFECTS,NOT ON SCENE (DESK REPORT),INJURY AND / OR TOW DUE TO CRASH,,,,"OVER $1,500",01/16/2025 11:00,UNABLE TO DETERMINE,NOT APPLICABLE,11900,S,HALSTED ST,524,,,,,,,2,NO INDICATION OF INJURY,0,0,0,0,0,2,0,2,5,1,,,,,
CLEAR,"DARKNESS, LIGHTED ROAD",FIXED OBJECT,DIVIDED - W/MEDIAN (NOT RAISED),,STRAIGHT AND LEVEL,DRY,NO DEFECTS,ON SCENE,INJURY AND / OR TOW DUE TO CRASH,,Y,,"OVER $1,500",01/16/2025 19:10,PHYSICAL CONDITION OF DRIVER,NOT APPLICABLE,6914,S,WESTERN AVE,832,,Y,,,,,1,"REPORTED, NOT EVIDENT",1,0,0,0,1,0,0,19,5,1,,,,,
CLEAR,DAYLIGHT,REAR END,NOT DIVIDED,,STRAIGHT AND LEVEL,UNKNOWN,UNKNOWN,NOT ON SCENE (DESK REPORT),NO INJURY / DRIVE AWAY,,,,"OVER $1,500",01/16/2025 16:45,FOLLOWING TOO CLOSELY,NOT APPLICABLE,1049,S,CICERO AVE,1131,,,,,,,3,NO INDICATION OF INJURY,0,0,0,0,0,3,0,14,5,1,,,,,
CLEAR,"DARKNESS, LIGHTED ROAD",REAR END,DIVIDED - W/MEDIAN (NOT RAISED),,STRAIGHT AND LEVEL,DRY,UNKNOWN,NOT ON SCENE (DESK REPORT),NO INJURY / DRIVE AWAY,,,,"OVER $1,500",02/10/2025 23:10,FOLLOWING TOO CLOSELY,FAILING TO REDUCE SPEED TO AVOID CRASH,3032,W,ARMITAGE AVE,1414,,,,,,,2,NO INDICATION OF INJURY,0,0,0,0,0,4,0,23,2,2,,,,,
CLEAR,DAYLIGHT,REAR END,NOT DIVIDED,,STRAIGHT AND LEVEL,DRY,NO DEFECTS,ON SCENE,INJURY AND / OR TOW DUE TO CRASH,,,,"OVER $1,500",02/10/2025 13:20,FOLLOWING TOO CLOSELY,NOT APPLICABLE,8415,S,CICERO AVE,834,,,,,,,2,"REPORTED, NOT EVIDENT",1,0,0,0,1,1,0,13,2,2,,,,,
CLEAR,DAYLIGHT,PARKED MOTOR VEHICLE,NOT DIVIDED,,STRAIGHT AND LEVEL,UNKNOWN,NO DEFECTS,,NO INJURY / DRIVE AWAY,,,Y,"OVER $1,500",02/10/2025 15:50,NOT APPLICABLE,NOT APPLICABLE,5625,N,MC VICKER AVE,1622,,,,,,,2,NO INDICATION OF INJURY,0,0,0,0,0,1,0,15,2,2,,,,,
CLEAR,DAYLIGHT,PARKED MOTOR VEHICLE,FOUR WAY,,STRAIGHT AND LEVEL,DRY,UNKNOWN,ON SCENE,INJURY AND / OR TOW DUE TO CRASH,,,Y,"OVER $1,500",04/01/2025 18:04,UNABLE TO DETERMINE,UNABLE TO DETERMINE,4802,W,DICKENS AVE,2522,,,,,,,2,NO INDICATION OF INJURY,0,0,0,0,0,1,0,18,3,4,,,,,
CLEAR,DAYLIGHT,REAR END,OTHER,,STRAIGHT AND LEVEL,DRY,NO DEFECTS,ON SCENE,NO INJURY / DRIVE AWAY,,Y,,$500 OR LESS,04/01/2025 12:34,UNABLE TO DETERMINE,UNABLE TO DETERMINE,3998,W,WASHINGTON BLVD,1122,,,,,,,2,NO INDICATION OF INJURY,0,0,0,0,0,2,0,12,3,4,,,,,
CLEAR,DAYLIGHT,TURNING,T-INTERSECTION,,STRAIGHT AND LEVEL,DRY,UNKNOWN,,NO INJURY / DRIVE AWAY,,,,"$501 - $1,500",02/10/2025 11:33,IMPROPER OVERTAKING/PASSING,FAILING TO REDUCE SPEED TO AVOID CRASH,300,E,63RD ST,311,,,,,,,2,NO INDICATION OF INJURY,0,0,0,0,0,3,0,11,2,2,,,,,
CLEAR,DAYLIGHT,TURNING,FOUR WAY,,STRAIGHT AND LEVEL,DRY,NO DEFECTS,NOT ON SCENE (DESK REPORT),NO INJURY / DRIVE AWAY,,,,$500 OR LESS,01/16/2025 14:20,UNABLE TO DETERMINE,NOT APPLICABLE,7900,S,RACINE AVE,612,,,,,,,2,NO INDICATION OF INJURY,0,0,0,0,0,2,0,11,5,1,,,,,
CLEAR,DAYLIGHT,SIDESWIPE SAME DIRECTION,ONE-WAY,,STRAIGHT AND LEVEL,DRY,UNKNOWN,ON SCENE,NO INJURY / DRIVE AWAY,,,,"$501 - $1,500",02/10/2025 17:06,FAILING TO YIELD RIGHT-OF-WAY,NOT APPLICABLE,1,W,TERMINAL ST,1651,,,,,,,2,NO INDICATION OF INJURY,0,0,0,0,0,3,0,17,2,2,,,,,
CLEAR,DARKNESS,PARKED MOTOR VEHICLE,NOT DIVIDED,,STRAIGHT AND LEVEL,DRY,NO DEFECTS,ON SCENE,INJURY AND / OR TOW DUE TO CRASH,,,,"OVER $1,500",02/10/2025 19:00,NOT APPLICABLE,NOT APPLICABLE,6925,W,FOSTER AVE,1613,,,,,,,2,NONINCAPACITATING INJURY,1,0,0,1,0,0,0,18,2,2,,,,,
CLEAR,DAYLIGHT,ANGLE,NOT DIVIDED,,STRAIGHT AND LEVEL,DRY,NO DEFECTS,,INJURY AND / OR TOW DUE TO CRASH,Y,,,"OVER $1,500",02/10/2025 12:20,UNABLE TO DETERMINE,NOT APPLICABLE,2700,W,35TH ST,911,,,,,,,2,"REPORTED, NOT EVIDENT",1,0,0,0,1,1,0,9,2,2,,,,,
RAIN,DAYLIGHT,TURNING,NOT DIVIDED,,STRAIGHT AND LEVEL,WET,NO DEFECTS,ON SCENE,INJURY AND / OR TOW DUE TO CRASH,Y,,,"OVER $1,500",04/02/2025 15:15,FAILING TO YIELD RIGHT-OF-WAY,NOT APPLICABLE,4433,W,47TH ST,815,,,,,,,2,NONINCAPACITATING INJURY,2,0,0,2,0,0,0,14,4,4,,,,,
RAIN,"DARKNESS, LIGHTED ROAD",PARKED MOTOR VEHICLE,DIVIDED - W/MEDIAN (NOT RAISED),,STRAIGHT AND LEVEL,WET,NO DEFECTS,ON SCENE,INJURY AND / OR TOW DUE TO CRASH,,,,"$501 - $1,500",04/02/2025 2:53,FAILING TO REDUCE SPEED TO AVOID CRASH,NOT APPLICABLE,601,W,KINZIE ST,1214,,,,,,,2,NO INDICATION OF INJURY,0,0,0,0,0,2,0,2,3,4,,,,,
CLEAR,DAYLIGHT,REAR END,NOT DIVIDED,,STRAIGHT AND LEVEL,DRY,NO DEFECTS,NOT ON SCENE (DESK REPORT),NO INJURY / DRIVE AWAY,Y,,,"OVER $1,500",04/02/2025 16:44,UNABLE TO DETERMINE,UNABLE TO DETERMINE,1601,W,CERMAK RD,1034,,,,,,,2,NO INDICATION OF INJURY,0,0,0,0,0,3,0,15,4,4,,,,,
CLEAR,DAYLIGHT,TURNING,NOT DIVIDED,,STRAIGHT AND LEVEL,DRY,NO DEFECTS,NOT ON SCENE (DESK REPORT),NO INJURY / DRIVE AWAY,,,,"OVER $1,500",08/01/2023 18:45,UNABLE TO DETERMINE,UNABLE TO DETERMINE,2744,N,CALIFORNIA AVE,1411,,,,,,,2,NO INDICATION OF INJURY,0,0,0,0,0,2,0,16,3,8,,,,,
CLOUDY/OVERCAST,DAYLIGHT,SIDESWIPE SAME DIRECTION,NOT DIVIDED,,STRAIGHT AND LEVEL,UNKNOWN,UNKNOWN,NOT ON SCENE (DESK REPORT),NO INJURY / DRIVE AWAY,,,,"OVER $1,500",04/02/2025 15:00,UNABLE TO DETERMINE,UNABLE TO DETERMINE,444,N,MICHIGAN AVE,1834,,,,,,,2,NO INDICATION OF INJURY,0,0,0,0,0,2,0,14,4,4,,,,,
SNOW,DAYLIGHT,OTHER OBJECT,ALLEY,,STRAIGHT AND LEVEL,SNOW OR SLUSH,UNKNOWN,ON SCENE,NO INJURY / DRIVE AWAY,,Y,,$500 OR LESS,01/16/2025 13:34,DRIVING SKILLS/KNOWLEDGE/EXPERIENCE,NOT APPLICABLE,3642,E,109TH ST,432,,Y,,,,,1,NO INDICATION OF INJURY,0,0,0,0,0,1,0,13,5,1,,,,,
CLEAR,DAYLIGHT,SIDESWIPE SAME DIRECTION,FOUR WAY,,STRAIGHT AND LEVEL,DRY,UNKNOWN,ON SCENE,NO INJURY / DRIVE AWAY,,,Y,"OVER $1,500",02/10/2025 16:59,FAILING TO YIELD RIGHT-OF-WAY,NOT APPLICABLE,206,S,DEARBORN ST,113,,,,,,,2,NO INDICATION OF INJURY,0,0,0,0,0,2,0,16,2,2,,,,,
RAIN,"DARKNESS, LIGHTED ROAD",SIDESWIPE SAME DIRECTION,ONE-WAY,,STRAIGHT AND LEVEL,WET,NO DEFECTS,NOT ON SCENE (DESK REPORT),NO INJURY / DRIVE AWAY,,,Y,"OVER $1,500",10/11/2023 21:30,IMPROPER OVERTAKING/PASSING,NOT APPLICABLE,10000,W,BALMORAL AVE,1650,,,,,,,2,NO INDICATION OF INJURY,0,0,0,0,0,2,0,20,4,10,,,,,
CLEAR,DAYLIGHT,PARKED MOTOR VEHICLE,NOT DIVIDED,,STRAIGHT AND LEVEL,WET,NO DEFECTS,ON SCENE,INJURY AND / OR TOW DUE TO CRASH,,,,"OVER $1,500",01/16/2025 11:33,FAILING TO REDUCE SPEED TO AVOID CRASH,NOT APPLICABLE,2859,N,HARLEM AVE,2511,,,,,,,3,NO INDICATION OF INJURY,0,0,0,0,0,1,0,11,5,1,,,,,
RAIN,DAYLIGHT,TURNING,T-INTERSECTION,,STRAIGHT AND LEVEL,WET,UNKNOWN,ON SCENE,NO INJURY / DRIVE AWAY,,,,"OVER $1,500",04/02/2025 17:26,WEATHER,FAILING TO YIELD RIGHT-OF-WAY,4300,S,PULASKI RD,815,,,,,,,2,NO INDICATION OF INJURY,0,0,0,0,0,2,0,17,4,4,,,,,
CLEAR,"DARKNESS, LIGHTED ROAD",FIXED OBJECT,FOUR WAY,,STRAIGHT AND LEVEL,DRY,NO DEFECTS,ON SCENE,NO INJURY / DRIVE AWAY,Y,,,$500 OR LESS,01/16/2025 23:35,UNDER THE INFLUENCE OF ALCOHOL/DRUGS (USE WHEN ARREST IS EFFECTED),NOT APPLICABLE,7900,S,LAFAYETTE AVE,623,,,,,,,1,NO INDICATION OF INJURY,0,0,0,0,0,1,0,23,5,1,,,,,
CLEAR,DAYLIGHT,ANGLE,FOUR WAY,,STRAIGHT AND LEVEL,DRY,UNKNOWN,NOT ON SCENE (DESK REPORT),NO INJURY / DRIVE AWAY,Y,,,"OVER $1,500",02/10/2025 14:40,FAILING TO YIELD RIGHT-OF-WAY,FAILING TO YIELD RIGHT-OF-WAY,4245,S,PRINCETON AVE,925,,,,,,,2,NO INDICATION OF INJURY,0,0,0,0,0,2,0,8,2,2,,,,,
CLEAR,"DARKNESS, LIGHTED ROAD",ANGLE,DIVIDED - W/MEDIAN (NOT RAISED),,STRAIGHT AND LEVEL,DRY,NO DEFECTS,NOT ON SCENE (DESK REPORT),NO INJURY / DRIVE AWAY,,,,"OVER $1,500",01/16/2025 20:15,UNABLE TO DETERMINE,NOT APPLICABLE,6330,S,KIMBARK AVE,314,,,,,,,2,NO INDICATION OF INJURY,0,0,0,0,0,2,0,19,5,1,,,,,
CLEAR,DAYLIGHT,PARKED MOTOR VEHICLE,NOT DIVIDED,,STRAIGHT AND LEVEL,DRY,UNKNOWN,ON SCENE,INJURY AND / OR TOW DUE TO CRASH,,,Y,"OVER $1,500",03/31/2025 18:51,IMPROPER TURNING/NO SIGNAL,IMPROPER OVERTAKING/PASSING,3786,W,78TH ST,833,,,,,,,2,NO INDICATION OF INJURY,0,0,0,0,0,1,0,16,2,3,,,,,
CLEAR,DAYLIGHT,SIDESWIPE SAME DIRECTION,NOT DIVIDED,,STRAIGHT AND LEVEL,UNKNOWN,UNKNOWN,NOT ON SCENE (DESK REPORT),NO INJURY / DRIVE AWAY,,,,"OVER $1,500",04/02/2025 16:30,UNABLE TO DETERMINE,UNABLE TO DETERMINE,1232,W,NORTH AVE,1433,,,,,,,2,NO INDICATION OF INJURY,0,0,0,0,0,2,0,10,3,2,,,,,
CLEAR,DAYLIGHT,REAR END,DIVIDED - W/MEDIAN (NOT RAISED),,STRAIGHT AND LEVEL,DRY,UNKNOWN,ON SCENE,INJURY AND / OR TOW DUE TO CRASH,,,Y,"OVER $1,500",02/10/2025 9:32,FAILING TO REDUCE SPEED TO AVOID CRASH,FOLLOWING TOO CLOSELY,51,E,71ST ST,323,,,,,,,2,NONINCAPACITATING INJURY,1,0,0,1,0,1,0,9,2,2,,,,,
RAIN,DAYLIGHT,REAR END,NOT DIVIDED,,STRAIGHT AND LEVEL,WET,NO DEFECTS,NOT ON SCENE (DESK REPORT),NO INJURY / DRIVE AWAY,,,,"$501 - $1,500",04/02/2025 15:40,FOLLOWING TOO CLOSELY,FOLLOWING TOO CLOSELY,7301,W,IRVING PARK RD,1631,,,,,,,2,NO INDICATION OF INJURY,0,0,0,0,0,2,0,14,1,3,,,,,
CLEAR,DAYLIGHT,TURNING,FOUR WAY,,STRAIGHT AND LEVEL,DRY,NO DEFECTS,ON SCENE,INJURY AND / OR TOW DUE TO CRASH,Y,,,"OVER $1,500",03/31/2025 6:45,FAILING TO YIELD RIGHT-OF-WAY,IMPROPER TURNING/NO SIGNAL,200,N,HAMLIN BLVD,1122,,,,,,,2,NO INDICATION OF INJURY,0,0,0,0,0,3,0,6,2,3,,,,,
CLEAR,DAYLIGHT,TRAIN,FOUR WAY,,STRAIGHT AND LEVEL,DRY,NO DEFECTS,ON SCENE,NO INJURY / DRIVE AWAY,Y,,,"OVER $1,500",04/01/2025 8:50,DISREGARDING OTHER TRAFFIC SIGNS,NOT APPLICABLE,800,E,63RD ST,313,,,,,,,1,NO INDICATION OF INJURY,0,0,0,0,0,1,0,8,3,4,,,,,
CLEAR,DAYLIGHT,PARKED MOTOR VEHICLE,NOT DIVIDED,,STRAIGHT AND LEVEL,DRY,NO DEFECTS,NOT ON SCENE (DESK REPORT),NO INJURY / DRIVE AWAY,,,Y,"$501 - $1,500",04/02/2025 9:00,NOT APPLICABLE,NOT APPLICABLE,4827,N,SHERIDAN RD,2024,,,,,,,2,NO INDICATION OF INJURY,0,0,0,0,0,1,0,22,3,4,,,,,
RAIN,"DARKNESS, LIGHTED ROAD",SIDESWIPE SAME DIRECTION,ONE-WAY,,STRAIGHT ON GRADE,WET,UNKNOWN,NOT ON SCENE (DESK REPORT),NO INJURY / DRIVE AWAY,Y,,Y,"OVER $1,500",04/02/2025 6:05,DRIVING SKILLS/KNOWLEDGE/EXPERIENCE,UNABLE TO DETERMINE,3100,S,LAKE SHORE DR NB,211,,,,,,,2,NO INDICATION OF INJURY,0,0,0,0,0,2,0,5,4,4,,,,,
UNKNOWN,DAYLIGHT,REAR END,NOT DIVIDED,,STRAIGHT AND LEVEL,UNKNOWN,UNKNOWN,NOT ON SCENE (DESK REPORT),NO INJURY / DRIVE AWAY,,,,"$501 - $1,500",04/02/2025 20:00,FOLLOWING TOO CLOSELY,NOT APPLICABLE,819,S,WESTERN AVE,1225,,,,,,,2,NO INDICATION OF INJURY,0,0,0,0,0,3,0,11,4,4,,,,,
RAIN,DUSK,OTHER OBJECT,UNKNOWN INTERSECTION TYPE,,STRAIGHT AND LEVEL,WET,NO DEFECTS,NOT ON SCENE (DESK REPORT),NO INJURY / DRIVE AWAY,,,,"OVER $1,500",04/02/2025 20:13,NOT APPLICABLE,NOT APPLICABLE,5200,N,SHERIDAN RD,2023,,,,,,,2,NO INDICATION OF INJURY,0,0,0,0,0,2,0,18,4,4,,,,,
CLEAR,DAYLIGHT,FIXED OBJECT,NOT DIVIDED,,STRAIGHT AND LEVEL,DRY,WORN SURFACE,NOT ON SCENE (DESK REPORT),NO INJURY / DRIVE AWAY,,,,"OVER $1,500",01/23/2025 12:00,UNABLE TO DETERMINE,UNABLE TO DETERMINE,5146,S,CENTRAL AVE,811,,,,,,,1,NO INDICATION OF INJURY,0,0,0,0,0,1,0,10,5,1,,,,,
UNKNOWN,UNKNOWN,REAR END,ONE-WAY,,STRAIGHT AND LEVEL,UNKNOWN,UNKNOWN,NOT ON SCENE (DESK REPORT),NO INJURY / DRIVE AWAY,,,,"$501 - $1,500",02/10/2025 8:10,UNABLE TO DETERMINE,NOT APPLICABLE,5901,S,ALBANY AVE,824,,,,,,,2,NO INDICATION OF INJURY,0,0,0,0,0,5,0,7,2,2,,,,,
CLEAR,DAYLIGHT,REAR END,FOUR WAY,,STRAIGHT AND LEVEL,DRY,UNKNOWN,NOT ON SCENE (DESK REPORT),INJURY AND / OR TOW DUE TO CRASH,,,,"$501 - $1,500",04/01/2025 12:29,DISTRACTION - FROM INSIDE VEHICLE,FAILING TO REDUCE SPEED TO AVOID CRASH,6300,S,STATE ST,312,,,,,,,3,NONINCAPACITATING INJURY,3,0,0,1,2,2,0,11,3,4,,,,,
CLEAR,"DARKNESS, LIGHTED ROAD",PEDALCYCLIST,NOT DIVIDED,,STRAIGHT AND LEVEL,UNKNOWN,NO DEFECTS,ON SCENE,INJURY AND / OR TOW DUE TO CRASH,Y,,Y,"$501 - $1,500",04/02/2025 23:14,UNABLE TO DETERMINE,NOT APPLICABLE,5900,S,RICHMOND ST,824,,,,,,,2,NONINCAPACITATING INJURY,1,0,0,1,0,1,0,21,4,4,,,,,
UNKNOWN,DAYLIGHT,SIDESWIPE SAME DIRECTION,DIVIDED - W/MEDIAN (NOT RAISED),,STRAIGHT AND LEVEL,WET,UNKNOWN,ON SCENE,NO INJURY / DRIVE AWAY,,,Y,"$501 - $1,500",04/02/2025 21:00,UNABLE TO DETERMINE,DRIVING SKILLS/KNOWLEDGE/EXPERIENCE,4009,W,ARMITAGE AVE,2534,,,,,,,2,NO INDICATION OF INJURY,0,0,0,0,0,2,0,19,4,4,,,,,
UNKNOWN,DAYLIGHT,ANGLE,FOUR WAY,,STRAIGHT AND LEVEL,WET,NO DEFECTS,NOT ON SCENE (DESK REPORT),NO INJURY / DRIVE AWAY,,,,"OVER $1,500",04/02/2025 19:45,DRIVING ON WRONG SIDE/WRONG WAY,UNABLE TO DETERMINE,6200,S,UNION AVE,711,,,,,,,2,NO INDICATION OF INJURY,0,0,0,0,0,2,0,13,4,4,,,,,