WEATHER_CONDITION,LIGHTING_CONDITION,FIRST_CRASH_TYPE,TRAFFICWAY_TYPE,LANE_CNT,ALIGNMENT,ROADWAY_SURFACE_COND,ROAD_DEFECT,REPORT_TYPE,CRASH_TYPE,INTERSECTION_RELATED_I,NOT_RIGHT_OF_WAY_I,HIT_AND_RUN_I,DAMAGE,DATE_POLICE_NOTIFIED,PRIM_CONTRIBUTORY_CAUSE,SEC_CONTRIBUTORY_CAUSE,STREET_NO,STREET_DIRECTION,STREET_NAME,BEAT_OF_OCCURRENCE,PHOTOS_TAKEN_I,STATEMENTS_TAKEN_I,DOORING_I,WORK_ZONE_I,WORK_ZONE_TYPE,WORKERS_PRESENT_I,NUM_UNITS,MOST_SEVERE_INJURY,INJURIES_TOTAL,INJURIES_FATAL,INJURIES_INCAPACITATING,INJURIES_NON_INCAPACITATING,INJURIES_REPORTED_NOT_EVIDENT,INJURIES_NO_INDICATION,INJURIES_UNKNOWN,CRASH_HOUR,CRASH_DAY_OF_WEEK,CRASH_MONTH,INJURIES_NO_INDICATION,INJURIES_UNKNOWN,CRASH_HOUR,CRASH_DAY_OF_WEEK,CRASH_MONTH
CLEAR,"DARKNESS, LIGHTED ROAD",REAR END,NOT DIVIDED,,STRAIGHT AND LEVEL,DRY,NO DEFECTS,ON SCENE,NO INJURY / DRIVE AWAY,,,,"OVER $1,500",01/16/2025 17:04,FAILING TO REDUCE SPEED TO AVOID CRASH,FAILING TO YIELD RIGHT-OF-WAY,1551,N,LARAMIE AVE,2533,,,,,,,2,NO INDICATION OF INJURY,0,0,0,0,0,2,0,16,5,1,,,,,
CLEAR,"DARKNESS, LIGHTED ROAD",PARKED MOTOR VEHICLE,NOT DIVIDED,,STRAIGHT AND LEVEL,DRY,UNKNOWN,ON SCENE,NO INJURY / DRIVE AWAY,,,,"OVER $1,500",01/16/2025 17:51,IMPROPER OVERTAKING/PASSING,IMPROPER OVERTAKING/PASSING,2912,W,87TH ST,835,,,,,,,2,NO INDICATION OF INJURY,0,0,0,0,0,2,0,16,5,1,,,,,
CLEAR,DARKNESS,REAR END,FOUR WAY,,STRAIGHT AND LEVEL,DRY,NO DEFECTS,,NO INJURY / DRIVE AWAY,,,,"OVER $1,500",01/16/2025 21:33,FAILING TO REDUCE SPEED TO AVOID CRASH,NOT APPLICABLE,3737,N,WESTERN AVE,1921,,,,,,,2,NO INDICATION OF INJURY,0,0,0,0,0,3,0,21,5,1,,,,,
UNKNOWN,DAYLIGHT,PARKED MOTOR VEHICLE,DIVIDED - W/MEDIAN (NOT RAISED),,STRAIGHT AND LEVEL,DRY,NO DEFECTS,NOT ON SCENE (DESK REPORT),NO INJURY / DRIVE AWAY,,,,"OVER $1,500",04/02/2025 21:45,UNABLE TO DETERMINE,NOT APPLICABLE,3054,W,DEVON AVE,2412,,,,,,,2,NO INDICATION OF INJURY,0,0,0,0,0,1,0,15,3,4,,,,,
RAIN,DAYLIGHT,PEDESTRIAN,T-INTERSECTION,,STRAIGHT AND LEVEL,WET,NO DEFECTS,ON SCENE,INJURY AND / OR TOW DUE TO CRASH,Y,,,"OVER $1,500",04/02/2025 12:04,DISTRACTION - FROM OUTSIDE VEHICLE,UNABLE TO DETERMINE,5665,N,RIDGE AVE,2013,,,,,,,2,INCAPACITATING INJURY,1,0,1,0,0,1,0,12,4,4,,,,,
CLEAR,DAYLIGHT,PARKED MOTOR VEHICLE,NOT DIVIDED,,STRAIGHT AND LEVEL,DRY,NO DEFECTS,NOT ON SCENE (DESK REPORT),NO INJURY / DRIVE AWAY,,,N,"OVER $1,500",04/02/2025 16:56,NOT APPLICABLE,NOT APPLICABLE,8300,S,LANGLEY AVE,632,,,,,,,2,NO INDICATION OF INJURY,0,0,0,0,0,2,0,14,1,3,,,,,
CLEAR,DAYLIGHT,REAR END,ONE-WAY,,STRAIGHT AND LEVEL,DRY,UNKNOWN,,NO INJURY / DRIVE AWAY,,,N,"OVER $1,500",09/18/2024 18:30,UNABLE TO DETERMINE,UNABLE TO DETERMINE,1411,N,AUSTIN BLVD,2531,,,,,,,2,NO INDICATION OF INJURY,0,0,0,0,0,2,0,13,4,9,,,,,
CLEAR,"DARKNESS, LIGHTED ROAD",REAR END,NOT DIVIDED,,STRAIGHT AND LEVEL,DRY,NO DEFECTS,,INJURY AND / OR TOW DUE TO CRASH,,,,"OVER $1,500",03/23/2025 23:57,FOLLOWING TOO CLOSELY,UNABLE TO DETERMINE,7856,S,SOUTH CHICAGO AVE,411,,,,,,,2,NO INDICATION OF INJURY,0,0,0,0,0,3,0,23,1,3,,,,,
CLEAR,DAYLIGHT,REAR END,NOT DIVIDED,,STRAIGHT AND LEVEL,DRY,NO DEFECTS,ON SCENE,NO INJURY / DRIVE AWAY,,,,"OVER $1,500",04/01/2025 11:15,IMPROPER LANE USAGE,IMPROPER LANE USAGE,811,W,OHARE ST,1654,,,,,,,2,NO INDICATION OF INJURY,0,0,0,0,0,2,0,11,3,4,,,,,
RAIN,"DARKNESS, LIGHTED ROAD",TURNING,T-INTERSECTION,,STRAIGHT AND LEVEL,WET,NO DEFECTS,ON SCENE,NO INJURY / DRIVE AWAY,Y,,,"OVER $1,500",04/02/2025 6:20,UNABLE TO DETERMINE,UNABLE TO DETERMINE,2250,S,PULASKI RD,1013,,,,,,,2,NO INDICATION OF INJURY,0,0,0,0,0,3,0,6,4,4,,,,,
RAIN,DAWN,SIDESWIPE SAME DIRECTION,DIVIDED - W/MEDIAN (NOT RAISED),,STRAIGHT AND LEVEL,WET,NO DEFECTS,NOT ON SCENE (DESK REPORT),NO INJURY / DRIVE AWAY,Y,,,"OVER $1,500",04/02/2025 8:50,FAILING TO YIELD RIGHT-OF-WAY,NOT APPLICABLE,3901,S,KEDZIE AVE,921,,,,,,,2,NO INDICATION OF INJURY,0,0,0,0,0,5,0,7,4,4,,,,,
CLOUDY/OVERCAST,DAYLIGHT,REAR END,NOT DIVIDED,,STRAIGHT AND LEVEL,DRY,NO DEFECTS,NOT ON SCENE (DESK REPORT),NO INJURY / DRIVE AWAY,,,Y,"OVER $1,500",01/16/2025 18:20,FOLLOWING TOO CLOSELY,NOT APPLICABLE,6950,W,ARCHER AVE,811,,,,,,,2,NO INDICATION OF INJURY,0,0,0,0,0,3,0,16,5,1,,,,,
CLEAR,DAYLIGHT,REAR END,NOT DIVIDED,,STRAIGHT AND LEVEL,DRY,NO DEFECTS,NOT ON SCENE (DESK REPORT),INJURY AND / OR TOW DUE TO CRASH,,,,"$501 - $1,500",01/16/2025 18:12,FOLLOWING TOO CLOSELY,NOT APPLICABLE,255,N,COLUMBUS DR,114,,,,,,,2,NONINCAPACITATING INJURY,1,0,0,1,0,1,0,7,5,1,,,,,
CLEAR,"DARKNESS, LIGHTED ROAD",SIDESWIPE SAME DIRECTION,DIVIDED - W/MEDIAN (NOT RAISED),,STRAIGHT AND LEVEL,DRY,NO DEFECTS,NOT ON SCENE (DESK REPORT),NO INJURY / DRIVE AWAY,Y,,,"$501 - $1,500",01/16/2025 19:20,UNABLE TO DETERMINE,NOT APPLICABLE,3850,W,FOSTER AVE,1712,,,,,,,2,NO INDICATION OF INJURY,0,0,0,0,0,3,0,18,5,1,,,,,
RAIN,DAYLIGHT,PARKED MOTOR VEHICLE,DIVIDED - W/MEDIAN (NOT RAISED),,STRAIGHT AND LEVEL,WET,NO DEFECTS,,NO INJURY / DRIVE AWAY,,,Y,"$501 - $1,500",04/02/2025 10:00,UNABLE TO DETERMINE,NOT APPLICABLE,6518,S,HALSTED ST,723,,,,,,,2,NO INDICATION OF INJURY,0,0,0,0,0,2,0,9,4,4,,,,,
CLEAR,"DARKNESS, LIGHTED ROAD",ANGLE,FOUR WAY,,STRAIGHT AND LEVEL,DRY,NO DEFECTS,ON SCENE,INJURY AND / OR TOW DUE TO CRASH,,,Y,"OVER $1,500",03/29/2025 2:30,FAILING TO YIELD RIGHT-OF-WAY,NOT APPLICABLE,400,S,CALIFORNIA AVE,1135,,,,,,,2,NO INDICATION OF INJURY,0,0,0,0,0,2,0,2,7,3,,,,,
CLOUDY/OVERCAST,DAYLIGHT,REAR END,FOUR WAY,,STRAIGHT AND LEVEL,DRY,NO DEFECTS,NOT ON SCENE (DESK REPORT),NO INJURY / DRIVE AWAY,,,Y,"OVER $1,500",04/02/2025 8:00,UNABLE TO DETERMINE,UNABLE TO DETERMINE,951,W,HOLLYWOOD AVE,2022,,,,,,,2,NO INDICATION OF INJURY,0,0,0,0,0,2,0,7,3,4,,,,,
RAIN,DAYLIGHT,REAR END,DIVIDED - W/MEDIAN BARRIER,,STRAIGHT AND LEVEL,WET,NO DEFECTS,NOT ON SCENE (DESK REPORT),INJURY AND / OR TOW DUE TO CRASH,,,,"$501 - $1,500",04/02/2025 11:55,UNABLE TO DETERMINE,NOT APPLICABLE,1200,N,LAKE SHORE DR SB,1824,,,,,,,2,"REPORTED, NOT EVIDENT",1,0,0,0,1,1,0,10,4,4,,,,,
RAIN,DAYLIGHT,REAR END,DIVIDED - W/MEDIAN (NOT RAISED),,STRAIGHT AND LEVEL,WET,NO DEFECTS,NOT ON SCENE (DESK REPORT),NO INJURY / DRIVE AWAY,,,,$500 OR LESS,04/02/2025 13:30,WEATHER,FOLLOWING TOO CLOSELY,10300,S,DR MARTIN LUTHER KING JR DR,512,,,,,,,2,NO INDICATION OF INJURY,0,0,0,0,0,2,0,11,4,4,,,,,
UNKNOWN,UNKNOWN,SIDESWIPE SAME DIRECTION,DIVIDED - W/MEDIAN (NOT RAISED),,STRAIGHT AND LEVEL,UNKNOWN,UNKNOWN,NOT ON SCENE (DESK REPORT),NO INJURY / DRIVE AWAY,,,,"$501 - $1,500",01/16/2025 16:45,UNABLE TO DETERMINE,NOT APPLICABLE,628,W,NORTH AVE,1813,,,,,,,2,NO INDICATION OF INJURY,0,0,0,0,0,4,0,14,5,1,,,,,
CLEAR,"DARKNESS, LIGHTED ROAD",SIDESWIPE SAME DIRECTION,OTHER,,STRAIGHT AND LEVEL,UNKNOWN,UNKNOWN,NOT ON SCENE (DESK REPORT),INJURY AND / OR TOW DUE TO CRASH,,,Y,"OVER $1,500",01/17/2025 5:31,IMPROPER OVERTAKING/PASSING,IMPROPER OVERTAKING/PASSING,3606,N,LAKE SHORE DR SB,1925,,,,,,,2,NONINCAPACITATING INJURY,1,0,0,1,0,1,0,5,5,1,,,,,
CLEAR,DARKNESS,PARKED MOTOR VEHICLE,NOT DIVIDED,,STRAIGHT AND LEVEL,DRY,NO DEFECTS,NOT ON SCENE (DESK REPORT),NO INJURY / DRIVE AWAY,,,Y,"OVER $1,500",01/17/2025 8:30,UNABLE TO DETERMINE,UNABLE TO DETERMINE,3753,N,TROY ST,1733,,,,,,,2,NO INDICATION OF INJURY,0,0,0,0,0,1,0,19,5,1,,,,,
CLEAR,DAYLIGHT,TURNING,DIVIDED - W/MEDIAN (NOT RAISED),,STRAIGHT AND LEVEL,WET,NO DEFECTS,ON SCENE,NO INJURY / DRIVE AWAY,,,Y,"OVER $1,500",01/16/2025 8:32,IMPROPER OVERTAKING/PASSING,FAILING TO YIELD RIGHT-OF-WAY,11458,S,COTTAGE GROVE AVE,531,,,,,,,2,NO INDICATION OF INJURY,0,0,0,0,0,2,0,8,5,1,,,,,
CLEAR,"DARKNESS, LIGHTED ROAD",PARKED MOTOR VEHICLE,ONE-WAY,,STRAIGHT AND LEVEL,DRY,NO DEFECTS,ON SCENE,INJURY AND / OR TOW DUE TO CRASH,,,Y,"OVER $1,500",03/28/2025 9:08,UNABLE TO DETERMINE,UNABLE TO DETERMINE,1227,S,KILDARE AVE,1011,,,,,,,3,NO INDICATION OF INJURY,0,0,0,0,0,1,0,3,6,3,,,,,
CLEAR,DAYLIGHT,REAR END,NOT DIVIDED,,STRAIGHT AND LEVEL,DRY,NO DEFECTS,NOT ON SCENE (DESK REPORT),NO INJURY / DRIVE AWAY,,,,"$501 - $1,500",04/02/2025 14:05,UNABLE TO DETERMINE,NOT APPLICABLE,6859,W,IRVING PARK RD,1632,,,,,,,2,NO INDICATION OF INJURY,0,0,0,0,0,2,0,17,3,4,,,,,
RAIN,DAYLIGHT,ANGLE,NOT DIVIDED,,STRAIGHT AND LEVEL,WET,NO DEFECTS,NOT ON SCENE (DESK REPORT),NO INJURY / DRIVE AWAY,,,Y,"$501 - $1,500",04/02/2025 14:25,UNABLE TO DETERMINE,NOT APPLICABLE,7292,W,DEVON AVE,1612,,,,,,,2,NO INDICATION OF INJURY,0,0,0,0,0,2,0,12,4,4,,,,,
RAIN,"DARKNESS, LIGHTED ROAD",OTHER OBJECT,DIVIDED - W/MEDIAN (NOT RAISED),,STRAIGHT AND LEVEL,WET,NO DEFECTS,ON SCENE,NO INJURY / DRIVE AWAY,,,,"OVER $1,500",04/02/2025 6:35,WEATHER,WEATHER,10000,W,OHARE ST,1651,,,,,,,1,NO INDICATION OF INJURY,0,0,0,0,0,1,0,6,4,4,,,,,
CLEAR,DAYLIGHT,PEDALCYCLIST,DIVIDED - W/MEDIAN BARRIER,,STRAIGHT AND LEVEL,DRY,NO DEFECTS,ON SCENE,INJURY AND / OR TOW DUE TO CRASH,Y,,,$500 OR LESS,01/16/2025 13:50,FAILING TO YIELD RIGHT-OF-WAY,NOT APPLICABLE,959,S,ASHLAND AVE,1231,,,,,,,2,"REPORTED, NOT EVIDENT",1,0,0,0,1,1,0,13,5,1,,,,,
RAIN,DAYLIGHT,TURNING,NOT DIVIDED,,STRAIGHT AND LEVEL,WET,NO DEFECTS,,NO INJURY / DRIVE AWAY,,,,"OVER $1,500",03/16/2025 15:45,UNABLE TO DETERMINE,UNABLE TO DETERMINE,2631,S,KEDZIE AVE,1033,,,,,,,2,NO INDICATION OF INJURY,0,0,0,0,0,4,0,15,1,3,,,,,
OTHER,DAYLIGHT,ANGLE,FOUR WAY,,STRAIGHT AND LEVEL,WET,UNKNOWN,ON SCENE,INJURY AND / OR TOW DUE TO CRASH,Y,,,"OVER $1,500",04/02/2025 17:58,FAILING TO YIELD RIGHT-OF-WAY,IMPROPER OVERTAKING/PASSING,800,W,HUBBARD ST,1214,,,,,,,2,"REPORTED, NOT EVIDENT",1,0,0,0,1,1,0,17,4,4,,,,,
RAIN,DAYLIGHT,TURNING,FOUR WAY,,STRAIGHT AND LEVEL,WET,OTHER,NOT ON SCENE (DESK REPORT),NO INJURY / DRIVE AWAY,Y,,,"OVER $1,500",04/02/2025 9:20,FAILING TO YIELD RIGHT-OF-WAY,UNABLE TO DETERMINE,2600,N,MILWAUKEE AVE,1412,,,,,,,2,NO INDICATION OF INJURY,0,0,0,0,0,2,0,8,4,4,,,,,
CLEAR,"DARKNESS, LIGHTED ROAD",REAR END,DIVIDED - W/MEDIAN (NOT RAISED),,STRAIGHT AND LEVEL,WET,UNKNOWN,ON SCENE,NO INJURY / DRIVE AWAY,,,,"OVER $1,500",04/03/2025 0:05,FOLLOWING TOO CLOSELY,IMPROPER OVERTAKING/PASSING,700,S,RACINE AVE,1231,,,,,,,2,NO INDICATION OF INJURY,0,0,0,0,0,3,0,0,5,4,,,,,
CLEAR,DARKNESS,TURNING,UNKNOWN,,STRAIGHT AND LEVEL,UNKNOWN,UNKNOWN,NOT ON SCENE (DESK REPORT),NO INJURY / DRIVE AWAY,,,,"OVER $1,500",01/16/2025 18:10,UNABLE TO DETERMINE,NOT APPLICABLE,1200,W,LAWRENCE AVE,2033,,,,,,,2,NO INDICATION OF INJURY,0,0,0,0,0,2,0,17,5,1,,,,,
CLEAR,DAYLIGHT,SIDESWIPE SAME DIRECTION,NOT DIVIDED,,STRAIGHT AND LEVEL,DRY,NO DEFECTS,NOT ON SCENE (DESK REPORT),NO INJURY / DRIVE AWAY,N,,,"$501 - $1,500",04/02/2025 15:45,UNABLE TO DETERMINE,NOT APPLICABLE,6500,S,COTTAGE GROVE AVE,321,,,,,,,2,NO INDICATION OF INJURY,0,0,0,0,0,2,0,17,6,3,,,,,
UNKNOWN,DAYLIGHT,SIDESWIPE SAME DIRECTION,NOT DIVIDED,,STRAIGHT AND LEVEL,UNKNOWN,UNKNOWN,NOT ON SCENE (DESK REPORT),NO INJURY / DRIVE AWAY,,,,"OVER $1,500",04/02/2025 16:00,UNABLE TO DETERMINE,UNABLE TO DETERMINE,3955,N,LARAMIE AVE,1634,,,,,,,2,NO INDICATION OF INJURY,0,0,0,0,0,2,0,12,2,3,,,,,
RAIN,DAYLIGHT,PARKED MOTOR VEHICLE,NOT DIVIDED,,STRAIGHT AND LEVEL,UNKNOWN,UNKNOWN,NOT ON SCENE (DESK REPORT),NO INJURY / DRIVE AWAY,,,Y,"OVER $1,500",04/02/2025 17:53,UNABLE TO DETERMINE,NOT APPLICABLE,1410,W,WILSON AVE,1913,,,,,,,2,NO INDICATION OF INJURY,0,0,0,0,0,1,0,10,3,4,,,,,
CLEAR,DAYLIGHT,SIDESWIPE SAME DIRECTION,NOT DIVIDED,,STRAIGHT AND LEVEL,WET,NO DEFECTS,NOT ON SCENE (DESK REPORT),NO INJURY / DRIVE AWAY,,,,"$501 - $1,500",04/02/2025 16:40,UNABLE TO DETERMINE,UNABLE TO DETERMINE,3601,N,CICERO AVE,1731,,,,,,,2,NO INDICATION OF INJURY,0,0,0,0,0,2,0,16,4,4,,,,,
CLEAR,"DARKNESS, LIGHTED ROAD",TURNING,T-INTERSECTION,,STRAIGHT AND LEVEL,DRY,NO DEFECTS,ON SCENE,INJURY AND / OR TOW DUE TO CRASH,Y,,Y,"OVER $1,500",04/03/2025 0:30,IMPROPER TURNING/NO SIGNAL,IMPROPER LANE USAGE,799,W,MADISON ST,1232,,,,,,,2,NO INDICATION OF INJURY,0,0,0,0,0,2,0,23,4,4,,,,,
CLEAR,DAYLIGHT,REAR END,NOT DIVIDED,,STRAIGHT AND LEVEL,DRY,UNKNOWN,ON SCENE,NO INJURY / DRIVE AWAY,,,Y,"OVER $1,500",01/16/2025 11:26,FOLLOWING TOO CLOSELY,FOLLOWING TOO CLOSELY,5433,N,MILWAUKEE AVE,1622,,,,,,,2,NO INDICATION OF INJURY,0,0,0,0,0,2,0,11,5,1,,,,,
CLEAR,"DARKNESS, LIGHTED ROAD",TURNING,NOT DIVIDED,,STRAIGHT AND LEVEL,DRY,NO DEFECTS,ON SCENE,NO INJURY / DRIVE AWAY,,,Y,"OVER $1,500",04/01/2025 20:55,IMPROPER TURNING/NO SIGNAL,UNABLE TO DETERMINE,652,W,ROOSEVELT RD,1232,,,,,,,2,NO INDICATION OF INJURY,0,0,0,0,0,3,0,20,3,4,,,,,
RAIN,DAWN,TURNING,FOUR WAY,,STRAIGHT AND LEVEL,WET,NO DEFECTS,ON SCENE,NO INJURY / DRIVE AWAY,,,Y,$500 OR LESS,04/02/2025 7:10,FAILING TO YIELD RIGHT-OF-WAY,NOT APPLICABLE,4000,N,AUSTIN AVE,1624,,,,,,,2,NO INDICATION OF INJURY,0,0,0,0,0,2,0,6,4,4,,,,,
CLEAR,DAYLIGHT,REAR END,NOT DIVIDED,,STRAIGHT AND LEVEL,WET,NO DEFECTS,ON SCENE,NO INJURY / DRIVE AWAY,,,Y,"OVER $1,500",01/16/2025 21:03,FAILING TO REDUCE SPEED TO AVOID CRASH,NOT APPLICABLE,2400,N,CLYBOURN AVE,1931,,,,,,,2,NO INDICATION OF INJURY,0,0,0,0,0,2,0,20,5,1,,,,,
CLEAR,DAYLIGHT,TURNING,NOT DIVIDED,,STRAIGHT AND LEVEL,SNOW OR SLUSH,UNKNOWN,NOT ON SCENE (DESK REPORT),NO INJURY / DRIVE AWAY,,,,"OVER $1,500",01/16/2025 14:30,IMPROPER OVERTAKING/PASSING,UNABLE TO DETERMINE,7900,S,RACINE AVE,612,,,,,,,2,NO INDICATION OF INJURY,0,0,0,0,0,2,0,14,5,1,,,,,
CLEAR,DAYLIGHT,ANGLE,FOUR WAY,,STRAIGHT AND LEVEL,WET,NO DEFECTS,ON SCENE,INJURY AND / OR TOW DUE TO CRASH,Y,,,"OVER $1,500",01/16/2025 10:12,FAILING TO YIELD RIGHT-OF-WAY,UNABLE TO DETERMINE,5900,S,NARRAGANSETT AVE,811,,,,,,,2,NO INDICATION OF INJURY,0,0,0,0,0,3,0,10,5,1,,,,,
CLEAR,DAYLIGHT,REAR END,DIVIDED - W/MEDIAN (NOT RAISED),,STRAIGHT AND LEVEL,WET,NO DEFECTS,ON SCENE,INJURY AND / OR TOW DUE TO CRASH,,,,"OVER $1,500",01/16/2025 12:30,FOLLOWING TOO CLOSELY,UNABLE TO DETERMINE,1599,W,DIVERSEY PKWY,1932,,,,,,,2,NONINCAPACITATING INJURY,1,0,0,1,0,1,0,12,5,1,,,,,
CLEAR,DAYLIGHT,ANGLE,FOUR WAY,,STRAIGHT AND LEVEL,DRY,NO DEFECTS,ON SCENE,INJURY AND / OR TOW DUE TO CRASH,Y,,,"OVER $1,500",03/31/2025 14:05,UNABLE TO DETERMINE,UNABLE TO DETERMINE,2032,W,119TH ST,2212,,,,,,,2,NO INDICATION OF INJURY,0,0,0,0,0,3,0,14,2,3,,,,,
CLEAR,DAYLIGHT,ANGLE,UNKNOWN INTERSECTION TYPE,,STRAIGHT AND LEVEL,DRY,NO DEFECTS,ON SCENE,INJURY AND / OR TOW DUE TO CRASH,Y,,,"OVER $1,500",04/01/2025 12:17,DISREGARDING STOP SIGN,FAILING TO REDUCE SPEED TO AVOID CRASH,1600,E,72ND ST,324,N,N,,,,,2,NONINCAPACITATING INJURY,1,0,0,1,0,1,0,11,3,4,,,,,
CLEAR,DAYLIGHT,SIDESWIPE SAME DIRECTION,ONE-WAY,,STRAIGHT AND LEVEL,WET,NO DEFECTS,NOT ON SCENE (DESK REPORT),NO INJURY / DRIVE AWAY,,,,$500 OR LESS,04/02/2025 19:05,UNABLE TO DETERMINE,UNABLE TO DETERMINE,250,N,CLARK ST,122,,,,,,,2,NO INDICATION OF INJURY,0,0,0,0,0,2,0,17,4,4,,,,,
RAIN,DAYLIGHT,ANGLE,ONE-WAY,,STRAIGHT AND LEVEL,WET,NO DEFECTS,NOT ON SCENE (DESK REPORT),NO INJURY / DRIVE AWAY,,,Y,"$501 - $1,500",04/02/2025 14:00,UNABLE TO DETERMINE,NOT APPLICABLE,614,W,BRIAR PL,1934,,,,,,,2,NO INDICATION OF INJURY,0,0,0,0,0,3,0,13,4,4,,,,,
CLEAR,DAYLIGHT,SIDESWIPE SAME DIRECTION,DIVIDED - W/MEDIAN (NOT RAISED),,STRAIGHT AND LEVEL,DRY,NO DEFECTS,NOT ON SCENE (DESK REPORT),NO INJURY / DRIVE AWAY,,,,"OVER $1,500",04/02/2025 9:30,IMPROPER LANE USAGE,IMPROPER LANE USAGE,408,S,CONGRESS PLAZA DR,114,,,,,,,2,NO INDICATION OF INJURY,0,0,0,0,0,2,0,11,4,3,,,,,
CLEAR,"DARKNESS, LIGHTED ROAD",REAR END,FOUR WAY,,STRAIGHT AND LEVEL,DRY,UNKNOWN,NOT ON SCENE (DESK REPORT),INJURY AND / OR TOW DUE TO CRASH,Y,,Y,"$501 - $1,500",04/02/2025 21:30,UNABLE TO DETERMINE,UNABLE TO DETERMINE,1544,W,MADISON ST,1224,,,,,,,2,"REPORTED, NOT EVIDENT",1,0,0,0,1,1,0,21,6,3,,,,,
CLEAR,DAYLIGHT,TURNING,NOT DIVIDED,,STRAIGHT AND LEVEL,DRY,UNKNOWN,NOT ON SCENE (DESK REPORT),NO INJURY / DRIVE AWAY,,,Y,"OVER $1,500",04/02/2025 12:30,IMPROPER OVERTAKING/PASSING,NOT APPLICABLE,2800,W,DIVERSEY AVE,1411,,,,,,,2,NO INDICATION OF INJURY,0,0,0,0,0,2,0,17,3,4,,,,,
CLEAR,DAYLIGHT,REAR END,ONE-WAY,,STRAIGHT AND LEVEL,DRY,NO DEFECTS,ON SCENE,NO INJURY / DRIVE AWAY,,,,$500 OR LESS,04/01/2025 9:16,FAILING TO REDUCE SPEED TO AVOID CRASH,NOT APPLICABLE,933,W,BELMONT AVE,1933,,,,,,,2,NO INDICATION OF INJURY,0,0,0,0,0,3,0,9,3,4,,,,,
RAIN,DAYLIGHT,TURNING,FOUR WAY,,STRAIGHT ON GRADE,WET,NO DEFECTS,NOT ON SCENE (DESK REPORT),NO INJURY / DRIVE AWAY,Y,,,"OVER $1,500",04/02/2025 10:55,FAILING TO YIELD RIGHT-OF-WAY,UNABLE TO DETERMINE,3801,N,CICERO AVE,1731,,,,,,,2,NO INDICATION OF INJURY,0,0,0,0,0,2,0,9,4,4,,,,,
RAIN,DAYLIGHT,REAR END,NOT DIVIDED,,STRAIGHT AND LEVEL,WET,UNKNOWN,NOT ON SCENE (DESK REPORT),NO INJURY / DRIVE AWAY,,,,"OVER $1,500",04/02/2025 14:30,UNABLE TO DETERMINE,NOT APPLICABLE,716,S,SACRAMENTO BLVD,1134,,,,,,,2,NO INDICATION OF INJURY,0,0,0,0,0,2,0,13,4,4,,,,,
CLEAR,"DARKNESS, LIGHTED ROAD",REAR END,NOT DIVIDED,,STRAIGHT AND LEVEL,DRY,UNKNOWN,ON SCENE,NO INJURY / DRIVE AWAY,,,Y,"OVER $1,500",04/02/2025 3:57,UNABLE TO DETERMINE,NOT APPLICABLE,4201,N,TAFT AVE,1654,,,,,,,2,NO INDICATION OF INJURY,0,0,0,0,0,2,0,3,4,4,,,,,
CLEAR,DAYLIGHT,SIDESWIPE SAME DIRECTION,DIVIDED - W/MEDIAN (NOT RAISED),,STRAIGHT AND LEVEL,DRY,NO DEFECTS,,NO INJURY / DRIVE AWAY,,,,"$501 - $1,500",01/16/2025 19:15,IMPROPER OVERTAKING/PASSING,UNABLE TO DETERMINE,2020,W,FULLERTON AVE,1432,,,,,,,2,NO INDICATION OF INJURY,0,0,0,0,0,2,0,18,5,1,,,,,
UNKNOWN,UNKNOWN,SIDESWIPE SAME DIRECTION,DIVIDED - W/MEDIAN (NOT RAISED),,STRAIGHT AND LEVEL,UNKNOWN,UNKNOWN,NOT ON SCENE (DESK REPORT),NO INJURY / DRIVE AWAY,,,,"$501 - $1,500",01/22/2025 8:10,UNABLE TO DETERMINE,UNABLE TO DETERMINE,148,N,LA SALLE ST,122,,,,,,,2,NO INDICATION OF INJURY,0,0,0,0,0,2,0,16,5,1,,,,,
CLEAR,DAWN,REAR END,FOUR WAY,,STRAIGHT AND LEVEL,DRY,UNKNOWN,ON SCENE,NO INJURY / DRIVE AWAY,Y,,,"$501 - $1,500",04/01/2025 7:25,FOLLOWING TOO CLOSELY,UNABLE TO DETERMINE,7900,S,PAULINA ST,611,,,,,,,2,NO INDICATION OF INJURY,0,0,0,0,0,2,0,7,3,4,,,,,
RAIN,DAYLIGHT,SIDESWIPE SAME DIRECTION,NOT DIVIDED,,STRAIGHT AND LEVEL,WET,NO DEFECTS,ON SCENE,NO INJURY / DRIVE AWAY,,,,"$501 - $1,500",04/02/2025 17:37,IMPROPER OVERTAKING/PASSING,IMPROPER OVERTAKING/PASSING,7401,N,WESTERN AVE,2411,,,,,,,2,NO INDICATION OF INJURY,0,0,0,0,0,3,0,15,4,4,,,,,
RAIN,DAYLIGHT,REAR END,NOT DIVIDED,,STRAIGHT AND LEVEL,WET,NO DEFECTS,ON SCENE,NO INJURY / DRIVE AWAY,,,Y,"OVER $1,500",04/02/2025 17:02,FAILING TO REDUCE SPEED TO AVOID CRASH,NOT APPLICABLE,901,N,LARAMIE AVE,1531,,,,,,,2,NO INDICATION OF INJURY,0,0,0,0,0,2,0,16,4,4,,,,,