WEATHER_CONDITION,LIGHTING_CONDITION,FIRST_CRASH_TYPE,TRAFFICWAY_TYPE,LANE_CNT,ALIGNMENT,ROADWAY_SURFACE_COND,ROAD_DEFECT,REPORT_TYPE,CRASH_TYPE,INTERSECTION_RELATED_I,NOT_RIGHT_OF_WAY_I,HIT_AND_RUN_I,DAMAGE,DATE_POLICE_NOTIFIED,PRIM_CONTRIBUTORY_CAUSE,SEC_CONTRIBUTORY_CAUSE,STREET_NO,STREET_DIRECTION,STREET_NAME,BEAT_OF_OCCURRENCE,PHOTOS_TAKEN_I,STATEMENTS_TAKEN_I,DOORING_I,WORK_ZONE_I,WORK_ZONE_TYPE,WORKERS_PRESENT_I,NUM_UNITS,MOST_SEVERE_INJURY,INJURIES_TOTAL,INJURIES_FATAL,INJURIES_INCAPACITATING,INJURIES_NON_INCAPACITATING,INJURIES_REPORTED_NOT_EVIDENT,INJURIES_NO_INDICATION,INJURIES_UNKNOWN,CRASH_HOUR,CRASH_DAY_OF_WEEK,CRASH_MONTH,INJURIES_NO_INDICATION,INJURIES_UNKNOWN,CRASH_HOUR,CRASH_DAY_OF_WEEK,CRASH_MONTH
UNKNOWN,UNKNOWN,REAR END,NOT DIVIDED,,STRAIGHT AND LEVEL,UNKNOWN,UNKNOWN,NOT ON SCENE (DESK REPORT),NO INJURY / DRIVE AWAY,,,,"OVER $1,500",04/22/2025 18:45,UNABLE TO DETERMINE,NOT APPLICABLE,1125,E,55TH ST,235,,,,,,,3,NO INDICATION OF INJURY,0,0,0,0,0,3,0,17,3,4,,,,,
CLOUDY/OVERCAST,DAYLIGHT,TURNING,DIVIDED - W/MEDIAN (NOT RAISED),,STRAIGHT AND LEVEL,DRY,NO DEFECTS,NOT ON SCENE (DESK REPORT),NO INJURY / DRIVE AWAY,Y,,,"OVER $1,500",04/22/2025 10:35,UNABLE TO DETERMINE,UNABLE TO DETERMINE,6351,N,HARLEM AVE,1612,,,,,,,2,NO INDICATION OF INJURY,0,0,0,0,0,2,0,9,3,4,,,,,
SNOW,DARKNESS,PARKED MOTOR VEHICLE,NOT DIVIDED,,STRAIGHT AND LEVEL,SNOW OR SLUSH,NO DEFECTS,NOT ON SCENE (DESK REPORT),NO INJURY / DRIVE AWAY,,,,"OVER $1,500",01/17/2025 10:30,IMPROPER BACKING,IMPROPER LANE USAGE,1516,W,CHASE AVE,2423,,,,,,,2,NO INDICATION OF INJURY,0,0,0,0,0,2,0,18,5,1,,,,,
CLEAR,DAYLIGHT,SIDESWIPE SAME DIRECTION,NOT DIVIDED,,STRAIGHT AND LEVEL,DRY,NO DEFECTS,NOT ON SCENE (DESK REPORT),NO INJURY / DRIVE AWAY,,,Y,"OVER $1,500",04/21/2025 18:53,IMPROPER OVERTAKING/PASSING,IMPROPER OVERTAKING/PASSING,6700,S,WESTERN AVE,832,,,,,,,2,NO INDICATION OF INJURY,0,0,0,0,0,2,0,13,2,4,,,,,
CLEAR,DAYLIGHT,REAR END,DIVIDED - W/MEDIAN (NOT RAISED),,STRAIGHT AND LEVEL,DRY,UNKNOWN,NOT ON SCENE (DESK REPORT),NO INJURY / DRIVE AWAY,,,,"OVER $1,500",04/22/2025 15:40,UNABLE TO DETERMINE,UNABLE TO DETERMINE,1825,W,ROOSEVELT RD,1233,,,,,,,2,NO INDICATION OF INJURY,0,0,0,0,0,3,0,10,3,4,,,,,
CLEAR,DAYLIGHT,SIDESWIPE SAME DIRECTION,NOT DIVIDED,,STRAIGHT AND LEVEL,DRY,UNKNOWN,ON SCENE,NO INJURY / DRIVE AWAY,,,Y,"OVER $1,500",04/22/2025 7:34,UNABLE TO DETERMINE,NOT APPLICABLE,2426,W,51ST ST,923,,,,,,,3,NO INDICATION OF INJURY,0,0,0,0,0,11,0,7,3,4,,,,,
CLEAR,DAYLIGHT,SIDESWIPE SAME DIRECTION,FOUR WAY,,STRAIGHT AND LEVEL,DRY,NO DEFECTS,NOT ON SCENE (DESK REPORT),NO INJURY / DRIVE AWAY,Y,,,$500 OR LESS,04/22/2025 10:10,UNABLE TO DETERMINE,UNABLE TO DETERMINE,3505,S,HALSTED ST,915,,,,,,,2,NO INDICATION OF INJURY,0,0,0,0,0,3,0,9,3,4,,,,,
CLEAR,DAYLIGHT,TURNING,OTHER,,STRAIGHT AND LEVEL,DRY,NO DEFECTS,NOT ON SCENE (DESK REPORT),NO INJURY / DRIVE AWAY,,,,"$501 - $1,500",04/22/2025 6:30,DRIVING SKILLS/KNOWLEDGE/EXPERIENCE,UNABLE TO DETERMINE,5057,W,LAWRENCE AVE,1623,,,,,,,2,NO INDICATION OF INJURY,0,0,0,0,0,2,0,6,3,4,,,,,
CLEAR,DAYLIGHT,SIDESWIPE OPPOSITE DIRECTION,NOT DIVIDED,,STRAIGHT AND LEVEL,UNKNOWN,UNKNOWN,NOT ON SCENE (DESK REPORT),NO INJURY / DRIVE AWAY,,,,"$501 - $1,500",01/16/2025 9:30,UNABLE TO DETERMINE,UNABLE TO DETERMINE,5931,W,BERTEAU AVE,1624,,,,,,,2,NO INDICATION OF INJURY,0,0,0,0,0,3,0,8,5,1,,,,,
RAIN,"DARKNESS, LIGHTED ROAD",REAR END,DIVIDED - W/MEDIAN (NOT RAISED),,STRAIGHT AND LEVEL,WET,NO DEFECTS,ON SCENE,INJURY AND / OR TOW DUE TO CRASH,,,,"OVER $1,500",08/28/2025 4:42,FOLLOWING TOO CLOSELY,UNABLE TO DETERMINE,2514,S,PULASKI RD,1013,,,,,,,3,NO INDICATION OF INJURY,0,0,0,0,0,3,0,4,5,8,,,,,
CLEAR,DAYLIGHT,ANGLE,ONE-WAY,,STRAIGHT AND LEVEL,DRY,NO DEFECTS,ON SCENE,INJURY AND / OR TOW DUE TO CRASH,Y,,,"OVER $1,500",04/22/2025 9:23,DISREGARDING STOP SIGN,NOT APPLICABLE,4159,W,WILCOX ST,1115,,,,,,,2,"REPORTED, NOT EVIDENT",1,0,0,0,1,1,0,9,3,4,,,,,
CLEAR,DAYLIGHT,ANGLE,ALLEY,,STRAIGHT AND LEVEL,UNKNOWN,UNKNOWN,ON SCENE,INJURY AND / OR TOW DUE TO CRASH,,,,"OVER $1,500",04/21/2025 16:14,FAILING TO YIELD RIGHT-OF-WAY,NOT APPLICABLE,6013,N,CICERO AVE,1711,,,,,,,2,NO INDICATION OF INJURY,0,0,0,0,0,3,0,16,2,4,,,,,
CLEAR,DAYLIGHT,SIDESWIPE OPPOSITE DIRECTION,NOT DIVIDED,,STRAIGHT AND LEVEL,DRY,NO DEFECTS,ON SCENE,INJURY AND / OR TOW DUE TO CRASH,,,,"OVER $1,500",10/27/2025 10:07,UNABLE TO DETERMINE,NOT APPLICABLE,3241,W,CHICAGO AVE,1121,,Y,,,,,2,NONINCAPACITATING INJURY,2,0,0,2,0,0,0,10,2,10,,,,,
CLEAR,DARKNESS,ANGLE,FOUR WAY,,STRAIGHT AND LEVEL,WET,NO DEFECTS,ON SCENE,INJURY AND / OR TOW DUE TO CRASH,Y,Y,,"OVER $1,500",01/16/2025 21:55,DISREGARDING TRAFFIC SIGNALS,NOT APPLICABLE,10700,S,WESTERN AVE,2212,,Y,,,,,2,"REPORTED, NOT EVIDENT",1,0,0,0,1,2,0,21,5,1,,,,,
CLEAR,DAYLIGHT,PARKED MOTOR VEHICLE,NOT DIVIDED,,STRAIGHT AND LEVEL,WET,NO DEFECTS,ON SCENE,NO INJURY / DRIVE AWAY,,,,"OVER $1,500",01/16/2025 13:39,UNABLE TO DETERMINE,UNABLE TO DETERMINE,540,W,ROOSEVELT RD,124,,,,,,,2,NO INDICATION OF INJURY,0,0,0,0,0,2,0,13,5,1,,,,,
SNOW,"DARKNESS, LIGHTED ROAD",ANGLE,DIVIDED - W/MEDIAN (NOT RAISED),,STRAIGHT AND LEVEL,ICE,NO DEFECTS,ON SCENE,INJURY AND / OR TOW DUE TO CRASH,Y,,,"OVER $1,500",01/16/2025 3:02,UNABLE TO DETERMINE,UNABLE TO DETERMINE,3534,W,LAWRENCE AVE,1712,,,,,,,2,NO INDICATION OF INJURY,0,0,0,0,0,2,0,3,5,1,,,,,
CLEAR,DAYLIGHT,PARKED MOTOR VEHICLE,NOT DIVIDED,,STRAIGHT AND LEVEL,DRY,NO DEFECTS,NOT ON SCENE (DESK REPORT),NO INJURY / DRIVE AWAY,,,,"OVER $1,500",04/22/2025 11:00,IMPROPER BACKING,DRIVING SKILLS/KNOWLEDGE/EXPERIENCE,5516,W,NORTH AVE,2532,,,,,,,2,NO INDICATION OF INJURY,0,0,0,0,0,1,0,16,3,4,,,,,
CLEAR,DAYLIGHT,SIDESWIPE SAME DIRECTION,DIVIDED - W/MEDIAN (NOT RAISED),,STRAIGHT AND LEVEL,DRY,NO DEFECTS,ON SCENE,NO INJURY / DRIVE AWAY,,,,"OVER $1,500",04/21/2025 15:54,UNABLE TO DETERMINE,NOT APPLICABLE,1610,W,LAKE ST,1215,,,,,,,2,NO INDICATION OF INJURY,0,0,0,0,0,2,0,15,2,4,,,,,
CLEAR,DAYLIGHT,REAR END,NOT DIVIDED,,STRAIGHT AND LEVEL,DRY,NO DEFECTS,NOT ON SCENE (DESK REPORT),NO INJURY / DRIVE AWAY,,,,"$501 - $1,500",04/22/2025 14:40,FOLLOWING TOO CLOSELY,UNABLE TO DETERMINE,1323,W,LAWRENCE AVE,1913,,,,,,,2,NO INDICATION OF INJURY,0,0,0,0,0,2,0,14,3,4,,,,,
CLEAR,DAYLIGHT,PARKED MOTOR VEHICLE,PARKING LOT,,STRAIGHT AND LEVEL,DRY,NO DEFECTS,ON SCENE,NO INJURY / DRIVE AWAY,,Y,Y,"OVER $1,500",04/22/2025 13:40,UNABLE TO DETERMINE,UNABLE TO DETERMINE,3045,W,26TH ST,1033,,,,,,,2,NO INDICATION OF INJURY,0,0,0,0,0,1,0,12,3,4,,,,,
CLEAR,"DARKNESS, LIGHTED ROAD",REAR END,NOT DIVIDED,,STRAIGHT AND LEVEL,WET,NO DEFECTS,NOT ON SCENE (DESK REPORT),NO INJURY / DRIVE AWAY,N,,Y,"OVER $1,500",04/16/2025 17:50,NOT APPLICABLE,NOT APPLICABLE,3100,S,WESTERN AVE,911,,,,,,,2,NO INDICATION OF INJURY,0,0,0,0,0,2,0,23,7,3,,,,,
CLEAR,DAYLIGHT,PARKED MOTOR VEHICLE,PARKING LOT,,STRAIGHT AND LEVEL,DRY,UNKNOWN,NOT ON SCENE (DESK REPORT),NO INJURY / DRIVE AWAY,,,,"OVER $1,500",04/22/2025 10:15,IMPROPER BACKING,IMPROPER BACKING,6330,S,PULASKI RD,813,,,,,,,2,NO INDICATION OF INJURY,0,0,0,0,0,1,0,16,6,4,,,,,
CLEAR,"DARKNESS, LIGHTED ROAD",REAR END,DIVIDED - W/MEDIAN (NOT RAISED),,STRAIGHT AND LEVEL,UNKNOWN,UNKNOWN,NOT ON SCENE (DESK REPORT),NO INJURY / DRIVE AWAY,,,,"OVER $1,500",04/22/2025 19:20,FOLLOWING TOO CLOSELY,FOLLOWING TOO CLOSELY,3203,N,NARRAGANSETT AVE,1633,,,,,,,2,NO INDICATION OF INJURY,0,0,0,0,0,2,0,0,7,4,,,,,
CLEAR,DAYLIGHT,PARKED MOTOR VEHICLE,NOT DIVIDED,,STRAIGHT AND LEVEL,DRY,NO DEFECTS,,INJURY AND / OR TOW DUE TO CRASH,,,N,"OVER $1,500",04/22/2025 20:40,UNABLE TO DETERMINE,NOT APPLICABLE,2425,N,NORMANDY AVE,2512,,,,,,,3,NO INDICATION OF INJURY,0,0,0,0,0,1,0,15,3,4,,,,,
CLEAR,DAYLIGHT,REAR TO FRONT,OTHER,,STRAIGHT AND LEVEL,DRY,NO DEFECTS,ON SCENE,NO INJURY / DRIVE AWAY,,,,"OVER $1,500",04/22/2025 17:45,IMPROPER BACKING,DRIVING SKILLS/KNOWLEDGE/EXPERIENCE,2857,W,57TH ST,824,,,,,,,2,NO INDICATION OF INJURY,0,0,0,0,0,2,0,17,3,4,,,,,
UNKNOWN,UNKNOWN,SIDESWIPE SAME DIRECTION,NOT DIVIDED,,STRAIGHT AND LEVEL,UNKNOWN,UNKNOWN,,NO INJURY / DRIVE AWAY,,,,"OVER $1,500",04/23/2025 0:05,UNABLE TO DETERMINE,UNABLE TO DETERMINE,3703,W,CHICAGO AVE,1112,,,,,,,2,NO INDICATION OF INJURY,0,0,0,0,0,3,0,23,3,4,,,,,
RAIN,DAYLIGHT,SIDESWIPE SAME DIRECTION,DIVIDED - W/MEDIAN (NOT RAISED),,STRAIGHT AND LEVEL,WET,NO DEFECTS,NOT ON SCENE (DESK REPORT),NO INJURY / DRIVE AWAY,Y,,,"OVER $1,500",03/19/2025 15:24,"EVASIVE ACTION DUE TO ANIMAL, OBJECT, NONMOTORIST",NOT APPLICABLE,8700,S,VINCENNES AVE,2222,,,,,,,2,NO INDICATION OF INJURY,0,0,0,0,0,2,0,15,4,3,,,,,
CLEAR,DAYLIGHT,PARKED MOTOR VEHICLE,PARKING LOT,,STRAIGHT AND LEVEL,DRY,NO DEFECTS,NOT ON SCENE (DESK REPORT),NO INJURY / DRIVE AWAY,,,Y,"OVER $1,500",01/16/2025 12:11,UNABLE TO DETERMINE,UNABLE TO DETERMINE,7500,S,PULASKI RD,833,,,,,,,2,NO INDICATION OF INJURY,0,0,0,0,0,1,0,11,5,1,,,,,
RAIN,DAYLIGHT,REAR TO SIDE,FOUR WAY,,STRAIGHT AND LEVEL,WET,NO DEFECTS,ON SCENE,NO INJURY / DRIVE AWAY,,,,"OVER $1,500",03/19/2025 16:34,DISREGARDING STOP SIGN,WEATHER,110,N,CARPENTER ST,1224,,,,,,,2,NO INDICATION OF INJURY,0,0,0,0,0,2,0,15,4,3,,,,,
CLEAR,"DARKNESS, LIGHTED ROAD",REAR END,NOT DIVIDED,,STRAIGHT AND LEVEL,DRY,NO DEFECTS,ON SCENE,INJURY AND / OR TOW DUE TO CRASH,,,,"OVER $1,500",01/16/2025 17:21,FAILING TO REDUCE SPEED TO AVOID CRASH,NOT APPLICABLE,3232,N,CAMPBELL AVE,1921,Y,,,,,,2,"REPORTED, NOT EVIDENT",1,0,0,0,1,1,0,17,5,1,,,,,
CLEAR,DAYLIGHT,ANGLE,FOUR WAY,,STRAIGHT AND LEVEL,SNOW OR SLUSH,NO DEFECTS,ON SCENE,NO INJURY / DRIVE AWAY,Y,,,"OVER $1,500",01/16/2025 8:00,IMPROPER OVERTAKING/PASSING,NOT APPLICABLE,799,W,80TH ST,621,,,,,,,2,NO INDICATION OF INJURY,0,0,0,0,0,2,0,8,5,1,,,,,
CLEAR,DAYLIGHT,PARKED MOTOR VEHICLE,DIVIDED - W/MEDIAN (NOT RAISED),,STRAIGHT AND LEVEL,DRY,NO DEFECTS,NOT ON SCENE (DESK REPORT),NO INJURY / DRIVE AWAY,,,,"OVER $1,500",04/22/2025 17:00,IMPROPER BACKING,UNABLE TO DETERMINE,4849,W,GRAND AVE,2533,,,,,,,2,NO INDICATION OF INJURY,0,0,0,0,0,1,0,9,2,4,,,,,
UNKNOWN,UNKNOWN,SIDESWIPE SAME DIRECTION,NOT DIVIDED,,STRAIGHT AND LEVEL,UNKNOWN,UNKNOWN,NOT ON SCENE (DESK REPORT),NO INJURY / DRIVE AWAY,,,,"OVER $1,500",04/22/2025 10:15,DISTRACTION - FROM INSIDE VEHICLE,DRIVING SKILLS/KNOWLEDGE/EXPERIENCE,4640,N,SHERIDAN RD,1914,,,,,,,2,NO INDICATION OF INJURY,0,0,0,0,0,2,0,16,2,4,,,,,
CLEAR,DAYLIGHT,PARKED MOTOR VEHICLE,UNKNOWN,,STRAIGHT AND LEVEL,DRY,UNKNOWN,NOT ON SCENE (DESK REPORT),NO INJURY / DRIVE AWAY,,,,"$501 - $1,500",04/22/2025 17:20,UNABLE TO DETERMINE,DRIVING SKILLS/KNOWLEDGE/EXPERIENCE,1560,N,CLARK ST,1821,,,,,,,2,NO INDICATION OF INJURY,0,0,0,0,0,1,0,15,3,4,,,,,
CLOUDY/OVERCAST,DAYLIGHT,FIXED OBJECT,FOUR WAY,,STRAIGHT AND LEVEL,WET,NO DEFECTS,ON SCENE,INJURY AND / OR TOW DUE TO CRASH,Y,,,"OVER $1,500",01/16/2025 14:09,WEATHER,NOT APPLICABLE,606,W,ROOSEVELT RD,124,,,,,,,1,NO INDICATION OF INJURY,0,0,0,0,0,3,0,12,5,1,,,,,
CLEAR,DAYLIGHT,SIDESWIPE SAME DIRECTION,NOT DIVIDED,,STRAIGHT AND LEVEL,DRY,NO DEFECTS,NOT ON SCENE (DESK REPORT),NO INJURY / DRIVE AWAY,,,,"OVER $1,500",01/16/2025 13:06,NOT APPLICABLE,NOT APPLICABLE,3548,S,CALIFORNIA AVE,911,,,,,,,2,NO INDICATION OF INJURY,0,0,0,0,0,3,0,8,5,1,,,,,
CLEAR,"DARKNESS, LIGHTED ROAD",PARKED MOTOR VEHICLE,NOT DIVIDED,,STRAIGHT AND LEVEL,DRY,UNKNOWN,ON SCENE,INJURY AND / OR TOW DUE TO CRASH,,,,"OVER $1,500",01/16/2025 21:05,UNDER THE INFLUENCE OF ALCOHOL/DRUGS (USE WHEN ARREST IS EFFECTED),NOT APPLICABLE,5699,W,BRYN MAWR AVE,1622,,,,,,,2,NO INDICATION OF INJURY,0,0,0,0,0,1,0,20,5,1,,,,,
CLEAR,DAYLIGHT,PARKED MOTOR VEHICLE,NOT DIVIDED,,STRAIGHT AND LEVEL,DRY,NO DEFECTS,ON SCENE,INJURY AND / OR TOW DUE TO CRASH,,,,"OVER $1,500",04/16/2025 12:50,DRIVING SKILLS/KNOWLEDGE/EXPERIENCE,DRIVING SKILLS/KNOWLEDGE/EXPERIENCE,4203,S,TALMAN AVE,921,,,,,,,2,NO INDICATION OF INJURY,0,0,0,0,0,1,0,12,4,4,,,,,
CLEAR,UNKNOWN,PARKED MOTOR VEHICLE,NOT DIVIDED,,STRAIGHT AND LEVEL,DRY,NO DEFECTS,ON SCENE,NO INJURY / DRIVE AWAY,,,Y,"OVER $1,500",04/21/2025 22:23,UNABLE TO DETERMINE,UNABLE TO DETERMINE,13234,S,LANGLEY AVE,533,,,,,,,3,NO INDICATION OF INJURY,0,0,0,0,0,1,0,22,2,4,,,,,
CLEAR,DAYLIGHT,SIDESWIPE SAME DIRECTION,NOT DIVIDED,,STRAIGHT ON GRADE,DRY,NO DEFECTS,ON SCENE,NO INJURY / DRIVE AWAY,,,,$500 OR LESS,04/22/2025 8:04,UNABLE TO DETERMINE,NOT APPLICABLE,2441,W,51ST ST,923,,,,,,,2,NO INDICATION OF INJURY,0,0,0,0,0,2,0,8,3,4,,,,,
CLEAR,DAYLIGHT,PARKED MOTOR VEHICLE,NOT DIVIDED,,STRAIGHT AND LEVEL,DRY,NO DEFECTS,NOT ON SCENE (DESK REPORT),NO INJURY / DRIVE AWAY,,,Y,"OVER $1,500",04/22/2025 18:50,FOLLOWING TOO CLOSELY,FOLLOWING TOO CLOSELY,11400,S,FRONT AVE,531,,,,,,,2,NO INDICATION OF INJURY,0,0,0,0,0,1,0,17,3,4,,,,,
CLEAR,DAYLIGHT,REAR END,NOT DIVIDED,,STRAIGHT AND LEVEL,DRY,NO DEFECTS,ON SCENE,INJURY AND / OR TOW DUE TO CRASH,,,Y,"OVER $1,500",01/16/2025 16:02,FOLLOWING TOO CLOSELY,NOT APPLICABLE,7740,S,SOUTH CHICAGO AVE,411,,,,,,,3,NO INDICATION OF INJURY,0,0,0,0,0,3,0,16,5,1,,,,,
CLEAR,DARKNESS,FIXED OBJECT,DIVIDED - W/MEDIAN (NOT RAISED),,STRAIGHT AND LEVEL,DRY,NO DEFECTS,NOT ON SCENE (DESK REPORT),INJURY AND / OR TOW DUE TO CRASH,Y,,,"OVER $1,500",01/23/2025 19:24,UNABLE TO DETERMINE,PHYSICAL CONDITION OF DRIVER,235,N,ASHLAND AVE,1215,,,,,,,1,NONINCAPACITATING INJURY,1,0,0,1,0,1,0,21,5,1,,,,,
CLEAR,DAYLIGHT,PARKED MOTOR VEHICLE,ONE-WAY,,STRAIGHT AND LEVEL,DRY,NO DEFECTS,ON SCENE,NO INJURY / DRIVE AWAY,,,Y,"$501 - $1,500",01/18/2025 14:47,IMPROPER BACKING,IMPROPER BACKING,2753,S,WHIPPLE ST,1033,,,,,,,2,NO INDICATION OF INJURY,0,0,0,0,0,1,0,20,5,1,,,,,
UNKNOWN,DAYLIGHT,PEDESTRIAN,FOUR WAY,,STRAIGHT AND LEVEL,UNKNOWN,UNKNOWN,NOT ON SCENE (DESK REPORT),INJURY AND / OR TOW DUE TO CRASH,Y,,,"OVER $1,500",04/22/2025 14:00,UNABLE TO DETERMINE,UNABLE TO DETERMINE,8300,S,COTTAGE GROVE AVE,632,,,,,,,2,NONINCAPACITATING INJURY,1,0,0,1,0,1,0,13,7,4,,,,,
CLEAR,DAYLIGHT,REAR END,DIVIDED - W/MEDIAN (NOT RAISED),,STRAIGHT AND LEVEL,DRY,NO DEFECTS,NOT ON SCENE (DESK REPORT),NO INJURY / DRIVE AWAY,,,,"$501 - $1,500",04/22/2025 18:55,IMPROPER BACKING,NOT APPLICABLE,4710,S,LAWNDALE AVE,821,,,,,,,2,NO INDICATION OF INJURY,0,0,0,0,0,3,0,19,2,4,,,,,
CLEAR,DAYLIGHT,SIDESWIPE OPPOSITE DIRECTION,NOT DIVIDED,,STRAIGHT AND LEVEL,DRY,NO DEFECTS,ON SCENE,NO INJURY / DRIVE AWAY,,,Y,$500 OR LESS,04/22/2025 8:20,UNABLE TO DETERMINE,UNABLE TO DETERMINE,5419,S,LAWNDALE AVE,822,,,,,,,2,NO INDICATION OF INJURY,0,0,0,0,0,8,0,8,3,4,,,,,
CLEAR,DAYLIGHT,SIDESWIPE SAME DIRECTION,NOT DIVIDED,,STRAIGHT AND LEVEL,DRY,NO DEFECTS,ON SCENE,NO INJURY / DRIVE AWAY,Y,,,$500 OR LESS,01/16/2025 16:12,UNABLE TO DETERMINE,NOT APPLICABLE,5299,N,ELSTON AVE,1621,,,,,,,2,NO INDICATION OF INJURY,0,0,0,0,0,2,0,16,5,1,,,,,
CLEAR,"DARKNESS, LIGHTED ROAD",PEDESTRIAN,NOT DIVIDED,,STRAIGHT AND LEVEL,DRY,UNKNOWN,ON SCENE,INJURY AND / OR TOW DUE TO CRASH,,,Y,"OVER $1,500",01/16/2025 18:55,FAILING TO YIELD RIGHT-OF-WAY,NOT APPLICABLE,5706,N,MILWAUKEE AVE,1622,,,,,,,2,NONINCAPACITATING INJURY,1,0,0,1,0,1,0,18,5,1,,,,,
CLEAR,DAYLIGHT,PARKED MOTOR VEHICLE,NOT DIVIDED,,STRAIGHT AND LEVEL,DRY,NO DEFECTS,,NO INJURY / DRIVE AWAY,,,,"$501 - $1,500",04/22/2025 15:58,EQUIPMENT - VEHICLE CONDITION,EQUIPMENT - VEHICLE CONDITION,1438,W,63RD ST,713,,Y,,,,,3,NO INDICATION OF INJURY,0,0,0,0,0,4,0,15,3,4,,,,,
CLEAR,"DARKNESS, LIGHTED ROAD",ANGLE,NOT DIVIDED,,STRAIGHT AND LEVEL,DRY,NO DEFECTS,ON SCENE,INJURY AND / OR TOW DUE TO CRASH,,,Y,"$501 - $1,500",04/21/2025 19:12,FAILING TO REDUCE SPEED TO AVOID CRASH,FAILING TO REDUCE SPEED TO AVOID CRASH,2844,W,38TH ST,911,,,,,,,2,NONINCAPACITATING INJURY,1,0,0,1,0,1,0,19,2,4,,,,,
CLEAR,DAYLIGHT,TURNING,NOT DIVIDED,,STRAIGHT AND LEVEL,DRY,NO DEFECTS,ON SCENE,INJURY AND / OR TOW DUE TO CRASH,,,,"$501 - $1,500",04/22/2025 7:01,UNABLE TO DETERMINE,UNABLE TO DETERMINE,798,N,WOOD ST,1221,,,,,,,2,NO INDICATION OF INJURY,0,0,0,0,0,2,0,7,3,4,,,,,
CLEAR,DAYLIGHT,REAR END,NOT DIVIDED,,STRAIGHT AND LEVEL,DRY,NO DEFECTS,NOT ON SCENE (DESK REPORT),NO INJURY / DRIVE AWAY,,,Y,"$501 - $1,500",04/22/2025 15:59,FOLLOWING TOO CLOSELY,NOT APPLICABLE,4400,S,CICERO AVE,814,,,,,,,2,NO INDICATION OF INJURY,0,0,0,0,0,3,0,14,3,4,,,,,
CLEAR,DAYLIGHT,PEDESTRIAN,DIVIDED - W/MEDIAN (NOT RAISED),,STRAIGHT AND LEVEL,DRY,NO DEFECTS,,INJURY AND / OR TOW DUE TO CRASH,Y,,Y,"OVER $1,500",01/16/2025 11:15,FAILING TO YIELD RIGHT-OF-WAY,UNABLE TO DETERMINE,600,S,CLARK ST,123,,,,,,,2,"REPORTED, NOT EVIDENT",1,0,0,0,1,1,0,10,5,1,,,,,
CLEAR,"DARKNESS, LIGHTED ROAD",REAR END,DIVIDED - W/MEDIAN (NOT RAISED),,STRAIGHT AND LEVEL,DRY,NO DEFECTS,ON SCENE,INJURY AND / OR TOW DUE TO CRASH,,,,"OVER $1,500",01/16/2025 17:38,FOLLOWING TOO CLOSELY,NOT APPLICABLE,4098,N,ELSTON AVE,1723,,,,,,,3,NO INDICATION OF INJURY,0,0,0,0,0,4,0,17,5,1,,,,,
UNKNOWN,UNKNOWN,PARKED MOTOR VEHICLE,ONE-WAY,,STRAIGHT AND LEVEL,UNKNOWN,UNKNOWN,NOT ON SCENE (DESK REPORT),NO INJURY / DRIVE AWAY,,,Y,"OVER $1,500",04/22/2025 11:15,UNABLE TO DETERMINE,UNABLE TO DETERMINE,1406,N,MAPLEWOOD AVE,1423,,,,,,,2,NO INDICATION OF INJURY,0,0,0,0,0,1,0,7,6,4,,,,,
CLEAR,DAYLIGHT,SIDESWIPE SAME DIRECTION,NOT DIVIDED,,STRAIGHT AND LEVEL,DRY,UNKNOWN,NOT ON SCENE (DESK REPORT),NO INJURY / DRIVE AWAY,,,,"OVER $1,500",04/22/2025 14:40,UNABLE TO DETERMINE,UNABLE TO DETERMINE,1125,E,103RD ST,512,,,,,,,2,NO INDICATION OF INJURY,0,0,0,0,0,2,0,9,3,4,,,,,
CLEAR,DAYLIGHT,TURNING,FOUR WAY,,STRAIGHT AND LEVEL,DRY,NO DEFECTS,ON SCENE,NO INJURY / DRIVE AWAY,Y,,,"$501 - $1,500",03/19/2025 10:32,IMPROPER TURNING/NO SIGNAL,FAILING TO YIELD RIGHT-OF-WAY,1152,S,WABASH AVE,123,,,,,,,2,NO INDICATION OF INJURY,0,0,0,0,0,3,0,10,4,3,,,,,
CLEAR,DAYLIGHT,PARKED MOTOR VEHICLE,DIVIDED - W/MEDIAN (NOT RAISED),,STRAIGHT AND LEVEL,DRY,NO DEFECTS,ON SCENE,INJURY AND / OR TOW DUE TO CRASH,,,Y,"OVER $1,500",04/21/2025 13:06,UNABLE TO DETERMINE,UNABLE TO DETERMINE,2310,S,KOSTNER AVE,1013,,,,,,,3,NO INDICATION OF INJURY,0,0,0,0,0,1,0,11,2,4,,,,,
CLEAR,DAYLIGHT,SIDESWIPE SAME DIRECTION,ONE-WAY,,STRAIGHT AND LEVEL,DRY,UNKNOWN,NOT ON SCENE (DESK REPORT),NO INJURY / DRIVE AWAY,,,,"OVER $1,500",04/21/2025 14:00,FAILING TO YIELD RIGHT-OF-WAY,FAILING TO YIELD RIGHT-OF-WAY,2847,N,NEENAH AVE,2511,,,,,,,2,NO INDICATION OF INJURY,0,0,0,0,0,2,0,13,2,4,,,,,
CLEAR,DAYLIGHT,ANGLE,FOUR WAY,,STRAIGHT AND LEVEL,DRY,NO DEFECTS,ON SCENE,INJURY AND / OR TOW DUE TO CRASH,Y,,,"OVER $1,500",04/22/2025 8:18,DISREGARDING TRAFFIC SIGNALS,NOT APPLICABLE,6700,S,LOOMIS BLVD,725,,,,,,,2,NONINCAPACITATING INJURY,1,0,0,1,0,1,0,8,3,4,,,,,