WEATHER_CONDITION,LIGHTING_CONDITION,FIRST_CRASH_TYPE,TRAFFICWAY_TYPE,LANE_CNT,ALIGNMENT,ROADWAY_SURFACE_COND,ROAD_DEFECT,REPORT_TYPE,CRASH_TYPE,INTERSECTION_RELATED_I,NOT_RIGHT_OF_WAY_I,HIT_AND_RUN_I,DAMAGE,DATE_POLICE_NOTIFIED,PRIM_CONTRIBUTORY_CAUSE,SEC_CONTRIBUTORY_CAUSE,STREET_NO,STREET_DIRECTION,STREET_NAME,BEAT_OF_OCCURRENCE,PHOTOS_TAKEN_I,STATEMENTS_TAKEN_I,DOORING_I,WORK_ZONE_I,WORK_ZONE_TYPE,WORKERS_PRESENT_I,NUM_UNITS,MOST_SEVERE_INJURY,INJURIES_TOTAL,INJURIES_FATAL,INJURIES_INCAPACITATING,INJURIES_NON_INCAPACITATING,INJURIES_REPORTED_NOT_EVIDENT,INJURIES_NO_INDICATION,INJURIES_UNKNOWN,CRASH_HOUR,CRASH_DAY_OF_WEEK,CRASH_MONTH,INJURIES_NO_INDICATION,INJURIES_UNKNOWN,CRASH_HOUR,CRASH_DAY_OF_WEEK,CRASH_MONTH
RAIN,DAYLIGHT,TURNING,FOUR WAY,,STRAIGHT AND LEVEL,WET,NO DEFECTS,ON SCENE,INJURY AND / OR TOW DUE TO CRASH,Y,,,"OVER $1,500",03/19/2025 13:54,IMPROPER TURNING/NO SIGNAL,IMPROPER TURNING/NO SIGNAL,334,S,FRANKLIN ST,122,,,,,,,2,NO INDICATION OF INJURY,0,0,0,0,0,4,0,13,4,3,,,,,
SLEET/HAIL,DUSK,PARKED MOTOR VEHICLE,NOT DIVIDED,,STRAIGHT AND LEVEL,WET,NO DEFECTS,ON SCENE,NO INJURY / DRIVE AWAY,,,,"OVER $1,500",03/19/2025 17:52,"OPERATING VEHICLE IN ERRATIC, RECKLESS, CARELESS, NEGLIGENT OR AGGRESSIVE MANNER",NOT APPLICABLE,1400,W,TAYLOR ST,1231,N,,,,,,3,NO INDICATION OF INJURY,0,0,0,0,0,2,0,17,4,3,,,,,
CLEAR,DAYLIGHT,PARKED MOTOR VEHICLE,PARKING LOT,,STRAIGHT AND LEVEL,DRY,NO DEFECTS,NOT ON SCENE (DESK REPORT),NO INJURY / DRIVE AWAY,,,Y,$500 OR LESS,10/27/2025 12:00,UNABLE TO DETERMINE,UNABLE TO DETERMINE,3307,W,63RD ST,823,,,,,,,2,NO INDICATION OF INJURY,0,0,0,0,0,1,0,11,2,10,,,,,
CLEAR,DAYLIGHT,TURNING,NOT DIVIDED,,STRAIGHT AND LEVEL,DRY,NO DEFECTS,ON SCENE,NO INJURY / DRIVE AWAY,,,,"OVER $1,500",04/06/2024 17:00,FOLLOWING TOO CLOSELY,NOT APPLICABLE,5,W,TERMINAL ST,1655,,,,,,,2,NO INDICATION OF INJURY,0,0,0,0,0,2,0,17,7,4,,,,,
CLEAR,DAYLIGHT,SIDESWIPE SAME DIRECTION,NOT DIVIDED,,STRAIGHT AND LEVEL,DRY,UNKNOWN,NOT ON SCENE (DESK REPORT),NO INJURY / DRIVE AWAY,,,,"OVER $1,500",01/19/2025 14:00,IMPROPER OVERTAKING/PASSING,NOT APPLICABLE,2640,N,WESTERN AVE,1411,,,,,,,2,NO INDICATION OF INJURY,0,0,0,0,0,2,0,8,5,1,,,,,
RAIN,DAYLIGHT,REAR END,DIVIDED - W/MEDIAN BARRIER,,STRAIGHT AND LEVEL,WET,NO DEFECTS,ON SCENE,NO INJURY / DRIVE AWAY,,,,"OVER $1,500",03/19/2025 16:35,FOLLOWING TOO CLOSELY,UNABLE TO DETERMINE,3430,N,CUMBERLAND AVE,1631,,,,,,,2,NO INDICATION OF INJURY,0,0,0,0,0,2,0,16,4,3,,,,,
CLEAR,DAYLIGHT,PARKED MOTOR VEHICLE,NOT DIVIDED,,STRAIGHT AND LEVEL,DRY,UNKNOWN,NOT ON SCENE (DESK REPORT),NO INJURY / DRIVE AWAY,,,Y,"OVER $1,500",08/01/2023 19:30,UNABLE TO DETERMINE,UNABLE TO DETERMINE,2147,W,95TH ST,2213,,,,,,,2,NO INDICATION OF INJURY,0,0,0,0,0,1,0,18,3,8,,,,,
CLEAR,"DARKNESS, LIGHTED ROAD",REAR END,NOT DIVIDED,,STRAIGHT AND LEVEL,DRY,UNKNOWN,ON SCENE,INJURY AND / OR TOW DUE TO CRASH,,,,"OVER $1,500",01/16/2025 22:04,FAILING TO REDUCE SPEED TO AVOID CRASH,NOT APPLICABLE,6981,N,CLARK ST,2431,,,,,,,3,NONINCAPACITATING INJURY,1,0,0,1,0,2,0,22,5,1,,,,,
SNOW,"DARKNESS, LIGHTED ROAD",SIDESWIPE SAME DIRECTION,FOUR WAY,,STRAIGHT AND LEVEL,SNOW OR SLUSH,NO DEFECTS,ON SCENE,NO INJURY / DRIVE AWAY,Y,,,"OVER $1,500",01/16/2025 0:50,WEATHER,FAILING TO REDUCE SPEED TO AVOID CRASH,1401,W,CHICAGO AVE,1215,,Y,,,,,2,NO INDICATION OF INJURY,0,0,0,0,0,4,0,0,5,1,,,,,
CLEAR,"DARKNESS, LIGHTED ROAD",REAR END,NOT DIVIDED,,STRAIGHT AND LEVEL,DRY,NO DEFECTS,NOT ON SCENE (DESK REPORT),NO INJURY / DRIVE AWAY,,,,"OVER $1,500",01/16/2025 21:35,FOLLOWING TOO CLOSELY,PHYSICAL CONDITION OF DRIVER,2911,W,103RD ST,2211,,,,,,,2,NO INDICATION OF INJURY,0,0,0,0,0,2,0,21,5,1,,,,,
CLEAR,DAYLIGHT,PARKED MOTOR VEHICLE,DIVIDED - W/MEDIAN (NOT RAISED),,STRAIGHT AND LEVEL,DRY,NO DEFECTS,,NO INJURY / DRIVE AWAY,,,,"$501 - $1,500",04/19/2025 17:20,UNABLE TO DETERMINE,UNABLE TO DETERMINE,1832,S,DAMEN AVE,1234,,,,,,,2,NO INDICATION OF INJURY,0,0,0,0,0,2,0,15,5,4,,,,,
CLEAR,DAYLIGHT,FIXED OBJECT,NOT DIVIDED,,STRAIGHT AND LEVEL,DRY,NO DEFECTS,ON SCENE,INJURY AND / OR TOW DUE TO CRASH,,,,"OVER $1,500",06/09/2025 7:30,DRIVING SKILLS/KNOWLEDGE/EXPERIENCE,NOT APPLICABLE,4902,S,HALSTED ST,933,,,,,,,1,NO INDICATION OF INJURY,0,0,0,0,0,1,0,7,2,6,,,,,
CLEAR,DAYLIGHT,SIDESWIPE SAME DIRECTION,DIVIDED - W/MEDIAN (NOT RAISED),,STRAIGHT AND LEVEL,DRY,NO DEFECTS,NOT ON SCENE (DESK REPORT),NO INJURY / DRIVE AWAY,,,,"OVER $1,500",06/09/2025 14:00,FAILING TO YIELD RIGHT-OF-WAY,UNABLE TO DETERMINE,1203,W,95TH ST,2213,,,,,,,2,NO INDICATION OF INJURY,0,0,0,0,0,2,0,13,2,6,,,,,
CLEAR,DAYLIGHT,PARKED MOTOR VEHICLE,NOT DIVIDED,,STRAIGHT AND LEVEL,DRY,UNKNOWN,NOT ON SCENE (DESK REPORT),INJURY AND / OR TOW DUE TO CRASH,,,Y,"OVER $1,500",08/05/2025 21:00,UNABLE TO DETERMINE,UNABLE TO DETERMINE,1153,W,69TH ST,733,,,,,,,2,NO INDICATION OF INJURY,0,0,0,0,0,1,0,19,3,8,,,,,
CLEAR,DAWN,PEDESTRIAN,FOUR WAY,,STRAIGHT AND LEVEL,WET,NO DEFECTS,ON SCENE,INJURY AND / OR TOW DUE TO CRASH,Y,,,$500 OR LESS,01/16/2025 6:59,FAILING TO YIELD RIGHT-OF-WAY,NOT APPLICABLE,2200,S,WENTWORTH AVE,914,,,,,,,2,NONINCAPACITATING INJURY,1,0,0,1,0,1,0,6,5,1,,,,,
CLEAR,DUSK,SIDESWIPE SAME DIRECTION,DIVIDED - W/MEDIAN BARRIER,,STRAIGHT AND LEVEL,DRY,SHOULDER DEFECT,ON SCENE,INJURY AND / OR TOW DUE TO CRASH,Y,,,"OVER $1,500",10/27/2025 18:00,IMPROPER LANE USAGE,NOT APPLICABLE,1,S,MICHIGAN AVE,114,,,,,,,2,NO INDICATION OF INJURY,0,0,0,0,0,4,0,17,2,10,,,,,
CLEAR,"DARKNESS, LIGHTED ROAD",REAR END,DIVIDED - W/MEDIAN (NOT RAISED),,STRAIGHT AND LEVEL,DRY,UNKNOWN,NOT ON SCENE (DESK REPORT),NO INJURY / DRIVE AWAY,,,,"OVER $1,500",10/05/2025 20:05,UNABLE TO DETERMINE,UNABLE TO DETERMINE,2758,S,PULASKI RD,1031,,,,,,,2,NO INDICATION OF INJURY,0,0,0,0,0,2,0,18,1,10,,,,,
CLEAR,DAYLIGHT,ANGLE,PARKING LOT,,STRAIGHT AND LEVEL,DRY,NO DEFECTS,NOT ON SCENE (DESK REPORT),NO INJURY / DRIVE AWAY,,Y,,"$501 - $1,500",10/27/2025 17:30,IMPROPER BACKING,NOT APPLICABLE,7663,S,CICERO AVE,833,,,,,,,2,NO INDICATION OF INJURY,0,0,0,0,0,4,0,16,2,10,,,,,
RAIN,DAYLIGHT,TURNING,NOT DIVIDED,,STRAIGHT AND LEVEL,WET,NO DEFECTS,ON SCENE,NO INJURY / DRIVE AWAY,,,,"OVER $1,500",03/19/2025 16:14,FAILING TO YIELD RIGHT-OF-WAY,IMPROPER TURNING/NO SIGNAL,3430,N,HARLEM AVE,1631,,,,,,,2,NO INDICATION OF INJURY,0,0,0,0,0,2,0,16,4,3,,,,,
CLEAR,"DARKNESS, LIGHTED ROAD",REAR END,NOT DIVIDED,,STRAIGHT AND LEVEL,SNOW OR SLUSH,NO DEFECTS,ON SCENE,INJURY AND / OR TOW DUE TO CRASH,,,,"OVER $1,500",01/16/2025 7:05,UNABLE TO DETERMINE,UNABLE TO DETERMINE,3411,W,ROOSEVELT RD,1021,,,,,,,2,NONINCAPACITATING INJURY,1,0,0,1,0,2,0,7,5,1,,,,,
CLEAR,DAYLIGHT,ANGLE,OTHER,,STRAIGHT AND LEVEL,DRY,UNKNOWN,ON SCENE,NO INJURY / DRIVE AWAY,Y,,,"OVER $1,500",08/28/2025 17:04,UNABLE TO DETERMINE,UNABLE TO DETERMINE,3135,N,MILWAUKEE AVE,2523,,,,,,,2,NO INDICATION OF INJURY,0,0,0,0,0,2,0,17,5,8,,,,,
CLEAR,"DARKNESS, LIGHTED ROAD",TURNING,DIVIDED - W/MEDIAN BARRIER,,STRAIGHT AND LEVEL,DRY,UNKNOWN,,NO INJURY / DRIVE AWAY,,,,"OVER $1,500",03/28/2025 23:45,IMPROPER TURNING/NO SIGNAL,NOT APPLICABLE,1077,S,MICHIGAN AVE,114,,,,,,,2,NO INDICATION OF INJURY,0,0,0,0,0,4,0,23,6,3,,,,,
UNKNOWN,UNKNOWN,REAR END,NOT DIVIDED,,STRAIGHT AND LEVEL,UNKNOWN,UNKNOWN,NOT ON SCENE (DESK REPORT),NO INJURY / DRIVE AWAY,,,,$500 OR LESS,08/29/2023 17:14,UNABLE TO DETERMINE,UNABLE TO DETERMINE,2224,W,TOUHY AVE,2411,,,,,,,2,NO INDICATION OF INJURY,0,0,0,0,0,2,0,16,3,8,,,,,
CLEAR,DAYLIGHT,PARKED MOTOR VEHICLE,NOT DIVIDED,,STRAIGHT AND LEVEL,DRY,NO DEFECTS,NOT ON SCENE (DESK REPORT),NO INJURY / DRIVE AWAY,,,Y,"$501 - $1,500",06/09/2025 16:48,NOT APPLICABLE,NOT APPLICABLE,547,N,SPRINGFIELD AVE,1122,,,,,,,2,NO INDICATION OF INJURY,0,0,0,0,0,1,0,15,2,6,,,,,
CLEAR,DUSK,PARKED MOTOR VEHICLE,NOT DIVIDED,,STRAIGHT AND LEVEL,DRY,UNKNOWN,ON SCENE,INJURY AND / OR TOW DUE TO CRASH,,,,"OVER $1,500",06/24/2025 18:56,UNABLE TO DETERMINE,NOT APPLICABLE,6331,W,FULLERTON AVE,2512,,,,,,,2,NO INDICATION OF INJURY,0,0,0,0,0,3,0,18,3,6,,,,,
CLEAR,"DARKNESS, LIGHTED ROAD",REAR END,NOT DIVIDED,,STRAIGHT AND LEVEL,DRY,NO DEFECTS,ON SCENE,NO INJURY / DRIVE AWAY,,,,"$501 - $1,500",01/16/2025 23:28,FOLLOWING TOO CLOSELY,NOT APPLICABLE,950,W,WRIGHTWOOD AVE,1935,,,,,,,2,NO INDICATION OF INJURY,0,0,0,0,0,3,0,23,5,1,,,,,
CLEAR,DAYLIGHT,PARKED MOTOR VEHICLE,NOT DIVIDED,,STRAIGHT AND LEVEL,DRY,NO DEFECTS,NOT ON SCENE (DESK REPORT),NO INJURY / DRIVE AWAY,,,Y,"$501 - $1,500",04/09/2025 11:20,UNABLE TO DETERMINE,UNABLE TO DETERMINE,4175,W,NELSON ST,2523,,,,,,,2,NO INDICATION OF INJURY,0,0,0,0,0,1,0,15,3,4,,,,,
CLEAR,DAYLIGHT,ANGLE,FOUR WAY,,STRAIGHT AND LEVEL,DRY,NO DEFECTS,NOT ON SCENE (DESK REPORT),NO INJURY / DRIVE AWAY,,,Y,$500 OR LESS,03/19/2025 9:32,UNABLE TO DETERMINE,UNABLE TO DETERMINE,2957,W,DIVERSEY AVE,1411,,,,,,,2,NO INDICATION OF INJURY,0,0,0,0,0,2,0,8,4,3,,,,,
CLEAR,DAYLIGHT,PARKED MOTOR VEHICLE,PARKING LOT,,STRAIGHT AND LEVEL,DRY,UNKNOWN,ON SCENE,INJURY AND / OR TOW DUE TO CRASH,,N,,"OVER $1,500",03/19/2025 10:44,FAILING TO REDUCE SPEED TO AVOID CRASH,UNABLE TO DETERMINE,7037,S,STONY ISLAND AVE,332,,,,,,,2,NO INDICATION OF INJURY,0,0,0,0,0,1,0,10,4,3,,,,,
CLEAR,DAYLIGHT,SIDESWIPE SAME DIRECTION,FOUR WAY,,STRAIGHT AND LEVEL,UNKNOWN,NO DEFECTS,NOT ON SCENE (DESK REPORT),NO INJURY / DRIVE AWAY,Y,,Y,"OVER $1,500",01/17/2025 15:30,IMPROPER OVERTAKING/PASSING,NOT APPLICABLE,5100,S,COTTAGE GROVE AVE,233,,,,,,,2,NO INDICATION OF INJURY,0,0,0,0,0,2,0,16,5,1,,,,,
CLEAR,DAYLIGHT,ANGLE,FOUR WAY,,STRAIGHT AND LEVEL,WET,NO DEFECTS,ON SCENE,INJURY AND / OR TOW DUE TO CRASH,Y,,,"OVER $1,500",01/16/2025 14:35,DISREGARDING STOP SIGN,FAILING TO YIELD RIGHT-OF-WAY,3300,N,ELSTON AVE,1733,,,,,,,2,NO INDICATION OF INJURY,0,0,0,0,0,2,0,14,5,1,,,,,
CLEAR,"DARKNESS, LIGHTED ROAD",HEAD ON,FOUR WAY,,STRAIGHT AND LEVEL,DRY,UNKNOWN,ON SCENE,INJURY AND / OR TOW DUE TO CRASH,Y,,,"OVER $1,500",01/16/2025 23:57,UNABLE TO DETERMINE,UNABLE TO DETERMINE,3203,N,CICERO AVE,1731,Y,Y,,,,,2,NO INDICATION OF INJURY,0,0,0,0,0,3,0,23,5,1,,,,,
CLEAR,DAYLIGHT,SIDESWIPE SAME DIRECTION,NOT DIVIDED,,STRAIGHT AND LEVEL,DRY,NO DEFECTS,NOT ON SCENE (DESK REPORT),NO INJURY / DRIVE AWAY,,,Y,"OVER $1,500",03/19/2025 12:20,IMPROPER OVERTAKING/PASSING,FAILING TO YIELD RIGHT-OF-WAY,100,S,PULASKI RD,1115,,,,,,,2,NO INDICATION OF INJURY,0,0,0,0,0,2,0,11,4,3,,,,,
RAIN,DAYLIGHT,REAR TO SIDE,PARKING LOT,,STRAIGHT AND LEVEL,WET,UNKNOWN,ON SCENE,INJURY AND / OR TOW DUE TO CRASH,,Y,Y,"OVER $1,500",06/04/2025 14:07,UNABLE TO DETERMINE,UNABLE TO DETERMINE,5742,W,55TH ST,811,,,,,,,2,"REPORTED, NOT EVIDENT",1,0,0,0,1,1,0,14,4,6,,,,,
CLEAR,"DARKNESS, LIGHTED ROAD",REAR END,NOT DIVIDED,,STRAIGHT AND LEVEL,DRY,NO DEFECTS,ON SCENE,NO INJURY / DRIVE AWAY,,,,"OVER $1,500",06/09/2025 23:28,FAILING TO REDUCE SPEED TO AVOID CRASH,NOT APPLICABLE,6957,W,GRAND AVE,2512,N,,,,,,3,NO INDICATION OF INJURY,0,0,0,0,0,3,0,22,2,6,,,,,
CLEAR,DAYLIGHT,TURNING,DIVIDED - W/MEDIAN (NOT RAISED),,STRAIGHT AND LEVEL,DRY,NO DEFECTS,NOT ON SCENE (DESK REPORT),INJURY AND / OR TOW DUE TO CRASH,,,,"OVER $1,500",06/24/2025 17:17,IMPROPER TURNING/NO SIGNAL,DRIVING SKILLS/KNOWLEDGE/EXPERIENCE,3901,W,NORTH AVE,2535,,,,,,,2,NO INDICATION OF INJURY,0,0,0,0,0,2,0,14,3,6,,,,,
CLEAR,DAYLIGHT,PARKED MOTOR VEHICLE,NOT DIVIDED,,STRAIGHT AND LEVEL,UNKNOWN,UNKNOWN,NOT ON SCENE (DESK REPORT),NO INJURY / DRIVE AWAY,,,,"OVER $1,500",01/16/2025 15:35,DRIVING SKILLS/KNOWLEDGE/EXPERIENCE,NOT APPLICABLE,5534,S,ST LOUIS AVE,822,,,,,,,2,NO INDICATION OF INJURY,0,0,0,0,0,1,0,14,5,1,,,,,
CLEAR,DAYLIGHT,PEDALCYCLIST,DIVIDED - W/MEDIAN (NOT RAISED),,STRAIGHT AND LEVEL,DRY,UNKNOWN,NOT ON SCENE (DESK REPORT),NO INJURY / DRIVE AWAY,,,,"OVER $1,500",08/28/2025 13:00,FAILING TO YIELD RIGHT-OF-WAY,NOT APPLICABLE,515,N,WESTERN AVE,1221,,,,,,,2,NO INDICATION OF INJURY,0,0,0,0,0,2,0,11,5,8,,,,,
CLEAR,DAYLIGHT,REAR END,NOT DIVIDED,,STRAIGHT AND LEVEL,DRY,NO DEFECTS,NOT ON SCENE (DESK REPORT),NO INJURY / DRIVE AWAY,N,,,$500 OR LESS,08/28/2025 15:13,NOT APPLICABLE,NOT APPLICABLE,5800,S,COTTAGE GROVE AVE,233,,,,,,,2,NO INDICATION OF INJURY,0,0,0,0,0,2,0,14,5,8,,,,,
CLEAR,DAYLIGHT,PARKED MOTOR VEHICLE,ALLEY,,STRAIGHT AND LEVEL,DRY,NO DEFECTS,NOT ON SCENE (DESK REPORT),NO INJURY / DRIVE AWAY,,,Y,"OVER $1,500",08/28/2025 10:00,UNABLE TO DETERMINE,NOT APPLICABLE,4442,W,WASHINGTON BLVD,1113,,,,,,,2,NO INDICATION OF INJURY,0,0,0,0,0,2,0,9,5,8,,,,,
CLEAR,DAYLIGHT,TURNING,DIVIDED - W/MEDIAN (NOT RAISED),,STRAIGHT AND LEVEL,DRY,NO DEFECTS,ON SCENE,INJURY AND / OR TOW DUE TO CRASH,,,,"OVER $1,500",07/15/2025 11:14,FAILING TO REDUCE SPEED TO AVOID CRASH,FAILING TO REDUCE SPEED TO AVOID CRASH,6614,S,HALSTED ST,723,,,,,,,2,NO INDICATION OF INJURY,0,0,0,0,0,2,0,11,3,7,,,,,
CLEAR,UNKNOWN,PARKED MOTOR VEHICLE,NOT DIVIDED,,STRAIGHT AND LEVEL,UNKNOWN,NO DEFECTS,ON SCENE,NO INJURY / DRIVE AWAY,,,Y,"OVER $1,500",10/28/2025 8:50,UNABLE TO DETERMINE,UNABLE TO DETERMINE,8210,S,TALMAN AVE,835,,,,,,,2,NO INDICATION OF INJURY,0,0,0,0,0,1,0,22,2,10,,,,,
CLOUDY/OVERCAST,DAYLIGHT,PARKED MOTOR VEHICLE,ONE-WAY,,STRAIGHT AND LEVEL,DRY,NO DEFECTS,ON SCENE,NO INJURY / DRIVE AWAY,,,,"$501 - $1,500",06/24/2025 13:07,UNABLE TO DETERMINE,NOT APPLICABLE,833,N,LAWNDALE AVE,1112,,,,,,,2,NO INDICATION OF INJURY,0,0,0,0,0,3,0,13,3,6,,,,,
CLEAR,DAYLIGHT,PARKED MOTOR VEHICLE,NOT DIVIDED,,STRAIGHT AND LEVEL,DRY,UNKNOWN,NOT ON SCENE (DESK REPORT),NO INJURY / DRIVE AWAY,,,Y,"OVER $1,500",06/24/2025 10:20,UNABLE TO DETERMINE,UNABLE TO DETERMINE,7244,S,MILLARD AVE,833,,,,,,,2,NO INDICATION OF INJURY,0,0,0,0,0,1,0,9,3,6,,,,,
RAIN,DUSK,REAR END,NOT DIVIDED,,STRAIGHT AND LEVEL,WET,UNKNOWN,NOT ON SCENE (DESK REPORT),NO INJURY / DRIVE AWAY,Y,,,$500 OR LESS,03/19/2025 18:19,UNABLE TO DETERMINE,DRIVING SKILLS/KNOWLEDGE/EXPERIENCE,5255,N,NAGLE AVE,1622,,,,,,,2,NO INDICATION OF INJURY,0,0,0,0,0,2,0,18,4,3,,,,,
CLEAR,DUSK,ANGLE,DIVIDED - W/MEDIAN (NOT RAISED),,STRAIGHT AND LEVEL,DRY,NO DEFECTS,ON SCENE,INJURY AND / OR TOW DUE TO CRASH,,,,"OVER $1,500",05/18/2024 20:45,FAILING TO YIELD RIGHT-OF-WAY,UNABLE TO DETERMINE,6433,S,PULASKI RD,823,,,,,,,2,NONINCAPACITATING INJURY,1,0,0,1,0,1,0,20,7,5,,,,,
CLEAR,DAYLIGHT,PARKED MOTOR VEHICLE,ONE-WAY,,STRAIGHT AND LEVEL,DRY,NO DEFECTS,ON SCENE,NO INJURY / DRIVE AWAY,,,,$500 OR LESS,06/07/2025 17:50,UNABLE TO DETERMINE,UNABLE TO DETERMINE,5234,S,WOODLAWN AVE,233,,,,,,,2,NO INDICATION OF INJURY,0,0,0,0,0,1,0,17,7,6,,,,,
CLEAR,DAYLIGHT,PARKED MOTOR VEHICLE,DIVIDED - W/MEDIAN (NOT RAISED),,STRAIGHT AND LEVEL,DRY,NO DEFECTS,ON SCENE,INJURY AND / OR TOW DUE TO CRASH,,,Y,"OVER $1,500",04/08/2025 14:17,IMPROPER OVERTAKING/PASSING,NOT APPLICABLE,230,N,SACRAMENTO BLVD,1222,,,,,,,3,NO INDICATION OF INJURY,0,0,0,0,0,2,0,14,3,4,,,,,
CLEAR,DAYLIGHT,PARKED MOTOR VEHICLE,NOT DIVIDED,,STRAIGHT AND LEVEL,DRY,NO DEFECTS,ON SCENE,INJURY AND / OR TOW DUE TO CRASH,,,,"OVER $1,500",08/05/2025 9:47,UNABLE TO DETERMINE,UNABLE TO DETERMINE,3418,W,44TH ST,821,,,,,,,3,NONINCAPACITATING INJURY,1,0,0,1,0,0,0,9,3,8,,,,,
CLEAR,DAYLIGHT,SIDESWIPE SAME DIRECTION,OTHER,,STRAIGHT AND LEVEL,DRY,NO DEFECTS,ON SCENE,NO INJURY / DRIVE AWAY,,,,"$501 - $1,500",04/19/2024 11:10,UNABLE TO DETERMINE,UNABLE TO DETERMINE,13,W,I190 EXPY,1654,,,,,,,2,NO INDICATION OF INJURY,0,0,0,0,0,2,0,10,6,4,,,,,
CLEAR,DAYLIGHT,PARKED MOTOR VEHICLE,PARKING LOT,,STRAIGHT AND LEVEL,DRY,NO DEFECTS,NOT ON SCENE (DESK REPORT),NO INJURY / DRIVE AWAY,,,Y,"OVER $1,500",06/09/2025 14:00,UNABLE TO DETERMINE,UNABLE TO DETERMINE,1430,S,ASHLAND AVE,1233,,,,,,,2,NO INDICATION OF INJURY,0,0,0,0,0,1,0,16,7,6,,,,,
CLEAR,DAWN,PEDESTRIAN,NOT DIVIDED,,STRAIGHT AND LEVEL,DRY,NO DEFECTS,ON SCENE,INJURY AND / OR TOW DUE TO CRASH,,,Y,$500 OR LESS,06/09/2025 13:00,UNABLE TO DETERMINE,UNABLE TO DETERMINE,3746,W,OHIO ST,1122,,Y,,,,,2,NONINCAPACITATING INJURY,1,0,0,1,0,1,0,18,1,6,,,,,
CLEAR,DAYLIGHT,SIDESWIPE SAME DIRECTION,FOUR WAY,,STRAIGHT AND LEVEL,DRY,NO DEFECTS,ON SCENE,NO INJURY / DRIVE AWAY,Y,,Y,"OVER $1,500",06/09/2025 17:51,IMPROPER OVERTAKING/PASSING,IMPROPER LANE USAGE,8700,S,COTTAGE GROVE AVE,632,,,,,,,2,NO INDICATION OF INJURY,0,0,0,0,0,2,0,17,2,6,,,,,
CLEAR,DAYLIGHT,FIXED OBJECT,OTHER,,STRAIGHT AND LEVEL,"SAND, MUD, DIRT",NO DEFECTS,NOT ON SCENE (DESK REPORT),NO INJURY / DRIVE AWAY,,,,$500 OR LESS,06/09/2025 11:40,NOT APPLICABLE,NOT APPLICABLE,9912,S,PRINCETON AVE,511,,,,,,,1,NO INDICATION OF INJURY,0,0,0,0,0,1,0,9,2,6,,,,,
CLEAR,DUSK,TURNING,NOT DIVIDED,,STRAIGHT AND LEVEL,DRY,NO DEFECTS,ON SCENE,NO INJURY / DRIVE AWAY,Y,,,"OVER $1,500",06/09/2025 18:50,FAILING TO YIELD RIGHT-OF-WAY,FAILING TO REDUCE SPEED TO AVOID CRASH,3100,S,THROOP ST,913,,,,,,,2,NO INDICATION OF INJURY,0,0,0,0,0,4,0,18,2,6,,,,,
CLEAR,DAYLIGHT,SIDESWIPE SAME DIRECTION,ONE-WAY,,STRAIGHT AND LEVEL,DRY,NO DEFECTS,,INJURY AND / OR TOW DUE TO CRASH,,,Y,"OVER $1,500",12/13/2019 9:24,FAILING TO YIELD RIGHT-OF-WAY,NOT APPLICABLE,1737,W,80TH ST,611,,,,,,,2,NONINCAPACITATING INJURY,1,0,0,1,0,5,0,7,6,12,,,,,
CLEAR,DAYLIGHT,SIDESWIPE SAME DIRECTION,NOT DIVIDED,,STRAIGHT AND LEVEL,DRY,UNKNOWN,,NO INJURY / DRIVE AWAY,,,,$500 OR LESS,08/05/2025 8:00,FAILING TO YIELD RIGHT-OF-WAY,NOT APPLICABLE,3956,W,DIVISION ST,2535,,,,,,,2,NO INDICATION OF INJURY,0,0,0,0,0,2,0,7,3,8,,,,,
RAIN,DAWN,SIDESWIPE SAME DIRECTION,DIVIDED - W/MEDIAN (NOT RAISED),,STRAIGHT AND LEVEL,WET,NO DEFECTS,ON SCENE,NO INJURY / DRIVE AWAY,,,,"$501 - $1,500",03/19/2025 18:52,NOT APPLICABLE,NOT APPLICABLE,2631,W,BELMONT AVE,1411,,,,,,,2,NO INDICATION OF INJURY,0,0,0,0,0,2,0,18,4,3,,,,,
CLEAR,DARKNESS,PARKED MOTOR VEHICLE,PARKING LOT,,STRAIGHT AND LEVEL,DRY,NO DEFECTS,NOT ON SCENE (DESK REPORT),NO INJURY / DRIVE AWAY,,,Y,"OVER $1,500",04/09/2025 7:53,FAILING TO REDUCE SPEED TO AVOID CRASH,UNABLE TO DETERMINE,8924,S,STONY ISLAND AVE,413,,,,,,,2,NO INDICATION OF INJURY,0,0,0,0,0,1,0,23,3,4,,,,,
RAIN,DAYLIGHT,PARKED MOTOR VEHICLE,NOT DIVIDED,,STRAIGHT AND LEVEL,WET,NO DEFECTS,NOT ON SCENE (DESK REPORT),NO INJURY / DRIVE AWAY,,,Y,"$501 - $1,500",03/19/2025 16:25,UNABLE TO DETERMINE,NOT APPLICABLE,32,E,114TH PL,531,,,,,,,2,NO INDICATION OF INJURY,0,0,0,0,0,1,0,15,4,3,,,,,
CLEAR,DAYLIGHT,TURNING,NOT DIVIDED,,STRAIGHT AND LEVEL,DRY,UNKNOWN,,INJURY AND / OR TOW DUE TO CRASH,,,,"OVER $1,500",06/24/2025 17:04,IMPROPER TURNING/NO SIGNAL,NOT APPLICABLE,2012,E,95TH ST,413,,,,,,,2,NONINCAPACITATING INJURY,1,0,0,1,0,2,0,17,3,6,,,,,