WEATHER_CONDITION,LIGHTING_CONDITION,FIRST_CRASH_TYPE,TRAFFICWAY_TYPE,LANE_CNT,ALIGNMENT,ROADWAY_SURFACE_COND,ROAD_DEFECT,REPORT_TYPE,CRASH_TYPE,INTERSECTION_RELATED_I,NOT_RIGHT_OF_WAY_I,HIT_AND_RUN_I,DAMAGE,DATE_POLICE_NOTIFIED,PRIM_CONTRIBUTORY_CAUSE,SEC_CONTRIBUTORY_CAUSE,STREET_NO,STREET_DIRECTION,STREET_NAME,BEAT_OF_OCCURRENCE,PHOTOS_TAKEN_I,STATEMENTS_TAKEN_I,DOORING_I,WORK_ZONE_I,WORK_ZONE_TYPE,WORKERS_PRESENT_I,NUM_UNITS,MOST_SEVERE_INJURY,INJURIES_TOTAL,INJURIES_FATAL,INJURIES_INCAPACITATING,INJURIES_NON_INCAPACITATING,INJURIES_REPORTED_NOT_EVIDENT,INJURIES_NO_INDICATION,INJURIES_UNKNOWN,CRASH_HOUR,CRASH_DAY_OF_WEEK,CRASH_MONTH,INJURIES_NO_INDICATION,INJURIES_UNKNOWN,CRASH_HOUR,CRASH_DAY_OF_WEEK,CRASH_MONTH
CLEAR,DAYLIGHT,REAR END,NOT DIVIDED,,STRAIGHT AND LEVEL,WET,UNKNOWN,NOT ON SCENE (DESK REPORT),NO INJURY / DRIVE AWAY,,,,"$501 - $1,500",03/19/2025 17:20,FOLLOWING TOO CLOSELY,UNABLE TO DETERMINE,5140,N,CALIFORNIA AVE,2031,,,,,,,2,NO INDICATION OF INJURY,0,0,0,0,0,2,0,16,4,3,,,,,
CLEAR,"DARKNESS, LIGHTED ROAD",REAR END,DIVIDED - W/MEDIAN BARRIER,,STRAIGHT AND LEVEL,DRY,NO DEFECTS,ON SCENE,INJURY AND / OR TOW DUE TO CRASH,,,,"OVER $1,500",10/05/2025 4:29,FOLLOWING TOO CLOSELY,FOLLOWING TOO CLOSELY,5301,S,HARLEM AVE,811,,,,,,,2,"REPORTED, NOT EVIDENT",1,0,0,0,1,2,0,4,1,10,,,,,
CLOUDY/OVERCAST,DAYLIGHT,SIDESWIPE SAME DIRECTION,"FIVE POINT, OR MORE",,STRAIGHT AND LEVEL,DRY,UNKNOWN,NOT ON SCENE (DESK REPORT),NO INJURY / DRIVE AWAY,Y,,,"OVER $1,500",06/09/2025 12:30,IMPROPER LANE USAGE,NOT APPLICABLE,1600,N,DAMEN AVE,1434,,,,,,,2,NO INDICATION OF INJURY,0,0,0,0,0,2,0,11,2,6,,,,,
CLEAR,"DARKNESS, LIGHTED ROAD",SIDESWIPE SAME DIRECTION,UNKNOWN,,STRAIGHT AND LEVEL,WET,NO DEFECTS,,NO INJURY / DRIVE AWAY,Y,,,$500 OR LESS,04/02/2025 1:05,FAILING TO YIELD RIGHT-OF-WAY,NOT APPLICABLE,400,W,ADAMS ST,121,,,,,,,2,NO INDICATION OF INJURY,0,0,0,0,0,3,0,1,3,4,,,,,
CLEAR,DAYLIGHT,TURNING,NOT DIVIDED,,STRAIGHT AND LEVEL,DRY,NO DEFECTS,NOT ON SCENE (DESK REPORT),NO INJURY / DRIVE AWAY,,,,"OVER $1,500",06/24/2025 13:09,UNABLE TO DETERMINE,NOT APPLICABLE,214,S,RACINE AVE,1231,,,,,,,2,NO INDICATION OF INJURY,0,0,0,0,0,2,0,12,3,6,,,,,
RAIN,DAYLIGHT,ANGLE,FOUR WAY,,STRAIGHT AND LEVEL,UNKNOWN,UNKNOWN,NOT ON SCENE (DESK REPORT),NO INJURY / DRIVE AWAY,Y,,,"OVER $1,500",03/19/2025 16:53,UNABLE TO DETERMINE,UNABLE TO DETERMINE,656,N,WESTERN AVE,1221,,,,,,,2,NO INDICATION OF INJURY,0,0,0,0,0,2,0,16,4,3,,,,,
CLEAR,DAYLIGHT,SIDESWIPE SAME DIRECTION,ONE-WAY,,STRAIGHT AND LEVEL,DRY,NO DEFECTS,NOT ON SCENE (DESK REPORT),NO INJURY / DRIVE AWAY,,,,"$501 - $1,500",03/20/2025 8:30,IMPROPER OVERTAKING/PASSING,NOT APPLICABLE,28,N,FRANKLIN ST,122,,,,,,,2,NO INDICATION OF INJURY,0,0,0,0,0,2,0,18,4,3,,,,,
CLEAR,DAYLIGHT,SIDESWIPE OPPOSITE DIRECTION,DIVIDED - W/MEDIAN (NOT RAISED),,STRAIGHT AND LEVEL,DRY,NO DEFECTS,ON SCENE,NO INJURY / DRIVE AWAY,,,,"OVER $1,500",03/19/2025 8:48,IMPROPER BACKING,NOT APPLICABLE,6341,N,KEDZIE AVE,2413,,,,,,,2,NO INDICATION OF INJURY,0,0,0,0,0,2,0,8,4,3,,,,,
RAIN,DAYLIGHT,OTHER OBJECT,NOT DIVIDED,,STRAIGHT AND LEVEL,WET,UNKNOWN,ON SCENE,INJURY AND / OR TOW DUE TO CRASH,,,,"OVER $1,500",03/19/2025 14:47,UNABLE TO DETERMINE,UNABLE TO DETERMINE,2416,N,CLARK ST,1935,,,,,,,1,NONINCAPACITATING INJURY,1,0,0,1,0,0,0,14,4,3,,,,,
CLEAR,DAYLIGHT,PEDESTRIAN,FOUR WAY,,STRAIGHT AND LEVEL,DRY,NO DEFECTS,ON SCENE,INJURY AND / OR TOW DUE TO CRASH,,,Y,"OVER $1,500",08/28/2025 20:28,UNABLE TO DETERMINE,UNABLE TO DETERMINE,3400,W,LAWRENCE AVE,1712,,,,,,,2,"REPORTED, NOT EVIDENT",1,0,0,0,1,1,0,18,5,8,,,,,
CLEAR,DAYLIGHT,ANGLE,DIVIDED - W/MEDIAN (NOT RAISED),,STRAIGHT AND LEVEL,DRY,UNKNOWN,ON SCENE,NO INJURY / DRIVE AWAY,,,,"OVER $1,500",06/09/2025 17:54,DISREGARDING OTHER TRAFFIC SIGNS,UNABLE TO DETERMINE,5500,S,ASHLAND AVE,715,,,,,,,2,NO INDICATION OF INJURY,0,0,0,0,0,2,0,17,2,6,,,,,
OTHER,UNKNOWN,SIDESWIPE SAME DIRECTION,OTHER,,STRAIGHT AND LEVEL,UNKNOWN,UNKNOWN,NOT ON SCENE (DESK REPORT),NO INJURY / DRIVE AWAY,,,,"OVER $1,500",06/09/2025 21:00,UNABLE TO DETERMINE,UNABLE TO DETERMINE,100,N,SACRAMENTO BLVD,1222,,,,,,,2,NO INDICATION OF INJURY,0,0,0,0,0,2,0,16,2,6,,,,,
CLEAR,"DARKNESS, LIGHTED ROAD",FIXED OBJECT,NOT DIVIDED,,STRAIGHT AND LEVEL,DRY,NO DEFECTS,ON SCENE,INJURY AND / OR TOW DUE TO CRASH,,,Y,"OVER $1,500",06/09/2025 22:49,FAILING TO REDUCE SPEED TO AVOID CRASH,UNABLE TO DETERMINE,3815,W,47TH ST,821,,,,,,,1,NO INDICATION OF INJURY,0,0,0,0,0,1,0,22,2,6,,,,,
CLEAR,DAYLIGHT,REAR END,DIVIDED - W/MEDIAN BARRIER,,STRAIGHT AND LEVEL,DRY,NO DEFECTS,ON SCENE,NO INJURY / DRIVE AWAY,,,,"$501 - $1,500",06/09/2025 7:39,UNABLE TO DETERMINE,UNABLE TO DETERMINE,2623,S,LAKE SHORE DR NB,133,,,,,,,2,NO INDICATION OF INJURY,0,0,0,0,0,2,0,7,2,6,,,,,
UNKNOWN,DAYLIGHT,PARKED MOTOR VEHICLE,ONE-WAY,,STRAIGHT AND LEVEL,UNKNOWN,UNKNOWN,NOT ON SCENE (DESK REPORT),NO INJURY / DRIVE AWAY,,,Y,"OVER $1,500",04/08/2025 18:09,UNABLE TO DETERMINE,NOT APPLICABLE,5730,S,MICHIGAN AVE,232,,,,,,,2,NO INDICATION OF INJURY,0,0,0,0,0,1,0,14,3,4,,,,,
CLEAR,"DARKNESS, LIGHTED ROAD",PARKED MOTOR VEHICLE,NOT DIVIDED,,STRAIGHT AND LEVEL,DRY,NO DEFECTS,ON SCENE,NO INJURY / DRIVE AWAY,,,Y,"OVER $1,500",10/27/2025 1:10,UNABLE TO DETERMINE,NOT APPLICABLE,75,E,37TH PL,213,,Y,,,,,2,NO INDICATION OF INJURY,0,0,0,0,0,1,0,1,2,10,,,,,
CLEAR,DAYLIGHT,FIXED OBJECT,ALLEY,,STRAIGHT AND LEVEL,DRY,NO DEFECTS,ON SCENE,NO INJURY / DRIVE AWAY,,,,$500 OR LESS,10/27/2025 14:38,UNABLE TO DETERMINE,UNABLE TO DETERMINE,1249,W,WEBSTER AVE,1811,,,,N,,,1,NO INDICATION OF INJURY,0,0,0,0,0,1,0,14,2,10,,,,,
CLEAR,DAYLIGHT,TURNING,Y-INTERSECTION,,STRAIGHT AND LEVEL,DRY,NO DEFECTS,ON SCENE,NO INJURY / DRIVE AWAY,,,,"$501 - $1,500",04/08/2025 10:11,IMPROPER BACKING,DRIVING SKILLS/KNOWLEDGE/EXPERIENCE,5059,N,ELSTON AVE,1712,,,,,,,2,NO INDICATION OF INJURY,0,0,0,0,0,3,0,10,3,4,,,,,
CLEAR,DAYLIGHT,REAR END,FOUR WAY,,STRAIGHT AND LEVEL,DRY,NO DEFECTS,NOT ON SCENE (DESK REPORT),INJURY AND / OR TOW DUE TO CRASH,Y,,,"OVER $1,500",08/05/2025 17:30,"EVASIVE ACTION DUE TO ANIMAL, OBJECT, NONMOTORIST",NOT APPLICABLE,7500,S,LAFAYETTE AVE,623,,,,,,,2,"REPORTED, NOT EVIDENT",1,0,0,0,1,1,0,17,3,8,,,,,
CLEAR,DAYLIGHT,PARKED MOTOR VEHICLE,NOT DIVIDED,,STRAIGHT AND LEVEL,DRY,NO DEFECTS,ON SCENE,NO INJURY / DRIVE AWAY,,,Y,"$501 - $1,500",03/19/2025 9:27,UNABLE TO DETERMINE,UNABLE TO DETERMINE,3242,W,111TH ST,2211,,,,,,,2,NO INDICATION OF INJURY,0,0,0,0,0,1,0,9,4,3,,,,,
CLEAR,DAYLIGHT,TURNING,NOT DIVIDED,,STRAIGHT AND LEVEL,UNKNOWN,UNKNOWN,ON SCENE,INJURY AND / OR TOW DUE TO CRASH,,,,"$501 - $1,500",06/06/2025 16:30,UNABLE TO DETERMINE,NOT APPLICABLE,4700,S,PULASKI RD,815,,,,,,,2,NONINCAPACITATING INJURY,1,0,0,1,0,1,0,12,6,6,,,,,
CLEAR,"DARKNESS, LIGHTED ROAD",PARKED MOTOR VEHICLE,NOT DIVIDED,,STRAIGHT AND LEVEL,DRY,NO DEFECTS,NOT ON SCENE (DESK REPORT),NO INJURY / DRIVE AWAY,,,Y,"OVER $1,500",06/09/2025 9:45,UNABLE TO DETERMINE,UNABLE TO DETERMINE,2557,W,MONTROSE AVE,1911,,,,,,,2,NO INDICATION OF INJURY,0,0,0,0,0,1,0,13,7,6,,,,,
CLEAR,DAYLIGHT,TURNING,NOT DIVIDED,,STRAIGHT AND LEVEL,DRY,NO DEFECTS,ON SCENE,INJURY AND / OR TOW DUE TO CRASH,,,,"OVER $1,500",06/08/2025 18:55,IMPROPER TURNING/NO SIGNAL,FAILING TO YIELD RIGHT-OF-WAY,1845,N,LARRABEE ST,1813,,,,,,,2,NO INDICATION OF INJURY,0,0,0,0,0,2,0,18,1,6,,,,,
CLEAR,DAYLIGHT,ANGLE,FOUR WAY,,STRAIGHT AND LEVEL,DRY,NO DEFECTS,ON SCENE,NO INJURY / DRIVE AWAY,Y,,,"OVER $1,500",06/09/2025 7:24,UNABLE TO DETERMINE,UNABLE TO DETERMINE,4700,S,KILPATRICK AVE,815,,,,,,,2,NO INDICATION OF INJURY,0,0,0,0,0,2,0,7,2,6,,,,,
CLEAR,DAYLIGHT,REAR END,NOT DIVIDED,,STRAIGHT AND LEVEL,DRY,NO DEFECTS,ON SCENE,NO INJURY / DRIVE AWAY,,,Y,$500 OR LESS,10/05/2025 15:34,FOLLOWING TOO CLOSELY,NOT APPLICABLE,3971,N,ELSTON AVE,1732,,,,,,,2,NO INDICATION OF INJURY,0,0,0,0,0,3,0,15,1,10,,,,,
RAIN,DAYLIGHT,TURNING,DIVIDED - W/MEDIAN BARRIER,,STRAIGHT AND LEVEL,WET,NO DEFECTS,ON SCENE,NO INJURY / DRIVE AWAY,,,,"OVER $1,500",03/19/2025 15:08,IMPROPER OVERTAKING/PASSING,FAILING TO REDUCE SPEED TO AVOID CRASH,7056,S,ASHLAND AVE,735,,,,,,,2,NO INDICATION OF INJURY,0,0,0,0,0,3,0,15,4,3,,,,,
CLEAR,"DARKNESS, LIGHTED ROAD",PARKED MOTOR VEHICLE,DIVIDED - W/MEDIAN (NOT RAISED),,STRAIGHT AND LEVEL,DRY,NO DEFECTS,ON SCENE,INJURY AND / OR TOW DUE TO CRASH,,,,"$501 - $1,500",10/05/2025 20:50,EQUIPMENT - VEHICLE CONDITION,NOT APPLICABLE,4698,N,ASHLAND AVE,1912,,,,,,,2,NONINCAPACITATING INJURY,2,0,0,2,0,0,0,20,1,10,,,,,
CLEAR,DAYLIGHT,PEDESTRIAN,NOT DIVIDED,,STRAIGHT AND LEVEL,DRY,NO DEFECTS,ON SCENE,INJURY AND / OR TOW DUE TO CRASH,,,Y,"$501 - $1,500",04/08/2025 8:30,UNABLE TO DETERMINE,UNABLE TO DETERMINE,2200,S,WESTERN AVE,1034,,,,,,,2,"REPORTED, NOT EVIDENT",1,0,0,0,1,1,0,7,3,4,,,,,
CLEAR,"DARKNESS, LIGHTED ROAD",FIXED OBJECT,NOT DIVIDED,,STRAIGHT AND LEVEL,DRY,NO DEFECTS,ON SCENE,INJURY AND / OR TOW DUE TO CRASH,,,,"OVER $1,500",10/27/2025 0:36,UNABLE TO DETERMINE,UNABLE TO DETERMINE,1501,W,MARQUETTE RD,725,,,,,,,1,INCAPACITATING INJURY,1,0,1,0,0,0,0,0,2,10,,,,,
CLEAR,UNKNOWN,PARKED MOTOR VEHICLE,NOT DIVIDED,,STRAIGHT AND LEVEL,UNKNOWN,UNKNOWN,ON SCENE,INJURY AND / OR TOW DUE TO CRASH,,,Y,"OVER $1,500",04/08/2025 1:45,UNABLE TO DETERMINE,UNABLE TO DETERMINE,16,S,CENTRAL AVE,1513,,,,,,,5,NO INDICATION OF INJURY,0,0,0,0,0,1,0,1,3,4,,,,,
UNKNOWN,DAYLIGHT,SIDESWIPE SAME DIRECTION,UNKNOWN,,STRAIGHT AND LEVEL,UNKNOWN,UNKNOWN,NOT ON SCENE (DESK REPORT),NO INJURY / DRIVE AWAY,,,,$500 OR LESS,06/09/2025 16:48,UNABLE TO DETERMINE,NOT APPLICABLE,1738,N,LECLAIRE AVE,2533,,,,,,,2,NO INDICATION OF INJURY,0,0,0,0,0,2,0,15,7,6,,,,,
CLEAR,DAYLIGHT,OTHER OBJECT,DIVIDED - W/MEDIAN (NOT RAISED),,STRAIGHT AND LEVEL,DRY,UNKNOWN,NOT ON SCENE (DESK REPORT),NO INJURY / DRIVE AWAY,Y,,,"OVER $1,500",06/09/2025 13:30,UNABLE TO DETERMINE,NOT APPLICABLE,2900,N,LARAMIE AVE,2514,,,,,,,2,NO INDICATION OF INJURY,0,0,0,0,0,2,0,7,2,6,,,,,
RAIN,DAYLIGHT,REAR END,NOT DIVIDED,,STRAIGHT AND LEVEL,WET,NO DEFECTS,NOT ON SCENE (DESK REPORT),NO INJURY / DRIVE AWAY,,,,"OVER $1,500",03/19/2025 18:30,FOLLOWING TOO CLOSELY,NOT APPLICABLE,3515,N,ROCKWELL ST,1921,Y,Y,,,,,2,NO INDICATION OF INJURY,0,0,0,0,0,2,0,18,4,3,,,,,
CLEAR,DAYLIGHT,TURNING,DIVIDED - W/MEDIAN (NOT RAISED),,STRAIGHT AND LEVEL,UNKNOWN,UNKNOWN,NOT ON SCENE (DESK REPORT),NO INJURY / DRIVE AWAY,,,,"OVER $1,500",10/05/2025 11:15,UNABLE TO DETERMINE,UNABLE TO DETERMINE,6747,W,IRVING PARK RD,1632,,,,,,,2,NO INDICATION OF INJURY,0,0,0,0,0,2,0,10,1,10,,,,,
RAIN,DAYLIGHT,ANGLE,FOUR WAY,,STRAIGHT AND LEVEL,WET,NO DEFECTS,ON SCENE,INJURY AND / OR TOW DUE TO CRASH,Y,,,"OVER $1,500",03/19/2025 14:53,UNABLE TO DETERMINE,NOT APPLICABLE,3129,W,ADDISON ST,1733,,,,,,,3,NO INDICATION OF INJURY,0,0,0,0,0,3,0,14,4,3,,,,,
CLEAR,DAYLIGHT,PARKED MOTOR VEHICLE,ONE-WAY,,STRAIGHT AND LEVEL,DRY,NO DEFECTS,NOT ON SCENE (DESK REPORT),NO INJURY / DRIVE AWAY,,,Y,"OVER $1,500",10/05/2025 10:00,UNABLE TO DETERMINE,UNABLE TO DETERMINE,5546,W,WEST END AVE,1523,,,,,,,2,NO INDICATION OF INJURY,0,0,0,0,0,1,0,9,1,10,,,,,
RAIN,DAYLIGHT,REAR END,DIVIDED - W/MEDIAN (NOT RAISED),,STRAIGHT AND LEVEL,WET,UNKNOWN,NOT ON SCENE (DESK REPORT),NO INJURY / DRIVE AWAY,,,,"OVER $1,500",03/19/2025 15:00,FOLLOWING TOO CLOSELY,NOT APPLICABLE,1549,N,WESTERN AVE,1424,,,,,,,3,NO INDICATION OF INJURY,0,0,0,0,0,4,0,14,4,3,,,,,
CLEAR,DAYLIGHT,SIDESWIPE SAME DIRECTION,FOUR WAY,,STRAIGHT AND LEVEL,DRY,NO DEFECTS,NOT ON SCENE (DESK REPORT),NO INJURY / DRIVE AWAY,,,Y,"OVER $1,500",03/20/2025 7:35,UNABLE TO DETERMINE,NOT APPLICABLE,1951,W,VAN BUREN ST,1225,,,,,,,2,NO INDICATION OF INJURY,0,0,0,0,0,2,0,8,4,3,,,,,
CLEAR,"DARKNESS, LIGHTED ROAD",ANGLE,FOUR WAY,,STRAIGHT AND LEVEL,DRY,NO DEFECTS,ON SCENE,INJURY AND / OR TOW DUE TO CRASH,Y,,,"OVER $1,500",03/19/2025 22:51,UNABLE TO DETERMINE,UNABLE TO DETERMINE,2200,S,MICHIGAN AVE,131,,,,,,,2,"REPORTED, NOT EVIDENT",4,0,0,0,4,0,0,22,4,3,,,,,
RAIN,DAYLIGHT,TURNING,FOUR WAY,,STRAIGHT AND LEVEL,WET,NO DEFECTS,ON SCENE,INJURY AND / OR TOW DUE TO CRASH,Y,,,"OVER $1,500",03/19/2025 15:58,FAILING TO YIELD RIGHT-OF-WAY,DRIVING SKILLS/KNOWLEDGE/EXPERIENCE,3228,N,LARAMIE AVE,1634,,,,,,,2,NO INDICATION OF INJURY,0,0,0,0,0,6,0,15,4,3,,,,,
CLEAR,"DARKNESS, LIGHTED ROAD",TURNING,FOUR WAY,,STRAIGHT AND LEVEL,DRY,UNKNOWN,ON SCENE,INJURY AND / OR TOW DUE TO CRASH,Y,,,"OVER $1,500",06/08/2025 21:49,FAILING TO YIELD RIGHT-OF-WAY,NOT APPLICABLE,10201,S,HALSTED ST,2232,,,,,,,2,NONINCAPACITATING INJURY,3,0,0,3,0,1,0,21,1,6,,,,,
CLEAR,DAWN,PARKED MOTOR VEHICLE,NOT DIVIDED,,STRAIGHT AND LEVEL,DRY,NO DEFECTS,ON SCENE,NO INJURY / DRIVE AWAY,,,,$500 OR LESS,06/09/2025 15:28,UNABLE TO DETERMINE,UNABLE TO DETERMINE,1244,W,SCHUBERT AVE,1932,,,,,,,2,NO INDICATION OF INJURY,0,0,0,0,0,1,0,14,2,6,,,,,
CLEAR,DAYLIGHT,SIDESWIPE OPPOSITE DIRECTION,NOT DIVIDED,,STRAIGHT AND LEVEL,DRY,NO DEFECTS,ON SCENE,NO INJURY / DRIVE AWAY,,,,$500 OR LESS,06/09/2025 14:55,ROAD CONSTRUCTION/MAINTENANCE,ROAD CONSTRUCTION/MAINTENANCE,727,S,SPAULDING AVE,1134,,,,Y,CONSTRUCTION,Y,2,NO INDICATION OF INJURY,0,0,0,0,0,2,0,13,2,6,,,,,
CLEAR,DAYLIGHT,SIDESWIPE SAME DIRECTION,NOT DIVIDED,,STRAIGHT AND LEVEL,DRY,NO DEFECTS,NOT ON SCENE (DESK REPORT),INJURY AND / OR TOW DUE TO CRASH,,,,"OVER $1,500",07/15/2025 9:00,UNABLE TO DETERMINE,NOT APPLICABLE,7141,N,KEDZIE AVE,2411,,,,,,,2,NO INDICATION OF INJURY,0,0,0,0,0,2,0,9,3,7,,,,,
CLEAR,DAYLIGHT,SIDESWIPE SAME DIRECTION,NOT DIVIDED,,STRAIGHT AND LEVEL,DRY,NO DEFECTS,ON SCENE,NO INJURY / DRIVE AWAY,,,,"OVER $1,500",03/19/2025 12:30,UNABLE TO DETERMINE,UNABLE TO DETERMINE,9501,S,STONY ISLAND AVE,431,,,,,,,2,NO INDICATION OF INJURY,0,0,0,0,0,2,0,12,4,3,,,,,
UNKNOWN,DAYLIGHT,PARKED MOTOR VEHICLE,PARKING LOT,,STRAIGHT AND LEVEL,UNKNOWN,UNKNOWN,,NO INJURY / DRIVE AWAY,,Y,Y,"OVER $1,500",04/15/2025 8:10,UNABLE TO DETERMINE,NOT APPLICABLE,3542,S,ARCHER AVE,912,,,,,,,2,NO INDICATION OF INJURY,0,0,0,0,0,1,0,13,1,4,,,,,
CLEAR,DAYLIGHT,PARKED MOTOR VEHICLE,NOT DIVIDED,,STRAIGHT AND LEVEL,DRY,UNKNOWN,NOT ON SCENE (DESK REPORT),NO INJURY / DRIVE AWAY,,,Y,"OVER $1,500",07/15/2025 15:00,IMPROPER BACKING,IMPROPER BACKING,210,W,27TH ST,914,,,,,,,2,NO INDICATION OF INJURY,0,0,0,0,0,1,0,13,3,7,,,,,
RAIN,DARKNESS,TURNING,NOT DIVIDED,,STRAIGHT AND LEVEL,WET,UNKNOWN,NOT ON SCENE (DESK REPORT),INJURY AND / OR TOW DUE TO CRASH,Y,,,"OVER $1,500",03/19/2025 23:00,WEATHER,UNABLE TO DETERMINE,11401,S,ST LAWRENCE AVE,531,,,,,,,3,NONINCAPACITATING INJURY,1,0,0,1,0,2,0,21,4,3,,,,,
UNKNOWN,UNKNOWN,REAR TO FRONT,OTHER,,STRAIGHT AND LEVEL,UNKNOWN,UNKNOWN,NOT ON SCENE (DESK REPORT),NO INJURY / DRIVE AWAY,,Y,,"OVER $1,500",03/26/2025 21:00,UNABLE TO DETERMINE,UNABLE TO DETERMINE,326,S,WELLS ST,122,Y,,,,,,2,NO INDICATION OF INJURY,0,0,0,0,0,2,0,16,4,3,,,,,
CLEAR,DAYLIGHT,SIDESWIPE SAME DIRECTION,FOUR WAY,,STRAIGHT AND LEVEL,DRY,NO DEFECTS,NOT ON SCENE (DESK REPORT),NO INJURY / DRIVE AWAY,,,,"OVER $1,500",06/09/2025 7:45,UNABLE TO DETERMINE,NOT APPLICABLE,1205,S,PULASKI RD,1011,,,,,,,2,NO INDICATION OF INJURY,0,0,0,0,0,2,0,12,6,6,,,,,
CLEAR,DAYLIGHT,REAR TO FRONT,DIVIDED - W/MEDIAN (NOT RAISED),,STRAIGHT AND LEVEL,DRY,NO DEFECTS,NOT ON SCENE (DESK REPORT),NO INJURY / DRIVE AWAY,,,,"OVER $1,500",06/07/2025 9:30,IMPROPER BACKING,IMPROPER TURNING/NO SIGNAL,1929,W,WILSON AVE,1912,,,,,,,2,NO INDICATION OF INJURY,0,0,0,0,0,2,0,9,7,6,,,,,
CLEAR,DAYLIGHT,SIDESWIPE OPPOSITE DIRECTION,NOT DIVIDED,,STRAIGHT AND LEVEL,DRY,NO DEFECTS,NOT ON SCENE (DESK REPORT),NO INJURY / DRIVE AWAY,,,,"OVER $1,500",06/09/2025 9:20,UNABLE TO DETERMINE,NOT APPLICABLE,1226,W,BRYN MAWR AVE,2013,,,,,,,2,NO INDICATION OF INJURY,0,0,0,0,0,2,0,9,2,6,,,,,
CLEAR,DAYLIGHT,TURNING,DIVIDED - W/MEDIAN BARRIER,,STRAIGHT AND LEVEL,DRY,NO DEFECTS,ON SCENE,NO INJURY / DRIVE AWAY,,,N,$500 OR LESS,06/09/2025 17:00,IMPROPER TURNING/NO SIGNAL,NOT APPLICABLE,2355,W,95TH ST,2213,,,,,,,2,NO INDICATION OF INJURY,0,0,0,0,0,2,0,15,2,6,,,,,
CLEAR,DAYLIGHT,REAR END,NOT DIVIDED,,STRAIGHT AND LEVEL,DRY,UNKNOWN,ON SCENE,NO INJURY / DRIVE AWAY,Y,,,$500 OR LESS,06/24/2025 19:07,UNABLE TO DETERMINE,NOT APPLICABLE,817,N,HAMLIN AVE,1112,,,,,,,2,NO INDICATION OF INJURY,0,0,0,0,0,5,0,18,3,6,,,,,
CLEAR,DAYLIGHT,PARKED MOTOR VEHICLE,NOT DIVIDED,,STRAIGHT AND LEVEL,DRY,NO DEFECTS,ON SCENE,NO INJURY / DRIVE AWAY,,,,"OVER $1,500",08/28/2025 15:19,FAILING TO REDUCE SPEED TO AVOID CRASH,NOT APPLICABLE,6563,W,HURLBUT ST,1612,,,,,,,2,NO INDICATION OF INJURY,0,0,0,0,0,1,0,14,5,8,,,,,
CLEAR,DAYLIGHT,PARKED MOTOR VEHICLE,ONE-WAY,,STRAIGHT AND LEVEL,DRY,NO DEFECTS,ON SCENE,NO INJURY / DRIVE AWAY,,,,"OVER $1,500",10/05/2025 6:46,UNABLE TO DETERMINE,UNABLE TO DETERMINE,8025,S,MARQUETTE AVE,422,,,,,,,2,NO INDICATION OF INJURY,0,0,0,0,0,1,0,6,1,10,,,,,
CLEAR,DAYLIGHT,SIDESWIPE SAME DIRECTION,DIVIDED - W/MEDIAN (NOT RAISED),,STRAIGHT AND LEVEL,DRY,UNKNOWN,,NO INJURY / DRIVE AWAY,,,,"$501 - $1,500",04/20/2025 20:00,IMPROPER OVERTAKING/PASSING,NOT APPLICABLE,9400,S,STONY ISLAND AVE,413,,,,,,,2,NO INDICATION OF INJURY,0,0,0,0,0,4,0,16,1,4,,,,,
CLEAR,"DARKNESS, LIGHTED ROAD",SIDESWIPE OPPOSITE DIRECTION,DIVIDED - W/MEDIAN (NOT RAISED),,STRAIGHT AND LEVEL,DRY,NO DEFECTS,ON SCENE,NO INJURY / DRIVE AWAY,,,,"OVER $1,500",10/05/2025 21:14,DRIVING ON WRONG SIDE/WRONG WAY,TEXTING,1807,W,POLK ST,1231,,Y,,,,,2,NO INDICATION OF INJURY,0,0,0,0,0,3,0,21,1,10,,,,,
CLEAR,"DARKNESS, LIGHTED ROAD",TURNING,OTHER,,STRAIGHT AND LEVEL,DRY,UNKNOWN,NOT ON SCENE (DESK REPORT),NO INJURY / DRIVE AWAY,Y,,,"$501 - $1,500",03/20/2025 0:30,FAILING TO YIELD RIGHT-OF-WAY,FAILING TO YIELD RIGHT-OF-WAY,698,N,OGDEN AVE,1215,,,,,,,2,NO INDICATION OF INJURY,0,0,0,0,0,2,0,22,4,3,,,,,
CLEAR,DAYLIGHT,SIDESWIPE SAME DIRECTION,DIVIDED - W/MEDIAN BARRIER,,STRAIGHT AND LEVEL,SNOW OR SLUSH,NO DEFECTS,ON SCENE,INJURY AND / OR TOW DUE TO CRASH,,,,"OVER $1,500",01/16/2025 10:56,IMPROPER OVERTAKING/PASSING,UNABLE TO DETERMINE,50,W,87TH ST,622,,,,,,,2,NONINCAPACITATING INJURY,1,0,0,1,0,2,0,10,5,1,,,,,
CLEAR,DAYLIGHT,REAR END,NOT DIVIDED,,STRAIGHT AND LEVEL,DRY,NO DEFECTS,NOT ON SCENE (DESK REPORT),NO INJURY / DRIVE AWAY,Y,,,"OVER $1,500",04/10/2025 18:00,FOLLOWING TOO CLOSELY,DRIVING SKILLS/KNOWLEDGE/EXPERIENCE,342,N,WESTERN AVE,1222,,,,,,,2,NO INDICATION OF INJURY,0,0,0,0,0,2,0,7,3,4,,,,,