WEATHER_CONDITION,LIGHTING_CONDITION,FIRST_CRASH_TYPE,TRAFFICWAY_TYPE,LANE_CNT,ALIGNMENT,ROADWAY_SURFACE_COND,ROAD_DEFECT,REPORT_TYPE,CRASH_TYPE,INTERSECTION_RELATED_I,NOT_RIGHT_OF_WAY_I,HIT_AND_RUN_I,DAMAGE,DATE_POLICE_NOTIFIED,PRIM_CONTRIBUTORY_CAUSE,SEC_CONTRIBUTORY_CAUSE,STREET_NO,STREET_DIRECTION,STREET_NAME,BEAT_OF_OCCURRENCE,PHOTOS_TAKEN_I,STATEMENTS_TAKEN_I,DOORING_I,WORK_ZONE_I,WORK_ZONE_TYPE,WORKERS_PRESENT_I,NUM_UNITS,MOST_SEVERE_INJURY,INJURIES_TOTAL,INJURIES_FATAL,INJURIES_INCAPACITATING,INJURIES_NON_INCAPACITATING,INJURIES_REPORTED_NOT_EVIDENT,INJURIES_NO_INDICATION,INJURIES_UNKNOWN,CRASH_HOUR,CRASH_DAY_OF_WEEK,CRASH_MONTH,INJURIES_NO_INDICATION,INJURIES_UNKNOWN,CRASH_HOUR,CRASH_DAY_OF_WEEK,CRASH_MONTH
CLEAR,DAYLIGHT,PEDESTRIAN,FOUR WAY,,STRAIGHT AND LEVEL,DRY,NO DEFECTS,NOT ON SCENE (DESK REPORT),INJURY AND / OR TOW DUE TO CRASH,,,,$500 OR LESS,08/28/2025 18:10,FAILING TO YIELD RIGHT-OF-WAY,FAILING TO YIELD RIGHT-OF-WAY,826,W,RANDOLPH ST,1224,,,,,,,2,"REPORTED, NOT EVIDENT",1,0,0,0,1,1,0,18,5,8,,,,,
CLEAR,DAYLIGHT,PEDALCYCLIST,FOUR WAY,,STRAIGHT AND LEVEL,DRY,NO DEFECTS,NOT ON SCENE (DESK REPORT),INJURY AND / OR TOW DUE TO CRASH,Y,,Y,"OVER $1,500",04/08/2025 11:11,DISREGARDING TRAFFIC SIGNALS,NOT APPLICABLE,600,N,WELLS ST,1831,,,,,,,2,"REPORTED, NOT EVIDENT",1,0,0,0,1,1,0,7,3,4,,,,,
CLEAR,DAYLIGHT,ANGLE,T-INTERSECTION,,STRAIGHT AND LEVEL,DRY,NO DEFECTS,ON SCENE,INJURY AND / OR TOW DUE TO CRASH,Y,,,"$501 - $1,500",04/08/2025 16:19,FAILING TO YIELD RIGHT-OF-WAY,FAILING TO YIELD RIGHT-OF-WAY,2030,W,NORWOOD ST,2413,,,,,,,2,"REPORTED, NOT EVIDENT",1,0,0,0,1,1,0,16,3,4,,,,,
CLEAR,DAYLIGHT,ANGLE,FOUR WAY,,STRAIGHT AND LEVEL,DRY,NO DEFECTS,ON SCENE,INJURY AND / OR TOW DUE TO CRASH,,,,"OVER $1,500",06/24/2025 19:31,DRIVING ON WRONG SIDE/WRONG WAY,DRIVING ON WRONG SIDE/WRONG WAY,6501,S,HERMITAGE AVE,725,,,,,,,2,NONINCAPACITATING INJURY,2,0,0,2,0,1,0,18,3,6,,,,,
RAIN,DAYLIGHT,ANGLE,FOUR WAY,,STRAIGHT AND LEVEL,DRY,NO DEFECTS,NOT ON SCENE (DESK REPORT),NO INJURY / DRIVE AWAY,,,,"OVER $1,500",03/19/2025 15:00,DISREGARDING STOP SIGN,NOT APPLICABLE,1200,W,WRIGHTWOOD AVE,1932,,,,,,,2,NO INDICATION OF INJURY,0,0,0,0,0,2,0,14,4,3,,,,,
CLEAR,DAYLIGHT,TURNING,DIVIDED - W/MEDIAN (NOT RAISED),,STRAIGHT AND LEVEL,DRY,NO DEFECTS,NOT ON SCENE (DESK REPORT),NO INJURY / DRIVE AWAY,,,Y,"$501 - $1,500",04/08/2025 19:00,IMPROPER BACKING,NOT APPLICABLE,300,S,KILBOURN AVE,1131,,,,,,,2,NO INDICATION OF INJURY,0,0,0,0,0,2,0,18,3,4,,,,,
CLEAR,DAYLIGHT,TURNING,ALLEY,,STRAIGHT AND LEVEL,DRY,UNKNOWN,,INJURY AND / OR TOW DUE TO CRASH,,,,"OVER $1,500",04/01/2025 17:18,FAILING TO YIELD RIGHT-OF-WAY,DRIVING SKILLS/KNOWLEDGE/EXPERIENCE,7117,N,CLARK ST,2423,,,,,,,2,"REPORTED, NOT EVIDENT",1,0,0,0,1,1,0,17,3,4,,,,,
CLEAR,DAYLIGHT,REAR END,DIVIDED - W/MEDIAN (NOT RAISED),,STRAIGHT AND LEVEL,DRY,NO DEFECTS,NOT ON SCENE (DESK REPORT),NO INJURY / DRIVE AWAY,Y,,Y,"OVER $1,500",01/16/2025 16:40,UNABLE TO DETERMINE,UNABLE TO DETERMINE,2,W,71ST ST,322,,,,,,,2,NO INDICATION OF INJURY,0,0,0,0,0,2,0,16,5,1,,,,,
CLEAR,DAYLIGHT,PEDESTRIAN,NOT DIVIDED,,STRAIGHT AND LEVEL,DRY,NO DEFECTS,,INJURY AND / OR TOW DUE TO CRASH,,,,$500 OR LESS,01/16/2025 15:37,NOT APPLICABLE,NOT APPLICABLE,9647,S,THROOP ST,2213,,Y,,,,,2,INCAPACITATING INJURY,1,0,1,0,0,1,0,15,5,1,,,,,
CLEAR,DAYLIGHT,ANGLE,ONE-WAY,,STRAIGHT AND LEVEL,DRY,NO DEFECTS,NOT ON SCENE (DESK REPORT),NO INJURY / DRIVE AWAY,,,,"$501 - $1,500",06/08/2025 14:26,FAILING TO YIELD RIGHT-OF-WAY,NOT APPLICABLE,6309,S,KOMENSKY AVE,813,,,,,,,2,NO INDICATION OF INJURY,0,0,0,0,0,4,0,14,1,6,,,,,
CLEAR,DAYLIGHT,ANGLE,ONE-WAY,,STRAIGHT AND LEVEL,DRY,NO DEFECTS,NOT ON SCENE (DESK REPORT),NO INJURY / DRIVE AWAY,,,,"OVER $1,500",06/09/2025 8:40,FAILING TO YIELD RIGHT-OF-WAY,UNABLE TO DETERMINE,5114,S,SAWYER AVE,822,,,,,,,2,NO INDICATION OF INJURY,0,0,0,0,0,2,0,8,2,6,,,,,
CLEAR,DAYLIGHT,SIDESWIPE SAME DIRECTION,NOT DIVIDED,,STRAIGHT AND LEVEL,DRY,NO DEFECTS,NOT ON SCENE (DESK REPORT),NO INJURY / DRIVE AWAY,,,,"OVER $1,500",06/09/2025 21:00,UNABLE TO DETERMINE,UNABLE TO DETERMINE,4706,N,PULASKI RD,1722,,,,,,,2,NO INDICATION OF INJURY,0,0,0,0,0,2,0,19,2,6,,,,,
CLEAR,DAYLIGHT,PEDESTRIAN,NOT DIVIDED,,STRAIGHT AND LEVEL,DRY,NO DEFECTS,ON SCENE,INJURY AND / OR TOW DUE TO CRASH,,,,"OVER $1,500",06/24/2025 14:47,IMPROPER TURNING/NO SIGNAL,IMPROPER TURNING/NO SIGNAL,1900,S,CALIFORNIA AVE,1022,,,,,,,2,NONINCAPACITATING INJURY,1,0,0,1,0,1,0,14,3,6,,,,,
CLEAR,DAYLIGHT,PARKED MOTOR VEHICLE,PARKING LOT,,STRAIGHT AND LEVEL,DRY,UNKNOWN,NOT ON SCENE (DESK REPORT),NO INJURY / DRIVE AWAY,,Y,Y,"OVER $1,500",10/05/2025 10:50,UNABLE TO DETERMINE,UNABLE TO DETERMINE,505,N,MICHIGAN AVE,1834,Y,,,,,,2,NO INDICATION OF INJURY,0,0,0,0,0,1,0,8,1,10,,,,,
CLEAR,DAYLIGHT,SIDESWIPE SAME DIRECTION,OTHER,,STRAIGHT AND LEVEL,DRY,NO DEFECTS,ON SCENE,NO INJURY / DRIVE AWAY,,,,$500 OR LESS,08/05/2025 16:56,IMPROPER OVERTAKING/PASSING,NOT APPLICABLE,5500,S,ELLIS AVE,235,,,,,,,2,NO INDICATION OF INJURY,0,0,0,0,0,2,0,16,3,8,,,,,
CLEAR,DAYLIGHT,SIDESWIPE SAME DIRECTION,NOT DIVIDED,,STRAIGHT AND LEVEL,WET,NO DEFECTS,ON SCENE,INJURY AND / OR TOW DUE TO CRASH,,,,"OVER $1,500",01/16/2025 13:05,UNABLE TO DETERMINE,UNABLE TO DETERMINE,109,E,47TH ST,224,,,,,,,2,NONINCAPACITATING INJURY,4,0,0,1,3,1,0,13,5,1,,,,,
CLEAR,DAYLIGHT,ANGLE,NOT DIVIDED,,STRAIGHT AND LEVEL,WET,NO DEFECTS,NOT ON SCENE (DESK REPORT),NO INJURY / DRIVE AWAY,,,,"$501 - $1,500",06/24/2025 17:30,UNABLE TO DETERMINE,UNABLE TO DETERMINE,10029,S,COTTAGE GROVE AVE,511,,,,,,,2,NO INDICATION OF INJURY,0,0,0,0,0,6,0,16,3,6,,,,,
CLEAR,DAYLIGHT,REAR END,NOT DIVIDED,,STRAIGHT AND LEVEL,DRY,NO DEFECTS,NOT ON SCENE (DESK REPORT),NO INJURY / DRIVE AWAY,,,Y,"OVER $1,500",06/24/2025 19:50,FAILING TO REDUCE SPEED TO AVOID CRASH,NOT APPLICABLE,7533,S,SOUTH CHICAGO AVE,411,,,,,,,3,NO INDICATION OF INJURY,0,0,0,0,0,3,0,17,3,6,,,,,
CLEAR,DAYLIGHT,PARKED MOTOR VEHICLE,NOT DIVIDED,,STRAIGHT AND LEVEL,DRY,NO DEFECTS,NOT ON SCENE (DESK REPORT),NO INJURY / DRIVE AWAY,,,,"$501 - $1,500",04/08/2025 14:52,NOT APPLICABLE,NOT APPLICABLE,4125,S,ARCHER AVE,921,,,,,,,2,NO INDICATION OF INJURY,0,0,0,0,0,2,0,12,3,4,,,,,
RAIN,DARKNESS,SIDESWIPE SAME DIRECTION,FOUR WAY,,STRAIGHT AND LEVEL,WET,UNKNOWN,ON SCENE,NO INJURY / DRIVE AWAY,Y,,,"OVER $1,500",03/19/2025 17:01,UNABLE TO DETERMINE,UNABLE TO DETERMINE,923,N,MICHIGAN AVE,1833,,,,,,,2,NO INDICATION OF INJURY,0,0,0,0,0,2,0,16,4,3,,,,,
CLEAR,DAYLIGHT,PARKED MOTOR VEHICLE,ONE-WAY,,STRAIGHT AND LEVEL,DRY,NO DEFECTS,,INJURY AND / OR TOW DUE TO CRASH,,,Y,"$501 - $1,500",01/17/2025 9:00,UNABLE TO DETERMINE,UNABLE TO DETERMINE,4847,N,SPRINGFIELD AVE,1712,,,,,,,2,"REPORTED, NOT EVIDENT",1,0,0,0,1,1,0,14,5,1,,,,,
RAIN,"DARKNESS, LIGHTED ROAD",SIDESWIPE SAME DIRECTION,NOT DIVIDED,,STRAIGHT AND LEVEL,WET,NO DEFECTS,ON SCENE,INJURY AND / OR TOW DUE TO CRASH,,,Y,"OVER $1,500",03/19/2025 18:59,WEATHER,DRIVING SKILLS/KNOWLEDGE/EXPERIENCE,701,S,COLUMBUS DR,114,,,,,,,3,NO INDICATION OF INJURY,0,0,0,0,0,3,0,18,4,3,,,,,
CLEAR,DAYLIGHT,SIDESWIPE SAME DIRECTION,NOT DIVIDED,,STRAIGHT AND LEVEL,DRY,UNKNOWN,NOT ON SCENE (DESK REPORT),NO INJURY / DRIVE AWAY,,,,$500 OR LESS,06/09/2025 13:00,UNABLE TO DETERMINE,NOT APPLICABLE,5830,S,COTTAGE GROVE AVE,233,,,,,,,2,NO INDICATION OF INJURY,0,0,0,0,0,2,0,11,2,6,,,,,
RAIN,DARKNESS,REAR TO FRONT,DIVIDED - W/MEDIAN (NOT RAISED),,STRAIGHT AND LEVEL,WET,NO DEFECTS,ON SCENE,NO INJURY / DRIVE AWAY,,,,"OVER $1,500",03/19/2025 19:52,UNABLE TO DETERMINE,UNABLE TO DETERMINE,3999,N,LAKE SHORE DR,1925,,,,,,,2,NO INDICATION OF INJURY,0,0,0,0,0,2,0,19,4,3,,,,,
RAIN,DAYLIGHT,PEDESTRIAN,DIVIDED - W/MEDIAN (NOT RAISED),,STRAIGHT AND LEVEL,WET,NO DEFECTS,ON SCENE,INJURY AND / OR TOW DUE TO CRASH,,,,"$501 - $1,500",03/19/2025 14:44,FAILING TO REDUCE SPEED TO AVOID CRASH,NOT APPLICABLE,2353,N,CALIFORNIA AVE,1431,,,,,,,2,NONINCAPACITATING INJURY,1,0,0,1,0,1,0,14,4,3,,,,,
RAIN,DAYLIGHT,TURNING,NOT DIVIDED,,STRAIGHT AND LEVEL,WET,UNKNOWN,ON SCENE,INJURY AND / OR TOW DUE TO CRASH,Y,,,"OVER $1,500",08/28/2025 7:15,UNABLE TO DETERMINE,UNABLE TO DETERMINE,5398,S,ARCHER AVE,815,,,,,,,2,NO INDICATION OF INJURY,0,0,0,0,0,2,0,7,5,8,,,,,
CLEAR,DAYLIGHT,SIDESWIPE SAME DIRECTION,DIVIDED - W/MEDIAN BARRIER,,STRAIGHT AND LEVEL,DRY,NO DEFECTS,NOT ON SCENE (DESK REPORT),NO INJURY / DRIVE AWAY,,,,"OVER $1,500",10/27/2025 8:10,FAILING TO YIELD RIGHT-OF-WAY,DRIVING SKILLS/KNOWLEDGE/EXPERIENCE,4865,N,MILWAUKEE AVE,1623,,,,,,,2,NO INDICATION OF INJURY,0,0,0,0,0,2,0,7,2,10,,,,,
CLOUDY/OVERCAST,"DARKNESS, LIGHTED ROAD",PARKED MOTOR VEHICLE,NOT DIVIDED,,STRAIGHT AND LEVEL,WET,NO DEFECTS,ON SCENE,INJURY AND / OR TOW DUE TO CRASH,,,Y,"OVER $1,500",01/16/2025 21:00,DRIVING SKILLS/KNOWLEDGE/EXPERIENCE,NOT APPLICABLE,3035,N,LARAMIE AVE,2521,,,,,,,4,NO INDICATION OF INJURY,0,0,0,0,0,1,0,20,5,1,,,,,
RAIN,DAYLIGHT,REAR END,DIVIDED - W/MEDIAN (NOT RAISED),,STRAIGHT AND LEVEL,WET,NO DEFECTS,NOT ON SCENE (DESK REPORT),NO INJURY / DRIVE AWAY,,,,"OVER $1,500",03/19/2025 16:55,DISTRACTION - FROM OUTSIDE VEHICLE,FAILING TO REDUCE SPEED TO AVOID CRASH,3795,W,FOSTER AVE,1712,,,,,,,2,NO INDICATION OF INJURY,0,0,0,0,0,3,0,16,4,3,,,,,
SNOW,DAYLIGHT,ANGLE,FOUR WAY,,STRAIGHT AND LEVEL,SNOW OR SLUSH,NO DEFECTS,NOT ON SCENE (DESK REPORT),NO INJURY / DRIVE AWAY,Y,,,"OVER $1,500",01/16/2025 8:15,FAILING TO YIELD RIGHT-OF-WAY,FAILING TO YIELD RIGHT-OF-WAY,2432,W,DEVON AVE,2412,,,,,,,2,NO INDICATION OF INJURY,0,0,0,0,0,2,0,7,5,1,,,,,
CLEAR,DAYLIGHT,SIDESWIPE SAME DIRECTION,DIVIDED - W/MEDIAN BARRIER,,STRAIGHT AND LEVEL,DRY,NO DEFECTS,ON SCENE,NO INJURY / DRIVE AWAY,,,Y,"$501 - $1,500",04/08/2025 8:08,IMPROPER OVERTAKING/PASSING,UNABLE TO DETERMINE,598,S,DAMEN AVE,1225,,,,,,,2,NO INDICATION OF INJURY,0,0,0,0,0,2,0,8,3,4,,,,,
RAIN,DAYLIGHT,REAR END,UNKNOWN INTERSECTION TYPE,,STRAIGHT AND LEVEL,WET,UNKNOWN,NOT ON SCENE (DESK REPORT),INJURY AND / OR TOW DUE TO CRASH,,,,"$501 - $1,500",06/09/2025 10:52,UNABLE TO DETERMINE,UNABLE TO DETERMINE,6332,N,BROADWAY,2433,,,,,,,2,"REPORTED, NOT EVIDENT",1,0,0,0,1,2,0,18,1,6,,,,,
CLEAR,"DARKNESS, LIGHTED ROAD",PARKED MOTOR VEHICLE,NOT DIVIDED,,STRAIGHT AND LEVEL,DRY,NO DEFECTS,NOT ON SCENE (DESK REPORT),NO INJURY / DRIVE AWAY,,,Y,"OVER $1,500",06/09/2025 21:00,FAILING TO REDUCE SPEED TO AVOID CRASH,DRIVING SKILLS/KNOWLEDGE/EXPERIENCE,6314,W,SCHUBERT AVE,2512,,,,,,,2,NO INDICATION OF INJURY,0,0,0,0,0,1,0,1,1,6,,,,,
CLEAR,DAYLIGHT,ANGLE,DIVIDED - W/MEDIAN (NOT RAISED),,STRAIGHT AND LEVEL,DRY,UNKNOWN,NOT ON SCENE (DESK REPORT),NO INJURY / DRIVE AWAY,,,Y,"$501 - $1,500",06/09/2025 15:25,FAILING TO YIELD RIGHT-OF-WAY,NOT APPLICABLE,2311,N,CALIFORNIA AVE,1431,,,,,,,2,NO INDICATION OF INJURY,0,0,0,0,0,3,0,15,2,6,,,,,
CLEAR,DAYLIGHT,SIDESWIPE SAME DIRECTION,FOUR WAY,,STRAIGHT AND LEVEL,DRY,NO DEFECTS,ON SCENE,NO INJURY / DRIVE AWAY,Y,,,"OVER $1,500",06/09/2025 11:55,IMPROPER LANE USAGE,NOT APPLICABLE,6000,N,MANNHEIM RD,1654,,,,,,,2,NO INDICATION OF INJURY,0,0,0,0,0,2,0,11,2,6,,,,,
CLEAR,DAYLIGHT,OTHER OBJECT,NOT DIVIDED,,STRAIGHT AND LEVEL,DRY,NO DEFECTS,ON SCENE,NO INJURY / DRIVE AWAY,,,,"$501 - $1,500",08/28/2025 19:17,IMPROPER OVERTAKING/PASSING,IMPROPER OVERTAKING/PASSING,1027,W,ADDISON ST,1924,,,,,,,1,NO INDICATION OF INJURY,0,0,0,0,0,1,0,19,5,8,,,,,
CLEAR,DAYLIGHT,REAR END,NOT DIVIDED,,STRAIGHT AND LEVEL,DRY,NO DEFECTS,ON SCENE,NO INJURY / DRIVE AWAY,,,,"OVER $1,500",03/19/2025 9:58,FOLLOWING TOO CLOSELY,UNABLE TO DETERMINE,5028,N,WESTERN AVE,2031,,,,,,,2,NO INDICATION OF INJURY,0,0,0,0,0,2,0,9,4,3,,,,,
CLEAR,DAYLIGHT,PARKED MOTOR VEHICLE,CENTER TURN LANE,,STRAIGHT AND LEVEL,DRY,UNKNOWN,ON SCENE,NO INJURY / DRIVE AWAY,,,,"OVER $1,500",04/08/2025 16:13,FAILING TO YIELD RIGHT-OF-WAY,NOT APPLICABLE,2950,W,IRVING PARK RD,1724,,,,,,,2,NO INDICATION OF INJURY,0,0,0,0,0,1,0,16,3,4,,,,,
CLEAR,DAYLIGHT,REAR END,DIVIDED - W/MEDIAN (NOT RAISED),,STRAIGHT AND LEVEL,DRY,UNKNOWN,NOT ON SCENE (DESK REPORT),NO INJURY / DRIVE AWAY,,,,"OVER $1,500",04/08/2025 16:15,FOLLOWING TOO CLOSELY,NOT APPLICABLE,8130,S,DR MARTIN LUTHER KING JR DR,631,,,,,,,3,NO INDICATION OF INJURY,0,0,0,0,0,3,0,15,3,4,,,,,
RAIN,DUSK,SIDESWIPE SAME DIRECTION,DIVIDED - W/MEDIAN (NOT RAISED),,STRAIGHT AND LEVEL,WET,NO DEFECTS,,INJURY AND / OR TOW DUE TO CRASH,,,,"OVER $1,500",03/19/2025 18:18,FAILING TO YIELD RIGHT-OF-WAY,NOT APPLICABLE,7067,N,CLARK ST,2423,,,,,,,2,"REPORTED, NOT EVIDENT",1,0,0,0,1,2,0,18,4,3,,,,,
CLEAR,"DARKNESS, LIGHTED ROAD",SIDESWIPE SAME DIRECTION,Y-INTERSECTION,,STRAIGHT AND LEVEL,DRY,NO DEFECTS,ON SCENE,INJURY AND / OR TOW DUE TO CRASH,Y,,,"OVER $1,500",04/08/2025 19:55,FAILING TO YIELD RIGHT-OF-WAY,IMPROPER OVERTAKING/PASSING,1256,S,WESTERN AVE,1023,,,,,,,2,NONINCAPACITATING INJURY,1,0,0,1,0,2,0,19,3,4,,,,,
UNKNOWN,DAYLIGHT,PARKED MOTOR VEHICLE,NOT DIVIDED,,STRAIGHT AND LEVEL,UNKNOWN,NO DEFECTS,NOT ON SCENE (DESK REPORT),NO INJURY / DRIVE AWAY,,,Y,"OVER $1,500",03/19/2025 15:00,UNABLE TO DETERMINE,NOT APPLICABLE,1934,W,21ST ST,1234,,,,,,,2,NO INDICATION OF INJURY,0,0,0,0,0,1,0,9,4,3,,,,,
UNKNOWN,"DARKNESS, LIGHTED ROAD",PARKED MOTOR VEHICLE,ONE-WAY,,STRAIGHT AND LEVEL,UNKNOWN,UNKNOWN,NOT ON SCENE (DESK REPORT),NO INJURY / DRIVE AWAY,,,Y,"OVER $1,500",03/20/2025 10:04,UNABLE TO DETERMINE,UNABLE TO DETERMINE,7259,S,PRAIRIE AVE,323,,,,,,,2,NO INDICATION OF INJURY,0,0,0,0,0,1,0,19,4,3,,,,,
RAIN,DAYLIGHT,ANGLE,FOUR WAY,,STRAIGHT AND LEVEL,WET,NO DEFECTS,ON SCENE,INJURY AND / OR TOW DUE TO CRASH,Y,,,"OVER $1,500",03/19/2025 15:45,FAILING TO YIELD RIGHT-OF-WAY,FAILING TO REDUCE SPEED TO AVOID CRASH,1600,W,CARMEN AVE,2032,,,,,,,2,NO INDICATION OF INJURY,0,0,0,0,0,2,0,15,4,3,,,,,
CLEAR,DAYLIGHT,REAR END,DIVIDED - W/MEDIAN (NOT RAISED),,STRAIGHT AND LEVEL,DRY,NO DEFECTS,ON SCENE,NO INJURY / DRIVE AWAY,,,,$500 OR LESS,06/09/2025 15:50,UNABLE TO DETERMINE,UNABLE TO DETERMINE,4320,S,CALIFORNIA AVE,922,,,,,,,2,NO INDICATION OF INJURY,0,0,0,0,0,5,0,15,2,6,,,,,
CLEAR,DAYLIGHT,REAR TO REAR,PARKING LOT,,STRAIGHT AND LEVEL,DRY,NO DEFECTS,NOT ON SCENE (DESK REPORT),NO INJURY / DRIVE AWAY,,,,"OVER $1,500",06/09/2025 18:02,IMPROPER BACKING,NOT APPLICABLE,6337,S,KEDZIE AVE,823,,,,,,,2,NO INDICATION OF INJURY,0,0,0,0,0,3,0,17,2,6,,,,,
CLEAR,"DARKNESS, LIGHTED ROAD",REAR END,DIVIDED - W/MEDIAN BARRIER,,STRAIGHT AND LEVEL,DRY,NO DEFECTS,ON SCENE,INJURY AND / OR TOW DUE TO CRASH,,,,"OVER $1,500",01/16/2025 20:24,DRIVING SKILLS/KNOWLEDGE/EXPERIENCE,DRIVING SKILLS/KNOWLEDGE/EXPERIENCE,4130,S,CICERO AVE,814,,,,,,,3,NO INDICATION OF INJURY,0,0,0,0,0,3,0,20,5,1,,,,,
CLEAR,DAYLIGHT,REAR TO FRONT,OTHER,,STRAIGHT AND LEVEL,DRY,NO DEFECTS,NOT ON SCENE (DESK REPORT),NO INJURY / DRIVE AWAY,,,,$500 OR LESS,10/05/2025 13:45,IMPROPER BACKING,UNABLE TO DETERMINE,1225,S,WABASH AVE,131,,,,,,,2,NO INDICATION OF INJURY,0,0,0,0,0,2,0,12,1,10,,,,,
OTHER,DAYLIGHT,FIXED OBJECT,DRIVEWAY,,STRAIGHT AND LEVEL,WET,NO DEFECTS,NOT ON SCENE (DESK REPORT),NO INJURY / DRIVE AWAY,,Y,,"OVER $1,500",08/28/2025 16:00,UNABLE TO DETERMINE,UNABLE TO DETERMINE,922,W,PERSHING RD,915,,,,,,,1,NO INDICATION OF INJURY,0,0,0,0,0,1,0,14,5,8,,,,,
CLEAR,DAYLIGHT,REAR END,DIVIDED - W/MEDIAN BARRIER,,STRAIGHT AND LEVEL,UNKNOWN,UNKNOWN,NOT ON SCENE (DESK REPORT),NO INJURY / DRIVE AWAY,,,,"OVER $1,500",01/16/2025 17:20,FOLLOWING TOO CLOSELY,FAILING TO REDUCE SPEED TO AVOID CRASH,58,N,LAKE SHORE DR SB,114,,,,,,,2,NO INDICATION OF INJURY,0,0,0,0,0,2,0,8,5,1,,,,,
CLEAR,DAYLIGHT,TURNING,T-INTERSECTION,,STRAIGHT AND LEVEL,DRY,NO DEFECTS,ON SCENE,NO INJURY / DRIVE AWAY,,,,"OVER $1,500",04/08/2025 8:42,UNABLE TO DETERMINE,UNABLE TO DETERMINE,198,S,MICHIGAN AVE,112,,,,,,,2,NO INDICATION OF INJURY,0,0,0,0,0,2,0,8,3,4,,,,,
CLEAR,DAYLIGHT,SIDESWIPE SAME DIRECTION,NOT DIVIDED,,STRAIGHT AND LEVEL,DRY,NO DEFECTS,ON SCENE,NO INJURY / DRIVE AWAY,,,,"OVER $1,500",04/08/2025 8:34,IMPROPER LANE USAGE,FAILING TO REDUCE SPEED TO AVOID CRASH,400,N,CICERO AVE,1532,,,,,,,2,NO INDICATION OF INJURY,0,0,0,0,0,2,0,8,3,4,,,,,
CLEAR,"DARKNESS, LIGHTED ROAD",SIDESWIPE SAME DIRECTION,DIVIDED - W/MEDIAN BARRIER,,STRAIGHT AND LEVEL,WET,NO DEFECTS,ON SCENE,NO INJURY / DRIVE AWAY,,,Y,$500 OR LESS,03/19/2025 21:11,FOLLOWING TOO CLOSELY,FAILING TO REDUCE SPEED TO AVOID CRASH,5501,S,HARLEM AVE,811,,,,,,,2,NO INDICATION OF INJURY,0,0,0,0,0,2,0,21,4,3,,,,,
CLOUDY/OVERCAST,DAYLIGHT,REAR END,NOT DIVIDED,,STRAIGHT AND LEVEL,WET,NO DEFECTS,ON SCENE,INJURY AND / OR TOW DUE TO CRASH,,,Y,"OVER $1,500",01/16/2025 9:12,UNABLE TO DETERMINE,NOT APPLICABLE,5985,S,ARCHER AVE,811,,,,,,,2,NO INDICATION OF INJURY,0,0,0,0,0,3,0,9,5,1,,,,,
UNKNOWN,"DARKNESS, LIGHTED ROAD",REAR END,ONE-WAY,,STRAIGHT AND LEVEL,UNKNOWN,UNKNOWN,,NO INJURY / DRIVE AWAY,,,,"OVER $1,500",10/19/2025 19:45,FOLLOWING TOO CLOSELY,FAILING TO REDUCE SPEED TO AVOID CRASH,340,W,OHIO ST,1831,,,,,,,2,NO INDICATION OF INJURY,0,0,0,0,0,3,0,19,1,10,,,,,
CLEAR,DAYLIGHT,ANGLE,DIVIDED - W/MEDIAN (NOT RAISED),,STRAIGHT AND LEVEL,DRY,NO DEFECTS,NOT ON SCENE (DESK REPORT),INJURY AND / OR TOW DUE TO CRASH,,,,"$501 - $1,500",06/09/2025 20:33,FAILING TO YIELD RIGHT-OF-WAY,CELL PHONE USE OTHER THAN TEXTING,4035,W,63RD ST,813,,,,,,,2,NONINCAPACITATING INJURY,1,0,0,1,0,2,0,19,2,6,,,,,
RAIN,DAYLIGHT,ANGLE,NOT DIVIDED,,STRAIGHT AND LEVEL,WET,NO DEFECTS,NOT ON SCENE (DESK REPORT),NO INJURY / DRIVE AWAY,Y,,,"$501 - $1,500",03/19/2025 17:20,FAILING TO YIELD RIGHT-OF-WAY,FAILING TO YIELD RIGHT-OF-WAY,1500,S,CALIFORNIA BLVD,1022,,,,,,,2,NO INDICATION OF INJURY,0,0,0,0,0,2,0,16,4,3,,,,,
CLEAR,DAYLIGHT,OTHER OBJECT,ALLEY,,STRAIGHT AND LEVEL,DRY,NO DEFECTS,NOT ON SCENE (DESK REPORT),NO INJURY / DRIVE AWAY,,Y,Y,"OVER $1,500",06/08/2025 12:48,UNABLE TO DETERMINE,NOT APPLICABLE,3215,N,PAGE AVE,1631,,,,,,,1,NO INDICATION OF INJURY,0,0,0,0,0,1,0,11,2,11,,,,,
CLEAR,DAYLIGHT,SIDESWIPE SAME DIRECTION,ONE-WAY,,STRAIGHT AND LEVEL,DRY,UNKNOWN,NOT ON SCENE (DESK REPORT),NO INJURY / DRIVE AWAY,,,,"OVER $1,500",04/08/2025 8:39,UNABLE TO DETERMINE,UNABLE TO DETERMINE,15,E,OHIO ST,1834,,,,,,,2,NO INDICATION OF INJURY,0,0,0,0,0,7,0,8,3,4,,,,,
CLEAR,DAYLIGHT,SIDESWIPE SAME DIRECTION,DIVIDED - W/MEDIAN BARRIER,,STRAIGHT AND LEVEL,DRY,NO DEFECTS,ON SCENE,NO INJURY / DRIVE AWAY,,,Y,"OVER $1,500",04/08/2025 8:55,IMPROPER OVERTAKING/PASSING,NOT APPLICABLE,4595,W,CHICAGO AVE,1111,,N,,,,,2,NO INDICATION OF INJURY,0,0,0,0,0,3,0,8,3,4,,,,,