WEATHER_CONDITION,LIGHTING_CONDITION,FIRST_CRASH_TYPE,TRAFFICWAY_TYPE,LANE_CNT,ALIGNMENT,ROADWAY_SURFACE_COND,ROAD_DEFECT,REPORT_TYPE,CRASH_TYPE,INTERSECTION_RELATED_I,NOT_RIGHT_OF_WAY_I,HIT_AND_RUN_I,DAMAGE,DATE_POLICE_NOTIFIED,PRIM_CONTRIBUTORY_CAUSE,SEC_CONTRIBUTORY_CAUSE,STREET_NO,STREET_DIRECTION,STREET_NAME,BEAT_OF_OCCURRENCE,PHOTOS_TAKEN_I,STATEMENTS_TAKEN_I,DOORING_I,WORK_ZONE_I,WORK_ZONE_TYPE,WORKERS_PRESENT_I,NUM_UNITS,MOST_SEVERE_INJURY,INJURIES_TOTAL,INJURIES_FATAL,INJURIES_INCAPACITATING,INJURIES_NON_INCAPACITATING,INJURIES_REPORTED_NOT_EVIDENT,INJURIES_NO_INDICATION,INJURIES_UNKNOWN,CRASH_HOUR,CRASH_DAY_OF_WEEK,CRASH_MONTH,INJURIES_NO_INDICATION,INJURIES_UNKNOWN,CRASH_HOUR,CRASH_DAY_OF_WEEK,CRASH_MONTH
CLEAR,DAYLIGHT,SIDESWIPE SAME DIRECTION,FOUR WAY,,STRAIGHT AND LEVEL,DRY,NO DEFECTS,NOT ON SCENE (DESK REPORT),NO INJURY / DRIVE AWAY,Y,,,"OVER $1,500",04/08/2025 14:00,UNABLE TO DETERMINE,NOT APPLICABLE,11858,S,MARSHFIELD AVE,2234,,,,,,,2,NO INDICATION OF INJURY,0,0,0,0,0,2,0,7,3,4,,,,,
CLEAR,DUSK,ANGLE,FOUR WAY,,STRAIGHT AND LEVEL,DRY,NO DEFECTS,ON SCENE,NO INJURY / DRIVE AWAY,Y,,Y,"OVER $1,500",02/25/2025 8:42,IMPROPER OVERTAKING/PASSING,UNABLE TO DETERMINE,9,E,119TH ST,532,,,,,,,2,NO INDICATION OF INJURY,0,0,0,0,0,2,0,20,2,2,,,,,
CLEAR,DAYLIGHT,SIDESWIPE SAME DIRECTION,DIVIDED - W/MEDIAN (NOT RAISED),,STRAIGHT AND LEVEL,DRY,NO DEFECTS,ON SCENE,NO INJURY / DRIVE AWAY,,,,"OVER $1,500",02/24/2025 9:13,IMPROPER OVERTAKING/PASSING,FAILING TO YIELD RIGHT-OF-WAY,1719,W,ARMITAGE AVE,1433,,,,,,,2,NO INDICATION OF INJURY,0,0,0,0,0,3,0,9,2,2,,,,,
CLEAR,DAYLIGHT,PARKED MOTOR VEHICLE,NOT DIVIDED,,STRAIGHT AND LEVEL,DRY,UNKNOWN,ON SCENE,NO INJURY / DRIVE AWAY,,,Y,"OVER $1,500",02/25/2025 16:08,UNABLE TO DETERMINE,NOT APPLICABLE,1642,W,JONQUIL TER,2422,,,,,,,2,NO INDICATION OF INJURY,0,0,0,0,0,1,0,10,3,2,,,,,
SNOW,DARKNESS,PARKED MOTOR VEHICLE,ONE-WAY,,STRAIGHT AND LEVEL,SNOW OR SLUSH,NO DEFECTS,NOT ON SCENE (DESK REPORT),NO INJURY / DRIVE AWAY,,,Y,"OVER $1,500",02/25/2025 14:30,NOT APPLICABLE,NOT APPLICABLE,3921,W,HURON ST,1122,Y,,,,,,2,NO INDICATION OF INJURY,0,0,0,0,0,1,0,2,4,2,,,,,
CLEAR,"DARKNESS, LIGHTED ROAD",PARKED MOTOR VEHICLE,ONE-WAY,,STRAIGHT AND LEVEL,DRY,NO DEFECTS,ON SCENE,NO INJURY / DRIVE AWAY,,,Y,"OVER $1,500",02/18/2025 22:53,DRIVING ON WRONG SIDE/WRONG WAY,NOT APPLICABLE,1111,N,LONG AVE,1524,,,,,,,2,NO INDICATION OF INJURY,0,0,0,0,0,2,0,22,3,2,,,,,
CLEAR,DAYLIGHT,SIDESWIPE SAME DIRECTION,ONE-WAY,,STRAIGHT AND LEVEL,DRY,NO DEFECTS,NOT ON SCENE (DESK REPORT),NO INJURY / DRIVE AWAY,,,,"OVER $1,500",02/25/2025 17:47,UNABLE TO DETERMINE,NOT APPLICABLE,3717,W,MC LEAN AVE,2525,,,,,,,2,NO INDICATION OF INJURY,0,0,0,0,0,2,0,16,7,2,,,,,
CLEAR,DAYLIGHT,PARKED MOTOR VEHICLE,PARKING LOT,,STRAIGHT AND LEVEL,DRY,UNKNOWN,ON SCENE,NO INJURY / DRIVE AWAY,,,Y,"OVER $1,500",02/25/2025 17:30,UNABLE TO DETERMINE,NOT APPLICABLE,1019,W,DIVERSEY PKWY,1935,,,,,,,2,NO INDICATION OF INJURY,0,0,0,0,0,1,0,16,2,2,,,,,
CLEAR,DAYLIGHT,PARKED MOTOR VEHICLE,ONE-WAY,,STRAIGHT AND LEVEL,DRY,NO DEFECTS,ON SCENE,INJURY AND / OR TOW DUE TO CRASH,,,Y,"OVER $1,500",02/25/2025 17:05,DRIVING ON WRONG SIDE/WRONG WAY,UNABLE TO DETERMINE,3321,N,DRAKE AVE,1732,,,,,,,3,NO INDICATION OF INJURY,0,0,0,0,0,1,0,17,3,2,,,,,
CLEAR,DAYLIGHT,PEDESTRIAN,ONE-WAY,,STRAIGHT AND LEVEL,DRY,NO DEFECTS,ON SCENE,INJURY AND / OR TOW DUE TO CRASH,,,,"OVER $1,500",02/25/2025 11:38,UNABLE TO DETERMINE,UNABLE TO DETERMINE,4625,N,CLIFTON AVE,1913,,,,,,,2,NONINCAPACITATING INJURY,1,0,0,1,0,1,0,11,3,2,,,,,
CLEAR,DAYLIGHT,SIDESWIPE SAME DIRECTION,DIVIDED - W/MEDIAN (NOT RAISED),,STRAIGHT AND LEVEL,DRY,UNKNOWN,NOT ON SCENE (DESK REPORT),NO INJURY / DRIVE AWAY,,,Y,"OVER $1,500",02/25/2025 16:10,UNABLE TO DETERMINE,UNABLE TO DETERMINE,5535,W,GRAND AVE,2515,,,,,,,2,NO INDICATION OF INJURY,0,0,0,0,0,5,0,15,3,2,,,,,
CLEAR,"DARKNESS, LIGHTED ROAD",SIDESWIPE SAME DIRECTION,NOT DIVIDED,,STRAIGHT AND LEVEL,DRY,NO DEFECTS,NOT ON SCENE (DESK REPORT),NO INJURY / DRIVE AWAY,,,Y,"OVER $1,500",07/16/2025 22:43,IMPROPER OVERTAKING/PASSING,FAILING TO YIELD RIGHT-OF-WAY,4201,S,PULASKI RD,821,,,,,,,2,NO INDICATION OF INJURY,0,0,0,0,0,2,0,21,4,7,,,,,
UNKNOWN,UNKNOWN,PARKED MOTOR VEHICLE,NOT DIVIDED,,STRAIGHT AND LEVEL,UNKNOWN,UNKNOWN,NOT ON SCENE (DESK REPORT),NO INJURY / DRIVE AWAY,,,,"OVER $1,500",05/27/2025 21:15,UNABLE TO DETERMINE,NOT APPLICABLE,2600,S,PRAIRIE AVE,133,,,,,,,2,NO INDICATION OF INJURY,0,0,0,0,0,1,0,3,2,5,,,,,
UNKNOWN,UNKNOWN,PARKED MOTOR VEHICLE,ONE-WAY,,STRAIGHT AND LEVEL,UNKNOWN,UNKNOWN,NOT ON SCENE (DESK REPORT),NO INJURY / DRIVE AWAY,,,Y,"OVER $1,500",02/25/2025 13:50,UNABLE TO DETERMINE,UNABLE TO DETERMINE,2416,N,LOREL AVE,2515,,,,,,,2,NO INDICATION OF INJURY,0,0,0,0,0,1,0,12,7,2,,,,,
UNKNOWN,DARKNESS,ANGLE,NOT DIVIDED,,STRAIGHT AND LEVEL,UNKNOWN,UNKNOWN,NOT ON SCENE (DESK REPORT),NO INJURY / DRIVE AWAY,,,Y,"$501 - $1,500",02/25/2025 16:30,UNABLE TO DETERMINE,UNABLE TO DETERMINE,1432,E,67TH ST,321,,,,,,,2,NO INDICATION OF INJURY,0,0,0,0,0,2,0,20,1,2,,,,,
CLEAR,DAYLIGHT,PARKED MOTOR VEHICLE,NOT DIVIDED,,STRAIGHT AND LEVEL,DRY,NO DEFECTS,ON SCENE,NO INJURY / DRIVE AWAY,,,Y,"$501 - $1,500",02/24/2025 9:04,UNABLE TO DETERMINE,UNABLE TO DETERMINE,60,E,36TH PL,213,,,,,,,2,NO INDICATION OF INJURY,0,0,0,0,0,1,0,8,2,2,,,,,
CLEAR,DAYLIGHT,ANGLE,TRAFFIC ROUTE,,STRAIGHT AND LEVEL,DRY,NO DEFECTS,ON SCENE,NO INJURY / DRIVE AWAY,Y,,,"OVER $1,500",02/25/2025 8:34,DISREGARDING TRAFFIC SIGNALS,NOT APPLICABLE,2300,N,LINCOLN AVE,1812,,,,,,,2,NO INDICATION OF INJURY,0,0,0,0,0,4,0,8,3,2,,,,,
UNKNOWN,DUSK,TURNING,NOT DIVIDED,,STRAIGHT AND LEVEL,UNKNOWN,UNKNOWN,ON SCENE,INJURY AND / OR TOW DUE TO CRASH,,,Y,"OVER $1,500",02/25/2025 17:52,UNABLE TO DETERMINE,NOT APPLICABLE,3125,W,55TH ST,824,,,,,,,3,NONINCAPACITATING INJURY,2,0,0,2,0,4,0,17,3,2,,,,,
CLEAR,"DARKNESS, LIGHTED ROAD",TURNING,FOUR WAY,,STRAIGHT AND LEVEL,DRY,NO DEFECTS,ON SCENE,NO INJURY / DRIVE AWAY,Y,,Y,"OVER $1,500",02/26/2025 0:35,DISREGARDING TRAFFIC SIGNALS,FAILING TO YIELD RIGHT-OF-WAY,1605,N,WESTERN AVE,1434,,,,,,,2,NO INDICATION OF INJURY,0,0,0,0,0,2,0,0,4,2,,,,,
CLEAR,"DARKNESS, LIGHTED ROAD",OTHER OBJECT,PARKING LOT,,STRAIGHT AND LEVEL,DRY,UNKNOWN,NOT ON SCENE (DESK REPORT),NO INJURY / DRIVE AWAY,,,,"$501 - $1,500",04/08/2025 21:30,UNABLE TO DETERMINE,UNABLE TO DETERMINE,1306,E,47TH ST,222,,,,,,,1,NO INDICATION OF INJURY,0,0,0,0,0,1,0,20,3,4,,,,,
CLEAR,"DARKNESS, LIGHTED ROAD",FIXED OBJECT,NOT DIVIDED,,STRAIGHT AND LEVEL,DRY,NO DEFECTS,ON SCENE,INJURY AND / OR TOW DUE TO CRASH,,,,"OVER $1,500",04/08/2025 0:27,UNABLE TO DETERMINE,UNABLE TO DETERMINE,715,N,PULASKI RD,1112,,,,,,,1,NONINCAPACITATING INJURY,1,0,0,1,0,0,0,0,3,4,,,,,
CLEAR,"DARKNESS, LIGHTED ROAD",REAR END,NOT DIVIDED,,STRAIGHT AND LEVEL,DRY,NO DEFECTS,ON SCENE,INJURY AND / OR TOW DUE TO CRASH,Y,,,"$501 - $1,500",04/08/2025 23:37,FOLLOWING TOO CLOSELY,UNDER THE INFLUENCE OF ALCOHOL/DRUGS (USE WHEN ARREST IS EFFECTED),1028,W,SHERIDAN RD,2432,,,,,,,2,NO INDICATION OF INJURY,0,0,0,0,0,4,0,23,3,4,,,,,
CLEAR,DAYLIGHT,SIDESWIPE SAME DIRECTION,NOT DIVIDED,,STRAIGHT AND LEVEL,DRY,NO DEFECTS,ON SCENE,NO INJURY / DRIVE AWAY,,,Y,"OVER $1,500",04/08/2025 16:05,UNABLE TO DETERMINE,UNABLE TO DETERMINE,643,S,CLARK ST,123,,,,,,,2,NO INDICATION OF INJURY,0,0,0,0,0,2,0,15,3,4,,,,,
CLEAR,DAYLIGHT,PARKED MOTOR VEHICLE,OTHER,,STRAIGHT AND LEVEL,DRY,NO DEFECTS,ON SCENE,NO INJURY / DRIVE AWAY,,Y,Y,"$501 - $1,500",04/08/2025 13:42,UNABLE TO DETERMINE,UNABLE TO DETERMINE,222,E,HURON ST,1834,,,,,,,2,NO INDICATION OF INJURY,0,0,0,0,0,1,0,13,3,4,,,,,
UNKNOWN,UNKNOWN,SIDESWIPE SAME DIRECTION,NOT DIVIDED,,STRAIGHT AND LEVEL,UNKNOWN,UNKNOWN,NOT ON SCENE (DESK REPORT),NO INJURY / DRIVE AWAY,,,,$500 OR LESS,02/25/2025 16:07,UNABLE TO DETERMINE,UNABLE TO DETERMINE,1147,W,GRANVILLE AVE,2433,,,,,,,2,NO INDICATION OF INJURY,0,0,0,0,0,2,0,10,3,2,,,,,
CLEAR,DAYLIGHT,PARKED MOTOR VEHICLE,NOT DIVIDED,,STRAIGHT AND LEVEL,DRY,UNKNOWN,NOT ON SCENE (DESK REPORT),NO INJURY / DRIVE AWAY,,,,"$501 - $1,500",02/25/2025 9:30,UNABLE TO DETERMINE,UNABLE TO DETERMINE,9717,S,MORGAN ST,2223,,,,,,,2,NO INDICATION OF INJURY,0,0,0,0,0,1,0,11,2,2,,,,,
CLEAR,DAWN,REAR END,DIVIDED - W/MEDIAN (NOT RAISED),,STRAIGHT AND LEVEL,DRY,NO DEFECTS,ON SCENE,INJURY AND / OR TOW DUE TO CRASH,,,,"OVER $1,500",02/25/2025 13:25,FAILING TO REDUCE SPEED TO AVOID CRASH,FAILING TO REDUCE SPEED TO AVOID CRASH,1456,W,ADDISON ST,1922,,,,,,,2,NONINCAPACITATING INJURY,2,0,0,2,0,1,0,13,3,2,,,,,
CLEAR,DAYLIGHT,REAR TO SIDE,PARKING LOT,,STRAIGHT AND LEVEL,DRY,NO DEFECTS,NOT ON SCENE (DESK REPORT),NO INJURY / DRIVE AWAY,,Y,Y,"OVER $1,500",02/25/2025 10:15,UNABLE TO DETERMINE,UNABLE TO DETERMINE,6059,N,LINCOLN AVE,1711,,,,,,,2,NO INDICATION OF INJURY,0,0,0,0,0,2,0,9,3,2,,,,,
CLEAR,"DARKNESS, LIGHTED ROAD",PARKED MOTOR VEHICLE,NOT DIVIDED,,STRAIGHT ON GRADE,DRY,NO DEFECTS,NOT ON SCENE (DESK REPORT),INJURY AND / OR TOW DUE TO CRASH,,,,"OVER $1,500",05/27/2025 18:10,DISTRACTION - FROM OUTSIDE VEHICLE,NOT APPLICABLE,329,W,91ST ST,634,,,,,,,2,NO INDICATION OF INJURY,0,0,0,0,0,1,0,23,2,5,,,,,
CLEAR,DAYLIGHT,REAR END,NOT DIVIDED,,STRAIGHT AND LEVEL,DRY,NO DEFECTS,NOT ON SCENE (DESK REPORT),NO INJURY / DRIVE AWAY,,,,"$501 - $1,500",04/08/2025 14:19,IMPROPER BACKING,NOT APPLICABLE,1998,W,47TH ST,924,,,,,,,2,NO INDICATION OF INJURY,0,0,0,0,0,2,0,13,3,4,,,,,
CLEAR,DAYLIGHT,ANGLE,FOUR WAY,,STRAIGHT AND LEVEL,DRY,NO DEFECTS,ON SCENE,INJURY AND / OR TOW DUE TO CRASH,Y,,,"OVER $1,500",05/26/2025 9:15,DISREGARDING STOP SIGN,FAILING TO REDUCE SPEED TO AVOID CRASH,10600,S,DR MARTIN LUTHER KING JR DR,512,,,,,,,4,INCAPACITATING INJURY,2,0,2,0,0,0,0,9,2,5,,,,,
UNKNOWN,UNKNOWN,PARKED MOTOR VEHICLE,NOT DIVIDED,,STRAIGHT AND LEVEL,UNKNOWN,UNKNOWN,NOT ON SCENE (DESK REPORT),NO INJURY / DRIVE AWAY,,,Y,"OVER $1,500",02/25/2025 13:50,UNABLE TO DETERMINE,UNABLE TO DETERMINE,1330,W,FULTON ST,1215,,,,,,,2,NO INDICATION OF INJURY,0,0,0,0,0,1,0,11,4,2,,,,,
UNKNOWN,UNKNOWN,REAR END,ONE-WAY,,STRAIGHT ON GRADE,UNKNOWN,UNKNOWN,NOT ON SCENE (DESK REPORT),NO INJURY / DRIVE AWAY,,,Y,"OVER $1,500",02/24/2025 11:55,NOT APPLICABLE,NOT APPLICABLE,5162,W,HARRISON ST,1533,,,,,,,2,NO INDICATION OF INJURY,0,0,0,0,0,2,0,22,6,2,,,,,
UNKNOWN,UNKNOWN,PARKED MOTOR VEHICLE,NOT DIVIDED,,STRAIGHT AND LEVEL,DRY,NO DEFECTS,NOT ON SCENE (DESK REPORT),NO INJURY / DRIVE AWAY,,,Y,"OVER $1,500",02/25/2025 15:40,UNABLE TO DETERMINE,NOT APPLICABLE,1207,S,KOSTNER AVE,1011,,,,,,,2,NO INDICATION OF INJURY,0,0,0,0,0,1,0,16,2,2,,,,,
CLEAR,DAYLIGHT,REAR END,OTHER,,STRAIGHT AND LEVEL,UNKNOWN,UNKNOWN,NOT ON SCENE (DESK REPORT),NO INJURY / DRIVE AWAY,,,,"OVER $1,500",02/25/2025 13:35,UNABLE TO DETERMINE,NOT APPLICABLE,8644,S,KEDZIE AVE,834,,,,,,,2,NO INDICATION OF INJURY,0,0,0,0,0,2,0,13,3,2,,,,,
CLEAR,"DARKNESS, LIGHTED ROAD",PARKED MOTOR VEHICLE,ONE-WAY,,STRAIGHT AND LEVEL,DRY,NO DEFECTS,NOT ON SCENE (DESK REPORT),NO INJURY / DRIVE AWAY,,,Y,$500 OR LESS,02/25/2025 21:40,UNABLE TO DETERMINE,UNABLE TO DETERMINE,3834,W,MAYPOLE AVE,1122,,,,,,,2,NO INDICATION OF INJURY,0,0,0,0,0,1,0,18,3,2,,,,,
CLEAR,"DARKNESS, LIGHTED ROAD",REAR END,DIVIDED - W/MEDIAN (NOT RAISED),,STRAIGHT AND LEVEL,DRY,NO DEFECTS,ON SCENE,INJURY AND / OR TOW DUE TO CRASH,Y,,,"OVER $1,500",02/25/2025 20:00,DISREGARDING YIELD SIGN,NOT APPLICABLE,198,E,MARQUETTE RD,322,,,,,,,2,NONINCAPACITATING INJURY,2,0,0,2,0,0,0,20,3,2,,,,,
CLEAR,DAYLIGHT,ANGLE,FOUR WAY,,STRAIGHT AND LEVEL,DRY,NO DEFECTS,ON SCENE,NO INJURY / DRIVE AWAY,,,,"OVER $1,500",04/08/2025 16:47,FAILING TO YIELD RIGHT-OF-WAY,FAILING TO YIELD RIGHT-OF-WAY,7501,S,LAFAYETTE AVE,623,,,,,,,2,NO INDICATION OF INJURY,0,0,0,0,0,3,0,16,3,4,,,,,
CLEAR,DAYLIGHT,SIDESWIPE SAME DIRECTION,DIVIDED - W/MEDIAN (NOT RAISED),,STRAIGHT AND LEVEL,DRY,NO DEFECTS,ON SCENE,NO INJURY / DRIVE AWAY,,,,"OVER $1,500",04/08/2025 16:45,FAILING TO YIELD RIGHT-OF-WAY,UNABLE TO DETERMINE,11105,S,HOMAN AVE,2211,,Y,,,,,2,NO INDICATION OF INJURY,0,0,0,0,0,2,0,16,3,4,,,,,
SNOW,DARKNESS,PARKED MOTOR VEHICLE,DIVIDED - W/MEDIAN (NOT RAISED),,STRAIGHT AND LEVEL,SNOW OR SLUSH,UNKNOWN,NOT ON SCENE (DESK REPORT),NO INJURY / DRIVE AWAY,,,Y,"OVER $1,500",02/25/2025 17:33,UNABLE TO DETERMINE,NOT APPLICABLE,3049,N,OAK PARK AVE,2511,,,,,,,2,NO INDICATION OF INJURY,0,0,0,0,0,1,0,1,6,2,,,,,
CLEAR,"DARKNESS, LIGHTED ROAD",PARKED MOTOR VEHICLE,NOT DIVIDED,,STRAIGHT AND LEVEL,DRY,NO DEFECTS,ON SCENE,INJURY AND / OR TOW DUE TO CRASH,,,,"OVER $1,500",02/21/2025 22:23,PHYSICAL CONDITION OF DRIVER,PHYSICAL CONDITION OF DRIVER,2398,W,FULLERTON AVE,1432,,,,,,,3,NO INDICATION OF INJURY,0,0,0,0,0,1,0,22,6,2,,,,,
UNKNOWN,"DARKNESS, LIGHTED ROAD",FIXED OBJECT,OTHER,,STRAIGHT AND LEVEL,UNKNOWN,UNKNOWN,ON SCENE,INJURY AND / OR TOW DUE TO CRASH,,Y,Y,"OVER $1,500",02/24/2025 7:49,UNABLE TO DETERMINE,NOT APPLICABLE,836,E,95TH ST,413,,,,,,,1,NO INDICATION OF INJURY,0,0,0,0,0,1,0,3,2,2,,,,,
CLEAR,DAYLIGHT,SIDESWIPE SAME DIRECTION,DIVIDED - W/MEDIAN (NOT RAISED),,STRAIGHT AND LEVEL,DRY,NO DEFECTS,NOT ON SCENE (DESK REPORT),NO INJURY / DRIVE AWAY,Y,,,"OVER $1,500",02/25/2025 9:40,IMPROPER LANE USAGE,FAILING TO YIELD RIGHT-OF-WAY,5700,N,NAGLE AVE,1612,,,,,,,2,NO INDICATION OF INJURY,0,0,0,0,0,2,0,9,3,2,,,,,
CLEAR,DAYLIGHT,REAR END,FOUR WAY,,STRAIGHT AND LEVEL,DRY,NO DEFECTS,ON SCENE,NO INJURY / DRIVE AWAY,Y,,,"OVER $1,500",02/25/2025 16:45,FOLLOWING TOO CLOSELY,FAILING TO REDUCE SPEED TO AVOID CRASH,398,E,79TH ST,623,,,,,,,2,NO INDICATION OF INJURY,0,0,0,0,0,2,0,16,3,2,,,,,
CLEAR,DAYLIGHT,OTHER OBJECT,FOUR WAY,,STRAIGHT AND LEVEL,DRY,UNKNOWN,ON SCENE,INJURY AND / OR TOW DUE TO CRASH,Y,,,"$501 - $1,500",04/08/2025 9:17,DISREGARDING STOP SIGN,NOT APPLICABLE,799,N,OAKLEY BLVD,1221,,,,,,,2,NONINCAPACITATING INJURY,3,0,0,3,0,1,0,8,3,4,,,,,
CLEAR,DAYLIGHT,REAR END,ONE-WAY,,STRAIGHT AND LEVEL,DRY,NO DEFECTS,NOT ON SCENE (DESK REPORT),NO INJURY / DRIVE AWAY,,,,"OVER $1,500",05/26/2025 13:54,FOLLOWING TOO CLOSELY,NOT APPLICABLE,2801,N,NATCHEZ AVE,2511,,,,,,,2,NO INDICATION OF INJURY,0,0,0,0,0,2,0,13,2,5,,,,,
CLEAR,DAYLIGHT,SIDESWIPE SAME DIRECTION,"FIVE POINT, OR MORE",,STRAIGHT AND LEVEL,DRY,NO DEFECTS,NOT ON SCENE (DESK REPORT),NO INJURY / DRIVE AWAY,,,,"OVER $1,500",05/26/2025 19:15,FAILING TO YIELD RIGHT-OF-WAY,FAILING TO YIELD RIGHT-OF-WAY,697,N,LAKE SHORE DR NB,1834,,,,,,,2,NO INDICATION OF INJURY,0,0,0,0,0,2,0,18,2,5,,,,,
CLEAR,DAYLIGHT,REAR TO SIDE,PARKING LOT,,STRAIGHT AND LEVEL,DRY,NO DEFECTS,NOT ON SCENE (DESK REPORT),NO INJURY / DRIVE AWAY,,Y,,"OVER $1,500",05/26/2025 8:30,IMPROPER BACKING,IMPROPER BACKING,10921,S,LONGWOOD DR,2212,,,,,,,2,NO INDICATION OF INJURY,0,0,0,0,0,2,0,7,2,5,,,,,
UNKNOWN,UNKNOWN,REAR END,NOT DIVIDED,,STRAIGHT AND LEVEL,UNKNOWN,UNKNOWN,NOT ON SCENE (DESK REPORT),NO INJURY / DRIVE AWAY,,,,"OVER $1,500",04/08/2025 19:10,FOLLOWING TOO CLOSELY,UNABLE TO DETERMINE,4801,N,AUSTIN AVE,1622,,,,,,,2,NO INDICATION OF INJURY,0,0,0,0,0,2,0,7,3,4,,,,,
CLEAR,DAYLIGHT,REAR TO FRONT,T-INTERSECTION,,STRAIGHT AND LEVEL,DRY,NO DEFECTS,ON SCENE,NO INJURY / DRIVE AWAY,Y,,,"$501 - $1,500",04/08/2025 15:39,IMPROPER BACKING,NOT APPLICABLE,10000,W,OHARE ST,1651,,,,,,,2,NO INDICATION OF INJURY,0,0,0,0,0,2,0,15,3,4,,,,,
CLEAR,"DARKNESS, LIGHTED ROAD",PARKED MOTOR VEHICLE,DIVIDED - W/MEDIAN (NOT RAISED),,STRAIGHT AND LEVEL,DRY,NO DEFECTS,NOT ON SCENE (DESK REPORT),INJURY AND / OR TOW DUE TO CRASH,,,,"OVER $1,500",02/23/2025 22:41,UNDER THE INFLUENCE OF ALCOHOL/DRUGS (USE WHEN ARREST IS EFFECTED),NOT APPLICABLE,13657,S,BRAINARD AVE,433,,,,,,,2,NO INDICATION OF INJURY,0,0,0,0,0,2,0,22,1,2,,,,,
CLEAR,DAYLIGHT,SIDESWIPE SAME DIRECTION,NOT DIVIDED,,STRAIGHT AND LEVEL,DRY,NO DEFECTS,NOT ON SCENE (DESK REPORT),NO INJURY / DRIVE AWAY,Y,,,"OVER $1,500",02/25/2025 15:45,DRIVING SKILLS/KNOWLEDGE/EXPERIENCE,NOT APPLICABLE,5750,S,ARCHER AVE,814,,,,,,,2,NO INDICATION OF INJURY,0,0,0,0,0,2,0,14,3,2,,,,,
CLEAR,DARKNESS,PARKED MOTOR VEHICLE,DIVIDED - W/MEDIAN (NOT RAISED),,STRAIGHT AND LEVEL,DRY,NO DEFECTS,NOT ON SCENE (DESK REPORT),NO INJURY / DRIVE AWAY,,,Y,"OVER $1,500",02/07/2025 11:40,UNABLE TO DETERMINE,NOT APPLICABLE,5434,S,ARCHER AVE,814,,,,,,,2,NO INDICATION OF INJURY,0,0,0,0,0,1,0,5,6,2,,,,,
CLEAR,DAYLIGHT,ANGLE,FOUR WAY,,STRAIGHT AND LEVEL,DRY,NO DEFECTS,NOT ON SCENE (DESK REPORT),INJURY AND / OR TOW DUE TO CRASH,N,,Y,"$501 - $1,500",04/08/2025 17:45,DISREGARDING STOP SIGN,NOT APPLICABLE,4705,W,WEST END AVE,1113,,,,,,,2,NONINCAPACITATING INJURY,3,0,0,3,0,1,0,17,3,4,,,,,
CLEAR,DAYLIGHT,REAR TO FRONT,NOT DIVIDED,,STRAIGHT AND LEVEL,DRY,NO DEFECTS,ON SCENE,NO INJURY / DRIVE AWAY,,,,"$501 - $1,500",04/08/2025 10:29,IMPROPER BACKING,FAILING TO REDUCE SPEED TO AVOID CRASH,1150,S,CENTRAL AVE,1513,,,,,,,2,NO INDICATION OF INJURY,0,0,0,0,0,2,0,10,3,4,,,,,
CLOUDY/OVERCAST,"DARKNESS, LIGHTED ROAD",TURNING,NOT DIVIDED,,STRAIGHT AND LEVEL,UNKNOWN,NO DEFECTS,NOT ON SCENE (DESK REPORT),NO INJURY / DRIVE AWAY,Y,,Y,"OVER $1,500",02/25/2025 17:25,UNABLE TO DETERMINE,UNABLE TO DETERMINE,6702,S,DORCHESTER AVE,321,,,,,,,2,NO INDICATION OF INJURY,0,0,0,0,0,2,0,18,2,2,,,,,
CLEAR,DAYLIGHT,PARKED MOTOR VEHICLE,NOT DIVIDED,,STRAIGHT AND LEVEL,DRY,UNKNOWN,ON SCENE,NO INJURY / DRIVE AWAY,,,Y,"OVER $1,500",02/25/2025 20:37,FAILING TO REDUCE SPEED TO AVOID CRASH,UNABLE TO DETERMINE,1719,W,AINSLIE ST,2032,N,,,,,,2,NO INDICATION OF INJURY,0,0,0,0,0,1,0,17,2,2,,,,,
CLEAR,DAYLIGHT,PARKED MOTOR VEHICLE,NOT DIVIDED,,STRAIGHT AND LEVEL,DRY,NO DEFECTS,NOT ON SCENE (DESK REPORT),NO INJURY / DRIVE AWAY,,,,$500 OR LESS,02/25/2025 14:10,FOLLOWING TOO CLOSELY,NOT APPLICABLE,845,W,BARRY AVE,1933,,,,,,,2,NO INDICATION OF INJURY,0,0,0,0,0,1,0,12,3,2,,,,,
CLEAR,DAYLIGHT,TURNING,DIVIDED - W/MEDIAN (NOT RAISED),,STRAIGHT AND LEVEL,DRY,NO DEFECTS,,NO INJURY / DRIVE AWAY,,,,"$501 - $1,500",02/25/2025 13:33,FAILING TO YIELD RIGHT-OF-WAY,FAILING TO YIELD RIGHT-OF-WAY,6600,N,ASHLAND AVE,2432,,,,,,,2,NO INDICATION OF INJURY,0,0,0,0,0,3,0,12,3,2,,,,,
CLEAR,DUSK,REAR TO SIDE,PARKING LOT,,STRAIGHT AND LEVEL,DRY,NO DEFECTS,ON SCENE,NO INJURY / DRIVE AWAY,,,,"$501 - $1,500",02/25/2025 17:38,IMPROPER BACKING,IMPROPER BACKING,2059,N,PULASKI RD,2525,,,,,,,2,NO INDICATION OF INJURY,0,0,0,0,0,2,0,17,3,2,,,,,