WEATHER_CONDITION,LIGHTING_CONDITION,FIRST_CRASH_TYPE,TRAFFICWAY_TYPE,LANE_CNT,ALIGNMENT,ROADWAY_SURFACE_COND,ROAD_DEFECT,REPORT_TYPE,CRASH_TYPE,INTERSECTION_RELATED_I,NOT_RIGHT_OF_WAY_I,HIT_AND_RUN_I,DAMAGE,DATE_POLICE_NOTIFIED,PRIM_CONTRIBUTORY_CAUSE,SEC_CONTRIBUTORY_CAUSE,STREET_NO,STREET_DIRECTION,STREET_NAME,BEAT_OF_OCCURRENCE,PHOTOS_TAKEN_I,STATEMENTS_TAKEN_I,DOORING_I,WORK_ZONE_I,WORK_ZONE_TYPE,WORKERS_PRESENT_I,NUM_UNITS,MOST_SEVERE_INJURY,INJURIES_TOTAL,INJURIES_FATAL,INJURIES_INCAPACITATING,INJURIES_NON_INCAPACITATING,INJURIES_REPORTED_NOT_EVIDENT,INJURIES_NO_INDICATION,INJURIES_UNKNOWN,CRASH_HOUR,CRASH_DAY_OF_WEEK,CRASH_MONTH,INJURIES_NO_INDICATION,INJURIES_UNKNOWN,CRASH_HOUR,CRASH_DAY_OF_WEEK,CRASH_MONTH
CLEAR,DAYLIGHT,SIDESWIPE SAME DIRECTION,DIVIDED - W/MEDIAN (NOT RAISED),,STRAIGHT AND LEVEL,DRY,NO DEFECTS,NOT ON SCENE (DESK REPORT),NO INJURY / DRIVE AWAY,Y,,,"OVER $1,500",04/08/2025 9:00,IMPROPER OVERTAKING/PASSING,NOT APPLICABLE,2401,W,51ST ST,923,,,,,,,2,NO INDICATION OF INJURY,0,0,0,0,0,2,0,7,3,4,,,,,
CLEAR,DAYLIGHT,ANGLE,ONE-WAY,,STRAIGHT AND LEVEL,DRY,NO DEFECTS,ON SCENE,INJURY AND / OR TOW DUE TO CRASH,,,,"OVER $1,500",04/08/2025 8:23,FAILING TO REDUCE SPEED TO AVOID CRASH,FAILING TO YIELD RIGHT-OF-WAY,4812,N,LAWNDALE AVE,1712,,,,,,,2,"REPORTED, NOT EVIDENT",1,0,0,0,1,2,0,8,3,4,,,,,
CLEAR,DAYLIGHT,FIXED OBJECT,NOT DIVIDED,,STRAIGHT AND LEVEL,DRY,NO DEFECTS,ON SCENE,INJURY AND / OR TOW DUE TO CRASH,,,,"OVER $1,500",04/08/2025 11:22,EQUIPMENT - VEHICLE CONDITION,NOT APPLICABLE,10000,S,COTTAGE GROVE AVE,511,,,,,,,1,"REPORTED, NOT EVIDENT",2,0,0,0,2,0,0,11,3,4,,,,,
CLEAR,DAYLIGHT,PARKED MOTOR VEHICLE,ONE-WAY,,STRAIGHT AND LEVEL,DRY,NO DEFECTS,NOT ON SCENE (DESK REPORT),NO INJURY / DRIVE AWAY,,,,"$501 - $1,500",04/08/2025 18:39,NOT APPLICABLE,NOT APPLICABLE,6059,S,KOLIN AVE,813,,,,,,,2,NO INDICATION OF INJURY,0,0,0,0,0,1,0,16,3,4,,,,,
CLEAR,DAYLIGHT,REAR END,DIVIDED - W/MEDIAN BARRIER,,STRAIGHT AND LEVEL,DRY,NO DEFECTS,ON SCENE,NO INJURY / DRIVE AWAY,,,,$500 OR LESS,04/08/2025 8:43,FAILING TO REDUCE SPEED TO AVOID CRASH,DISTRACTION - FROM INSIDE VEHICLE,4540,S,ASHLAND AVE,924,,,,,,,2,NO INDICATION OF INJURY,0,0,0,0,0,2,0,8,3,4,,,,,
RAIN,DAYLIGHT,SIDESWIPE SAME DIRECTION,ONE-WAY,,STRAIGHT AND LEVEL,WET,NO DEFECTS,ON SCENE,NO INJURY / DRIVE AWAY,,Y,,"OVER $1,500",09/11/2023 13:45,FAILING TO YIELD RIGHT-OF-WAY,NOT APPLICABLE,1,S,DOOR 4 ST,813,,,,,,,2,NO INDICATION OF INJURY,0,0,0,0,0,2,0,13,2,9,,,,,
CLEAR,"DARKNESS, LIGHTED ROAD",PARKED MOTOR VEHICLE,ALLEY,,STRAIGHT AND LEVEL,DRY,UNKNOWN,ON SCENE,NO INJURY / DRIVE AWAY,,,,"OVER $1,500",04/08/2025 19:06,UNABLE TO DETERMINE,UNABLE TO DETERMINE,4814,W,ADAMS ST,1533,,,,,,,2,NO INDICATION OF INJURY,0,0,0,0,0,1,0,19,3,4,,,,,
CLEAR,DAYLIGHT,REAR END,ONE-WAY,,STRAIGHT AND LEVEL,DRY,UNKNOWN,NOT ON SCENE (DESK REPORT),NO INJURY / DRIVE AWAY,,,Y,"OVER $1,500",04/08/2025 8:40,FOLLOWING TOO CLOSELY,UNABLE TO DETERMINE,2934,W,PALMER ST,1414,,,,,,,2,NO INDICATION OF INJURY,0,0,0,0,0,2,0,7,3,4,,,,,
CLEAR,"DARKNESS, LIGHTED ROAD",ANGLE,OTHER,,STRAIGHT AND LEVEL,DRY,NO DEFECTS,ON SCENE,INJURY AND / OR TOW DUE TO CRASH,,,,"OVER $1,500",04/08/2025 22:49,UNABLE TO DETERMINE,UNABLE TO DETERMINE,5560,W,WABANSIA AVE,2532,,,,,,,3,NO INDICATION OF INJURY,0,0,0,0,0,2,0,21,3,4,,,,,
CLEAR,DAYLIGHT,SIDESWIPE OPPOSITE DIRECTION,PARKING LOT,,STRAIGHT AND LEVEL,DRY,NO DEFECTS,ON SCENE,NO INJURY / DRIVE AWAY,,Y,,"$501 - $1,500",02/11/2025 12:24,UNABLE TO DETERMINE,UNABLE TO DETERMINE,429,W,127TH ST,523,,,,N,,,2,NO INDICATION OF INJURY,0,0,0,0,0,2,0,12,3,2,,,,,
CLEAR,DAYLIGHT,SIDESWIPE SAME DIRECTION,NOT DIVIDED,,STRAIGHT AND LEVEL,DRY,NO DEFECTS,NOT ON SCENE (DESK REPORT),NO INJURY / DRIVE AWAY,Y,,,"OVER $1,500",04/08/2025 16:15,UNABLE TO DETERMINE,NOT APPLICABLE,3030,W,FULLERTON AVE,1414,,,,,,,2,NO INDICATION OF INJURY,0,0,0,0,0,2,0,15,3,4,,,,,
CLEAR,DAYLIGHT,SIDESWIPE SAME DIRECTION,FOUR WAY,,STRAIGHT AND LEVEL,DRY,NO DEFECTS,NOT ON SCENE (DESK REPORT),NO INJURY / DRIVE AWAY,Y,,,"OVER $1,500",04/08/2025 7:15,IMPROPER LANE USAGE,IMPROPER LANE USAGE,2800,W,103RD ST,2211,,,,,,,2,NO INDICATION OF INJURY,0,0,0,0,0,2,0,6,3,4,,,,,
UNKNOWN,UNKNOWN,REAR END,NOT DIVIDED,,STRAIGHT AND LEVEL,UNKNOWN,UNKNOWN,NOT ON SCENE (DESK REPORT),NO INJURY / DRIVE AWAY,,,,"$501 - $1,500",04/09/2025 13:00,UNABLE TO DETERMINE,NOT APPLICABLE,1660,N,LA SALLE DR,1814,,,,,,,2,NO INDICATION OF INJURY,0,0,0,0,0,2,0,8,3,4,,,,,
CLEAR,DAYLIGHT,PEDESTRIAN,UNKNOWN,,STRAIGHT AND LEVEL,DRY,NO DEFECTS,ON SCENE,INJURY AND / OR TOW DUE TO CRASH,,,,"OVER $1,500",04/08/2025 14:06,UNABLE TO DETERMINE,NOT APPLICABLE,2100,S,STATE ST,131,,,,,,,2,NONINCAPACITATING INJURY,1,0,0,1,0,1,0,14,3,4,,,,,
CLOUDY/OVERCAST,DAYLIGHT,TURNING,NOT DIVIDED,,STRAIGHT AND LEVEL,DRY,NO DEFECTS,ON SCENE,INJURY AND / OR TOW DUE TO CRASH,Y,,,"OVER $1,500",02/11/2025 14:53,FAILING TO YIELD RIGHT-OF-WAY,EQUIPMENT - VEHICLE CONDITION,4615,S,WESTERN BLVD,924,,,,,,,2,NO INDICATION OF INJURY,0,0,0,0,0,2,0,14,3,2,,,,,
CLEAR,"DARKNESS, LIGHTED ROAD",REAR END,FOUR WAY,,STRAIGHT AND LEVEL,DRY,NO DEFECTS,NOT ON SCENE (DESK REPORT),NO INJURY / DRIVE AWAY,Y,,,"OVER $1,500",04/08/2025 20:00,FOLLOWING TOO CLOSELY,NOT APPLICABLE,8101,S,HALSTED ST,622,,,,,,,2,NO INDICATION OF INJURY,0,0,0,0,0,2,0,19,3,4,,,,,
CLEAR,DAYLIGHT,REAR END,DIVIDED - W/MEDIAN (NOT RAISED),,STRAIGHT AND LEVEL,UNKNOWN,UNKNOWN,NOT ON SCENE (DESK REPORT),NO INJURY / DRIVE AWAY,,,,"OVER $1,500",04/08/2025 12:42,FOLLOWING TOO CLOSELY,NOT APPLICABLE,3110,W,DEVON AVE,2412,,,,,,,2,NO INDICATION OF INJURY,0,0,0,0,0,2,0,11,3,4,,,,,
CLEAR,DAYLIGHT,FIXED OBJECT,ALLEY,,STRAIGHT AND LEVEL,DRY,NO DEFECTS,NOT ON SCENE (DESK REPORT),NO INJURY / DRIVE AWAY,,Y,,"OVER $1,500",04/08/2025 14:00,UNABLE TO DETERMINE,UNABLE TO DETERMINE,5309,W,ADAMS ST,1522,,,,,,,1,NO INDICATION OF INJURY,0,0,0,0,0,1,0,13,3,4,,,,,
UNKNOWN,UNKNOWN,PARKED MOTOR VEHICLE,PARKING LOT,,STRAIGHT AND LEVEL,UNKNOWN,UNKNOWN,NOT ON SCENE (DESK REPORT),NO INJURY / DRIVE AWAY,,Y,,"OVER $1,500",04/10/2025 0:30,IMPROPER BACKING,UNABLE TO DETERMINE,2746,N,CLYBOURN AVE,1931,,,,,,,2,NO INDICATION OF INJURY,0,0,0,0,0,1,0,18,3,4,,,,,
CLEAR,DAYLIGHT,ANGLE,FOUR WAY,,STRAIGHT AND LEVEL,DRY,UNKNOWN,ON SCENE,INJURY AND / OR TOW DUE TO CRASH,Y,,,"OVER $1,500",08/05/2025 18:06,DISREGARDING STOP SIGN,NOT APPLICABLE,1298,N,HALSTED ST,1822,,,,,,,2,"REPORTED, NOT EVIDENT",1,0,0,0,1,4,0,17,3,8,,,,,
CLEAR,"DARKNESS, LIGHTED ROAD",TURNING,DIVIDED - W/MEDIAN (NOT RAISED),,STRAIGHT AND LEVEL,DRY,NO DEFECTS,ON SCENE,INJURY AND / OR TOW DUE TO CRASH,,,,"OVER $1,500",08/29/2025 19:15,UNABLE TO DETERMINE,NOT APPLICABLE,3853,N,CUMBERLAND AVE,1631,,,,,,,2,NO INDICATION OF INJURY,0,0,0,0,0,2,0,19,6,8,,,,,
CLEAR,DAYLIGHT,SIDESWIPE SAME DIRECTION,DIVIDED - W/MEDIAN BARRIER,,STRAIGHT AND LEVEL,DRY,NO DEFECTS,NOT ON SCENE (DESK REPORT),NO INJURY / DRIVE AWAY,,,,"OVER $1,500",06/10/2025 13:00,UNABLE TO DETERMINE,UNABLE TO DETERMINE,800,W,MARQUETTE RD,723,,,,,,,2,NO INDICATION OF INJURY,0,0,0,0,0,2,0,12,3,6,,,,,
CLEAR,DAWN,PARKED MOTOR VEHICLE,NOT DIVIDED,,STRAIGHT AND LEVEL,DRY,NO DEFECTS,ON SCENE,NO INJURY / DRIVE AWAY,,,,$500 OR LESS,04/08/2025 6:11,IMPROPER BACKING,IMPROPER BACKING,4500,S,PACKERS AVE,924,,,,,,,2,NO INDICATION OF INJURY,0,0,0,0,0,1,0,6,3,4,,,,,
CLEAR,DAYLIGHT,PARKED MOTOR VEHICLE,ONE-WAY,,STRAIGHT AND LEVEL,DRY,NO DEFECTS,ON SCENE,NO INJURY / DRIVE AWAY,,,,"$501 - $1,500",04/08/2025 11:55,UNABLE TO DETERMINE,UNABLE TO DETERMINE,20,S,SPRINGFIELD AVE,1122,,,,,,,2,NO INDICATION OF INJURY,0,0,0,0,0,1,0,11,3,4,,,,,
CLEAR,DAYLIGHT,REAR END,DIVIDED - W/MEDIAN BARRIER,,STRAIGHT AND LEVEL,DRY,NO DEFECTS,ON SCENE,INJURY AND / OR TOW DUE TO CRASH,,,Y,"OVER $1,500",04/08/2025 8:51,FOLLOWING TOO CLOSELY,UNABLE TO DETERMINE,11638,S,HALSTED ST,524,,,,,,,2,NONINCAPACITATING INJURY,2,0,0,1,1,1,0,8,3,4,,,,,
CLEAR,DAYLIGHT,PEDALCYCLIST,ALLEY,,STRAIGHT AND LEVEL,DRY,NO DEFECTS,ON SCENE,NO INJURY / DRIVE AWAY,,,,"OVER $1,500",04/08/2025 7:55,FAILING TO YIELD RIGHT-OF-WAY,DRIVING SKILLS/KNOWLEDGE/EXPERIENCE,3253,W,HOLLYWOOD AVE,1711,,,,,,,2,NO INDICATION OF INJURY,0,0,0,0,0,3,0,7,3,4,,,,,
CLEAR,DAYLIGHT,PARKED MOTOR VEHICLE,ONE-WAY,,STRAIGHT AND LEVEL,DRY,NO DEFECTS,ON SCENE,NO INJURY / DRIVE AWAY,,,Y,$500 OR LESS,02/11/2025 14:46,IMPROPER BACKING,NOT APPLICABLE,2411,N,MARSHFIELD AVE,1931,,,,,,,2,NO INDICATION OF INJURY,0,0,0,0,0,1,0,14,3,2,,,,,
CLEAR,DAYLIGHT,FIXED OBJECT,PARKING LOT,,STRAIGHT AND LEVEL,DRY,NO DEFECTS,ON SCENE,NO INJURY / DRIVE AWAY,,Y,,"OVER $1,500",04/08/2025 7:39,UNABLE TO DETERMINE,NOT APPLICABLE,4901,W,63RD ST,813,,,,,,,2,NO INDICATION OF INJURY,0,0,0,0,0,1,0,7,3,4,,,,,
CLEAR,DAYLIGHT,TURNING,OTHER,,"CURVE, LEVEL",DRY,NO DEFECTS,ON SCENE,INJURY AND / OR TOW DUE TO CRASH,,,,"$501 - $1,500",01/29/2025 16:10,IMPROPER TURNING/NO SIGNAL,UNABLE TO DETERMINE,2,W,TERMINAL ST,1652,,,,,,,2,"REPORTED, NOT EVIDENT",2,0,0,0,2,1,0,16,4,1,,,,,
CLEAR,DAYLIGHT,SIDESWIPE SAME DIRECTION,NOT DIVIDED,,STRAIGHT AND LEVEL,DRY,NO DEFECTS,ON SCENE,NO INJURY / DRIVE AWAY,N,,Y,"OVER $1,500",04/08/2025 16:31,IMPROPER OVERTAKING/PASSING,UNABLE TO DETERMINE,2656,W,AUGUSTA BLVD,1211,,Y,,,,,3,NO INDICATION OF INJURY,0,0,0,0,0,3,0,16,3,4,,,,,
CLEAR,DAYLIGHT,OTHER OBJECT,NOT DIVIDED,,STRAIGHT AND LEVEL,DRY,NO DEFECTS,NOT ON SCENE (DESK REPORT),NO INJURY / DRIVE AWAY,Y,,,"OVER $1,500",02/15/2025 12:50,NOT APPLICABLE,NOT APPLICABLE,754,W,34TH ST,915,,,,,,,1,NO INDICATION OF INJURY,0,0,0,0,0,1,0,11,3,2,,,,,
CLOUDY/OVERCAST,DAYLIGHT,REAR END,OTHER,,STRAIGHT AND LEVEL,WET,UNKNOWN,ON SCENE,NO INJURY / DRIVE AWAY,,,,"OVER $1,500",01/31/2025 16:43,UNABLE TO DETERMINE,NOT APPLICABLE,9800,W,KENNEDY EXPY IB,1654,,,,,,,4,NO INDICATION OF INJURY,0,0,0,0,0,4,0,16,6,1,,,,,
CLEAR,DAYLIGHT,FIXED OBJECT,NOT DIVIDED,,STRAIGHT AND LEVEL,DRY,UNKNOWN,ON SCENE,NO INJURY / DRIVE AWAY,,,,"OVER $1,500",05/26/2025 13:35,NOT APPLICABLE,NOT APPLICABLE,600,W,WILSON DR,1914,,,,,,,1,NO INDICATION OF INJURY,0,0,0,0,0,1,0,13,2,5,,,,,
UNKNOWN,DARKNESS,REAR END,NOT DIVIDED,,STRAIGHT AND LEVEL,UNKNOWN,UNKNOWN,NOT ON SCENE (DESK REPORT),NO INJURY / DRIVE AWAY,,,,"OVER $1,500",05/27/2025 6:40,UNABLE TO DETERMINE,NOT APPLICABLE,321,S,CANAL ST,121,,,,,,,2,NO INDICATION OF INJURY,0,0,0,0,0,2,0,22,2,5,,,,,
UNKNOWN,UNKNOWN,PARKED MOTOR VEHICLE,ONE-WAY,,STRAIGHT AND LEVEL,UNKNOWN,NO DEFECTS,ON SCENE,NO INJURY / DRIVE AWAY,,,Y,"OVER $1,500",02/12/2025 10:06,UNABLE TO DETERMINE,NOT APPLICABLE,4501,W,WELLINGTON AVE,2521,,,,,,,2,NO INDICATION OF INJURY,0,0,0,0,0,1,0,0,4,2,,,,,
CLEAR,DAYLIGHT,SIDESWIPE SAME DIRECTION,OTHER,,STRAIGHT AND LEVEL,DRY,NO DEFECTS,ON SCENE,NO INJURY / DRIVE AWAY,,,,"$501 - $1,500",06/15/2024 17:05,FAILING TO YIELD RIGHT-OF-WAY,DRIVING SKILLS/KNOWLEDGE/EXPERIENCE,1,W,TERMINAL ST,1651,,,,,,,2,NO INDICATION OF INJURY,0,0,0,0,0,3,0,17,7,6,,,,,
CLEAR,DAYLIGHT,TURNING,DIVIDED - W/MEDIAN (NOT RAISED),,STRAIGHT AND LEVEL,DRY,NO DEFECTS,ON SCENE,INJURY AND / OR TOW DUE TO CRASH,,,,"OVER $1,500",02/11/2025 17:00,FAILING TO YIELD RIGHT-OF-WAY,IMPROPER TURNING/NO SIGNAL,5121,N,EAST RIVER RD,1614,,,,,,,2,"REPORTED, NOT EVIDENT",1,0,0,0,1,1,0,16,3,2,,,,,
CLEAR,"DARKNESS, LIGHTED ROAD",SIDESWIPE OPPOSITE DIRECTION,DIVIDED - W/MEDIAN (NOT RAISED),,STRAIGHT AND LEVEL,DRY,NO DEFECTS,ON SCENE,NO INJURY / DRIVE AWAY,,,Y,"OVER $1,500",02/11/2025 18:34,IMPROPER OVERTAKING/PASSING,IMPROPER OVERTAKING/PASSING,13730,S,BRAINARD AVE,433,,,,Y,CONSTRUCTION,,2,NO INDICATION OF INJURY,0,0,0,0,0,2,0,18,3,2,,,,,
CLEAR,"DARKNESS, LIGHTED ROAD",REAR END,DIVIDED - W/MEDIAN (NOT RAISED),,STRAIGHT AND LEVEL,DRY,NO DEFECTS,ON SCENE,INJURY AND / OR TOW DUE TO CRASH,,,,"OVER $1,500",02/11/2025 19:40,PHYSICAL CONDITION OF DRIVER,NOT APPLICABLE,1809,N,HARLEM AVE,2513,,,,Y,UNKNOWN,,2,NONINCAPACITATING INJURY,1,0,0,1,0,1,0,19,3,2,,,,,
CLEAR,DAYLIGHT,REAR END,NOT DIVIDED,,STRAIGHT AND LEVEL,DRY,NO DEFECTS,NOT ON SCENE (DESK REPORT),NO INJURY / DRIVE AWAY,,,,"OVER $1,500",02/11/2025 9:30,FOLLOWING TOO CLOSELY,UNABLE TO DETERMINE,6303,S,CICERO AVE,813,,,,,,,2,NO INDICATION OF INJURY,0,0,0,0,0,2,0,8,3,2,,,,,
CLEAR,DAYLIGHT,PARKED MOTOR VEHICLE,DIVIDED - W/MEDIAN (NOT RAISED),,STRAIGHT AND LEVEL,DRY,UNKNOWN,NOT ON SCENE (DESK REPORT),NO INJURY / DRIVE AWAY,,,Y,"$501 - $1,500",02/11/2025 16:30,UNABLE TO DETERMINE,NOT APPLICABLE,1800,W,CHICAGO AVE,1212,Y,,,,,,2,NO INDICATION OF INJURY,0,0,0,0,0,1,0,10,3,2,,,,,
CLEAR,DAYLIGHT,REAR END,NOT DIVIDED,,STRAIGHT AND LEVEL,UNKNOWN,UNKNOWN,NOT ON SCENE (DESK REPORT),NO INJURY / DRIVE AWAY,,,,"OVER $1,500",05/26/2025 18:50,UNABLE TO DETERMINE,UNABLE TO DETERMINE,2511,N,KEDZIE BLVD,1414,,,,,,,2,NO INDICATION OF INJURY,0,0,0,0,0,2,0,17,2,5,,,,,
CLOUDY/OVERCAST,DAYLIGHT,REAR END,FOUR WAY,,STRAIGHT AND LEVEL,WET,UNKNOWN,ON SCENE,NO INJURY / DRIVE AWAY,Y,,,"$501 - $1,500",02/11/2025 9:49,FOLLOWING TOO CLOSELY,NOT APPLICABLE,2798,W,FOSTER AVE,2011,,,,,,,2,NO INDICATION OF INJURY,0,0,0,0,0,2,0,9,3,2,,,,,
CLEAR,DAYLIGHT,PARKED MOTOR VEHICLE,ONE-WAY,,STRAIGHT AND LEVEL,DRY,NO DEFECTS,NOT ON SCENE (DESK REPORT),NO INJURY / DRIVE AWAY,,,Y,"OVER $1,500",05/26/2025 20:01,UNABLE TO DETERMINE,NOT APPLICABLE,3144,W,40TH PL,921,,,,,,,2,NO INDICATION OF INJURY,0,0,0,0,0,1,0,16,2,5,,,,,
CLEAR,"DARKNESS, LIGHTED ROAD",REAR END,NOT DIVIDED,,STRAIGHT AND LEVEL,DRY,NO DEFECTS,NOT ON SCENE (DESK REPORT),NO INJURY / DRIVE AWAY,,,,"$501 - $1,500",02/11/2025 18:38,UNABLE TO DETERMINE,UNABLE TO DETERMINE,9500,S,HALSTED ST,2223,,,,,,,3,NO INDICATION OF INJURY,0,0,0,0,0,3,0,18,3,2,,,,,
UNKNOWN,"DARKNESS, LIGHTED ROAD",REAR TO FRONT,NOT DIVIDED,,STRAIGHT AND LEVEL,UNKNOWN,UNKNOWN,ON SCENE,NO INJURY / DRIVE AWAY,,,Y,"OVER $1,500",05/26/2025 22:21,IMPROPER BACKING,UNABLE TO DETERMINE,4231,W,63RD ST,813,,Y,,,,,2,NO INDICATION OF INJURY,0,0,0,0,0,4,0,22,2,5,,,,,
CLEAR,DAYLIGHT,SIDESWIPE SAME DIRECTION,DIVIDED - W/MEDIAN (NOT RAISED),,STRAIGHT AND LEVEL,DRY,UNKNOWN,NOT ON SCENE (DESK REPORT),NO INJURY / DRIVE AWAY,,,,"OVER $1,500",05/27/2025 11:00,DRIVING SKILLS/KNOWLEDGE/EXPERIENCE,UNABLE TO DETERMINE,1554,W,21ST ST,1235,,,,,,,2,NO INDICATION OF INJURY,0,0,0,0,0,2,0,17,2,5,,,,,
CLEAR,DAYLIGHT,SIDESWIPE SAME DIRECTION,ONE-WAY,,STRAIGHT AND LEVEL,DRY,NO DEFECTS,NOT ON SCENE (DESK REPORT),NO INJURY / DRIVE AWAY,Y,,,"OVER $1,500",05/26/2025 15:23,FAILING TO REDUCE SPEED TO AVOID CRASH,FOLLOWING TOO CLOSELY,166,E,ILLINOIS ST,1834,,,,,,,2,NO INDICATION OF INJURY,0,0,0,0,0,3,0,12,2,5,,,,,
CLEAR,DAYLIGHT,PEDALCYCLIST,FOUR WAY,,STRAIGHT AND LEVEL,DRY,NO DEFECTS,ON SCENE,INJURY AND / OR TOW DUE TO CRASH,Y,,Y,$500 OR LESS,05/26/2025 16:06,FAILING TO REDUCE SPEED TO AVOID CRASH,FOLLOWING TOO CLOSELY,3902,N,SHERIDAN RD,1923,,,,,,,2,NONINCAPACITATING INJURY,1,0,0,1,0,1,0,16,2,5,,,,,
CLEAR,DAYLIGHT,REAR TO FRONT,ONE-WAY,,STRAIGHT AND LEVEL,DRY,NO DEFECTS,NOT ON SCENE (DESK REPORT),NO INJURY / DRIVE AWAY,,,,"$501 - $1,500",05/26/2025 19:15,IMPROPER LANE USAGE,UNABLE TO DETERMINE,360,W,WELLINGTON AVE,1934,,,,,,,2,NO INDICATION OF INJURY,0,0,0,0,0,2,0,18,2,5,,,,,
CLEAR,DAYLIGHT,PARKED MOTOR VEHICLE,PARKING LOT,,STRAIGHT AND LEVEL,DRY,NO DEFECTS,ON SCENE,NO INJURY / DRIVE AWAY,,Y,Y,"$501 - $1,500",05/26/2025 15:06,UNABLE TO DETERMINE,NOT APPLICABLE,1360,N,PULASKI RD,2534,,,,,,,2,NO INDICATION OF INJURY,0,0,0,0,0,1,0,14,2,5,,,,,
UNKNOWN,UNKNOWN,PARKED MOTOR VEHICLE,DIVIDED - W/MEDIAN (NOT RAISED),,STRAIGHT AND LEVEL,UNKNOWN,UNKNOWN,NOT ON SCENE (DESK REPORT),NO INJURY / DRIVE AWAY,,,Y,"OVER $1,500",05/26/2025 17:10,UNABLE TO DETERMINE,UNABLE TO DETERMINE,3700,W,CONGRESS PKWY,1133,,,,,,,2,NO INDICATION OF INJURY,0,0,0,0,0,1,0,15,2,5,,,,,
CLEAR,"DARKNESS, LIGHTED ROAD",FIXED OBJECT,NOT DIVIDED,,STRAIGHT AND LEVEL,DRY,WORN SURFACE,ON SCENE,INJURY AND / OR TOW DUE TO CRASH,,Y,,"OVER $1,500",02/11/2025 3:09,UNDER THE INFLUENCE OF ALCOHOL/DRUGS (USE WHEN ARREST IS EFFECTED),FAILING TO REDUCE SPEED TO AVOID CRASH,4351,S,HALSTED ST,925,Y,,,,,,1,NONINCAPACITATING INJURY,1,0,0,1,0,1,0,3,3,2,,,,,
CLOUDY/OVERCAST,DAYLIGHT,TURNING,NOT DIVIDED,,STRAIGHT AND LEVEL,WET,NO DEFECTS,ON SCENE,INJURY AND / OR TOW DUE TO CRASH,Y,,,"OVER $1,500",08/28/2025 8:46,FAILING TO YIELD RIGHT-OF-WAY,NOT APPLICABLE,6816,S,DR MARTIN LUTHER KING JR DR,322,,,,,,,2,"REPORTED, NOT EVIDENT",1,0,0,0,1,1,0,8,5,8,,,,,
CLEAR,DAYLIGHT,SIDESWIPE SAME DIRECTION,DIVIDED - W/MEDIAN BARRIER,,STRAIGHT AND LEVEL,DRY,NO DEFECTS,ON SCENE,NO INJURY / DRIVE AWAY,Y,,,$500 OR LESS,05/26/2025 13:10,IMPROPER OVERTAKING/PASSING,FAILING TO YIELD RIGHT-OF-WAY,6101,S,LAKE SHORE DR,331,,,,,,,2,NO INDICATION OF INJURY,0,0,0,0,0,2,0,13,2,5,,,,,
CLEAR,DAYLIGHT,SIDESWIPE SAME DIRECTION,DIVIDED - W/MEDIAN (NOT RAISED),,STRAIGHT AND LEVEL,DRY,NO DEFECTS,ON SCENE,INJURY AND / OR TOW DUE TO CRASH,,,,"OVER $1,500",02/11/2025 8:38,IMPROPER LANE USAGE,UNABLE TO DETERMINE,701,E,111TH ST,531,,,,,,,2,"REPORTED, NOT EVIDENT",1,0,0,0,1,1,0,8,3,2,,,,,
CLEAR,"DARKNESS, LIGHTED ROAD",PARKED MOTOR VEHICLE,NOT DIVIDED,,STRAIGHT AND LEVEL,DRY,NO DEFECTS,ON SCENE,NO INJURY / DRIVE AWAY,,,Y,"OVER $1,500",05/26/2025 9:07,UNABLE TO DETERMINE,UNABLE TO DETERMINE,4615,S,KNOX AVE,815,,,,,,,3,NO INDICATION OF INJURY,0,0,0,0,0,1,0,2,2,5,,,,,
CLEAR,DAYLIGHT,PARKED MOTOR VEHICLE,NOT DIVIDED,,STRAIGHT AND LEVEL,DRY,NO DEFECTS,ON SCENE,NO INJURY / DRIVE AWAY,,,N,"OVER $1,500",02/11/2025 15:47,UNABLE TO DETERMINE,UNABLE TO DETERMINE,907,N,CENTRAL AVE,1524,,,,,,,2,NO INDICATION OF INJURY,0,0,0,0,0,2,0,15,3,2,,,,,
CLEAR,DAYLIGHT,REAR END,DIVIDED - W/MEDIAN (NOT RAISED),,STRAIGHT AND LEVEL,DRY,NO DEFECTS,NOT ON SCENE (DESK REPORT),NO INJURY / DRIVE AWAY,Y,,,"OVER $1,500",05/26/2025 12:35,FOLLOWING TOO CLOSELY,UNABLE TO DETERMINE,5034,N,AUSTIN AVE,1622,,,,,,,2,NO INDICATION OF INJURY,0,0,0,0,0,2,0,12,2,5,,,,,
CLEAR,DAYLIGHT,TURNING,FOUR WAY,,STRAIGHT AND LEVEL,DRY,NO DEFECTS,ON SCENE,INJURY AND / OR TOW DUE TO CRASH,Y,,,"OVER $1,500",02/11/2025 16:54,DRIVING SKILLS/KNOWLEDGE/EXPERIENCE,UNABLE TO DETERMINE,900,W,74TH ST,733,,,,,,,2,NO INDICATION OF INJURY,0,0,0,0,0,4,0,16,3,2,,,,,
CLOUDY/OVERCAST,DAYLIGHT,PEDESTRIAN,FOUR WAY,,STRAIGHT AND LEVEL,DRY,UNKNOWN,ON SCENE,INJURY AND / OR TOW DUE TO CRASH,Y,,,"OVER $1,500",02/11/2025 16:37,UNABLE TO DETERMINE,UNABLE TO DETERMINE,2101,N,CICERO AVE,2522,,,,,,,2,NONINCAPACITATING INJURY,1,0,0,1,0,1,0,16,3,2,,,,,