WEATHER_CONDITION,LIGHTING_CONDITION,FIRST_CRASH_TYPE,TRAFFICWAY_TYPE,LANE_CNT,ALIGNMENT,ROADWAY_SURFACE_COND,ROAD_DEFECT,REPORT_TYPE,CRASH_TYPE,INTERSECTION_RELATED_I,NOT_RIGHT_OF_WAY_I,HIT_AND_RUN_I,DAMAGE,DATE_POLICE_NOTIFIED,PRIM_CONTRIBUTORY_CAUSE,SEC_CONTRIBUTORY_CAUSE,STREET_NO,STREET_DIRECTION,STREET_NAME,BEAT_OF_OCCURRENCE,PHOTOS_TAKEN_I,STATEMENTS_TAKEN_I,DOORING_I,WORK_ZONE_I,WORK_ZONE_TYPE,WORKERS_PRESENT_I,NUM_UNITS,MOST_SEVERE_INJURY,INJURIES_TOTAL,INJURIES_FATAL,INJURIES_INCAPACITATING,INJURIES_NON_INCAPACITATING,INJURIES_REPORTED_NOT_EVIDENT,INJURIES_NO_INDICATION,INJURIES_UNKNOWN,CRASH_HOUR,CRASH_DAY_OF_WEEK,CRASH_MONTH,INJURIES_NO_INDICATION,INJURIES_UNKNOWN,CRASH_HOUR,CRASH_DAY_OF_WEEK,CRASH_MONTH
CLEAR,DAYLIGHT,ANGLE,NOT DIVIDED,,STRAIGHT AND LEVEL,DRY,NO DEFECTS,ON SCENE,INJURY AND / OR TOW DUE TO CRASH,Y,,,"OVER $1,500",02/11/2025 14:22,FAILING TO YIELD RIGHT-OF-WAY,FAILING TO YIELD RIGHT-OF-WAY,1615,N,OAK PARK AVE,2513,,,,,,,2,NO INDICATION OF INJURY,0,0,0,0,0,4,0,14,3,2,,,,,
CLEAR,DAYLIGHT,SIDESWIPE SAME DIRECTION,FOUR WAY,,STRAIGHT AND LEVEL,DRY,WORN SURFACE,ON SCENE,INJURY AND / OR TOW DUE TO CRASH,Y,,,"$501 - $1,500",02/11/2025 11:36,UNABLE TO DETERMINE,UNABLE TO DETERMINE,4200,S,CICERO AVE,814,,,,,,,3,NO INDICATION OF INJURY,0,0,0,0,0,4,0,11,3,2,,,,,
UNKNOWN,UNKNOWN,PARKED MOTOR VEHICLE,NOT DIVIDED,,STRAIGHT AND LEVEL,UNKNOWN,UNKNOWN,NOT ON SCENE (DESK REPORT),NO INJURY / DRIVE AWAY,,,,"OVER $1,500",02/18/2025 21:25,UNABLE TO DETERMINE,UNABLE TO DETERMINE,25,E,DELAWARE PL,1833,,,,,,,2,NO INDICATION OF INJURY,0,0,0,0,0,1,0,10,3,2,,,,,
CLEAR,DAYLIGHT,REAR END,FOUR WAY,,STRAIGHT AND LEVEL,DRY,UNKNOWN,NOT ON SCENE (DESK REPORT),NO INJURY / DRIVE AWAY,Y,,,"$501 - $1,500",02/11/2025 12:20,UNABLE TO DETERMINE,NOT APPLICABLE,500,W,95TH ST,2223,,,,,,,2,NO INDICATION OF INJURY,0,0,0,0,0,2,0,11,3,2,,,,,
CLEAR,"DARKNESS, LIGHTED ROAD",ANGLE,FOUR WAY,,STRAIGHT AND LEVEL,DRY,NO DEFECTS,ON SCENE,INJURY AND / OR TOW DUE TO CRASH,,,,"OVER $1,500",02/11/2025 17:30,DISREGARDING STOP SIGN,UNDER THE INFLUENCE OF ALCOHOL/DRUGS (USE WHEN ARREST IS EFFECTED),5300,W,AINSLIE ST,1623,,,,,,,2,"REPORTED, NOT EVIDENT",1,0,0,0,1,1,0,17,3,2,,,,,
SNOW,DAYLIGHT,REAR END,DIVIDED - W/MEDIAN BARRIER,,STRAIGHT AND LEVEL,WET,NO DEFECTS,ON SCENE,INJURY AND / OR TOW DUE TO CRASH,Y,,,"OVER $1,500",02/11/2025 9:05,UNABLE TO DETERMINE,UNABLE TO DETERMINE,7900,S,STONY ISLAND AVE,411,,,,,,,2,"REPORTED, NOT EVIDENT",2,0,0,0,2,1,0,9,3,2,,,,,
CLEAR,DAYLIGHT,TURNING,NOT DIVIDED,,STRAIGHT AND LEVEL,DRY,NO DEFECTS,NOT ON SCENE (DESK REPORT),NO INJURY / DRIVE AWAY,Y,,,"OVER $1,500",02/11/2025 14:10,UNABLE TO DETERMINE,UNABLE TO DETERMINE,2522,S,MICHIGAN AVE,133,,,,,,,2,NO INDICATION OF INJURY,0,0,0,0,0,2,0,12,3,2,,,,,
CLEAR,DAYLIGHT,PARKED MOTOR VEHICLE,ONE-WAY,,STRAIGHT AND LEVEL,DRY,NO DEFECTS,NOT ON SCENE (DESK REPORT),NO INJURY / DRIVE AWAY,,,Y,"$501 - $1,500",02/11/2025 15:38,UNABLE TO DETERMINE,NOT APPLICABLE,4164,W,14TH ST,1011,,,,,,,2,NO INDICATION OF INJURY,0,0,0,0,0,2,0,14,3,2,,,,,
CLEAR,DAYLIGHT,REAR END,NOT DIVIDED,,STRAIGHT AND LEVEL,DRY,NO DEFECTS,ON SCENE,NO INJURY / DRIVE AWAY,,,Y,"OVER $1,500",02/11/2025 7:13,UNABLE TO DETERMINE,PHYSICAL CONDITION OF DRIVER,7900,S,LOOMIS BLVD,612,,,,,,,3,NO INDICATION OF INJURY,0,0,0,0,0,3,0,7,3,2,,,,,
UNKNOWN,UNKNOWN,REAR END,DIVIDED - W/MEDIAN (NOT RAISED),,STRAIGHT AND LEVEL,UNKNOWN,UNKNOWN,NOT ON SCENE (DESK REPORT),NO INJURY / DRIVE AWAY,,,,"OVER $1,500",02/11/2025 19:50,FOLLOWING TOO CLOSELY,UNABLE TO DETERMINE,1129,W,SHERIDAN RD,2433,,,,,,,2,NO INDICATION OF INJURY,0,0,0,0,0,2,0,18,3,2,,,,,
UNKNOWN,DAYLIGHT,PARKED MOTOR VEHICLE,NOT DIVIDED,,STRAIGHT AND LEVEL,UNKNOWN,UNKNOWN,NOT ON SCENE (DESK REPORT),NO INJURY / DRIVE AWAY,,,Y,"OVER $1,500",02/11/2025 17:40,UNABLE TO DETERMINE,NOT APPLICABLE,3607,W,PALMER ST,2525,,,,,,,2,NO INDICATION OF INJURY,0,0,0,0,0,1,0,11,3,2,,,,,
CLOUDY/OVERCAST,DAYLIGHT,TURNING,FOUR WAY,,STRAIGHT AND LEVEL,DRY,NO DEFECTS,NOT ON SCENE (DESK REPORT),NO INJURY / DRIVE AWAY,Y,,Y,"OVER $1,500",02/11/2025 17:15,FAILING TO YIELD RIGHT-OF-WAY,NOT APPLICABLE,6900,S,WENTWORTH AVE,731,,,,,,,2,NO INDICATION OF INJURY,0,0,0,0,0,3,0,15,3,2,,,,,
CLEAR,"DARKNESS, LIGHTED ROAD",TURNING,NOT DIVIDED,,STRAIGHT AND LEVEL,DRY,NO DEFECTS,,INJURY AND / OR TOW DUE TO CRASH,,,,"OVER $1,500",04/23/2025 21:42,UNABLE TO DETERMINE,UNABLE TO DETERMINE,11010,S,HALSTED ST,2233,,,,,,,2,INCAPACITATING INJURY,4,0,3,1,0,0,0,21,4,4,,,,,
CLOUDY/OVERCAST,DAYLIGHT,REAR END,NOT DIVIDED,,STRAIGHT AND LEVEL,DRY,NO DEFECTS,NOT ON SCENE (DESK REPORT),NO INJURY / DRIVE AWAY,,,Y,"OVER $1,500",02/11/2025 19:18,FOLLOWING TOO CLOSELY,"OPERATING VEHICLE IN ERRATIC, RECKLESS, CARELESS, NEGLIGENT OR AGGRESSIVE MANNER",6200,S,PULASKI RD,813,,,,,,,2,NO INDICATION OF INJURY,0,0,0,0,0,4,0,17,3,2,,,,,
CLEAR,DAYLIGHT,REAR END,NOT DIVIDED,,STRAIGHT AND LEVEL,DRY,NO DEFECTS,ON SCENE,INJURY AND / OR TOW DUE TO CRASH,,,,"OVER $1,500",02/11/2025 14:48,EQUIPMENT - VEHICLE CONDITION,UNABLE TO DETERMINE,3850,W,GRAND AVE,2535,,,,,,,4,"REPORTED, NOT EVIDENT",1,0,0,0,1,3,0,14,3,2,,,,,
CLEAR,"DARKNESS, LIGHTED ROAD",TURNING,FOUR WAY,,STRAIGHT AND LEVEL,DRY,NO DEFECTS,ON SCENE,NO INJURY / DRIVE AWAY,Y,,,"OVER $1,500",08/02/2023 20:53,FAILING TO YIELD RIGHT-OF-WAY,FAILING TO YIELD RIGHT-OF-WAY,1200,W,35TH ST,913,,Y,,,,,2,NO INDICATION OF INJURY,0,0,0,0,0,3,0,20,4,8,,,,,
CLEAR,"DARKNESS, LIGHTED ROAD",TURNING,FOUR WAY,,STRAIGHT AND LEVEL,SNOW OR SLUSH,NO DEFECTS,NOT ON SCENE (DESK REPORT),NO INJURY / DRIVE AWAY,,,,"OVER $1,500",02/11/2025 23:00,UNABLE TO DETERMINE,UNABLE TO DETERMINE,2899,W,LUNT AVE,2411,,,,,,,2,NO INDICATION OF INJURY,0,0,0,0,0,2,0,22,3,2,,,,,
CLEAR,DAYLIGHT,REAR END,NOT DIVIDED,,STRAIGHT AND LEVEL,SNOW OR SLUSH,NO DEFECTS,ON SCENE,INJURY AND / OR TOW DUE TO CRASH,,,,"OVER $1,500",02/11/2025 7:48,FOLLOWING TOO CLOSELY,NOT APPLICABLE,2326,S,CANAL ST,914,,,,,,,2,NONINCAPACITATING INJURY,2,0,0,1,1,1,0,7,3,2,,,,,
CLEAR,DAYLIGHT,PARKED MOTOR VEHICLE,PARKING LOT,,STRAIGHT ON GRADE,DRY,NO DEFECTS,ON SCENE,NO INJURY / DRIVE AWAY,,,Y,"OVER $1,500",02/11/2025 15:00,UNABLE TO DETERMINE,UNABLE TO DETERMINE,10,E,GRAND AVE,1834,,N,,,,,2,NO INDICATION OF INJURY,0,0,0,0,0,1,0,9,3,2,,,,,
CLEAR,DAYLIGHT,SIDESWIPE SAME DIRECTION,NOT DIVIDED,,STRAIGHT AND LEVEL,DRY,NO DEFECTS,,NO INJURY / DRIVE AWAY,,,,"$501 - $1,500",02/24/2025 14:40,UNABLE TO DETERMINE,NOT APPLICABLE,2824,N,CLARK ST,1934,,,,,,,2,NO INDICATION OF INJURY,0,0,0,0,0,2,0,18,7,2,,,,,
CLEAR,DAYLIGHT,TURNING,NOT DIVIDED,,STRAIGHT AND LEVEL,UNKNOWN,UNKNOWN,ON SCENE,NO INJURY / DRIVE AWAY,,,,"OVER $1,500",02/11/2025 14:47,UNABLE TO DETERMINE,NOT APPLICABLE,6525,W,DIVERSEY AVE,2512,,,,,,,2,NO INDICATION OF INJURY,0,0,0,0,0,3,0,14,3,2,,,,,
CLEAR,DAYLIGHT,PARKED MOTOR VEHICLE,NOT DIVIDED,,STRAIGHT AND LEVEL,UNKNOWN,UNKNOWN,NOT ON SCENE (DESK REPORT),NO INJURY / DRIVE AWAY,,,Y,"OVER $1,500",02/11/2025 16:30,DRIVING SKILLS/KNOWLEDGE/EXPERIENCE,NOT APPLICABLE,2745,W,44TH ST,922,,,,,,,2,NO INDICATION OF INJURY,0,0,0,0,0,1,0,14,3,2,,,,,
CLEAR,DUSK,TURNING,NOT DIVIDED,,STRAIGHT AND LEVEL,UNKNOWN,UNKNOWN,ON SCENE,INJURY AND / OR TOW DUE TO CRASH,,,,"OVER $1,500",02/11/2025 18:51,FAILING TO YIELD RIGHT-OF-WAY,NOT APPLICABLE,6401,S,CICERO AVE,813,,,,,,,2,NO INDICATION OF INJURY,0,0,0,0,0,2,0,18,3,2,,,,,
CLOUDY/OVERCAST,DAYLIGHT,SIDESWIPE SAME DIRECTION,DIVIDED - W/MEDIAN BARRIER,,STRAIGHT AND LEVEL,DRY,NO DEFECTS,ON SCENE,INJURY AND / OR TOW DUE TO CRASH,,,,"OVER $1,500",02/11/2025 12:30,FAILING TO YIELD RIGHT-OF-WAY,NOT APPLICABLE,2257,W,IRVING PARK RD,1921,,,,,,,2,NO INDICATION OF INJURY,0,0,0,0,0,2,0,12,3,2,,,,,
UNKNOWN,DAYLIGHT,PEDESTRIAN,NOT REPORTED,,STRAIGHT AND LEVEL,UNKNOWN,NO DEFECTS,ON SCENE,INJURY AND / OR TOW DUE TO CRASH,,,Y,"OVER $1,500",02/11/2025 13:57,UNABLE TO DETERMINE,NOT APPLICABLE,4300,S,MICHIGAN AVE,215,,,,,,,2,"REPORTED, NOT EVIDENT",1,0,0,0,1,1,0,13,3,2,,,,,
CLEAR,DAYLIGHT,SIDESWIPE SAME DIRECTION,NOT DIVIDED,,STRAIGHT AND LEVEL,DRY,NO DEFECTS,NOT ON SCENE (DESK REPORT),NO INJURY / DRIVE AWAY,,,Y,$500 OR LESS,02/11/2025 13:20,IMPROPER LANE USAGE,UNABLE TO DETERMINE,5901,S,ASHLAND AVE,713,,,,,,,2,NO INDICATION OF INJURY,0,0,0,0,0,2,0,13,3,2,,,,,
CLEAR,"DARKNESS, LIGHTED ROAD",PARKED MOTOR VEHICLE,DIVIDED - W/MEDIAN (NOT RAISED),,STRAIGHT AND LEVEL,DRY,NO DEFECTS,ON SCENE,NO INJURY / DRIVE AWAY,,,,"OVER $1,500",02/11/2025 19:56,FAILING TO REDUCE SPEED TO AVOID CRASH,UNABLE TO DETERMINE,1213,N,AUSTIN BLVD,2531,,Y,,,,,2,NO INDICATION OF INJURY,0,0,0,0,0,2,0,19,3,2,,,,,
CLEAR,DAYLIGHT,SIDESWIPE SAME DIRECTION,OTHER,,STRAIGHT AND LEVEL,DRY,NO DEFECTS,NOT ON SCENE (DESK REPORT),NO INJURY / DRIVE AWAY,,,,"OVER $1,500",02/11/2025 13:45,NOT APPLICABLE,NOT APPLICABLE,4700,S,LAKE PARK AVE,222,,,,,,,2,NO INDICATION OF INJURY,0,0,0,0,0,2,0,11,3,2,,,,,
CLEAR,DAYLIGHT,ANGLE,NOT DIVIDED,,STRAIGHT AND LEVEL,DRY,NO DEFECTS,ON SCENE,NO INJURY / DRIVE AWAY,,,,"$501 - $1,500",02/11/2025 12:08,IMPROPER OVERTAKING/PASSING,DRIVING SKILLS/KNOWLEDGE/EXPERIENCE,4116,N,RAVENSWOOD AVE,1912,N,,,,,,2,NO INDICATION OF INJURY,0,0,0,0,0,2,0,12,3,2,,,,,
UNKNOWN,DAYLIGHT,PARKED MOTOR VEHICLE,UNKNOWN,,STRAIGHT AND LEVEL,UNKNOWN,UNKNOWN,ON SCENE,NO INJURY / DRIVE AWAY,,,Y,"OVER $1,500",06/27/2025 17:20,UNABLE TO DETERMINE,UNABLE TO DETERMINE,5500,W,BELMONT AVE,1633,,,,,,,2,NO INDICATION OF INJURY,0,0,0,0,0,1,0,10,3,6,,,,,
CLEAR,"DARKNESS, LIGHTED ROAD",ANGLE,T-INTERSECTION,,STRAIGHT AND LEVEL,DRY,NO DEFECTS,ON SCENE,NO INJURY / DRIVE AWAY,Y,,Y,"OVER $1,500",04/03/2025 21:10,UNABLE TO DETERMINE,NOT APPLICABLE,742,W,50TH PL,935,,,,,,,2,NO INDICATION OF INJURY,0,0,0,0,0,3,0,20,5,4,,,,,
CLEAR,DAYLIGHT,OTHER OBJECT,DIVIDED - W/MEDIAN (NOT RAISED),,STRAIGHT AND LEVEL,DRY,NO DEFECTS,ON SCENE,NO INJURY / DRIVE AWAY,,,,"OVER $1,500",07/15/2025 12:45,UNABLE TO DETERMINE,UNABLE TO DETERMINE,1300,N,CENTRAL PARK AVE,2535,,,,,,,1,NO INDICATION OF INJURY,0,0,0,0,0,1,0,12,3,7,,,,,
CLEAR,DAYLIGHT,SIDESWIPE SAME DIRECTION,DIVIDED - W/MEDIAN (NOT RAISED),,STRAIGHT AND LEVEL,DRY,NO DEFECTS,NOT ON SCENE (DESK REPORT),NO INJURY / DRIVE AWAY,,,Y,"OVER $1,500",04/03/2025 9:10,UNABLE TO DETERMINE,UNABLE TO DETERMINE,1822,W,79TH ST,611,,,,,,,3,NO INDICATION OF INJURY,0,0,0,0,0,3,0,8,5,4,,,,,
CLEAR,DAYLIGHT,SIDESWIPE OPPOSITE DIRECTION,ALLEY,,STRAIGHT AND LEVEL,UNKNOWN,UNKNOWN,NOT ON SCENE (DESK REPORT),NO INJURY / DRIVE AWAY,,,,$500 OR LESS,04/03/2025 15:20,UNABLE TO DETERMINE,UNABLE TO DETERMINE,5450,N,KENMORE AVE,2023,,,,,,,2,NO INDICATION OF INJURY,0,0,0,0,0,3,0,13,5,4,,,,,
CLEAR,"DARKNESS, LIGHTED ROAD",ANGLE,NOT DIVIDED,,STRAIGHT AND LEVEL,DRY,NO DEFECTS,,NO INJURY / DRIVE AWAY,Y,,Y,"OVER $1,500",04/03/2025 0:33,FAILING TO YIELD RIGHT-OF-WAY,TURNING RIGHT ON RED,2999,W,DEVON AVE,2413,,,,,,,2,NO INDICATION OF INJURY,0,0,0,0,0,2,0,0,5,4,,,,,
RAIN,"DARKNESS, LIGHTED ROAD",FIXED OBJECT,NOT DIVIDED,,STRAIGHT AND LEVEL,WET,NO DEFECTS,ON SCENE,INJURY AND / OR TOW DUE TO CRASH,,,,"OVER $1,500",04/02/2025 5:53,NOT APPLICABLE,NOT APPLICABLE,6637,S,DR MARTIN LUTHER KING JR DR,312,,,,,,,1,NO INDICATION OF INJURY,0,0,0,0,0,1,0,5,4,4,,,,,
CLEAR,"DARKNESS, LIGHTED ROAD",SIDESWIPE SAME DIRECTION,ONE-WAY,,STRAIGHT AND LEVEL,DRY,NO DEFECTS,NOT ON SCENE (DESK REPORT),NO INJURY / DRIVE AWAY,Y,,Y,"OVER $1,500",04/03/2025 20:38,FOLLOWING TOO CLOSELY,FOLLOWING TOO CLOSELY,799,W,99TH ST,2232,,,,,,,2,NO INDICATION OF INJURY,0,0,0,0,0,2,0,20,5,4,,,,,
CLEAR,DAYLIGHT,PARKED MOTOR VEHICLE,NOT DIVIDED,,STRAIGHT AND LEVEL,DRY,NO DEFECTS,ON SCENE,NO INJURY / DRIVE AWAY,,,Y,"$501 - $1,500",04/03/2025 15:48,UNABLE TO DETERMINE,NOT APPLICABLE,1429,W,BRYN MAWR AVE,2013,,,,,,,2,NO INDICATION OF INJURY,0,0,0,0,0,3,0,14,5,4,,,,,
CLEAR,"DARKNESS, LIGHTED ROAD",SIDESWIPE SAME DIRECTION,NOT DIVIDED,,STRAIGHT AND LEVEL,DRY,UNKNOWN,ON SCENE,INJURY AND / OR TOW DUE TO CRASH,,,,"OVER $1,500",04/03/2025 20:38,UNABLE TO DETERMINE,UNABLE TO DETERMINE,5002,W,FULLERTON AVE,2521,,,,,,,2,NO INDICATION OF INJURY,0,0,0,0,0,2,0,20,5,4,,,,,
CLEAR,DARKNESS,SIDESWIPE SAME DIRECTION,DIVIDED - W/MEDIAN (NOT RAISED),,STRAIGHT AND LEVEL,UNKNOWN,UNKNOWN,ON SCENE,NO INJURY / DRIVE AWAY,,,,"OVER $1,500",04/03/2025 20:26,UNABLE TO DETERMINE,IMPROPER OVERTAKING/PASSING,2515,W,NORTH AVE,1423,,,,,,,2,NO INDICATION OF INJURY,0,0,0,0,0,2,0,19,5,4,,,,,
UNKNOWN,UNKNOWN,PARKED MOTOR VEHICLE,NOT DIVIDED,,STRAIGHT AND LEVEL,UNKNOWN,UNKNOWN,NOT ON SCENE (DESK REPORT),NO INJURY / DRIVE AWAY,,,Y,"$501 - $1,500",04/03/2025 16:24,UNABLE TO DETERMINE,UNABLE TO DETERMINE,350,W,ROOT ST,925,,,,,,,2,NO INDICATION OF INJURY,0,0,0,0,0,1,0,16,4,4,,,,,
CLEAR,DAYLIGHT,REAR END,ONE-WAY,,STRAIGHT AND LEVEL,DRY,NO DEFECTS,NOT ON SCENE (DESK REPORT),NO INJURY / DRIVE AWAY,,,Y,"OVER $1,500",04/03/2025 18:50,FOLLOWING TOO CLOSELY,UNABLE TO DETERMINE,6369,S,CORNELL DR,331,,,,,,,2,NO INDICATION OF INJURY,0,0,0,0,0,2,0,7,5,4,,,,,
UNKNOWN,UNKNOWN,TURNING,FOUR WAY,,STRAIGHT AND LEVEL,UNKNOWN,UNKNOWN,NOT ON SCENE (DESK REPORT),NO INJURY / DRIVE AWAY,,,,"OVER $1,500",04/03/2025 13:30,UNABLE TO DETERMINE,NOT APPLICABLE,3600,W,BELMONT AVE,1732,,,,,,,2,NO INDICATION OF INJURY,0,0,0,0,0,2,0,13,5,4,,,,,
CLEAR,"DARKNESS, LIGHTED ROAD",FIXED OBJECT,FOUR WAY,,STRAIGHT AND LEVEL,DRY,NO DEFECTS,ON SCENE,INJURY AND / OR TOW DUE TO CRASH,,,Y,"OVER $1,500",04/04/2025 0:15,UNABLE TO DETERMINE,UNABLE TO DETERMINE,3201,N,PACIFIC AVE,1631,,,,,,,1,NO INDICATION OF INJURY,0,0,0,0,0,2,0,0,6,4,,,,,
CLEAR,"DARKNESS, LIGHTED ROAD",HEAD ON,DIVIDED - W/MEDIAN (NOT RAISED),,STRAIGHT AND LEVEL,DRY,NO DEFECTS,ON SCENE,INJURY AND / OR TOW DUE TO CRASH,,,,"OVER $1,500",03/22/2025 21:05,NOT APPLICABLE,NOT APPLICABLE,3220,W,ARMITAGE AVE,1413,,,,,,,2,NONINCAPACITATING INJURY,1,0,0,1,0,2,0,21,7,3,,,,,
CLEAR,DAYLIGHT,PARKED MOTOR VEHICLE,DIVIDED - W/MEDIAN (NOT RAISED),,STRAIGHT AND LEVEL,DRY,NO DEFECTS,NOT ON SCENE (DESK REPORT),NO INJURY / DRIVE AWAY,,,Y,"OVER $1,500",03/25/2025 18:20,UNABLE TO DETERMINE,UNABLE TO DETERMINE,3401,W,DEVON AVE,1711,,,,,,,2,NO INDICATION OF INJURY,0,0,0,0,0,1,0,16,3,3,,,,,
CLEAR,DUSK,TURNING,NOT DIVIDED,,STRAIGHT AND LEVEL,DRY,UNKNOWN,,INJURY AND / OR TOW DUE TO CRASH,,,,"OVER $1,500",03/27/2025 19:10,FAILING TO YIELD RIGHT-OF-WAY,FAILING TO YIELD RIGHT-OF-WAY,6000,N,WESTERN AVE,2413,,,,,,,2,"REPORTED, NOT EVIDENT",1,0,0,0,1,2,0,19,5,3,,,,,
CLEAR,"DARKNESS, LIGHTED ROAD",REAR END,FOUR WAY,,STRAIGHT AND LEVEL,WET,NO DEFECTS,ON SCENE,INJURY AND / OR TOW DUE TO CRASH,Y,,,"OVER $1,500",04/02/2025 23:53,FOLLOWING TOO CLOSELY,FAILING TO REDUCE SPEED TO AVOID CRASH,2801,W,47TH ST,922,,,,,,,2,NONINCAPACITATING INJURY,3,0,0,1,2,0,0,22,4,4,,,,,
RAIN,DAYLIGHT,PARKED MOTOR VEHICLE,ONE-WAY,,STRAIGHT AND LEVEL,WET,NO DEFECTS,NOT ON SCENE (DESK REPORT),NO INJURY / DRIVE AWAY,,,Y,"OVER $1,500",04/03/2025 13:30,FAILING TO YIELD RIGHT-OF-WAY,NOT APPLICABLE,11,E,WALTON ST,1833,,,,,,,2,NO INDICATION OF INJURY,0,0,0,0,0,1,0,15,4,4,,,,,
CLEAR,"DARKNESS, LIGHTED ROAD",PARKED MOTOR VEHICLE,ONE-WAY,,STRAIGHT AND LEVEL,DRY,NO DEFECTS,ON SCENE,NO INJURY / DRIVE AWAY,,,,$500 OR LESS,04/03/2025 4:20,UNABLE TO DETERMINE,NOT APPLICABLE,5723,W,SUPERIOR ST,1511,,,,,,,2,NO INDICATION OF INJURY,0,0,0,0,0,1,0,4,5,4,,,,,
CLEAR,DAYLIGHT,PARKED MOTOR VEHICLE,NOT DIVIDED,,STRAIGHT AND LEVEL,DRY,NO DEFECTS,ON SCENE,NO INJURY / DRIVE AWAY,,,,"OVER $1,500",04/03/2025 8:32,UNABLE TO DETERMINE,NOT APPLICABLE,2002,W,SUNNYSIDE AVE,1911,,,,,,,2,NO INDICATION OF INJURY,0,0,0,0,0,1,0,8,5,4,,,,,
CLEAR,"DARKNESS, LIGHTED ROAD",REAR END,FOUR WAY,,STRAIGHT AND LEVEL,DRY,NO DEFECTS,ON SCENE,INJURY AND / OR TOW DUE TO CRASH,,,,"OVER $1,500",04/03/2025 19:30,UNABLE TO DETERMINE,NOT APPLICABLE,4349,W,CHICAGO AVE,1111,,,,,,,2,NO INDICATION OF INJURY,0,0,0,0,0,2,0,18,5,4,,,,,
CLEAR,DUSK,PARKED MOTOR VEHICLE,OTHER,,STRAIGHT AND LEVEL,DRY,NO DEFECTS,NOT ON SCENE (DESK REPORT),INJURY AND / OR TOW DUE TO CRASH,,,Y,"OVER $1,500",02/11/2025 18:50,NOT APPLICABLE,NOT APPLICABLE,3349,N,ELSTON AVE,1733,,,,,,,2,NONINCAPACITATING INJURY,1,0,0,1,0,1,0,17,3,2,,,,,
RAIN,DAYLIGHT,REAR END,NOT DIVIDED,,STRAIGHT AND LEVEL,WET,NO DEFECTS,ON SCENE,INJURY AND / OR TOW DUE TO CRASH,,,,"OVER $1,500",04/02/2025 13:35,FAILING TO REDUCE SPEED TO AVOID CRASH,FOLLOWING TOO CLOSELY,5852,S,CALIFORNIA AVE,824,,,,,,,2,NONINCAPACITATING INJURY,1,0,0,1,0,2,0,13,4,4,,,,,
CLEAR,DAYLIGHT,REAR END,NOT DIVIDED,,STRAIGHT AND LEVEL,UNKNOWN,UNKNOWN,NOT ON SCENE (DESK REPORT),NO INJURY / DRIVE AWAY,,,,"OVER $1,500",04/03/2025 15:35,FOLLOWING TOO CLOSELY,NOT APPLICABLE,13004,S,TORRENCE AVE,434,,,,,,,2,NO INDICATION OF INJURY,0,0,0,0,0,2,0,9,5,4,,,,,
CLEAR,DAYLIGHT,PARKED MOTOR VEHICLE,ONE-WAY,,STRAIGHT AND LEVEL,DRY,NO DEFECTS,ON SCENE,NO INJURY / DRIVE AWAY,,,,"OVER $1,500",02/11/2025 9:07,DRIVING SKILLS/KNOWLEDGE/EXPERIENCE,DRIVING SKILLS/KNOWLEDGE/EXPERIENCE,7819,S,PAULINA ST,611,,,,,,,2,NO INDICATION OF INJURY,0,0,0,0,0,1,0,9,3,2,,,,,
RAIN,DAYLIGHT,PARKED MOTOR VEHICLE,NOT DIVIDED,,STRAIGHT AND LEVEL,WET,NO DEFECTS,,NO INJURY / DRIVE AWAY,,,Y,"OVER $1,500",04/02/2025 9:00,UNABLE TO DETERMINE,UNABLE TO DETERMINE,7500,S,CARPENTER ST,612,,,,,,,2,NO INDICATION OF INJURY,0,0,0,0,0,1,0,9,4,4,,,,,
CLEAR,DAYLIGHT,TURNING,FOUR WAY,,STRAIGHT AND LEVEL,UNKNOWN,UNKNOWN,NOT ON SCENE (DESK REPORT),NO INJURY / DRIVE AWAY,Y,,,"OVER $1,500",04/03/2025 16:00,IMPROPER TURNING/NO SIGNAL,NOT APPLICABLE,1200,W,ROOSEVELT RD,1231,,,,,,,2,NO INDICATION OF INJURY,0,0,0,0,0,2,0,16,4,4,,,,,
CLOUDY/OVERCAST,DAYLIGHT,SIDESWIPE SAME DIRECTION,NOT DIVIDED,,STRAIGHT AND LEVEL,UNKNOWN,UNKNOWN,NOT ON SCENE (DESK REPORT),NO INJURY / DRIVE AWAY,,,,"OVER $1,500",04/03/2025 14:40,UNABLE TO DETERMINE,UNABLE TO DETERMINE,2339,N,SAWYER AVE,1413,,,,,,,2,NO INDICATION OF INJURY,0,0,0,0,0,2,0,13,5,4,,,,,
CLEAR,DAYLIGHT,ANGLE,NOT DIVIDED,,STRAIGHT AND LEVEL,DRY,NO DEFECTS,ON SCENE,NO INJURY / DRIVE AWAY,,,,"OVER $1,500",04/03/2025 18:00,FAILING TO YIELD RIGHT-OF-WAY,FAILING TO YIELD RIGHT-OF-WAY,1682,N,MARCEY ST,1811,,Y,,,,,2,NO INDICATION OF INJURY,0,0,0,0,0,2,0,18,5,4,,,,,
CLEAR,"DARKNESS, LIGHTED ROAD",PARKED MOTOR VEHICLE,NOT DIVIDED,,STRAIGHT AND LEVEL,DRY,NO DEFECTS,NOT ON SCENE (DESK REPORT),NO INJURY / DRIVE AWAY,,,Y,"OVER $1,500",04/03/2025 21:28,FOLLOWING TOO CLOSELY,NOT APPLICABLE,4524,N,CENTRAL PARK AVE,1723,,,,,,,2,NO INDICATION OF INJURY,0,0,0,0,0,2,0,20,5,4,,,,,