WEATHER_CONDITION,LIGHTING_CONDITION,FIRST_CRASH_TYPE,TRAFFICWAY_TYPE,LANE_CNT,ALIGNMENT,ROADWAY_SURFACE_COND,ROAD_DEFECT,REPORT_TYPE,CRASH_TYPE,INTERSECTION_RELATED_I,NOT_RIGHT_OF_WAY_I,HIT_AND_RUN_I,DAMAGE,DATE_POLICE_NOTIFIED,PRIM_CONTRIBUTORY_CAUSE,SEC_CONTRIBUTORY_CAUSE,STREET_NO,STREET_DIRECTION,STREET_NAME,BEAT_OF_OCCURRENCE,PHOTOS_TAKEN_I,STATEMENTS_TAKEN_I,DOORING_I,WORK_ZONE_I,WORK_ZONE_TYPE,WORKERS_PRESENT_I,NUM_UNITS,MOST_SEVERE_INJURY,INJURIES_TOTAL,INJURIES_FATAL,INJURIES_INCAPACITATING,INJURIES_NON_INCAPACITATING,INJURIES_REPORTED_NOT_EVIDENT,INJURIES_NO_INDICATION,INJURIES_UNKNOWN,CRASH_HOUR,CRASH_DAY_OF_WEEK,CRASH_MONTH,INJURIES_NO_INDICATION,INJURIES_UNKNOWN,CRASH_HOUR,CRASH_DAY_OF_WEEK,CRASH_MONTH
CLEAR,DAYLIGHT,SIDESWIPE SAME DIRECTION,NOT DIVIDED,,STRAIGHT AND LEVEL,DRY,NO DEFECTS,NOT ON SCENE (DESK REPORT),NO INJURY / DRIVE AWAY,,,Y,"$501 - $1,500",01/31/2025 16:15,IMPROPER OVERTAKING/PASSING,UNABLE TO DETERMINE,5838,N,PULASKI RD,1711,,,,,,,2,NO INDICATION OF INJURY,0,0,0,0,0,2,0,15,6,1,,,,,
CLEAR,"DARKNESS, LIGHTED ROAD",SIDESWIPE OPPOSITE DIRECTION,ONE-WAY,,STRAIGHT AND LEVEL,WET,NO DEFECTS,ON SCENE,NO INJURY / DRIVE AWAY,,,Y,"OVER $1,500",01/31/2025 17:54,IMPROPER BACKING,NOT APPLICABLE,5243,S,RICHMOND ST,923,,,,,,,2,NO INDICATION OF INJURY,0,0,0,0,0,3,0,17,6,1,,,,,
CLEAR,DUSK,REAR END,NOT DIVIDED,,STRAIGHT AND LEVEL,DRY,NO DEFECTS,ON SCENE,NO INJURY / DRIVE AWAY,Y,,,"$501 - $1,500",04/04/2025 1:20,IMPROPER LANE USAGE,UNABLE TO DETERMINE,132,E,43RD ST,213,,,,,,,2,NO INDICATION OF INJURY,0,0,0,0,0,2,0,1,6,4,,,,,
CLEAR,"DARKNESS, LIGHTED ROAD",REAR END,FOUR WAY,,STRAIGHT AND LEVEL,UNKNOWN,UNKNOWN,NOT ON SCENE (DESK REPORT),NO INJURY / DRIVE AWAY,Y,,Y,"OVER $1,500",02/11/2025 21:50,FAILING TO REDUCE SPEED TO AVOID CRASH,NOT APPLICABLE,955,N,LARAMIE AVE,1531,,,,,,,2,NO INDICATION OF INJURY,0,0,0,0,0,4,0,20,3,2,,,,,
RAIN,"DARKNESS, LIGHTED ROAD",TURNING,NOT DIVIDED,,STRAIGHT AND LEVEL,WET,NO DEFECTS,NOT ON SCENE (DESK REPORT),NO INJURY / DRIVE AWAY,,,Y,"$501 - $1,500",01/30/2025 22:15,UNABLE TO DETERMINE,NOT APPLICABLE,6474,N,SHERIDAN RD,2432,,,,,,,2,NO INDICATION OF INJURY,0,0,0,0,0,2,0,20,5,1,,,,,
CLEAR,DAYLIGHT,TURNING,NOT DIVIDED,,STRAIGHT AND LEVEL,DRY,NO DEFECTS,,INJURY AND / OR TOW DUE TO CRASH,,,,"OVER $1,500",01/25/2025 10:30,UNABLE TO DETERMINE,NOT APPLICABLE,5170,S,ARCHER AVE,815,,,,,,,2,NO INDICATION OF INJURY,0,0,0,0,0,6,0,10,7,1,,,,,
CLEAR,DAYLIGHT,ANGLE,NOT DIVIDED,,STRAIGHT AND LEVEL,UNKNOWN,UNKNOWN,ON SCENE,INJURY AND / OR TOW DUE TO CRASH,,,N,"OVER $1,500",01/30/2025 9:17,FAILING TO REDUCE SPEED TO AVOID CRASH,NOT APPLICABLE,2403,S,BLUE ISLAND AVE,1034,,,,,,,2,"REPORTED, NOT EVIDENT",1,0,0,0,1,1,0,9,5,1,,,,,
CLOUDY/OVERCAST,DUSK,REAR END,DIVIDED - W/MEDIAN (NOT RAISED),,STRAIGHT AND LEVEL,UNKNOWN,UNKNOWN,NOT ON SCENE (DESK REPORT),NO INJURY / DRIVE AWAY,,,,"OVER $1,500",01/31/2025 19:20,UNABLE TO DETERMINE,UNABLE TO DETERMINE,5205,N,NAGLE AVE,1622,,,,,,,2,NO INDICATION OF INJURY,0,0,0,0,0,2,0,17,6,1,,,,,
CLEAR,DAYLIGHT,REAR END,NOT DIVIDED,,STRAIGHT AND LEVEL,UNKNOWN,NO DEFECTS,ON SCENE,INJURY AND / OR TOW DUE TO CRASH,,,Y,"OVER $1,500",01/31/2025 16:27,FOLLOWING TOO CLOSELY,FOLLOWING TOO CLOSELY,7515,N,WESTERN AVE,2411,,,,,,,2,NO INDICATION OF INJURY,0,0,0,0,0,2,0,16,6,1,,,,,
RAIN,DAYLIGHT,PARKED MOTOR VEHICLE,DIVIDED - W/MEDIAN (NOT RAISED),,STRAIGHT AND LEVEL,WET,NO DEFECTS,NOT ON SCENE (DESK REPORT),NO INJURY / DRIVE AWAY,,,,"OVER $1,500",01/31/2025 13:58,UNABLE TO DETERMINE,NOT APPLICABLE,1526,S,KOSTNER AVE,1012,,,,,,,2,NO INDICATION OF INJURY,0,0,0,0,0,1,0,12,6,1,,,,,
CLEAR,DAYLIGHT,TURNING,NOT DIVIDED,,STRAIGHT AND LEVEL,DRY,UNKNOWN,ON SCENE,NO INJURY / DRIVE AWAY,,,,"$501 - $1,500",04/03/2025 18:25,UNABLE TO DETERMINE,UNABLE TO DETERMINE,3354,N,CAMPBELL AVE,1921,,,,,,,2,NO INDICATION OF INJURY,0,0,0,0,0,2,0,17,5,4,,,,,
CLEAR,DAYLIGHT,REAR TO SIDE,PARKING LOT,,STRAIGHT AND LEVEL,DRY,UNKNOWN,NOT ON SCENE (DESK REPORT),NO INJURY / DRIVE AWAY,,,Y,"OVER $1,500",04/03/2025 17:31,IMPROPER BACKING,IMPROPER BACKING,10000,W,OHARE ST,1651,,,,,,,2,NO INDICATION OF INJURY,0,0,0,0,0,2,0,15,5,4,,,,,
CLEAR,DAYLIGHT,SIDESWIPE SAME DIRECTION,NOT DIVIDED,,STRAIGHT AND LEVEL,DRY,NO DEFECTS,NOT ON SCENE (DESK REPORT),NO INJURY / DRIVE AWAY,,,,"OVER $1,500",01/31/2025 9:45,FAILING TO REDUCE SPEED TO AVOID CRASH,NOT APPLICABLE,1242,S,WESTERN AVE,1023,,,,,,,2,NO INDICATION OF INJURY,0,0,0,0,0,2,0,12,4,1,,,,,
CLEAR,DAYLIGHT,REAR END,NOT DIVIDED,,STRAIGHT AND LEVEL,UNKNOWN,UNKNOWN,NOT ON SCENE (DESK REPORT),NO INJURY / DRIVE AWAY,Y,,,"OVER $1,500",01/31/2025 9:45,UNABLE TO DETERMINE,UNABLE TO DETERMINE,3600,N,AUSTIN AVE,1633,,,,,,,2,NO INDICATION OF INJURY,0,0,0,0,0,3,0,16,5,1,,,,,
RAIN,DUSK,REAR TO FRONT,ONE-WAY,,STRAIGHT AND LEVEL,WET,UNKNOWN,NOT ON SCENE (DESK REPORT),NO INJURY / DRIVE AWAY,,,Y,"OVER $1,500",01/31/2025 16:50,IMPROPER BACKING,FAILING TO REDUCE SPEED TO AVOID CRASH,337,E,ILLINOIS ST,1834,,,,,,,2,NO INDICATION OF INJURY,0,0,0,0,0,2,0,16,5,1,,,,,
RAIN,DAYLIGHT,OTHER OBJECT,RAMP,,STRAIGHT ON HILLCREST,WET,NO DEFECTS,ON SCENE,INJURY AND / OR TOW DUE TO CRASH,,,,"OVER $1,500",01/31/2025 12:50,DRIVING SKILLS/KNOWLEDGE/EXPERIENCE,WEATHER,4800,N,LAKE SHORE DR SB,2024,,,,,,,1,NONINCAPACITATING INJURY,1,0,0,1,0,0,0,12,6,1,,,,,
CLEAR,"DARKNESS, LIGHTED ROAD",ANGLE,DIVIDED - W/MEDIAN (NOT RAISED),,STRAIGHT AND LEVEL,WET,UNKNOWN,NOT ON SCENE (DESK REPORT),NO INJURY / DRIVE AWAY,,,Y,"OVER $1,500",01/31/2025 17:40,FAILING TO YIELD RIGHT-OF-WAY,NOT APPLICABLE,1132,N,CALIFORNIA AVE,1211,,,,,,,2,NO INDICATION OF INJURY,0,0,0,0,0,2,0,17,6,1,,,,,
CLEAR,DAYLIGHT,SIDESWIPE SAME DIRECTION,DIVIDED - W/MEDIAN (NOT RAISED),,STRAIGHT AND LEVEL,DRY,NO DEFECTS,NOT ON SCENE (DESK REPORT),NO INJURY / DRIVE AWAY,,,,$500 OR LESS,04/03/2025 10:16,IMPROPER OVERTAKING/PASSING,FAILING TO YIELD RIGHT-OF-WAY,4532,W,FOSTER AVE,1712,,,,,,,2,NO INDICATION OF INJURY,0,0,0,0,0,2,0,9,3,4,,,,,
CLEAR,DAYLIGHT,TURNING,NOT DIVIDED,,STRAIGHT AND LEVEL,DRY,UNKNOWN,ON SCENE,NO INJURY / DRIVE AWAY,,,,"$501 - $1,500",04/03/2025 11:20,IMPROPER OVERTAKING/PASSING,NOT APPLICABLE,347,W,CHESTNUT ST,1823,,,,,,,2,NO INDICATION OF INJURY,0,0,0,0,0,2,0,11,5,4,,,,,
CLEAR,DAYLIGHT,SIDESWIPE SAME DIRECTION,ONE-WAY,,STRAIGHT AND LEVEL,DRY,NO DEFECTS,ON SCENE,INJURY AND / OR TOW DUE TO CRASH,,,,"OVER $1,500",04/03/2025 17:50,IMPROPER LANE USAGE,NOT APPLICABLE,10000,W,OHARE ST,1651,,,,,,,2,"REPORTED, NOT EVIDENT",4,0,0,0,4,1,0,17,5,4,,,,,
CLEAR,DAYLIGHT,ANGLE,DIVIDED - W/MEDIAN (NOT RAISED),,STRAIGHT AND LEVEL,DRY,NO DEFECTS,ON SCENE,NO INJURY / DRIVE AWAY,Y,,,"OVER $1,500",04/03/2025 7:44,FAILING TO YIELD RIGHT-OF-WAY,NOT APPLICABLE,7101,W,ADDISON ST,1632,,,,,,,2,NO INDICATION OF INJURY,0,0,0,0,0,2,0,7,5,4,,,,,
UNKNOWN,UNKNOWN,SIDESWIPE SAME DIRECTION,FOUR WAY,,STRAIGHT AND LEVEL,UNKNOWN,NO DEFECTS,NOT ON SCENE (DESK REPORT),NO INJURY / DRIVE AWAY,Y,,,"OVER $1,500",02/12/2025 10:47,DRIVING SKILLS/KNOWLEDGE/EXPERIENCE,IMPROPER OVERTAKING/PASSING,600,E,47TH ST,221,,,,,,,2,NO INDICATION OF INJURY,0,0,0,0,0,3,0,21,3,2,,,,,
CLEAR,DAYLIGHT,SIDESWIPE SAME DIRECTION,NOT DIVIDED,,STRAIGHT AND LEVEL,DRY,NO DEFECTS,NOT ON SCENE (DESK REPORT),NO INJURY / DRIVE AWAY,,,Y,"$501 - $1,500",04/03/2025 16:15,NOT APPLICABLE,NOT APPLICABLE,6500,S,ASHLAND AVE,725,,,,,,,2,NO INDICATION OF INJURY,0,0,0,0,0,2,0,16,5,4,,,,,
UNKNOWN,UNKNOWN,REAR END,DIVIDED - W/MEDIAN (NOT RAISED),,STRAIGHT AND LEVEL,UNKNOWN,UNKNOWN,NOT ON SCENE (DESK REPORT),NO INJURY / DRIVE AWAY,,,,"OVER $1,500",01/31/2025 13:57,FOLLOWING TOO CLOSELY,DRIVING SKILLS/KNOWLEDGE/EXPERIENCE,81,E,WACKER DR,111,,,,,,,2,NO INDICATION OF INJURY,0,0,0,0,0,4,0,21,1,1,,,,,
CLEAR,DAYLIGHT,REAR END,NOT DIVIDED,,STRAIGHT AND LEVEL,DRY,NO DEFECTS,ON SCENE,NO INJURY / DRIVE AWAY,,,,"$501 - $1,500",01/28/2025 11:52,NOT APPLICABLE,NOT APPLICABLE,8941,S,COMMERCIAL AVE,424,,,,,,,2,NO INDICATION OF INJURY,0,0,0,0,0,3,0,11,3,1,,,,,
CLEAR,DAYLIGHT,REAR END,DIVIDED - W/MEDIAN BARRIER,,STRAIGHT AND LEVEL,DRY,NO DEFECTS,NOT ON SCENE (DESK REPORT),NO INJURY / DRIVE AWAY,,,,"$501 - $1,500",01/31/2025 14:30,FOLLOWING TOO CLOSELY,NOT APPLICABLE,3260,N,LAKE SHORE DR SB,1925,,,,,,,2,NO INDICATION OF INJURY,0,0,0,0,0,2,0,7,5,1,,,,,
RAIN,DAYLIGHT,ANGLE,PARKING LOT,,STRAIGHT AND LEVEL,WET,NO DEFECTS,NOT ON SCENE (DESK REPORT),NO INJURY / DRIVE AWAY,,Y,,"OVER $1,500",01/31/2025 16:30,UNABLE TO DETERMINE,UNABLE TO DETERMINE,1714,N,KOSTNER AVE,2533,,,,,,,2,NO INDICATION OF INJURY,0,0,0,0,0,2,0,15,6,1,,,,,
CLEAR,DAYLIGHT,REAR TO SIDE,PARKING LOT,,STRAIGHT AND LEVEL,DRY,UNKNOWN,NOT ON SCENE (DESK REPORT),NO INJURY / DRIVE AWAY,,,Y,"OVER $1,500",02/11/2025 14:45,UNABLE TO DETERMINE,NOT APPLICABLE,10255,W,ZEMKE RD,1654,,,,,,,2,NO INDICATION OF INJURY,0,0,0,0,0,2,0,14,3,2,,,,,
CLEAR,DAYLIGHT,ANGLE,T-INTERSECTION,,STRAIGHT AND LEVEL,DRY,UNKNOWN,ON SCENE,INJURY AND / OR TOW DUE TO CRASH,Y,,,"OVER $1,500",01/28/2025 8:57,FAILING TO YIELD RIGHT-OF-WAY,NOT APPLICABLE,5200,S,LAKE PARK AVE,234,,,,,,,2,NO INDICATION OF INJURY,0,0,0,0,0,2,0,8,3,1,,,,,
RAIN,DARKNESS,PARKED MOTOR VEHICLE,NOT DIVIDED,,STRAIGHT AND LEVEL,WET,NO DEFECTS,ON SCENE,NO INJURY / DRIVE AWAY,,,Y,"OVER $1,500",01/30/2025 23:57,"OPERATING VEHICLE IN ERRATIC, RECKLESS, CARELESS, NEGLIGENT OR AGGRESSIVE MANNER","OPERATING VEHICLE IN ERRATIC, RECKLESS, CARELESS, NEGLIGENT OR AGGRESSIVE MANNER",8233,S,DR MARTIN LUTHER KING JR DR,631,,,,,,,4,NO INDICATION OF INJURY,0,0,0,0,0,2,0,23,5,1,,,,,
RAIN,DAYLIGHT,REAR TO FRONT,DIVIDED - W/MEDIAN (NOT RAISED),,STRAIGHT AND LEVEL,WET,NO DEFECTS,NOT ON SCENE (DESK REPORT),NO INJURY / DRIVE AWAY,,,,"$501 - $1,500",01/31/2025 12:15,UNABLE TO DETERMINE,UNABLE TO DETERMINE,1305,W,18TH ST,1233,,,,,,,2,NO INDICATION OF INJURY,0,0,0,0,0,2,0,11,6,1,,,,,
CLEAR,"DARKNESS, LIGHTED ROAD",TURNING,NOT DIVIDED,,STRAIGHT AND LEVEL,WET,NO DEFECTS,ON SCENE,INJURY AND / OR TOW DUE TO CRASH,Y,,,"$501 - $1,500",01/31/2025 18:41,FAILING TO YIELD RIGHT-OF-WAY,NOT APPLICABLE,2600,S,CALIFORNIA BLVD,1034,,,,,,,2,NONINCAPACITATING INJURY,1,0,0,1,0,1,0,18,6,1,,,,,
CLEAR,DAYLIGHT,ANGLE,DIVIDED - W/MEDIAN (NOT RAISED),,STRAIGHT AND LEVEL,DRY,NO DEFECTS,NOT ON SCENE (DESK REPORT),INJURY AND / OR TOW DUE TO CRASH,Y,,,"OVER $1,500",04/03/2025 17:15,DISREGARDING TRAFFIC SIGNALS,NOT APPLICABLE,7900,S,STONY ISLAND AVE,411,,,,,,,2,"REPORTED, NOT EVIDENT",2,0,0,0,2,1,0,16,5,4,,,,,
CLEAR,"DARKNESS, LIGHTED ROAD",FIXED OBJECT,OTHER,,STRAIGHT AND LEVEL,DRY,UNKNOWN,ON SCENE,INJURY AND / OR TOW DUE TO CRASH,,,,"OVER $1,500",04/04/2025 0:52,UNABLE TO DETERMINE,UNABLE TO DETERMINE,8757,S,HOLLAND RD,634,,,,,,,1,,,,,,,,,0,6,4,,,,,
CLEAR,DAYLIGHT,PEDESTRIAN,PARKING LOT,,STRAIGHT AND LEVEL,DRY,NO DEFECTS,ON SCENE,INJURY AND / OR TOW DUE TO CRASH,,Y,,$500 OR LESS,02/11/2025 20:03,FOLLOWING TOO CLOSELY,NOT APPLICABLE,5435,S,KEDZIE AVE,923,,,,,,,2,NONINCAPACITATING INJURY,1,0,0,1,0,1,0,15,3,2,,,,,
CLEAR,DAYLIGHT,ANGLE,PARKING LOT,,STRAIGHT AND LEVEL,UNKNOWN,NO DEFECTS,NOT ON SCENE (DESK REPORT),NO INJURY / DRIVE AWAY,,,,"OVER $1,500",02/11/2025 11:50,UNABLE TO DETERMINE,UNABLE TO DETERMINE,800,N,KEDZIE AVE,1121,,,,,,,2,NO INDICATION OF INJURY,0,0,0,0,0,2,0,10,3,2,,,,,
UNKNOWN,DAYLIGHT,REAR END,DIVIDED - W/MEDIAN (NOT RAISED),,STRAIGHT AND LEVEL,UNKNOWN,UNKNOWN,NOT ON SCENE (DESK REPORT),NO INJURY / DRIVE AWAY,,,,"$501 - $1,500",01/28/2025 13:25,FOLLOWING TOO CLOSELY,NOT APPLICABLE,4300,S,CICERO AVE,814,,,,,,,2,NO INDICATION OF INJURY,0,0,0,0,0,2,0,9,3,1,,,,,
CLEAR,DAYLIGHT,REAR END,NOT DIVIDED,,STRAIGHT AND LEVEL,DRY,NO DEFECTS,NOT ON SCENE (DESK REPORT),INJURY AND / OR TOW DUE TO CRASH,,,,"$501 - $1,500",01/31/2025 17:03,FOLLOWING TOO CLOSELY,NOT APPLICABLE,2632,W,51ST ST,923,,,,,,,2,NONINCAPACITATING INJURY,1,0,0,1,0,1,0,8,5,1,,,,,
RAIN,DAYLIGHT,REAR END,FOUR WAY,,STRAIGHT AND LEVEL,WET,UNKNOWN,NOT ON SCENE (DESK REPORT),NO INJURY / DRIVE AWAY,,,,"OVER $1,500",01/31/2025 8:00,FOLLOWING TOO CLOSELY,UNABLE TO DETERMINE,4609,S,ASHLAND AVE,924,,,,,,,2,NO INDICATION OF INJURY,0,0,0,0,0,3,0,7,6,1,,,,,
RAIN,DAYLIGHT,TURNING,NOT DIVIDED,,STRAIGHT AND LEVEL,WET,NO DEFECTS,NOT ON SCENE (DESK REPORT),NO INJURY / DRIVE AWAY,,,,"OVER $1,500",01/31/2025 8:28,UNABLE TO DETERMINE,UNABLE TO DETERMINE,3403,W,GRAND AVE,1121,,,,,,,2,NO INDICATION OF INJURY,0,0,0,0,0,2,0,7,6,1,,,,,
CLOUDY/OVERCAST,DAYLIGHT,OTHER OBJECT,NOT DIVIDED,,STRAIGHT AND LEVEL,OTHER,"RUT, HOLES",NOT ON SCENE (DESK REPORT),NO INJURY / DRIVE AWAY,,,,"OVER $1,500",04/04/2025 2:50,ROAD ENGINEERING/SURFACE/MARKING DEFECTS,NOT APPLICABLE,5221,N,SHERIDAN RD,2023,,,,,,,1,NO INDICATION OF INJURY,0,0,0,0,0,1,0,15,4,4,,,,,
CLEAR,DAYLIGHT,SIDESWIPE SAME DIRECTION,FOUR WAY,,STRAIGHT AND LEVEL,UNKNOWN,UNKNOWN,NOT ON SCENE (DESK REPORT),NO INJURY / DRIVE AWAY,Y,,,"OVER $1,500",04/03/2025 17:50,UNABLE TO DETERMINE,UNABLE TO DETERMINE,600,N,ORLEANS ST,1831,,,,,,,2,NO INDICATION OF INJURY,0,0,0,0,0,2,0,16,5,4,,,,,
CLEAR,"DARKNESS, LIGHTED ROAD",ANGLE,NOT DIVIDED,,STRAIGHT AND LEVEL,DRY,NO DEFECTS,ON SCENE,NO INJURY / DRIVE AWAY,,,Y,"OVER $1,500",04/04/2025 0:42,FAILING TO YIELD RIGHT-OF-WAY,IMPROPER TURNING/NO SIGNAL,300,S,CICERO AVE,1533,,,,,,,2,NO INDICATION OF INJURY,0,0,0,0,0,2,0,0,6,4,,,,,
SNOW,"DARKNESS, LIGHTED ROAD",PARKED MOTOR VEHICLE,ONE-WAY,,STRAIGHT AND LEVEL,WET,UNKNOWN,,INJURY AND / OR TOW DUE TO CRASH,,,,"OVER $1,500",01/12/2025 20:35,UNABLE TO DETERMINE,UNABLE TO DETERMINE,727,W,29TH ST,914,,,,,,,4,"REPORTED, NOT EVIDENT",1,0,0,0,1,0,0,20,1,1,,,,,
CLEAR,"DARKNESS, LIGHTED ROAD",REAR END,FOUR WAY,,STRAIGHT AND LEVEL,DRY,NO DEFECTS,ON SCENE,INJURY AND / OR TOW DUE TO CRASH,Y,,,"OVER $1,500",02/11/2025 5:07,FAILING TO REDUCE SPEED TO AVOID CRASH,FAILING TO REDUCE SPEED TO AVOID CRASH,2800,W,103RD ST,2211,,,,,,,2,NO INDICATION OF INJURY,0,0,0,0,0,2,0,5,3,2,,,,,
CLEAR,DAYLIGHT,SIDESWIPE SAME DIRECTION,NOT DIVIDED,,STRAIGHT AND LEVEL,DRY,NO DEFECTS,NOT ON SCENE (DESK REPORT),NO INJURY / DRIVE AWAY,,,Y,"OVER $1,500",02/16/2025 15:46,NOT APPLICABLE,NOT APPLICABLE,7601,S,KOSTNER AVE,833,,,,,,,2,NO INDICATION OF INJURY,0,0,0,0,0,2,0,9,3,2,,,,,
CLEAR,"DARKNESS, LIGHTED ROAD",PARKED MOTOR VEHICLE,ONE-WAY,,STRAIGHT AND LEVEL,DRY,NO DEFECTS,NOT ON SCENE (DESK REPORT),NO INJURY / DRIVE AWAY,,,,"$501 - $1,500",01/31/2025 8:30,FAILING TO YIELD RIGHT-OF-WAY,NOT APPLICABLE,3198,N,LAMON AVE,2521,,,,,,,2,NO INDICATION OF INJURY,0,0,0,0,0,2,0,6,5,1,,,,,
UNKNOWN,"DARKNESS, LIGHTED ROAD",REAR END,ONE-WAY,,STRAIGHT AND LEVEL,UNKNOWN,UNKNOWN,NOT ON SCENE (DESK REPORT),NO INJURY / DRIVE AWAY,,,,"OVER $1,500",01/31/2025 23:10,FOLLOWING TOO CLOSELY,NOT APPLICABLE,2806,W,ALBION AVE,2412,,,,,,,2,NO INDICATION OF INJURY,0,0,0,0,0,2,0,23,6,1,,,,,
RAIN,DAYLIGHT,SIDESWIPE SAME DIRECTION,ONE-WAY,,STRAIGHT AND LEVEL,WET,NO DEFECTS,ON SCENE,NO INJURY / DRIVE AWAY,,,Y,"OVER $1,500",01/31/2025 8:33,FAILING TO REDUCE SPEED TO AVOID CRASH,FOLLOWING TOO CLOSELY,6207,S,MAPLEWOOD AVE,825,,,,,,,2,NO INDICATION OF INJURY,0,0,0,0,0,3,0,8,6,1,,,,,
RAIN,DAYLIGHT,TURNING,NOT DIVIDED,,STRAIGHT AND LEVEL,WET,NO DEFECTS,NOT ON SCENE (DESK REPORT),NO INJURY / DRIVE AWAY,,,,"OVER $1,500",01/31/2025 10:29,UNABLE TO DETERMINE,UNABLE TO DETERMINE,7538,S,PULASKI RD,833,,,,,,,2,NO INDICATION OF INJURY,0,0,0,0,0,2,0,9,6,1,,,,,
RAIN,"DARKNESS, LIGHTED ROAD",PARKED MOTOR VEHICLE,ONE-WAY,,STRAIGHT AND LEVEL,WET,NO DEFECTS,ON SCENE,NO INJURY / DRIVE AWAY,,,Y,"OVER $1,500",03/31/2025 4:00,IMPROPER TURNING/NO SIGNAL,UNABLE TO DETERMINE,7853,S,ESSEX AVE,421,,,,,,,2,NO INDICATION OF INJURY,0,0,0,0,0,3,0,3,2,3,,,,,
UNKNOWN,DAYLIGHT,TURNING,FOUR WAY,,STRAIGHT AND LEVEL,UNKNOWN,UNKNOWN,NOT ON SCENE (DESK REPORT),NO INJURY / DRIVE AWAY,,,,"OVER $1,500",04/02/2025 21:15,IMPROPER TURNING/NO SIGNAL,NOT APPLICABLE,1158,W,ROOSEVELT RD,1232,,,,,,,2,NO INDICATION OF INJURY,0,0,0,0,0,2,0,16,4,4,,,,,
CLEAR,DAYLIGHT,SIDESWIPE SAME DIRECTION,DIVIDED - W/MEDIAN (NOT RAISED),,STRAIGHT AND LEVEL,DRY,NO DEFECTS,ON SCENE,NO INJURY / DRIVE AWAY,,,,"OVER $1,500",04/03/2025 16:59,FAILING TO YIELD RIGHT-OF-WAY,NOT APPLICABLE,3225,N,HARLEM AVE,1632,,,,,,,3,NO INDICATION OF INJURY,0,0,0,0,0,4,0,16,5,4,,,,,
FREEZING RAIN/DRIZZLE,"DARKNESS, LIGHTED ROAD",TURNING,NOT DIVIDED,,STRAIGHT AND LEVEL,WET,NO DEFECTS,,INJURY AND / OR TOW DUE TO CRASH,,,,$500 OR LESS,02/24/2025 22:26,IMPROPER TURNING/NO SIGNAL,DRIVING SKILLS/KNOWLEDGE/EXPERIENCE,230,W,CHICAGO AVE,1823,,,,,,,2,"REPORTED, NOT EVIDENT",1,0,0,0,1,3,0,21,2,2,,,,,
RAIN,"DARKNESS, LIGHTED ROAD",REAR END,NOT DIVIDED,,STRAIGHT AND LEVEL,WET,NO DEFECTS,NOT ON SCENE (DESK REPORT),NO INJURY / DRIVE AWAY,,,Y,"$501 - $1,500",01/30/2025 20:50,FOLLOWING TOO CLOSELY,UNABLE TO DETERMINE,1701,E,95TH ST,431,,,,,,,2,NO INDICATION OF INJURY,0,0,0,0,0,2,0,20,5,1,,,,,
RAIN,"DARKNESS, LIGHTED ROAD",SIDESWIPE OPPOSITE DIRECTION,ONE-WAY,,STRAIGHT AND LEVEL,WET,UNKNOWN,NOT ON SCENE (DESK REPORT),NO INJURY / DRIVE AWAY,,,Y,"OVER $1,500",01/31/2025 17:00,DRIVING ON WRONG SIDE/WRONG WAY,NOT APPLICABLE,2450,W,THOMAS ST,1212,,,,,,,2,NO INDICATION OF INJURY,0,0,0,0,0,2,0,1,5,1,,,,,
CLEAR,"DARKNESS, LIGHTED ROAD",ANGLE,FOUR WAY,,STRAIGHT AND LEVEL,WET,NO DEFECTS,ON SCENE,INJURY AND / OR TOW DUE TO CRASH,Y,,Y,"OVER $1,500",01/31/2025 19:30,DISREGARDING TRAFFIC SIGNALS,NOT APPLICABLE,2998,W,DIVERSEY AVE,1411,,,,,,,2,"REPORTED, NOT EVIDENT",1,0,0,0,1,1,0,19,6,1,,,,,
CLEAR,DUSK,ANGLE,NOT DIVIDED,,STRAIGHT AND LEVEL,DRY,NO DEFECTS,ON SCENE,INJURY AND / OR TOW DUE TO CRASH,Y,,,"OVER $1,500",01/31/2025 18:46,DISREGARDING TRAFFIC SIGNALS,FAILING TO REDUCE SPEED TO AVOID CRASH,1038,W,HOLLYWOOD AVE,2022,,Y,,,,,2,NO INDICATION OF INJURY,0,0,0,0,0,4,0,18,6,1,,,,,
CLEAR,DAYLIGHT,TURNING,DIVIDED - W/MEDIAN (NOT RAISED),,STRAIGHT AND LEVEL,DRY,NO DEFECTS,ON SCENE,NO INJURY / DRIVE AWAY,Y,,,"OVER $1,500",04/03/2025 9:00,FAILING TO YIELD RIGHT-OF-WAY,IMPROPER TURNING/NO SIGNAL,2732,N,CLARK ST,1935,,,,,,,2,NO INDICATION OF INJURY,0,0,0,0,0,2,0,8,5,4,,,,,
CLEAR,DAYLIGHT,ANGLE,FOUR WAY,,STRAIGHT AND LEVEL,DRY,NO DEFECTS,ON SCENE,NO INJURY / DRIVE AWAY,,,Y,"OVER $1,500",04/03/2025 12:15,UNABLE TO DETERMINE,UNABLE TO DETERMINE,3200,W,83RD PL,834,,,,,,,2,NO INDICATION OF INJURY,0,0,0,0,0,2,0,12,5,4,,,,,