WEATHER_CONDITION,LIGHTING_CONDITION,FIRST_CRASH_TYPE,TRAFFICWAY_TYPE,LANE_CNT,ALIGNMENT,ROADWAY_SURFACE_COND,ROAD_DEFECT,REPORT_TYPE,CRASH_TYPE,INTERSECTION_RELATED_I,NOT_RIGHT_OF_WAY_I,HIT_AND_RUN_I,DAMAGE,DATE_POLICE_NOTIFIED,PRIM_CONTRIBUTORY_CAUSE,SEC_CONTRIBUTORY_CAUSE,STREET_NO,STREET_DIRECTION,STREET_NAME,BEAT_OF_OCCURRENCE,PHOTOS_TAKEN_I,STATEMENTS_TAKEN_I,DOORING_I,WORK_ZONE_I,WORK_ZONE_TYPE,WORKERS_PRESENT_I,NUM_UNITS,MOST_SEVERE_INJURY,INJURIES_TOTAL,INJURIES_FATAL,INJURIES_INCAPACITATING,INJURIES_NON_INCAPACITATING,INJURIES_REPORTED_NOT_EVIDENT,INJURIES_NO_INDICATION,INJURIES_UNKNOWN,CRASH_HOUR,CRASH_DAY_OF_WEEK,CRASH_MONTH,INJURIES_NO_INDICATION,INJURIES_UNKNOWN,CRASH_HOUR,CRASH_DAY_OF_WEEK,CRASH_MONTH
CLEAR,DAYLIGHT,REAR END,NOT DIVIDED,,STRAIGHT AND LEVEL,DRY,NO DEFECTS,NOT ON SCENE (DESK REPORT),INJURY AND / OR TOW DUE TO CRASH,,,,"OVER $1,500",04/03/2025 16:20,FOLLOWING TOO CLOSELY,NOT APPLICABLE,6261,N,LINCOLN AVE,1711,,,,,,,2,"REPORTED, NOT EVIDENT",1,0,0,0,1,1,0,15,5,4,,,,,
RAIN,DAWN,ANGLE,NOT DIVIDED,,STRAIGHT AND LEVEL,WET,NO DEFECTS,ON SCENE,NO INJURY / DRIVE AWAY,Y,,,"OVER $1,500",01/31/2025 7:59,UNABLE TO DETERMINE,NOT APPLICABLE,7240,N,DAMEN AVE,2424,,,,,,,2,NO INDICATION OF INJURY,0,0,0,0,0,2,0,7,6,1,,,,,
RAIN,DAYLIGHT,PARKED MOTOR VEHICLE,ONE-WAY,,STRAIGHT AND LEVEL,WET,NO DEFECTS,NOT ON SCENE (DESK REPORT),NO INJURY / DRIVE AWAY,,,Y,$500 OR LESS,01/31/2025 8:50,UNABLE TO DETERMINE,UNABLE TO DETERMINE,5113,S,TRUMBULL AVE,822,,,,,,,2,NO INDICATION OF INJURY,0,0,0,0,0,2,0,8,6,1,,,,,
CLEAR,DAYLIGHT,ANGLE,ALLEY,,STRAIGHT AND LEVEL,DRY,NO DEFECTS,ON SCENE,NO INJURY / DRIVE AWAY,,,,$500 OR LESS,04/02/2025 17:32,FAILING TO YIELD RIGHT-OF-WAY,NOT APPLICABLE,3942,N,ALBANY AVE,1733,,,,,,,2,NO INDICATION OF INJURY,0,0,0,0,0,2,0,17,4,4,,,,,
UNKNOWN,UNKNOWN,REAR END,OTHER,,STRAIGHT AND LEVEL,UNKNOWN,UNKNOWN,,NO INJURY / DRIVE AWAY,,,Y,"OVER $1,500",04/03/2025 14:30,UNABLE TO DETERMINE,NOT APPLICABLE,4244,S,WENTWORTH AVE,925,,,,,,,2,NO INDICATION OF INJURY,0,0,0,0,0,2,0,15,6,3,,,,,
CLEAR,DAYLIGHT,TURNING,FOUR WAY,,STRAIGHT AND LEVEL,DRY,UNKNOWN,ON SCENE,INJURY AND / OR TOW DUE TO CRASH,Y,,,"OVER $1,500",04/03/2025 18:24,FAILING TO YIELD RIGHT-OF-WAY,DRIVING SKILLS/KNOWLEDGE/EXPERIENCE,5601,W,BYRON ST,1633,,,,,,,2,NO INDICATION OF INJURY,0,0,0,0,0,2,0,18,5,4,,,,,
CLEAR,DAYLIGHT,SIDESWIPE SAME DIRECTION,DIVIDED - W/MEDIAN BARRIER,,STRAIGHT AND LEVEL,DRY,NO DEFECTS,ON SCENE,NO INJURY / DRIVE AWAY,,,Y,"$501 - $1,500",04/03/2025 10:40,UNABLE TO DETERMINE,UNABLE TO DETERMINE,8637,S,ASHLAND AVE,614,,,,,,,2,NO INDICATION OF INJURY,0,0,0,0,0,3,0,10,5,4,,,,,
CLEAR,"DARKNESS, LIGHTED ROAD",REAR END,NOT DIVIDED,,STRAIGHT ON GRADE,DRY,NO DEFECTS,ON SCENE,INJURY AND / OR TOW DUE TO CRASH,,,,"OVER $1,500",02/11/2025 18:45,UNABLE TO DETERMINE,UNABLE TO DETERMINE,3660,W,111TH ST,2211,,,,,,,2,NONINCAPACITATING INJURY,1,0,0,1,0,1,0,18,3,2,,,,,
CLEAR,DAYLIGHT,REAR END,NOT DIVIDED,,STRAIGHT AND LEVEL,DRY,NO DEFECTS,NOT ON SCENE (DESK REPORT),NO INJURY / DRIVE AWAY,,,,"OVER $1,500",01/28/2025 9:45,FOLLOWING TOO CLOSELY,UNABLE TO DETERMINE,8701,S,COMMERCIAL AVE,424,,,,,,,2,NO INDICATION OF INJURY,0,0,0,0,0,2,0,9,3,1,,,,,
CLEAR,DAYLIGHT,SIDESWIPE SAME DIRECTION,NOT DIVIDED,,STRAIGHT AND LEVEL,DRY,NO DEFECTS,ON SCENE,INJURY AND / OR TOW DUE TO CRASH,,,,"OVER $1,500",01/29/2025 10:30,FAILING TO YIELD RIGHT-OF-WAY,NOT APPLICABLE,5435,N,HARLEM AVE,1613,,,,,,,2,NO INDICATION OF INJURY,0,0,0,0,0,2,0,10,4,1,,,,,
CLEAR,DAYLIGHT,PARKED MOTOR VEHICLE,OTHER,,STRAIGHT AND LEVEL,DRY,NO DEFECTS,ON SCENE,INJURY AND / OR TOW DUE TO CRASH,,,Y,"OVER $1,500",01/30/2025 8:02,UNABLE TO DETERMINE,UNABLE TO DETERMINE,4606,N,CENTRAL PARK AVE,1723,,,,,,,3,NO INDICATION OF INJURY,0,0,0,0,0,1,0,7,5,1,,,,,
RAIN,DARKNESS,REAR TO SIDE,ONE-WAY,,STRAIGHT AND LEVEL,WET,NO DEFECTS,ON SCENE,NO INJURY / DRIVE AWAY,Y,,,"OVER $1,500",01/31/2025 11:45,FAILING TO YIELD RIGHT-OF-WAY,NOT APPLICABLE,4900,S,MICHIGAN AVE,224,,,,,,,2,NO INDICATION OF INJURY,0,0,0,0,0,2,0,21,5,1,,,,,
RAIN,"DARKNESS, LIGHTED ROAD",REAR END,DIVIDED - W/MEDIAN (NOT RAISED),,STRAIGHT AND LEVEL,WET,NO DEFECTS,ON SCENE,INJURY AND / OR TOW DUE TO CRASH,,,,"OVER $1,500",01/31/2025 0:05,UNABLE TO DETERMINE,NOT APPLICABLE,1707,E,103RD ST,434,,N,,,,,2,FATAL,1,1,0,0,0,1,0,0,6,1,,,,,
RAIN,DAYLIGHT,TURNING,NOT DIVIDED,,STRAIGHT AND LEVEL,WET,NO DEFECTS,NOT ON SCENE (DESK REPORT),INJURY AND / OR TOW DUE TO CRASH,Y,,,"OVER $1,500",01/31/2025 15:53,UNABLE TO DETERMINE,UNABLE TO DETERMINE,6731,W,GRAND AVE,2512,,,,,,,2,NO INDICATION OF INJURY,0,0,0,0,0,2,0,15,6,1,,,,,
RAIN,DAYLIGHT,ANGLE,NOT DIVIDED,,STRAIGHT AND LEVEL,WET,NO DEFECTS,NOT ON SCENE (DESK REPORT),NO INJURY / DRIVE AWAY,,,,"OVER $1,500",01/31/2025 15:30,FAILING TO YIELD RIGHT-OF-WAY,UNABLE TO DETERMINE,6452,W,HOBART AVE,1612,,,,,,,2,NO INDICATION OF INJURY,0,0,0,0,0,2,0,10,6,1,,,,,
CLEAR,DAYLIGHT,REAR END,NOT DIVIDED,,STRAIGHT AND LEVEL,DRY,NO DEFECTS,NOT ON SCENE (DESK REPORT),NO INJURY / DRIVE AWAY,,,Y,"$501 - $1,500",04/03/2025 8:40,UNABLE TO DETERMINE,UNABLE TO DETERMINE,330,E,71ST ST,322,,,,,,,2,NO INDICATION OF INJURY,0,0,0,0,0,2,0,8,5,4,,,,,
CLEAR,"DARKNESS, LIGHTED ROAD",SIDESWIPE SAME DIRECTION,NOT DIVIDED,,STRAIGHT AND LEVEL,DRY,NO DEFECTS,ON SCENE,INJURY AND / OR TOW DUE TO CRASH,,,,"OVER $1,500",02/11/2025 19:20,IMPROPER LANE USAGE,FAILING TO REDUCE SPEED TO AVOID CRASH,4150,S,ASHLAND AVE,924,,,,,,,2,INCAPACITATING INJURY,1,0,1,0,0,3,0,19,3,2,,,,,
CLEAR,"DARKNESS, LIGHTED ROAD",PARKED MOTOR VEHICLE,ONE-WAY,,STRAIGHT AND LEVEL,DRY,NO DEFECTS,ON SCENE,INJURY AND / OR TOW DUE TO CRASH,,,,"OVER $1,500",02/11/2025 2:20,UNABLE TO DETERMINE,UNABLE TO DETERMINE,6399,S,PAULINA ST,725,,,,,,,3,NO INDICATION OF INJURY,0,0,0,0,0,2,0,2,3,2,,,,,
RAIN,"DARKNESS, LIGHTED ROAD",TURNING,DIVIDED - W/MEDIAN (NOT RAISED),,STRAIGHT AND LEVEL,WET,NO DEFECTS,,INJURY AND / OR TOW DUE TO CRASH,Y,,,"OVER $1,500",10/11/2021 18:45,UNABLE TO DETERMINE,NOT APPLICABLE,1,S,LARAMIE AVE,1533,,,,,,,3,NONINCAPACITATING INJURY,1,0,0,1,0,3,0,18,2,10,,,,,
UNKNOWN,DARKNESS,FIXED OBJECT,PARKING LOT,,STRAIGHT AND LEVEL,UNKNOWN,UNKNOWN,ON SCENE,NO INJURY / DRIVE AWAY,,Y,N,"OVER $1,500",01/31/2025 16:02,UNABLE TO DETERMINE,UNABLE TO DETERMINE,310,E,132ND ST,533,,,,,,,1,NO INDICATION OF INJURY,0,0,0,0,0,1,0,21,5,1,,,,,
CLEAR,DAYLIGHT,SIDESWIPE SAME DIRECTION,NOT DIVIDED,,STRAIGHT AND LEVEL,WET,NO DEFECTS,NOT ON SCENE (DESK REPORT),NO INJURY / DRIVE AWAY,,,Y,"$501 - $1,500",01/31/2025 16:45,IMPROPER OVERTAKING/PASSING,NOT APPLICABLE,7004,S,PULASKI RD,833,,,,,,,2,NO INDICATION OF INJURY,0,0,0,0,0,2,0,16,6,1,,,,,
CLEAR,"DARKNESS, LIGHTED ROAD",TURNING,NOT DIVIDED,,STRAIGHT AND LEVEL,DRY,NO DEFECTS,ON SCENE,NO INJURY / DRIVE AWAY,,,,"OVER $1,500",04/03/2025 22:54,IMPROPER TURNING/NO SIGNAL,NOT APPLICABLE,6332,S,RICHARDS DR,331,,,,,,,2,NO INDICATION OF INJURY,0,0,0,0,0,2,0,22,5,4,,,,,
CLEAR,DAYLIGHT,TURNING,FOUR WAY,,STRAIGHT AND LEVEL,DRY,NO DEFECTS,ON SCENE,INJURY AND / OR TOW DUE TO CRASH,Y,,,"OVER $1,500",04/03/2025 15:24,FAILING TO YIELD RIGHT-OF-WAY,FAILING TO YIELD RIGHT-OF-WAY,299,E,GRAND AVE,1834,,,,,,,2,NO INDICATION OF INJURY,0,0,0,0,0,2,0,15,5,4,,,,,
RAIN,DAYLIGHT,TURNING,NOT DIVIDED,,STRAIGHT AND LEVEL,WET,NO DEFECTS,NOT ON SCENE (DESK REPORT),NO INJURY / DRIVE AWAY,Y,,Y,"OVER $1,500",04/02/2025 17:35,FAILING TO YIELD RIGHT-OF-WAY,FAILING TO YIELD RIGHT-OF-WAY,799,W,CHICAGO AVE,1214,,,,,,,2,NO INDICATION OF INJURY,0,0,0,0,0,2,0,17,4,4,,,,,
CLEAR,DAYLIGHT,SIDESWIPE SAME DIRECTION,DIVIDED - W/MEDIAN (NOT RAISED),,STRAIGHT AND LEVEL,DRY,UNKNOWN,NOT ON SCENE (DESK REPORT),NO INJURY / DRIVE AWAY,,,,$500 OR LESS,04/03/2025 15:10,UNABLE TO DETERMINE,UNABLE TO DETERMINE,2855,N,PULASKI RD,2523,,,,,,,2,NO INDICATION OF INJURY,0,0,0,0,0,2,0,9,5,4,,,,,
CLEAR,DAYLIGHT,PARKED MOTOR VEHICLE,OTHER,,STRAIGHT AND LEVEL,WET,NO DEFECTS,ON SCENE,INJURY AND / OR TOW DUE TO CRASH,,Y,,"OVER $1,500",01/30/2025 11:02,UNABLE TO DETERMINE,NOT APPLICABLE,6101,N,WESTERN AVE,2413,,,,,,,2,"REPORTED, NOT EVIDENT",1,0,0,0,1,0,0,11,5,1,,,,,
RAIN,DAYLIGHT,PARKED MOTOR VEHICLE,DIVIDED - W/MEDIAN (NOT RAISED),,STRAIGHT AND LEVEL,WET,UNKNOWN,ON SCENE,INJURY AND / OR TOW DUE TO CRASH,,,,"OVER $1,500",01/31/2025 12:45,FAILING TO REDUCE SPEED TO AVOID CRASH,WEATHER,5947,N,WESTERN AVE,2012,,,,,,,3,NO INDICATION OF INJURY,0,0,0,0,0,1,0,12,6,1,,,,,
RAIN,DAYLIGHT,TURNING,DIVIDED - W/MEDIAN (NOT RAISED),,STRAIGHT AND LEVEL,WET,UNKNOWN,ON SCENE,INJURY AND / OR TOW DUE TO CRASH,Y,,,"OVER $1,500",01/31/2025 7:48,FAILING TO YIELD RIGHT-OF-WAY,NOT APPLICABLE,5000,S,PULASKI RD,815,,,,,,,2,NONINCAPACITATING INJURY,2,0,0,2,0,0,0,7,6,1,,,,,
CLEAR,DAYLIGHT,PARKED MOTOR VEHICLE,DIVIDED - W/MEDIAN (NOT RAISED),,STRAIGHT AND LEVEL,DRY,NO DEFECTS,NOT ON SCENE (DESK REPORT),NO INJURY / DRIVE AWAY,,,,$500 OR LESS,01/31/2025 16:20,IMPROPER BACKING,NOT APPLICABLE,1519,W,TAYLOR ST,1231,,,,,,,2,NO INDICATION OF INJURY,0,0,0,0,0,3,0,15,6,1,,,,,
CLEAR,"DARKNESS, LIGHTED ROAD",ANGLE,NOT DIVIDED,,STRAIGHT AND LEVEL,DRY,NO DEFECTS,NOT ON SCENE (DESK REPORT),NO INJURY / DRIVE AWAY,,,,"OVER $1,500",04/19/2025 23:53,UNABLE TO DETERMINE,NOT APPLICABLE,5729,S,KEDZIE AVE,824,,,,,,,3,NO INDICATION OF INJURY,0,0,0,0,0,4,0,21,7,4,,,,,
CLEAR,DAYLIGHT,PEDESTRIAN,NOT DIVIDED,,STRAIGHT AND LEVEL,DRY,UNKNOWN,,INJURY AND / OR TOW DUE TO CRASH,,,,"OVER $1,500",12/06/2024 17:36,UNABLE TO DETERMINE,UNABLE TO DETERMINE,3000,N,SOUTHPORT AVE,1933,,,,,,,2,NONINCAPACITATING INJURY,1,0,0,1,0,1,0,16,6,12,,,,,
CLEAR,DUSK,PARKED MOTOR VEHICLE,CENTER TURN LANE,,STRAIGHT AND LEVEL,DRY,NO DEFECTS,ON SCENE,INJURY AND / OR TOW DUE TO CRASH,Y,,,"OVER $1,500",02/11/2025 23:16,DISREGARDING TRAFFIC SIGNALS,NOT APPLICABLE,556,W,ADAMS ST,121,,,,,,,2,NONINCAPACITATING INJURY,1,0,0,1,0,0,0,23,3,2,,,,,
CLOUDY/OVERCAST,DAYLIGHT,REAR END,NOT DIVIDED,,STRAIGHT AND LEVEL,WET,NO DEFECTS,ON SCENE,INJURY AND / OR TOW DUE TO CRASH,,,,"OVER $1,500",01/31/2025 16:38,UNABLE TO DETERMINE,NOT APPLICABLE,2631,W,ADDISON ST,1921,,,,,,,2,NO INDICATION OF INJURY,0,0,0,0,0,2,0,16,6,1,,,,,
CLEAR,DAYLIGHT,REAR TO FRONT,FOUR WAY,,STRAIGHT AND LEVEL,DRY,NO DEFECTS,ON SCENE,NO INJURY / DRIVE AWAY,Y,,,"$501 - $1,500",01/30/2025 13:00,IMPROPER BACKING,DRIVING SKILLS/KNOWLEDGE/EXPERIENCE,5197,N,CICERO AVE,1712,,,,,,,2,NO INDICATION OF INJURY,0,0,0,0,0,2,0,13,5,1,,,,,
RAIN,DAYLIGHT,PARKED MOTOR VEHICLE,OTHER,,STRAIGHT AND LEVEL,WET,NO DEFECTS,ON SCENE,NO INJURY / DRIVE AWAY,,Y,,$500 OR LESS,01/31/2025 10:16,FAILING TO REDUCE SPEED TO AVOID CRASH,WEATHER,3510,S,ASHLAND AVE,912,,,,,,,2,NO INDICATION OF INJURY,0,0,0,0,0,2,0,10,6,1,,,,,
CLEAR,DAYLIGHT,SIDESWIPE SAME DIRECTION,NOT DIVIDED,,STRAIGHT AND LEVEL,DRY,NO DEFECTS,NOT ON SCENE (DESK REPORT),NO INJURY / DRIVE AWAY,,,,"$501 - $1,500",01/31/2025 17:35,IMPROPER OVERTAKING/PASSING,IMPROPER OVERTAKING/PASSING,8413,W,FOREST PRESERVE AVE,1631,,,,,,,2,NO INDICATION OF INJURY,0,0,0,0,0,2,0,16,6,1,,,,,
CLEAR,"DARKNESS, LIGHTED ROAD",ANGLE,NOT DIVIDED,,STRAIGHT AND LEVEL,UNKNOWN,UNKNOWN,NOT ON SCENE (DESK REPORT),NO INJURY / DRIVE AWAY,Y,,,"OVER $1,500",01/31/2025 18:00,UNABLE TO DETERMINE,UNABLE TO DETERMINE,6234,W,GRAND AVE,2512,,,,,,,2,NO INDICATION OF INJURY,0,0,0,0,0,2,0,17,6,1,,,,,
OTHER,"DARKNESS, LIGHTED ROAD",TURNING,FOUR WAY,,STRAIGHT AND LEVEL,WET,NO DEFECTS,,NO INJURY / DRIVE AWAY,Y,,,"OVER $1,500",01/06/2025 22:30,DISREGARDING TRAFFIC SIGNALS,NOT APPLICABLE,4800,W,LAKE ST,1532,,,,,,,2,NO INDICATION OF INJURY,0,0,0,0,0,2,0,22,2,1,,,,,
CLEAR,DAYLIGHT,PARKED MOTOR VEHICLE,NOT DIVIDED,,STRAIGHT AND LEVEL,DRY,NO DEFECTS,NOT ON SCENE (DESK REPORT),NO INJURY / DRIVE AWAY,,,,"$501 - $1,500",01/30/2025 11:00,IMPROPER BACKING,NOT APPLICABLE,125,S,WACKER DR,122,,,,,,,2,NO INDICATION OF INJURY,0,0,0,0,0,3,0,10,3,1,,,,,
RAIN,DARKNESS,PARKED MOTOR VEHICLE,ONE-WAY,,STRAIGHT AND LEVEL,WET,NO DEFECTS,NOT ON SCENE (DESK REPORT),NO INJURY / DRIVE AWAY,,,Y,"OVER $1,500",01/31/2025 16:20,UNABLE TO DETERMINE,UNABLE TO DETERMINE,5035,S,EAST END AVE,222,,,,,,,2,NO INDICATION OF INJURY,0,0,0,0,0,1,0,18,5,1,,,,,
RAIN,DAWN,REAR END,NOT DIVIDED,,STRAIGHT AND LEVEL,WET,NO DEFECTS,ON SCENE,NO INJURY / DRIVE AWAY,,,,"OVER $1,500",01/31/2025 7:19,"EVASIVE ACTION DUE TO ANIMAL, OBJECT, NONMOTORIST",NOT APPLICABLE,4815,S,KEDZIE AVE,922,,,,,,,2,NO INDICATION OF INJURY,0,0,0,0,0,1,0,7,6,1,,,,,
RAIN,DAYLIGHT,SIDESWIPE SAME DIRECTION,DIVIDED - W/MEDIAN (NOT RAISED),,STRAIGHT AND LEVEL,WET,UNKNOWN,NOT ON SCENE (DESK REPORT),NO INJURY / DRIVE AWAY,,,Y,"OVER $1,500",01/31/2025 14:20,UNABLE TO DETERMINE,NOT APPLICABLE,1600,W,DIVISION ST,1424,,,,,,,2,NO INDICATION OF INJURY,0,0,0,0,0,2,0,14,6,1,,,,,
CLEAR,DAYLIGHT,TURNING,NOT DIVIDED,,STRAIGHT AND LEVEL,DRY,NO DEFECTS,NOT ON SCENE (DESK REPORT),NO INJURY / DRIVE AWAY,,,Y,"OVER $1,500",01/31/2025 9:46,FAILING TO YIELD RIGHT-OF-WAY,FAILING TO YIELD RIGHT-OF-WAY,6305,S,SPRINGFIELD AVE,823,,,,,,,2,NO INDICATION OF INJURY,0,0,0,0,0,2,0,11,5,1,,,,,
RAIN,DAYLIGHT,PARKED MOTOR VEHICLE,PARKING LOT,,STRAIGHT AND LEVEL,WET,NO DEFECTS,ON SCENE,NO INJURY / DRIVE AWAY,,,,"OVER $1,500",01/31/2025 15:15,DRIVING SKILLS/KNOWLEDGE/EXPERIENCE,UNABLE TO DETERMINE,10020,W,BALMORAL AVE,1654,,,,,,,2,NO INDICATION OF INJURY,0,0,0,0,0,1,0,14,6,1,,,,,
RAIN,DARKNESS,TURNING,NOT DIVIDED,,STRAIGHT AND LEVEL,WET,NO DEFECTS,ON SCENE,INJURY AND / OR TOW DUE TO CRASH,,,,"OVER $1,500",01/31/2025 17:08,IMPROPER OVERTAKING/PASSING,NOT APPLICABLE,1350,W,69TH ST,724,,,,,,,2,NONINCAPACITATING INJURY,1,0,0,1,0,1,0,17,6,1,,,,,
CLEAR,DAYLIGHT,TURNING,NOT DIVIDED,,STRAIGHT AND LEVEL,DRY,NO DEFECTS,NOT ON SCENE (DESK REPORT),NO INJURY / DRIVE AWAY,,,,"OVER $1,500",02/11/2025 12:20,IMPROPER OVERTAKING/PASSING,NOT APPLICABLE,8455,W,CATHERINE AVE,1614,,,,,,,2,NO INDICATION OF INJURY,0,0,0,0,0,2,0,11,3,2,,,,,
UNKNOWN,UNKNOWN,TURNING,FOUR WAY,,STRAIGHT AND LEVEL,UNKNOWN,UNKNOWN,NOT ON SCENE (DESK REPORT),NO INJURY / DRIVE AWAY,,,,"OVER $1,500",02/11/2025 15:36,UNABLE TO DETERMINE,NOT APPLICABLE,3257,S,ARCHER AVE,912,,,,,,,2,NO INDICATION OF INJURY,0,0,0,0,0,2,0,14,3,2,,,,,
CLEAR,"DARKNESS, LIGHTED ROAD",TURNING,NOT DIVIDED,,STRAIGHT AND LEVEL,DRY,NO DEFECTS,ON SCENE,INJURY AND / OR TOW DUE TO CRASH,Y,,,"OVER $1,500",04/01/2025 19:49,FAILING TO YIELD RIGHT-OF-WAY,NOT APPLICABLE,6233,S,PULASKI RD,823,,,,N,,,2,NONINCAPACITATING INJURY,4,0,0,4,0,0,0,19,3,4,,,,,
CLEAR,"DARKNESS, LIGHTED ROAD",REAR END,ONE-WAY,,STRAIGHT AND LEVEL,UNKNOWN,NO DEFECTS,,NO INJURY / DRIVE AWAY,,,Y,"OVER $1,500",01/26/2025 1:10,DISREGARDING TRAFFIC SIGNALS,IMPROPER TURNING/NO SIGNAL,299,W,ONTARIO ST,1831,,,,,,,2,NO INDICATION OF INJURY,0,0,0,0,0,4,0,3,7,1,,,,,
RAIN,DAYLIGHT,FIXED OBJECT,NOT DIVIDED,,STRAIGHT AND LEVEL,WET,WORN SURFACE,NOT ON SCENE (DESK REPORT),NO INJURY / DRIVE AWAY,Y,,,"OVER $1,500",01/31/2025 8:45,NOT APPLICABLE,NOT APPLICABLE,1142,E,76TH ST,624,,,,,,,1,NO INDICATION OF INJURY,0,0,0,0,0,1,0,15,5,1,,,,,
RAIN,DARKNESS,REAR END,NOT DIVIDED,,STRAIGHT AND LEVEL,WET,NO DEFECTS,ON SCENE,INJURY AND / OR TOW DUE TO CRASH,,,Y,"$501 - $1,500",01/31/2025 17:17,UNABLE TO DETERMINE,UNABLE TO DETERMINE,9800,S,EWING AVE,432,,,,N,,,2,NO INDICATION OF INJURY,0,0,0,0,0,2,0,17,6,1,,,,,
SNOW,DAYLIGHT,REAR END,FOUR WAY,,STRAIGHT AND LEVEL,WET,NO DEFECTS,ON SCENE,NO INJURY / DRIVE AWAY,Y,,,"OVER $1,500",02/11/2025 9:35,FOLLOWING TOO CLOSELY,NOT APPLICABLE,3602,N,CICERO AVE,1634,N,Y,,,,,2,NO INDICATION OF INJURY,0,0,0,0,0,2,0,9,3,2,,,,,
CLEAR,DAYLIGHT,ANGLE,DIVIDED - W/MEDIAN (NOT RAISED),,STRAIGHT AND LEVEL,DRY,NO DEFECTS,ON SCENE,INJURY AND / OR TOW DUE TO CRASH,Y,,,"OVER $1,500",01/30/2025 11:40,DISREGARDING TRAFFIC SIGNALS,NOT APPLICABLE,4700,S,WESTERN AVE,922,,,,,,,2,NO INDICATION OF INJURY,0,0,0,0,0,2,0,11,5,1,,,,,
RAIN,DAYLIGHT,REAR END,NOT DIVIDED,,STRAIGHT AND LEVEL,WET,NO DEFECTS,NOT ON SCENE (DESK REPORT),NO INJURY / DRIVE AWAY,,,Y,"OVER $1,500",01/31/2025 15:40,FOLLOWING TOO CLOSELY,NOT APPLICABLE,6150,N,BROADWAY,2433,,,,,,,3,NO INDICATION OF INJURY,0,0,0,0,0,3,0,15,6,1,,,,,
CLEAR,DAWN,TURNING,FOUR WAY,,STRAIGHT AND LEVEL,DRY,NO DEFECTS,ON SCENE,NO INJURY / DRIVE AWAY,Y,,,"OVER $1,500",01/31/2025 16:20,FAILING TO REDUCE SPEED TO AVOID CRASH,FAILING TO YIELD RIGHT-OF-WAY,3600,N,AUSTIN AVE,1633,N,Y,,,,,3,NO INDICATION OF INJURY,0,0,0,0,0,3,0,16,6,1,,,,,
CLEAR,DAYLIGHT,PARKED MOTOR VEHICLE,NOT DIVIDED,,STRAIGHT AND LEVEL,DRY,NO DEFECTS,,NO INJURY / DRIVE AWAY,,,,"$501 - $1,500",01/28/2025 15:00,UNABLE TO DETERMINE,UNABLE TO DETERMINE,5447,S,LARAMIE AVE,814,,,,N,,,2,NO INDICATION OF INJURY,0,0,0,0,0,1,0,14,3,1,,,,,
CLEAR,DAYLIGHT,PARKED MOTOR VEHICLE,DIVIDED - W/MEDIAN (NOT RAISED),,STRAIGHT AND LEVEL,DRY,NO DEFECTS,ON SCENE,NO INJURY / DRIVE AWAY,,,,$500 OR LESS,01/30/2025 14:00,DRIVING SKILLS/KNOWLEDGE/EXPERIENCE,NOT APPLICABLE,1521,E,55TH ST,235,,,,,,,2,NO INDICATION OF INJURY,0,0,0,0,0,1,0,12,5,1,,,,,
CLEAR,DAYLIGHT,ANGLE,PARKING LOT,,STRAIGHT AND LEVEL,DRY,NO DEFECTS,NOT ON SCENE (DESK REPORT),NO INJURY / DRIVE AWAY,,,Y,"OVER $1,500",01/31/2025 11:25,FAILING TO YIELD RIGHT-OF-WAY,IMPROPER TURNING/NO SIGNAL,1739,W,CERMAK RD,1034,,,,,,,2,NO INDICATION OF INJURY,0,0,0,0,0,2,0,13,5,1,,,,,
CLEAR,DUSK,ANGLE,NOT DIVIDED,,STRAIGHT AND LEVEL,DRY,NO DEFECTS,NOT ON SCENE (DESK REPORT),INJURY AND / OR TOW DUE TO CRASH,,,,"$501 - $1,500",01/31/2025 19:47,FAILING TO YIELD RIGHT-OF-WAY,NOT APPLICABLE,6000,S,WESTERN AVE,825,,,,,,,2,NONINCAPACITATING INJURY,1,0,0,1,0,1,0,18,6,1,,,,,
RAIN,DAYLIGHT,ANGLE,T-INTERSECTION,,STRAIGHT AND LEVEL,WET,NO DEFECTS,ON SCENE,NO INJURY / DRIVE AWAY,Y,,,"$501 - $1,500",01/31/2025 10:35,FAILING TO YIELD RIGHT-OF-WAY,NOT APPLICABLE,3400,N,BROADWAY,1925,,,,,,,2,NO INDICATION OF INJURY,0,0,0,0,0,2,0,10,6,1,,,,,
RAIN,DAYLIGHT,SIDESWIPE SAME DIRECTION,DIVIDED - W/MEDIAN (NOT RAISED),,STRAIGHT AND LEVEL,WET,NO DEFECTS,NOT ON SCENE (DESK REPORT),NO INJURY / DRIVE AWAY,,,Y,"$501 - $1,500",01/31/2025 8:25,UNABLE TO DETERMINE,UNABLE TO DETERMINE,1701,W,47TH ST,931,,,,,,,2,NO INDICATION OF INJURY,0,0,0,0,0,3,0,7,6,1,,,,,