WEATHER_CONDITION,LIGHTING_CONDITION,FIRST_CRASH_TYPE,TRAFFICWAY_TYPE,LANE_CNT,ALIGNMENT,ROADWAY_SURFACE_COND,ROAD_DEFECT,REPORT_TYPE,CRASH_TYPE,INTERSECTION_RELATED_I,NOT_RIGHT_OF_WAY_I,HIT_AND_RUN_I,DAMAGE,DATE_POLICE_NOTIFIED,PRIM_CONTRIBUTORY_CAUSE,SEC_CONTRIBUTORY_CAUSE,STREET_NO,STREET_DIRECTION,STREET_NAME,BEAT_OF_OCCURRENCE,PHOTOS_TAKEN_I,STATEMENTS_TAKEN_I,DOORING_I,WORK_ZONE_I,WORK_ZONE_TYPE,WORKERS_PRESENT_I,NUM_UNITS,MOST_SEVERE_INJURY,INJURIES_TOTAL,INJURIES_FATAL,INJURIES_INCAPACITATING,INJURIES_NON_INCAPACITATING,INJURIES_REPORTED_NOT_EVIDENT,INJURIES_NO_INDICATION,INJURIES_UNKNOWN,CRASH_HOUR,CRASH_DAY_OF_WEEK,CRASH_MONTH,INJURIES_NO_INDICATION,INJURIES_UNKNOWN,CRASH_HOUR,CRASH_DAY_OF_WEEK,CRASH_MONTH
CLEAR,DAYLIGHT,ANGLE,DIVIDED - W/MEDIAN (NOT RAISED),,STRAIGHT AND LEVEL,DRY,NO DEFECTS,NOT ON SCENE (DESK REPORT),INJURY AND / OR TOW DUE TO CRASH,Y,,,"OVER $1,500",03/20/2025 17:10,UNABLE TO DETERMINE,UNABLE TO DETERMINE,401,N,LARAMIE AVE,1532,,,,,,,2,NO INDICATION OF INJURY,0,0,0,0,0,3,0,17,5,3,,,,,
CLEAR,DAYLIGHT,SIDESWIPE SAME DIRECTION,DIVIDED - W/MEDIAN BARRIER,,STRAIGHT AND LEVEL,DRY,NO DEFECTS,NOT ON SCENE (DESK REPORT),NO INJURY / DRIVE AWAY,,,,"OVER $1,500",03/20/2025 18:10,FAILING TO YIELD RIGHT-OF-WAY,FAILING TO REDUCE SPEED TO AVOID CRASH,1752,W,IRVING PARK RD,1912,,,,,,,2,NO INDICATION OF INJURY,0,0,0,0,0,2,0,17,5,3,,,,,
SNOW,DAYLIGHT,REAR END,NOT DIVIDED,,STRAIGHT AND LEVEL,SNOW OR SLUSH,NO DEFECTS,NOT ON SCENE (DESK REPORT),NO INJURY / DRIVE AWAY,,,,"OVER $1,500",03/20/2025 8:15,FOLLOWING TOO CLOSELY,UNABLE TO DETERMINE,5101,S,KEELER AVE,815,,,,,,,2,NO INDICATION OF INJURY,0,0,0,0,0,2,0,7,5,3,,,,,
CLEAR,DAYLIGHT,TURNING,NOT DIVIDED,,STRAIGHT AND LEVEL,DRY,NO DEFECTS,NOT ON SCENE (DESK REPORT),NO INJURY / DRIVE AWAY,,,,"OVER $1,500",04/23/2025 9:45,FAILING TO YIELD RIGHT-OF-WAY,NOT APPLICABLE,687,W,LAKE ST,1224,,,,,,,2,NO INDICATION OF INJURY,0,0,0,0,0,2,0,9,3,4,,,,,
CLEAR,DAYLIGHT,REAR END,NOT DIVIDED,,STRAIGHT AND LEVEL,DRY,NO DEFECTS,NOT ON SCENE (DESK REPORT),NO INJURY / DRIVE AWAY,,,Y,$500 OR LESS,04/23/2025 22:10,UNABLE TO DETERMINE,NOT APPLICABLE,3951,N,ASHLAND AVE,1922,,,,,,,2,NO INDICATION OF INJURY,0,0,0,0,0,2,0,18,4,4,,,,,
RAIN,DAYLIGHT,FIXED OBJECT,FOUR WAY,,STRAIGHT AND LEVEL,WET,NO DEFECTS,ON SCENE,NO INJURY / DRIVE AWAY,,,,"$501 - $1,500",04/23/2025 7:53,DISTRACTION - FROM INSIDE VEHICLE,DISTRACTION - FROM INSIDE VEHICLE,7059,S,RACINE AVE,733,,,,,,,1,NO INDICATION OF INJURY,0,0,0,0,0,4,0,7,4,4,,,,,
CLEAR,DAYLIGHT,REAR END,PARKING LOT,,STRAIGHT AND LEVEL,WET,NO DEFECTS,NOT ON SCENE (DESK REPORT),NO INJURY / DRIVE AWAY,,,,"OVER $1,500",04/23/2025 12:15,UNABLE TO DETERMINE,UNABLE TO DETERMINE,2800,W,DIVERSEY AVE,1411,,,,,,,2,NO INDICATION OF INJURY,0,0,0,0,0,4,0,10,4,4,,,,,
CLEAR,DAYLIGHT,ANGLE,NOT DIVIDED,,STRAIGHT AND LEVEL,DRY,NO DEFECTS,ON SCENE,NO INJURY / DRIVE AWAY,Y,,,"OVER $1,500",01/17/2025 11:28,DISREGARDING STOP SIGN,NOT APPLICABLE,2759,W,99TH ST,2211,,,,,,,2,NO INDICATION OF INJURY,0,0,0,0,0,2,0,11,6,1,,,,,
CLEAR,DAYLIGHT,TURNING,PARKING LOT,,STRAIGHT AND LEVEL,DRY,NO DEFECTS,ON SCENE,INJURY AND / OR TOW DUE TO CRASH,,,,"OVER $1,500",01/17/2025 15:20,UNABLE TO DETERMINE,UNABLE TO DETERMINE,45,W,111TH ST,522,,,,,,,2,NO INDICATION OF INJURY,0,0,0,0,0,2,0,15,6,1,,,,,
CLEAR,DAYLIGHT,REAR END,NOT DIVIDED,,STRAIGHT AND LEVEL,WET,NO DEFECTS,NOT ON SCENE (DESK REPORT),NO INJURY / DRIVE AWAY,Y,,,"OVER $1,500",04/23/2025 9:50,WEATHER,UNABLE TO DETERMINE,2458,S,HALSTED ST,913,,,,,,,2,NO INDICATION OF INJURY,0,0,0,0,0,2,0,9,4,4,,,,,
CLEAR,DAYLIGHT,PARKED MOTOR VEHICLE,NOT DIVIDED,,STRAIGHT AND LEVEL,DRY,NO DEFECTS,NOT ON SCENE (DESK REPORT),NO INJURY / DRIVE AWAY,,,N,"OVER $1,500",01/17/2025 19:45,PHYSICAL CONDITION OF DRIVER,UNABLE TO DETERMINE,3153,W,MADISON ST,1124,,,,,,,2,NO INDICATION OF INJURY,0,0,0,0,0,1,0,15,6,1,,,,,
CLEAR,DAYLIGHT,REAR END,DIVIDED - W/MEDIAN (NOT RAISED),,STRAIGHT AND LEVEL,DRY,NO DEFECTS,ON SCENE,INJURY AND / OR TOW DUE TO CRASH,,,,"$501 - $1,500",03/20/2025 15:42,FOLLOWING TOO CLOSELY,FAILING TO REDUCE SPEED TO AVOID CRASH,6025,N,LINCOLN AVE,2413,,,,,,,2,NO INDICATION OF INJURY,0,0,0,0,0,2,0,15,5,3,,,,,
SNOW,DAWN,PARKED MOTOR VEHICLE,NOT DIVIDED,,STRAIGHT AND LEVEL,SNOW OR SLUSH,UNKNOWN,NOT ON SCENE (DESK REPORT),NO INJURY / DRIVE AWAY,,,Y,"OVER $1,500",03/20/2025 7:59,UNABLE TO DETERMINE,UNABLE TO DETERMINE,2890,E,77TH ST,421,,,,,,,2,NO INDICATION OF INJURY,0,0,0,0,0,1,0,6,5,3,,,,,
CLEAR,DAYLIGHT,PEDESTRIAN,DIVIDED - W/MEDIAN BARRIER,,STRAIGHT AND LEVEL,DRY,NO DEFECTS,ON SCENE,NO INJURY / DRIVE AWAY,Y,,,$500 OR LESS,04/18/2025 11:19,NOT APPLICABLE,NOT APPLICABLE,9561,S,WESTERN AVE,2213,,,,,,,2,NO INDICATION OF INJURY,0,0,0,0,0,2,0,11,6,4,,,,,
UNKNOWN,UNKNOWN,PARKED MOTOR VEHICLE,UNKNOWN,,STRAIGHT AND LEVEL,UNKNOWN,UNKNOWN,NOT ON SCENE (DESK REPORT),NO INJURY / DRIVE AWAY,,,Y,"OVER $1,500",04/23/2025 16:05,UNABLE TO DETERMINE,UNABLE TO DETERMINE,6717,W,ARDMORE AVE,1612,,,,,,,2,NO INDICATION OF INJURY,0,0,0,0,0,1,0,15,4,4,,,,,
CLEAR,DAYLIGHT,PEDESTRIAN,OTHER,,STRAIGHT AND LEVEL,DRY,NO DEFECTS,NOT ON SCENE (DESK REPORT),INJURY AND / OR TOW DUE TO CRASH,,,,$500 OR LESS,04/23/2025 14:51,UNABLE TO DETERMINE,NOT APPLICABLE,6034,S,HOMAN AVE,823,,,,,,,2,NONINCAPACITATING INJURY,2,0,0,2,0,0,0,14,4,4,,,,,
UNKNOWN,DAYLIGHT,PARKED MOTOR VEHICLE,NOT DIVIDED,,STRAIGHT AND LEVEL,UNKNOWN,UNKNOWN,NOT ON SCENE (DESK REPORT),NO INJURY / DRIVE AWAY,,,,"OVER $1,500",04/23/2025 17:40,UNABLE TO DETERMINE,NOT APPLICABLE,2001,N,HALSTED ST,1812,,,,,,,2,NO INDICATION OF INJURY,0,0,0,0,0,1,0,16,4,4,,,,,
CLEAR,DAYLIGHT,PEDALCYCLIST,DIVIDED - W/MEDIAN BARRIER,,STRAIGHT AND LEVEL,DRY,NO DEFECTS,NOT ON SCENE (DESK REPORT),NO INJURY / DRIVE AWAY,Y,,,"OVER $1,500",01/17/2025 8:20,UNABLE TO DETERMINE,UNABLE TO DETERMINE,3857,W,OGDEN AVE,1014,,,,,,,2,NO INDICATION OF INJURY,0,0,0,0,0,5,0,8,6,1,,,,,
CLEAR,DAYLIGHT,ANGLE,PARKING LOT,,STRAIGHT AND LEVEL,UNKNOWN,UNKNOWN,NOT ON SCENE (DESK REPORT),NO INJURY / DRIVE AWAY,,,,"$501 - $1,500",01/17/2025 13:20,FAILING TO YIELD RIGHT-OF-WAY,UNABLE TO DETERMINE,7342,W,FOSTER AVE,1613,,,,,,,2,NO INDICATION OF INJURY,0,0,0,0,0,2,0,13,6,1,,,,,
UNKNOWN,DAYLIGHT,TURNING,FOUR WAY,,STRAIGHT AND LEVEL,UNKNOWN,UNKNOWN,NOT ON SCENE (DESK REPORT),NO INJURY / DRIVE AWAY,Y,,,"OVER $1,500",01/19/2025 11:30,IMPROPER TURNING/NO SIGNAL,NOT APPLICABLE,9200,S,STONY ISLAND AVE,413,,,,,,,2,NO INDICATION OF INJURY,0,0,0,0,0,2,0,19,6,1,,,,,
CLEAR,DAYLIGHT,REAR TO REAR,PARKING LOT,,STRAIGHT AND LEVEL,DRY,UNKNOWN,NOT ON SCENE (DESK REPORT),NO INJURY / DRIVE AWAY,,,,"OVER $1,500",03/20/2025 16:30,UNABLE TO DETERMINE,NOT APPLICABLE,3245,W,NORTH AVE,1422,,,,,,,2,NO INDICATION OF INJURY,0,0,0,0,0,2,0,16,5,3,,,,,
CLEAR,DAYLIGHT,PARKED MOTOR VEHICLE,ONE-WAY,,STRAIGHT AND LEVEL,DRY,NO DEFECTS,NOT ON SCENE (DESK REPORT),NO INJURY / DRIVE AWAY,,,,"$501 - $1,500",04/20/2024 13:09,NOT APPLICABLE,NOT APPLICABLE,10000,W,BALMORAL AVE,1654,,,,,,,2,NO INDICATION OF INJURY,0,0,0,0,0,1,0,18,6,4,,,,,
CLOUDY/OVERCAST,DAYLIGHT,REAR END,NOT DIVIDED,,STRAIGHT AND LEVEL,DRY,NO DEFECTS,ON SCENE,INJURY AND / OR TOW DUE TO CRASH,,,,"$501 - $1,500",01/17/2025 12:53,FOLLOWING TOO CLOSELY,FAILING TO REDUCE SPEED TO AVOID CRASH,3138,N,SHERIDAN RD,1934,,,,,,,2,NONINCAPACITATING INJURY,1,0,0,1,0,1,0,12,6,1,,,,,
CLEAR,DAYLIGHT,SIDESWIPE SAME DIRECTION,DIVIDED - W/MEDIAN BARRIER,,STRAIGHT AND LEVEL,DRY,NO DEFECTS,ON SCENE,NO INJURY / DRIVE AWAY,,,,"OVER $1,500",03/20/2025 17:03,UNABLE TO DETERMINE,UNABLE TO DETERMINE,1143,S,MICHIGAN AVE,114,,Y,,,,,2,NO INDICATION OF INJURY,0,0,0,0,0,2,0,16,5,3,,,,,
CLEAR,DAYLIGHT,PARKED MOTOR VEHICLE,NOT DIVIDED,,STRAIGHT AND LEVEL,DRY,UNKNOWN,NOT ON SCENE (DESK REPORT),NO INJURY / DRIVE AWAY,,,Y,"$501 - $1,500",04/23/2025 11:50,UNABLE TO DETERMINE,UNABLE TO DETERMINE,705,W,28TH ST,914,,,,,,,2,NO INDICATION OF INJURY,0,0,0,0,0,1,0,9,3,4,,,,,
CLEAR,DAYLIGHT,REAR END,NOT DIVIDED,,STRAIGHT AND LEVEL,DRY,NO DEFECTS,NOT ON SCENE (DESK REPORT),NO INJURY / DRIVE AWAY,,,,"OVER $1,500",04/23/2025 19:10,FOLLOWING TOO CLOSELY,UNABLE TO DETERMINE,6363,N,MILWAUKEE AVE,1611,,,,,,,2,NO INDICATION OF INJURY,0,0,0,0,0,2,0,19,4,4,,,,,
CLEAR,DAYLIGHT,SIDESWIPE SAME DIRECTION,NOT DIVIDED,,STRAIGHT AND LEVEL,DRY,NO DEFECTS,ON SCENE,NO INJURY / DRIVE AWAY,,,,"$501 - $1,500",01/17/2025 11:09,RELATED TO BUS STOP,UNABLE TO DETERMINE,4310,W,IRVING PARK RD,1722,,,,,,,2,NO INDICATION OF INJURY,0,0,0,0,0,3,0,11,6,1,,,,,
CLEAR,"DARKNESS, LIGHTED ROAD",TURNING,DIVIDED - W/MEDIAN (NOT RAISED),,STRAIGHT AND LEVEL,DRY,UNKNOWN,NOT ON SCENE (DESK REPORT),NO INJURY / DRIVE AWAY,,,,"OVER $1,500",03/20/2025 19:20,IMPROPER LANE USAGE,NOT APPLICABLE,1520,W,NORTH AVE,1433,,,,,,,2,NO INDICATION OF INJURY,0,0,0,0,0,2,0,18,5,3,,,,,
CLEAR,DAYLIGHT,SIDESWIPE SAME DIRECTION,NOT DIVIDED,,STRAIGHT AND LEVEL,DRY,UNKNOWN,NOT ON SCENE (DESK REPORT),NO INJURY / DRIVE AWAY,,,,"$501 - $1,500",01/17/2025 7:25,FAILING TO YIELD RIGHT-OF-WAY,UNABLE TO DETERMINE,1837,S,LOOMIS ST,1233,,,,,,,2,NO INDICATION OF INJURY,0,0,0,0,0,3,0,7,6,1,,,,,
SLEET/HAIL,"DARKNESS, LIGHTED ROAD",PARKED MOTOR VEHICLE,OTHER,,STRAIGHT AND LEVEL,ICE,UNKNOWN,,INJURY AND / OR TOW DUE TO CRASH,,,,"OVER $1,500",01/31/2025 21:11,WEATHER,WEATHER,2819,W,SHAKESPEARE AVE,1414,,,,,,,2,"REPORTED, NOT EVIDENT",2,0,0,0,2,0,0,21,6,1,,,,,
CLEAR,DAYLIGHT,HEAD ON,NOT DIVIDED,,STRAIGHT AND LEVEL,DRY,NO DEFECTS,,NO INJURY / DRIVE AWAY,,,,"OVER $1,500",04/21/2025 15:14,UNABLE TO DETERMINE,NOT APPLICABLE,2358,S,AVERS AVE,1013,,,,,,,3,NO INDICATION OF INJURY,0,0,0,0,0,4,0,15,2,4,,,,,
UNKNOWN,UNKNOWN,PARKED MOTOR VEHICLE,NOT DIVIDED,,STRAIGHT AND LEVEL,UNKNOWN,UNKNOWN,NOT ON SCENE (DESK REPORT),NO INJURY / DRIVE AWAY,,,Y,"$501 - $1,500",04/23/2025 14:40,UNABLE TO DETERMINE,NOT APPLICABLE,1734,W,91ST ST,2221,,,,,,,2,NO INDICATION OF INJURY,0,0,0,0,0,1,0,1,4,4,,,,,
CLEAR,DAYLIGHT,REAR END,NOT DIVIDED,,STRAIGHT AND LEVEL,DRY,UNKNOWN,NOT ON SCENE (DESK REPORT),NO INJURY / DRIVE AWAY,Y,,,"OVER $1,500",04/23/2025 17:15,FOLLOWING TOO CLOSELY,FOLLOWING TOO CLOSELY,1567,S,KEDZIE AVE,1022,,,,,,,2,NO INDICATION OF INJURY,0,0,0,0,0,2,0,17,4,4,,,,,
RAIN,DAYLIGHT,SIDESWIPE SAME DIRECTION,FOUR WAY,,STRAIGHT AND LEVEL,WET,NO DEFECTS,ON SCENE,NO INJURY / DRIVE AWAY,,,Y,"$501 - $1,500",04/23/2025 7:43,UNABLE TO DETERMINE,UNABLE TO DETERMINE,1958,N,KIMBALL AVE,1422,,,,,,,2,NO INDICATION OF INJURY,0,0,0,0,0,2,0,7,4,4,,,,,
CLEAR,"DARKNESS, LIGHTED ROAD",FIXED OBJECT,DIVIDED - W/MEDIAN BARRIER,,STRAIGHT AND LEVEL,DRY,"RUT, HOLES",NOT ON SCENE (DESK REPORT),NO INJURY / DRIVE AWAY,,,,"OVER $1,500",02/27/2025 15:30,NOT APPLICABLE,NOT APPLICABLE,9915,S,TORRENCE AVE,431,,,,,,,1,NO INDICATION OF INJURY,0,0,0,0,0,1,0,23,7,2,,,,,
UNKNOWN,"DARKNESS, LIGHTED ROAD",PARKED MOTOR VEHICLE,DIVIDED - W/MEDIAN (NOT RAISED),,STRAIGHT AND LEVEL,DRY,NO DEFECTS,ON SCENE,INJURY AND / OR TOW DUE TO CRASH,,,,"OVER $1,500",03/20/2025 23:07,EQUIPMENT - VEHICLE CONDITION,NOT APPLICABLE,2115,N,CICERO AVE,2522,,,,,,,3,NO INDICATION OF INJURY,0,0,0,0,0,1,0,21,5,3,,,,,
CLEAR,DAYLIGHT,SIDESWIPE SAME DIRECTION,OTHER,,STRAIGHT AND LEVEL,DRY,NO DEFECTS,ON SCENE,INJURY AND / OR TOW DUE TO CRASH,,,,"OVER $1,500",04/22/2025 16:28,UNABLE TO DETERMINE,EQUIPMENT - VEHICLE CONDITION,1500,S,LAKE SHORE DR SB,132,,,,,,,3,NO INDICATION OF INJURY,0,0,0,0,0,3,0,16,3,4,,,,,
CLEAR,DAYLIGHT,REAR END,NOT DIVIDED,,STRAIGHT AND LEVEL,DRY,NO DEFECTS,,NO INJURY / DRIVE AWAY,,,Y,"OVER $1,500",01/17/2025 15:55,FOLLOWING TOO CLOSELY,FAILING TO REDUCE SPEED TO AVOID CRASH,3500,S,WENTWORTH AVE,915,,,,,,,2,NO INDICATION OF INJURY,0,0,0,0,0,2,0,15,6,1,,,,,
RAIN,DAYLIGHT,REAR END,DIVIDED - W/MEDIAN (NOT RAISED),,STRAIGHT AND LEVEL,WET,NO DEFECTS,NOT ON SCENE (DESK REPORT),NO INJURY / DRIVE AWAY,,,,$500 OR LESS,04/23/2025 10:15,FOLLOWING TOO CLOSELY,FAILING TO REDUCE SPEED TO AVOID CRASH,1644,N,KOSTNER AVE,2533,,,,,,,2,NO INDICATION OF INJURY,0,0,0,0,0,2,0,9,4,4,,,,,
RAIN,DAYLIGHT,REAR END,DIVIDED - W/MEDIAN BARRIER,,STRAIGHT AND LEVEL,WET,UNKNOWN,ON SCENE,INJURY AND / OR TOW DUE TO CRASH,,,,"OVER $1,500",04/23/2025 8:14,UNABLE TO DETERMINE,NOT APPLICABLE,4901,W,NORTH AVE,2533,,,,,,,2,NONINCAPACITATING INJURY,1,0,0,1,0,2,0,8,4,4,,,,,
UNKNOWN,UNKNOWN,PARKED MOTOR VEHICLE,NOT DIVIDED,,STRAIGHT AND LEVEL,UNKNOWN,UNKNOWN,NOT ON SCENE (DESK REPORT),NO INJURY / DRIVE AWAY,,,Y,"OVER $1,500",04/23/2025 8:30,UNABLE TO DETERMINE,UNABLE TO DETERMINE,5632,S,WELLS ST,711,,,,,,,2,NO INDICATION OF INJURY,0,0,0,0,0,1,0,8,4,4,,,,,
CLEAR,"DARKNESS, LIGHTED ROAD",TURNING,NOT DIVIDED,,STRAIGHT AND LEVEL,DRY,NO DEFECTS,NOT ON SCENE (DESK REPORT),NO INJURY / DRIVE AWAY,Y,,,"$501 - $1,500",01/18/2025 11:55,IMPROPER TURNING/NO SIGNAL,NOT APPLICABLE,660,W,LAKE ST,1214,,,,,,,2,NO INDICATION OF INJURY,0,0,0,0,0,2,0,20,6,1,,,,,
CLOUDY/OVERCAST,DAYLIGHT,PARKED MOTOR VEHICLE,ONE-WAY,,STRAIGHT AND LEVEL,DRY,NO DEFECTS,ON SCENE,NO INJURY / DRIVE AWAY,,,Y,"$501 - $1,500",04/21/2025 12:40,UNABLE TO DETERMINE,UNABLE TO DETERMINE,3712,N,KOSTNER AVE,1731,,,,,,,3,NO INDICATION OF INJURY,0,0,0,0,0,1,0,12,2,4,,,,,
CLEAR,"DARKNESS, LIGHTED ROAD",PARKED MOTOR VEHICLE,DIVIDED - W/MEDIAN (NOT RAISED),,STRAIGHT AND LEVEL,DRY,NO DEFECTS,NOT ON SCENE (DESK REPORT),NO INJURY / DRIVE AWAY,,,Y,"OVER $1,500",04/23/2025 18:00,UNABLE TO DETERMINE,UNABLE TO DETERMINE,612,W,88TH ST,2223,,,,,,,2,NO INDICATION OF INJURY,0,0,0,0,0,1,0,21,3,4,,,,,
CLEAR,DAYLIGHT,REAR TO FRONT,DIVIDED - W/MEDIAN (NOT RAISED),,STRAIGHT AND LEVEL,DRY,NO DEFECTS,ON SCENE,NO INJURY / DRIVE AWAY,Y,,Y,"$501 - $1,500",04/23/2025 17:31,FAILING TO YIELD RIGHT-OF-WAY,NOT APPLICABLE,6398,W,ARDMORE AVE,1622,,,,,,,2,NO INDICATION OF INJURY,0,0,0,0,0,2,0,17,4,4,,,,,
CLEAR,"DARKNESS, LIGHTED ROAD",TURNING,DIVIDED - W/MEDIAN (NOT RAISED),,STRAIGHT AND LEVEL,WET,UNKNOWN,ON SCENE,INJURY AND / OR TOW DUE TO CRASH,Y,,,"OVER $1,500",04/23/2025 23:11,UNABLE TO DETERMINE,UNABLE TO DETERMINE,798,W,VERMONT ST,523,,,,,,,2,NONINCAPACITATING INJURY,1,0,0,1,0,1,0,23,4,4,,,,,
CLEAR,"DARKNESS, LIGHTED ROAD",TURNING,FOUR WAY,,STRAIGHT AND LEVEL,DRY,NO DEFECTS,ON SCENE,INJURY AND / OR TOW DUE TO CRASH,Y,,Y,"OVER $1,500",04/24/2025 0:14,FAILING TO YIELD RIGHT-OF-WAY,DRIVING SKILLS/KNOWLEDGE/EXPERIENCE,6300,S,RACINE AVE,724,,,,,,,2,"REPORTED, NOT EVIDENT",1,0,0,0,1,1,0,0,5,4,,,,,
CLEAR,"DARKNESS, LIGHTED ROAD",SIDESWIPE SAME DIRECTION,NOT DIVIDED,,STRAIGHT AND LEVEL,DRY,NO DEFECTS,NOT ON SCENE (DESK REPORT),NO INJURY / DRIVE AWAY,,,Y,"OVER $1,500",01/17/2025 21:30,IMPROPER LANE USAGE,NOT APPLICABLE,3151,S,ROBINSON ST,912,,,,,,,2,NO INDICATION OF INJURY,0,0,0,0,0,2,0,20,6,1,,,,,
CLEAR,"DARKNESS, LIGHTED ROAD",REAR END,NOT DIVIDED,,STRAIGHT AND LEVEL,WET,NO DEFECTS,NOT ON SCENE (DESK REPORT),NO INJURY / DRIVE AWAY,Y,,,"$501 - $1,500",01/17/2025 23:25,FOLLOWING TOO CLOSELY,UNABLE TO DETERMINE,2400,W,DEVON AVE,2412,,,,,,,2,NO INDICATION OF INJURY,0,0,0,0,0,2,0,22,6,1,,,,,
CLEAR,"DARKNESS, LIGHTED ROAD",REAR END,DIVIDED - W/MEDIAN (NOT RAISED),,STRAIGHT AND LEVEL,DRY,NO DEFECTS,NOT ON SCENE (DESK REPORT),NO INJURY / DRIVE AWAY,Y,,,"OVER $1,500",01/17/2025 18:00,UNABLE TO DETERMINE,UNABLE TO DETERMINE,10,N,PULASKI RD,1115,,,,,,,2,NO INDICATION OF INJURY,0,0,0,0,0,2,0,16,6,1,,,,,
CLEAR,DAYLIGHT,ANGLE,NOT DIVIDED,,STRAIGHT AND LEVEL,DRY,NO DEFECTS,NOT ON SCENE (DESK REPORT),NO INJURY / DRIVE AWAY,,,,"OVER $1,500",01/17/2025 16:05,FAILING TO YIELD RIGHT-OF-WAY,FAILING TO YIELD RIGHT-OF-WAY,5225,N,OAK PARK AVE,1613,,,,,,,2,NO INDICATION OF INJURY,0,0,0,0,0,2,0,15,6,1,,,,,
CLEAR,DARKNESS,TURNING,T-INTERSECTION,,STRAIGHT AND LEVEL,SNOW OR SLUSH,NO DEFECTS,ON SCENE,NO INJURY / DRIVE AWAY,Y,,Y,"OVER $1,500",01/17/2025 0:30,DISREGARDING STOP SIGN,NOT APPLICABLE,1245,N,KOSTNER AVE,2534,,,,,,,2,NO INDICATION OF INJURY,0,0,0,0,0,2,0,0,6,1,,,,,
UNKNOWN,UNKNOWN,PARKED MOTOR VEHICLE,ONE-WAY,,STRAIGHT AND LEVEL,UNKNOWN,NO DEFECTS,ON SCENE,NO INJURY / DRIVE AWAY,,,Y,"OVER $1,500",04/22/2025 7:21,UNABLE TO DETERMINE,UNABLE TO DETERMINE,4916,S,CORNELL AVE,222,,,,,,,3,NO INDICATION OF INJURY,0,0,0,0,0,1,0,15,1,4,,,,,
CLEAR,DAYLIGHT,ANGLE,PARKING LOT,,STRAIGHT AND LEVEL,DRY,NO DEFECTS,NOT ON SCENE (DESK REPORT),INJURY AND / OR TOW DUE TO CRASH,,,,"$501 - $1,500",04/23/2025 18:22,IMPROPER BACKING,NOT APPLICABLE,3348,S,KEDZIE AVE,1032,,,,,,,2,"REPORTED, NOT EVIDENT",1,0,0,0,1,1,0,16,4,4,,,,,
RAIN,DAYLIGHT,TURNING,CENTER TURN LANE,,STRAIGHT AND LEVEL,WET,NO DEFECTS,ON SCENE,INJURY AND / OR TOW DUE TO CRASH,,,Y,"OVER $1,500",04/23/2025 10:12,FAILING TO YIELD RIGHT-OF-WAY,NOT APPLICABLE,801,N,KILBOURN AVE,1111,,,,,,,2,NO INDICATION OF INJURY,0,0,0,0,0,2,0,8,4,4,,,,,
RAIN,DAYLIGHT,REAR END,FOUR WAY,,STRAIGHT AND LEVEL,WET,UNKNOWN,NOT ON SCENE (DESK REPORT),NO INJURY / DRIVE AWAY,,,,"OVER $1,500",04/23/2025 12:25,FOLLOWING TOO CLOSELY,FOLLOWING TOO CLOSELY,8300,S,WESTERN AVE,835,,,,,,,2,NO INDICATION OF INJURY,0,0,0,0,0,2,0,12,4,4,,,,,
CLEAR,DAYLIGHT,SIDESWIPE SAME DIRECTION,NOT DIVIDED,,STRAIGHT AND LEVEL,UNKNOWN,UNKNOWN,NOT ON SCENE (DESK REPORT),NO INJURY / DRIVE AWAY,,,,"OVER $1,500",04/23/2025 14:20,UNABLE TO DETERMINE,UNABLE TO DETERMINE,400,N,LA SALLE DR,1831,,,,,,,2,NO INDICATION OF INJURY,0,0,0,0,0,2,0,13,4,4,,,,,
CLEAR,DAYLIGHT,REAR END,CENTER TURN LANE,,STRAIGHT AND LEVEL,DRY,NO DEFECTS,ON SCENE,NO INJURY / DRIVE AWAY,,,,$500 OR LESS,04/23/2025 14:43,UNABLE TO DETERMINE,NOT APPLICABLE,3571,N,ELSTON AVE,1733,,,,,,,2,NO INDICATION OF INJURY,0,0,0,0,0,2,0,14,4,4,,,,,
RAIN,DAYLIGHT,ANGLE,OTHER,,STRAIGHT ON GRADE,WET,UNKNOWN,ON SCENE,INJURY AND / OR TOW DUE TO CRASH,,,,"OVER $1,500",10/13/2023 13:04,IMPROPER TURNING/NO SIGNAL,NOT APPLICABLE,9930,S,CHICAGO SKYWAY OB,432,,,,,,,3,"REPORTED, NOT EVIDENT",1,0,0,0,1,5,0,13,6,10,,,,,
CLEAR,DAYLIGHT,ANGLE,OTHER,,STRAIGHT AND LEVEL,DRY,NO DEFECTS,NOT ON SCENE (DESK REPORT),NO INJURY / DRIVE AWAY,,,,"OVER $1,500",01/18/2025 10:45,UNABLE TO DETERMINE,NOT APPLICABLE,4881,N,ELSTON AVE,1712,,,,,,,2,NO INDICATION OF INJURY,0,0,0,0,0,2,0,15,6,1,,,,,