WEATHER_CONDITION,LIGHTING_CONDITION,FIRST_CRASH_TYPE,TRAFFICWAY_TYPE,LANE_CNT,ALIGNMENT,ROADWAY_SURFACE_COND,ROAD_DEFECT,REPORT_TYPE,CRASH_TYPE,INTERSECTION_RELATED_I,NOT_RIGHT_OF_WAY_I,HIT_AND_RUN_I,DAMAGE,DATE_POLICE_NOTIFIED,PRIM_CONTRIBUTORY_CAUSE,SEC_CONTRIBUTORY_CAUSE,STREET_NO,STREET_DIRECTION,STREET_NAME,BEAT_OF_OCCURRENCE,PHOTOS_TAKEN_I,STATEMENTS_TAKEN_I,DOORING_I,WORK_ZONE_I,WORK_ZONE_TYPE,WORKERS_PRESENT_I,NUM_UNITS,MOST_SEVERE_INJURY,INJURIES_TOTAL,INJURIES_FATAL,INJURIES_INCAPACITATING,INJURIES_NON_INCAPACITATING,INJURIES_REPORTED_NOT_EVIDENT,INJURIES_NO_INDICATION,INJURIES_UNKNOWN,CRASH_HOUR,CRASH_DAY_OF_WEEK,CRASH_MONTH,INJURIES_NO_INDICATION,INJURIES_UNKNOWN,CRASH_HOUR,CRASH_DAY_OF_WEEK,CRASH_MONTH
CLEAR,"DARKNESS, LIGHTED ROAD",PARKED MOTOR VEHICLE,DIVIDED - W/MEDIAN (NOT RAISED),,STRAIGHT AND LEVEL,DRY,UNKNOWN,ON SCENE,NO INJURY / DRIVE AWAY,,,Y,"OVER $1,500",01/17/2025 18:55,UNABLE TO DETERMINE,NOT APPLICABLE,6299,N,KEDZIE AVE,2413,,,,,,,2,NO INDICATION OF INJURY,0,0,0,0,0,1,0,18,6,1,,,,,
CLEAR,"DARKNESS, LIGHTED ROAD",ANGLE,UNKNOWN,,STRAIGHT AND LEVEL,UNKNOWN,UNKNOWN,NOT ON SCENE (DESK REPORT),NO INJURY / DRIVE AWAY,,,,"OVER $1,500",01/18/2025 9:30,UNABLE TO DETERMINE,UNABLE TO DETERMINE,2513,W,71ST ST,832,,,,,,,2,NO INDICATION OF INJURY,0,0,0,0,0,2,0,20,6,1,,,,,
CLEAR,DAYLIGHT,REAR END,NOT DIVIDED,,STRAIGHT AND LEVEL,DRY,NO DEFECTS,NOT ON SCENE (DESK REPORT),NO INJURY / DRIVE AWAY,,,,"OVER $1,500",04/23/2025 19:47,NOT APPLICABLE,NOT APPLICABLE,1831,S,LAKE SHORE DR SB,132,,,,,,,2,NO INDICATION OF INJURY,0,0,0,0,0,2,0,8,3,4,,,,,
CLEAR,DAYLIGHT,REAR END,NOT DIVIDED,,STRAIGHT AND LEVEL,DRY,NO DEFECTS,NOT ON SCENE (DESK REPORT),NO INJURY / DRIVE AWAY,,,,"OVER $1,500",04/18/2025 17:45,FOLLOWING TOO CLOSELY,NOT APPLICABLE,1520,W,111TH ST,2234,,,,,,,2,NO INDICATION OF INJURY,0,0,0,0,0,2,0,7,5,4,,,,,
CLEAR,DAYLIGHT,REAR END,DIVIDED - W/MEDIAN BARRIER,,STRAIGHT AND LEVEL,DRY,UNKNOWN,ON SCENE,NO INJURY / DRIVE AWAY,,,,"OVER $1,500",04/21/2025 15:05,DISTRACTION - FROM INSIDE VEHICLE,FOLLOWING TOO CLOSELY,3428,E,112TH ST,433,,Y,,,,,2,NO INDICATION OF INJURY,0,0,0,0,0,2,0,15,2,4,,,,,
CLEAR,DAYLIGHT,ANGLE,DIVIDED - W/MEDIAN (NOT RAISED),,STRAIGHT AND LEVEL,DRY,NO DEFECTS,NOT ON SCENE (DESK REPORT),NO INJURY / DRIVE AWAY,Y,,,"OVER $1,500",04/23/2025 13:10,UNABLE TO DETERMINE,NOT APPLICABLE,8300,S,INGLESIDE AVE,632,,,,,,,2,NO INDICATION OF INJURY,0,0,0,0,0,2,0,10,4,4,,,,,
CLOUDY/OVERCAST,DAWN,PEDESTRIAN,FOUR WAY,,STRAIGHT AND LEVEL,WET,NO DEFECTS,,INJURY AND / OR TOW DUE TO CRASH,Y,,Y,$500 OR LESS,01/06/2025 6:46,FAILING TO YIELD RIGHT-OF-WAY,UNABLE TO DETERMINE,1701,W,GRAND AVE,1215,,,,,,,2,NONINCAPACITATING INJURY,1,0,0,1,0,1,0,6,2,1,,,,,
CLEAR,DAYLIGHT,REAR END,NOT DIVIDED,,STRAIGHT ON GRADE,DRY,NO DEFECTS,ON SCENE,NO INJURY / DRIVE AWAY,,,,"$501 - $1,500",01/17/2025 9:10,FOLLOWING TOO CLOSELY,DRIVING SKILLS/KNOWLEDGE/EXPERIENCE,4910,N,WESTERN AVE,2031,,,,,,,2,NO INDICATION OF INJURY,0,0,0,0,0,7,0,9,6,1,,,,,
CLEAR,DAYLIGHT,PARKED MOTOR VEHICLE,PARKING LOT,,STRAIGHT AND LEVEL,DRY,NO DEFECTS,ON SCENE,NO INJURY / DRIVE AWAY,,,,"OVER $1,500",02/04/2025 16:38,FOLLOWING TOO CLOSELY,NOT APPLICABLE,8770,W,BRYN MAWR AVE,1614,,,,,,,2,NO INDICATION OF INJURY,0,0,0,0,0,1,0,16,3,2,,,,,
RAIN,DAWN,PEDESTRIAN,UNKNOWN INTERSECTION TYPE,,STRAIGHT AND LEVEL,WET,UNKNOWN,ON SCENE,INJURY AND / OR TOW DUE TO CRASH,Y,,,$500 OR LESS,04/23/2025 5:56,UNABLE TO DETERMINE,WEATHER,400,S,DAMEN AVE,1225,,,,,,,2,NONINCAPACITATING INJURY,1,0,0,1,0,1,0,5,4,4,,,,,
CLEAR,DAYLIGHT,ANGLE,NOT DIVIDED,,STRAIGHT AND LEVEL,SNOW OR SLUSH,UNKNOWN,ON SCENE,INJURY AND / OR TOW DUE TO CRASH,,,,"OVER $1,500",03/20/2025 11:54,DISREGARDING TRAFFIC SIGNALS,FAILING TO REDUCE SPEED TO AVOID CRASH,1900,N,ELSTON AVE,1433,,,,,,,2,NONINCAPACITATING INJURY,1,0,0,1,0,2,0,11,5,3,,,,,
UNKNOWN,DARKNESS,SIDESWIPE SAME DIRECTION,NOT DIVIDED,,STRAIGHT AND LEVEL,UNKNOWN,UNKNOWN,NOT ON SCENE (DESK REPORT),NO INJURY / DRIVE AWAY,,,,"OVER $1,500",04/23/2025 17:30,UNABLE TO DETERMINE,NOT APPLICABLE,219,W,CHICAGO AVE,1831,,,,,,,2,NO INDICATION OF INJURY,0,0,0,0,0,2,0,23,6,4,,,,,
UNKNOWN,UNKNOWN,PARKED MOTOR VEHICLE,PARKING LOT,,STRAIGHT AND LEVEL,UNKNOWN,UNKNOWN,NOT ON SCENE (DESK REPORT),NO INJURY / DRIVE AWAY,,Y,,"$501 - $1,500",04/23/2025 14:00,UNABLE TO DETERMINE,NOT APPLICABLE,1420,E,53RD ST,234,,,,,,,2,NO INDICATION OF INJURY,0,0,0,0,0,2,0,15,7,4,,,,,
CLEAR,"DARKNESS, LIGHTED ROAD",FIXED OBJECT,NOT DIVIDED,,STRAIGHT AND LEVEL,DRY,NO DEFECTS,ON SCENE,NO INJURY / DRIVE AWAY,,,,$500 OR LESS,04/22/2025 23:05,DISTRACTION - FROM INSIDE VEHICLE,NOT APPLICABLE,3330,W,MADISON ST,1123,,,,,,,1,NO INDICATION OF INJURY,0,0,0,0,0,3,0,23,3,4,,,,,
RAIN,DAYLIGHT,PEDESTRIAN,ONE-WAY,,STRAIGHT AND LEVEL,WET,NO DEFECTS,ON SCENE,NO INJURY / DRIVE AWAY,,,,$500 OR LESS,04/23/2025 14:00,IMPROPER OVERTAKING/PASSING,IMPROPER OVERTAKING/PASSING,1650,W,CORNELIA AVE,1922,,,,,,,2,NO INDICATION OF INJURY,0,0,0,0,0,2,0,9,4,4,,,,,
RAIN,DAYLIGHT,PARKED MOTOR VEHICLE,NOT DIVIDED,,STRAIGHT AND LEVEL,WET,UNKNOWN,NOT ON SCENE (DESK REPORT),NO INJURY / DRIVE AWAY,,,,$500 OR LESS,04/23/2025 9:30,UNABLE TO DETERMINE,NOT APPLICABLE,4918,N,KIMBALL AVE,1712,,,,,,,2,NO INDICATION OF INJURY,0,0,0,0,0,1,0,7,4,4,,,,,
CLEAR,DAYLIGHT,TURNING,T-INTERSECTION,,STRAIGHT AND LEVEL,DRY,NO DEFECTS,NOT ON SCENE (DESK REPORT),NO INJURY / DRIVE AWAY,Y,,,"$501 - $1,500",01/17/2025 10:15,UNABLE TO DETERMINE,UNABLE TO DETERMINE,524,E,47TH ST,221,,,,,,,2,NO INDICATION OF INJURY,0,0,0,0,0,2,0,9,6,1,,,,,
CLEAR,DAYLIGHT,REAR END,DIVIDED - W/MEDIAN (NOT RAISED),,STRAIGHT AND LEVEL,DRY,NO DEFECTS,NOT ON SCENE (DESK REPORT),NO INJURY / DRIVE AWAY,,,Y,"OVER $1,500",04/23/2025 10:00,FOLLOWING TOO CLOSELY,FOLLOWING TOO CLOSELY,1141,W,GARFIELD BLVD,712,,,,,,,2,NO INDICATION OF INJURY,0,0,0,0,0,2,0,12,3,4,,,,,
RAIN,DAYLIGHT,PARKED MOTOR VEHICLE,NOT DIVIDED,,STRAIGHT AND LEVEL,WET,UNKNOWN,ON SCENE,NO INJURY / DRIVE AWAY,,,,"OVER $1,500",04/23/2025 7:37,DRIVING SKILLS/KNOWLEDGE/EXPERIENCE,DRIVING SKILLS/KNOWLEDGE/EXPERIENCE,5015,N,AUSTIN AVE,1622,,,,,,,3,NO INDICATION OF INJURY,0,0,0,0,0,1,0,7,4,4,,,,,
CLEAR,DARKNESS,ANGLE,OTHER,,STRAIGHT AND LEVEL,DRY,NO DEFECTS,NOT ON SCENE (DESK REPORT),NO INJURY / DRIVE AWAY,,,Y,"OVER $1,500",10/27/2025 19:40,DRIVING SKILLS/KNOWLEDGE/EXPERIENCE,UNABLE TO DETERMINE,3143,N,MILWAUKEE AVE,2523,,,,,,,2,NO INDICATION OF INJURY,0,0,0,0,0,2,0,19,2,10,,,,,
SNOW,DAYLIGHT,SIDESWIPE SAME DIRECTION,NOT DIVIDED,,STRAIGHT AND LEVEL,WET,NO DEFECTS,NOT ON SCENE (DESK REPORT),NO INJURY / DRIVE AWAY,,,Y,"OVER $1,500",03/20/2025 10:10,DRIVING SKILLS/KNOWLEDGE/EXPERIENCE,UNABLE TO DETERMINE,8401,S,JEFFERY BLVD,412,,,,,,,2,NO INDICATION OF INJURY,0,0,0,0,0,2,0,9,5,3,,,,,
CLEAR,DAYLIGHT,SIDESWIPE SAME DIRECTION,NOT DIVIDED,,STRAIGHT AND LEVEL,DRY,NO DEFECTS,NOT ON SCENE (DESK REPORT),NO INJURY / DRIVE AWAY,Y,,,"OVER $1,500",03/20/2025 16:00,FAILING TO YIELD RIGHT-OF-WAY,DRIVING SKILLS/KNOWLEDGE/EXPERIENCE,3958,W,FULLERTON AVE,2524,,,,,,,2,NO INDICATION OF INJURY,0,0,0,0,0,2,0,15,5,3,,,,,
CLEAR,DAYLIGHT,ANGLE,FOUR WAY,,STRAIGHT AND LEVEL,DRY,NO DEFECTS,ON SCENE,INJURY AND / OR TOW DUE TO CRASH,Y,,,"OVER $1,500",01/17/2025 13:13,FAILING TO YIELD RIGHT-OF-WAY,DRIVING SKILLS/KNOWLEDGE/EXPERIENCE,7200,S,WESTERN AVE,832,,,,,,,2,NO INDICATION OF INJURY,0,0,0,0,0,3,0,13,6,1,,,,,
CLEAR,DARKNESS,REAR END,NOT DIVIDED,,STRAIGHT AND LEVEL,DRY,NO DEFECTS,NOT ON SCENE (DESK REPORT),NO INJURY / DRIVE AWAY,,,,"$501 - $1,500",01/17/2025 17:35,FOLLOWING TOO CLOSELY,FOLLOWING TOO CLOSELY,4000,W,IRVING PARK RD,1722,,,,,,,2,NO INDICATION OF INJURY,0,0,0,0,0,2,0,17,6,1,,,,,
RAIN,DAYLIGHT,REAR TO SIDE,NOT DIVIDED,,STRAIGHT AND LEVEL,WET,NO DEFECTS,ON SCENE,NO INJURY / DRIVE AWAY,,,,"OVER $1,500",04/23/2025 8:01,IMPROPER BACKING,NOT APPLICABLE,4000,S,RACINE AVE,924,,,,,,,2,NO INDICATION OF INJURY,0,0,0,0,0,3,0,8,4,4,,,,,
CLEAR,DAYLIGHT,PARKED MOTOR VEHICLE,ONE-WAY,,STRAIGHT AND LEVEL,DRY,UNKNOWN,NOT ON SCENE (DESK REPORT),NO INJURY / DRIVE AWAY,,,Y,"OVER $1,500",04/23/2025 19:35,UNABLE TO DETERMINE,NOT APPLICABLE,8040,S,PERRY AVE,623,,,,,,,2,NO INDICATION OF INJURY,0,0,0,0,0,1,0,19,4,4,,,,,
RAIN,DAWN,SIDESWIPE SAME DIRECTION,OTHER,,STRAIGHT AND LEVEL,WET,NO DEFECTS,ON SCENE,NO INJURY / DRIVE AWAY,,,,"OVER $1,500",08/15/2023 5:55,UNABLE TO DETERMINE,NOT APPLICABLE,3,W,TERMINAL ST,1653,,,,,,,2,NO INDICATION OF INJURY,0,0,0,0,0,2,0,5,3,8,,,,,
CLEAR,DAYLIGHT,SIDESWIPE SAME DIRECTION,ONE-WAY,,STRAIGHT AND LEVEL,DRY,NO DEFECTS,ON SCENE,NO INJURY / DRIVE AWAY,,,,"OVER $1,500",03/20/2025 13:47,FAILING TO YIELD RIGHT-OF-WAY,FAILING TO YIELD RIGHT-OF-WAY,171,W,RANDOLPH ST,122,,,,,,,2,NO INDICATION OF INJURY,0,0,0,0,0,2,0,13,5,3,,,,,
CLEAR,"DARKNESS, LIGHTED ROAD",PARKED MOTOR VEHICLE,DIVIDED - W/MEDIAN (NOT RAISED),,STRAIGHT AND LEVEL,DRY,NO DEFECTS,NOT ON SCENE (DESK REPORT),NO INJURY / DRIVE AWAY,,,Y,"OVER $1,500",03/21/2025 9:40,NOT APPLICABLE,NOT APPLICABLE,4707,W,WASHINGTON BLVD,1113,,,,,,,2,NO INDICATION OF INJURY,0,0,0,0,0,1,0,9,5,3,,,,,
CLEAR,DAYLIGHT,SIDESWIPE SAME DIRECTION,DIVIDED - W/MEDIAN BARRIER,,STRAIGHT AND LEVEL,DRY,NO DEFECTS,ON SCENE,INJURY AND / OR TOW DUE TO CRASH,,,,"OVER $1,500",03/20/2025 16:30,FAILING TO YIELD RIGHT-OF-WAY,UNABLE TO DETERMINE,350,S,STATE ST,113,,Y,,,,,2,"REPORTED, NOT EVIDENT",1,0,0,0,1,4,0,16,5,3,,,,,
CLEAR,DAWN,ANGLE,T-INTERSECTION,,STRAIGHT AND LEVEL,DRY,NO DEFECTS,ON SCENE,INJURY AND / OR TOW DUE TO CRASH,Y,,,"OVER $1,500",03/20/2025 18:30,FAILING TO YIELD RIGHT-OF-WAY,UNABLE TO DETERMINE,10600,S,EMERALD AVE,2233,,Y,,,,,2,NO INDICATION OF INJURY,0,0,0,0,0,2,0,18,5,3,,,,,
CLEAR,"DARKNESS, LIGHTED ROAD",SIDESWIPE SAME DIRECTION,DIVIDED - W/MEDIAN BARRIER,,STRAIGHT AND LEVEL,DRY,UNKNOWN,NOT ON SCENE (DESK REPORT),NO INJURY / DRIVE AWAY,,,Y,"OVER $1,500",04/24/2025 0:10,UNABLE TO DETERMINE,NOT APPLICABLE,701,N,MICHIGAN AVE,1834,,,,,,,2,NO INDICATION OF INJURY,0,0,0,0,0,2,0,21,3,4,,,,,
CLEAR,DAYLIGHT,REAR END,DIVIDED - W/MEDIAN (NOT RAISED),,STRAIGHT AND LEVEL,DRY,NO DEFECTS,NOT ON SCENE (DESK REPORT),NO INJURY / DRIVE AWAY,,,,"OVER $1,500",04/23/2025 17:00,FOLLOWING TOO CLOSELY,UNABLE TO DETERMINE,2250,W,95TH ST,2221,,,,,,,2,NO INDICATION OF INJURY,0,0,0,0,0,2,0,16,4,4,,,,,
CLEAR,DAYLIGHT,SIDESWIPE SAME DIRECTION,NOT DIVIDED,,STRAIGHT AND LEVEL,DRY,NO DEFECTS,ON SCENE,NO INJURY / DRIVE AWAY,,,,$500 OR LESS,01/17/2025 9:36,IMPROPER OVERTAKING/PASSING,RELATED TO BUS STOP,355,N,LARAMIE AVE,1532,,,,,,,2,NO INDICATION OF INJURY,0,0,0,0,0,3,0,9,6,1,,,,,
CLEAR,DAYLIGHT,REAR END,DIVIDED - W/MEDIAN (NOT RAISED),,STRAIGHT AND LEVEL,DRY,NO DEFECTS,ON SCENE,NO INJURY / DRIVE AWAY,,,,"$501 - $1,500",03/20/2025 13:35,FOLLOWING TOO CLOSELY,UNABLE TO DETERMINE,6155,S,HARLEM AVE,812,,,,,,,2,NO INDICATION OF INJURY,0,0,0,0,0,2,0,13,5,3,,,,,
SNOW,DAYLIGHT,SIDESWIPE SAME DIRECTION,DIVIDED - W/MEDIAN (NOT RAISED),,STRAIGHT AND LEVEL,WET,NO DEFECTS,ON SCENE,INJURY AND / OR TOW DUE TO CRASH,,,,"OVER $1,500",03/20/2025 10:28,FAILING TO YIELD RIGHT-OF-WAY,IMPROPER TURNING/NO SIGNAL,5610,W,HIRSCH ST,2531,,Y,,,,,2,NO INDICATION OF INJURY,0,0,0,0,0,2,0,10,5,3,,,,,
RAIN,"DARKNESS, LIGHTED ROAD",SIDESWIPE OPPOSITE DIRECTION,T-INTERSECTION,,STRAIGHT AND LEVEL,WET,NO DEFECTS,ON SCENE,INJURY AND / OR TOW DUE TO CRASH,Y,,N,"OVER $1,500",10/14/2023 0:40,NOT APPLICABLE,NOT APPLICABLE,260,N,LOWER COLUMBUS DR,114,,,,,,,2,NO INDICATION OF INJURY,0,0,0,0,0,3,0,23,6,10,,,,,
UNKNOWN,"DARKNESS, LIGHTED ROAD",PARKED MOTOR VEHICLE,T-INTERSECTION,,STRAIGHT AND LEVEL,UNKNOWN,UNKNOWN,NOT ON SCENE (DESK REPORT),NO INJURY / DRIVE AWAY,,,Y,"OVER $1,500",04/23/2025 17:20,UNABLE TO DETERMINE,UNABLE TO DETERMINE,960,W,CHICAGO AVE,1213,,,,,,,2,NO INDICATION OF INJURY,0,0,0,0,0,2,0,15,3,4,,,,,
RAIN,DAYLIGHT,REAR END,NOT DIVIDED,,STRAIGHT AND LEVEL,UNKNOWN,NO DEFECTS,NOT ON SCENE (DESK REPORT),NO INJURY / DRIVE AWAY,,,,"OVER $1,500",04/23/2025 9:21,NOT APPLICABLE,NOT APPLICABLE,6700,N,RIDGE BLVD,2412,,,,,,,2,NO INDICATION OF INJURY,0,0,0,0,0,2,0,9,4,4,,,,,
CLEAR,DAYLIGHT,TURNING,NOT DIVIDED,,STRAIGHT AND LEVEL,DRY,NO DEFECTS,ON SCENE,INJURY AND / OR TOW DUE TO CRASH,,,,"$501 - $1,500",04/23/2025 18:28,FOLLOWING TOO CLOSELY,DRIVING SKILLS/KNOWLEDGE/EXPERIENCE,1400,W,CHICAGO AVE,1213,,,,,,,2,"REPORTED, NOT EVIDENT",1,0,0,0,1,1,0,18,4,4,,,,,
SNOW,DAYLIGHT,TURNING,NOT DIVIDED,,STRAIGHT AND LEVEL,WET,NO DEFECTS,ON SCENE,INJURY AND / OR TOW DUE TO CRASH,,,,"OVER $1,500",03/20/2025 8:46,UNABLE TO DETERMINE,NOT APPLICABLE,3659,W,CHICAGO AVE,1112,,Y,,,,,2,NO INDICATION OF INJURY,0,0,0,0,0,2,0,8,5,3,,,,,
CLEAR,DAYLIGHT,REAR TO REAR,PARKING LOT,,STRAIGHT AND LEVEL,UNKNOWN,UNKNOWN,NOT ON SCENE (DESK REPORT),NO INJURY / DRIVE AWAY,,Y,,"OVER $1,500",03/20/2025 16:48,DRIVING SKILLS/KNOWLEDGE/EXPERIENCE,IMPROPER BACKING,5949,N,RIDGE AVE,2012,,,,,,,2,NO INDICATION OF INJURY,0,0,0,0,0,2,0,16,5,3,,,,,
CLEAR,DAYLIGHT,TURNING,FOUR WAY,,STRAIGHT ON GRADE,DRY,NO DEFECTS,ON SCENE,INJURY AND / OR TOW DUE TO CRASH,Y,,,"$501 - $1,500",03/20/2025 14:50,DRIVING SKILLS/KNOWLEDGE/EXPERIENCE,FAILING TO YIELD RIGHT-OF-WAY,6009,N,LINCOLN AVE,2413,,,,,,,2,NO INDICATION OF INJURY,0,0,0,0,0,2,0,14,5,3,,,,,
UNKNOWN,UNKNOWN,SIDESWIPE OPPOSITE DIRECTION,UNKNOWN,,STRAIGHT AND LEVEL,UNKNOWN,UNKNOWN,NOT ON SCENE (DESK REPORT),NO INJURY / DRIVE AWAY,,,,"OVER $1,500",03/20/2025 18:45,UNABLE TO DETERMINE,UNABLE TO DETERMINE,5600,S,PULASKI RD,813,,,,,,,2,NO INDICATION OF INJURY,0,0,0,0,0,2,0,18,5,3,,,,,
CLEAR,DAYLIGHT,SIDESWIPE OPPOSITE DIRECTION,ONE-WAY,,STRAIGHT AND LEVEL,DRY,NO DEFECTS,NOT ON SCENE (DESK REPORT),NO INJURY / DRIVE AWAY,,,Y,"$501 - $1,500",01/20/2025 15:00,DRIVING ON WRONG SIDE/WRONG WAY,DRIVING ON WRONG SIDE/WRONG WAY,4309,W,44TH ST,815,,,,,,,2,NO INDICATION OF INJURY,0,0,0,0,0,2,0,15,6,1,,,,,
CLEAR,"DARKNESS, LIGHTED ROAD",PARKED MOTOR VEHICLE,ONE-WAY,,STRAIGHT AND LEVEL,DRY,NO DEFECTS,ON SCENE,NO INJURY / DRIVE AWAY,,,,"OVER $1,500",03/20/2025 22:57,UNDER THE INFLUENCE OF ALCOHOL/DRUGS (USE WHEN ARREST IS EFFECTED),NOT APPLICABLE,850,W,MARGATE TER,2024,,,,,,,2,NO INDICATION OF INJURY,0,0,0,0,0,1,0,22,5,3,,,,,
CLEAR,DAYLIGHT,REAR END,FOUR WAY,,STRAIGHT AND LEVEL,WET,NO DEFECTS,NOT ON SCENE (DESK REPORT),NO INJURY / DRIVE AWAY,,,,"OVER $1,500",03/20/2025 10:50,FAILING TO REDUCE SPEED TO AVOID CRASH,FOLLOWING TOO CLOSELY,3000,S,DAMEN AVE,912,,,,,,,2,NO INDICATION OF INJURY,0,0,0,0,0,2,0,10,5,3,,,,,
CLEAR,DARKNESS,REAR END,T-INTERSECTION,,STRAIGHT AND LEVEL,DRY,WORN SURFACE,NOT ON SCENE (DESK REPORT),NO INJURY / DRIVE AWAY,Y,,,$500 OR LESS,01/17/2025 20:20,NOT APPLICABLE,NOT APPLICABLE,2505,S,ARCHER AVE,913,,,,,,,2,NO INDICATION OF INJURY,0,0,0,0,0,2,0,19,6,1,,,,,
CLEAR,DAYLIGHT,PARKED MOTOR VEHICLE,PARKING LOT,,STRAIGHT AND LEVEL,DRY,NO DEFECTS,ON SCENE,NO INJURY / DRIVE AWAY,,Y,,"OVER $1,500",04/23/2025 17:00,FAILING TO REDUCE SPEED TO AVOID CRASH,NOT APPLICABLE,3435,N,WESTERN AVE,1921,,,,,,,2,NO INDICATION OF INJURY,0,0,0,0,0,3,0,16,4,4,,,,,
CLEAR,DAYLIGHT,PEDESTRIAN,NOT DIVIDED,,STRAIGHT AND LEVEL,DRY,UNKNOWN,ON SCENE,INJURY AND / OR TOW DUE TO CRASH,,,,"OVER $1,500",04/23/2025 14:18,UNABLE TO DETERMINE,NOT APPLICABLE,4700,S,BISHOP ST,933,,,,,,,2,NONINCAPACITATING INJURY,1,0,0,1,0,1,0,14,4,4,,,,,
CLEAR,DAYLIGHT,TURNING,FOUR WAY,,STRAIGHT AND LEVEL,UNKNOWN,NO DEFECTS,ON SCENE,INJURY AND / OR TOW DUE TO CRASH,Y,,,"OVER $1,500",03/20/2025 12:07,UNABLE TO DETERMINE,UNABLE TO DETERMINE,4400,W,MONTROSE AVE,1722,,,,,,,2,NONINCAPACITATING INJURY,1,0,0,1,0,1,0,12,5,3,,,,,
CLEAR,DAYLIGHT,REAR TO FRONT,PARKING LOT,,STRAIGHT AND LEVEL,SNOW OR SLUSH,NO DEFECTS,NOT ON SCENE (DESK REPORT),NO INJURY / DRIVE AWAY,,,Y,"OVER $1,500",03/20/2025 13:05,IMPROPER BACKING,UNABLE TO DETERMINE,6500,W,IRVING PARK RD,1632,,,,,,,2,NO INDICATION OF INJURY,0,0,0,0,0,2,0,11,5,3,,,,,
CLEAR,DAYLIGHT,SIDESWIPE SAME DIRECTION,NOT DIVIDED,,STRAIGHT AND LEVEL,DRY,NO DEFECTS,NOT ON SCENE (DESK REPORT),NO INJURY / DRIVE AWAY,,,,"OVER $1,500",01/17/2025 11:57,FAILING TO YIELD RIGHT-OF-WAY,FAILING TO YIELD RIGHT-OF-WAY,4154,W,57TH PL,813,,,,,,,2,NO INDICATION OF INJURY,0,0,0,0,0,2,0,11,6,1,,,,,
CLEAR,DAYLIGHT,TURNING,ALLEY,,STRAIGHT AND LEVEL,DRY,NO DEFECTS,NOT ON SCENE (DESK REPORT),NO INJURY / DRIVE AWAY,,,,"$501 - $1,500",03/20/2025 18:03,FAILING TO YIELD RIGHT-OF-WAY,NOT APPLICABLE,6026,S,KEDZIE AVE,823,,,,,,,2,NO INDICATION OF INJURY,0,0,0,0,0,2,0,17,5,3,,,,,
SNOW,DAYLIGHT,REAR END,NOT DIVIDED,,STRAIGHT AND LEVEL,WET,NO DEFECTS,ON SCENE,INJURY AND / OR TOW DUE TO CRASH,,,,"OVER $1,500",03/20/2025 8:16,FOLLOWING TOO CLOSELY,WEATHER,106,N,CENTRAL AVE,1512,,,,,,,2,NONINCAPACITATING INJURY,1,0,0,1,0,2,0,8,5,3,,,,,
CLEAR,"DARKNESS, LIGHTED ROAD",ANGLE,FOUR WAY,,STRAIGHT AND LEVEL,DRY,NO DEFECTS,ON SCENE,INJURY AND / OR TOW DUE TO CRASH,Y,,,"OVER $1,500",03/20/2025 23:11,FAILING TO YIELD RIGHT-OF-WAY,FAILING TO YIELD RIGHT-OF-WAY,5600,N,JERSEY AVE,1711,,,,,,,2,NO INDICATION OF INJURY,0,0,0,0,0,2,0,23,5,3,,,,,
CLEAR,DAYLIGHT,REAR END,NOT DIVIDED,,STRAIGHT AND LEVEL,SNOW OR SLUSH,NO DEFECTS,NOT ON SCENE (DESK REPORT),NO INJURY / DRIVE AWAY,,,,"OVER $1,500",03/20/2025 11:29,FOLLOWING TOO CLOSELY,UNABLE TO DETERMINE,4700,W,59TH ST,813,,,,,,,2,NO INDICATION OF INJURY,0,0,0,0,0,2,0,9,5,3,,,,,
CLEAR,DAYLIGHT,PARKED MOTOR VEHICLE,NOT DIVIDED,,STRAIGHT AND LEVEL,DRY,NO DEFECTS,ON SCENE,INJURY AND / OR TOW DUE TO CRASH,,,,"OVER $1,500",03/20/2025 15:44,IMPROPER OVERTAKING/PASSING,IMPROPER OVERTAKING/PASSING,1253,W,WRIGHTWOOD AVE,1932,,,,,,,2,NO INDICATION OF INJURY,0,0,0,0,0,1,0,15,5,3,,,,,
UNKNOWN,UNKNOWN,REAR END,NOT DIVIDED,,STRAIGHT AND LEVEL,UNKNOWN,UNKNOWN,NOT ON SCENE (DESK REPORT),NO INJURY / DRIVE AWAY,,,,"OVER $1,500",03/20/2025 18:50,UNABLE TO DETERMINE,NOT APPLICABLE,1901,W,MADISON ST,1223,,,,,,,2,NO INDICATION OF INJURY,0,0,0,0,0,2,0,15,5,3,,,,,
UNKNOWN,UNKNOWN,TURNING,FOUR WAY,,STRAIGHT AND LEVEL,UNKNOWN,UNKNOWN,ON SCENE,INJURY AND / OR TOW DUE TO CRASH,,,,"OVER $1,500",03/20/2025 15:54,DRIVING SKILLS/KNOWLEDGE/EXPERIENCE,UNABLE TO DETERMINE,5931,S,SPRINGFIELD AVE,822,,,,,,,2,"REPORTED, NOT EVIDENT",1,0,0,0,1,1,0,14,5,3,,,,,
CLEAR,DAYLIGHT,TURNING,NOT DIVIDED,,STRAIGHT AND LEVEL,DRY,NO DEFECTS,ON SCENE,INJURY AND / OR TOW DUE TO CRASH,,,,"OVER $1,500",01/17/2025 13:05,IMPROPER TURNING/NO SIGNAL,UNABLE TO DETERMINE,3910,S,ARCHER AVE,921,,,,,,,2,NO INDICATION OF INJURY,0,0,0,0,0,2,0,12,6,1,,,,,