WEATHER_CONDITION,LIGHTING_CONDITION,FIRST_CRASH_TYPE,TRAFFICWAY_TYPE,LANE_CNT,ALIGNMENT,ROADWAY_SURFACE_COND,ROAD_DEFECT,REPORT_TYPE,CRASH_TYPE,INTERSECTION_RELATED_I,NOT_RIGHT_OF_WAY_I,HIT_AND_RUN_I,DAMAGE,DATE_POLICE_NOTIFIED,PRIM_CONTRIBUTORY_CAUSE,SEC_CONTRIBUTORY_CAUSE,STREET_NO,STREET_DIRECTION,STREET_NAME,BEAT_OF_OCCURRENCE,PHOTOS_TAKEN_I,STATEMENTS_TAKEN_I,DOORING_I,WORK_ZONE_I,WORK_ZONE_TYPE,WORKERS_PRESENT_I,NUM_UNITS,MOST_SEVERE_INJURY,INJURIES_TOTAL,INJURIES_FATAL,INJURIES_INCAPACITATING,INJURIES_NON_INCAPACITATING,INJURIES_REPORTED_NOT_EVIDENT,INJURIES_NO_INDICATION,INJURIES_UNKNOWN,CRASH_HOUR,CRASH_DAY_OF_WEEK,CRASH_MONTH,INJURIES_NO_INDICATION,INJURIES_UNKNOWN,CRASH_HOUR,CRASH_DAY_OF_WEEK,CRASH_MONTH
CLEAR,DAYLIGHT,TURNING,NOT DIVIDED,,STRAIGHT AND LEVEL,DRY,NO DEFECTS,NOT ON SCENE (DESK REPORT),NO INJURY / DRIVE AWAY,,,,"OVER $1,500",03/20/2025 20:03,NOT APPLICABLE,NOT APPLICABLE,3200,N,LAKE SHORE DR NB,1925,,,,,,,2,NO INDICATION OF INJURY,0,0,0,0,0,2,0,19,5,3,,,,,
CLEAR,DAYLIGHT,TURNING,FOUR WAY,,STRAIGHT AND LEVEL,DRY,NO DEFECTS,NOT ON SCENE (DESK REPORT),NO INJURY / DRIVE AWAY,Y,,,"OVER $1,500",03/20/2025 15:45,UNABLE TO DETERMINE,UNABLE TO DETERMINE,501,S,ASHLAND AVE,1231,,,,,,,2,NO INDICATION OF INJURY,0,0,0,0,0,2,0,15,5,3,,,,,
CLEAR,DARKNESS,OTHER OBJECT,OTHER,,STRAIGHT AND LEVEL,DRY,NO DEFECTS,NOT ON SCENE (DESK REPORT),NO INJURY / DRIVE AWAY,,Y,,"OVER $1,500",01/17/2025 20:01,IMPROPER BACKING,NOT APPLICABLE,4534,W,LAWRENCE AVE,1712,,,,,,,1,NO INDICATION OF INJURY,0,0,0,0,0,1,0,17,6,1,,,,,
CLEAR,"DARKNESS, LIGHTED ROAD",REAR END,DIVIDED - W/MEDIAN (NOT RAISED),,STRAIGHT AND LEVEL,UNKNOWN,UNKNOWN,NOT ON SCENE (DESK REPORT),NO INJURY / DRIVE AWAY,,,Y,"$501 - $1,500",01/17/2025 18:30,UNABLE TO DETERMINE,NOT APPLICABLE,4241,W,ARMITAGE AVE,2534,,,,,,,2,NO INDICATION OF INJURY,0,0,0,0,0,6,0,17,6,1,,,,,
CLEAR,DAYLIGHT,PARKED MOTOR VEHICLE,PARKING LOT,,STRAIGHT AND LEVEL,DRY,UNKNOWN,ON SCENE,NO INJURY / DRIVE AWAY,,,Y,$500 OR LESS,04/21/2025 11:28,PHYSICAL CONDITION OF DRIVER,PHYSICAL CONDITION OF DRIVER,400,E,41ST ST,214,,,,,,,2,NO INDICATION OF INJURY,0,0,0,0,0,2,0,11,2,4,,,,,
CLEAR,DAYLIGHT,SIDESWIPE SAME DIRECTION,NOT DIVIDED,,STRAIGHT AND LEVEL,UNKNOWN,NO DEFECTS,NOT ON SCENE (DESK REPORT),NO INJURY / DRIVE AWAY,,,,"$501 - $1,500",04/23/2025 18:15,NOT APPLICABLE,NOT APPLICABLE,1400,S,STATE ST,131,,,,,,,2,NO INDICATION OF INJURY,0,0,0,0,0,2,0,17,3,4,,,,,
CLEAR,DAYLIGHT,TURNING,NOT DIVIDED,,STRAIGHT AND LEVEL,UNKNOWN,UNKNOWN,NOT ON SCENE (DESK REPORT),NO INJURY / DRIVE AWAY,,,,"OVER $1,500",04/23/2025 19:00,UNABLE TO DETERMINE,UNABLE TO DETERMINE,3599,N,CUMBERLAND AVE,1631,,,,,,,2,NO INDICATION OF INJURY,0,0,0,0,0,2,0,18,4,4,,,,,
CLEAR,DAYLIGHT,TURNING,FOUR WAY,,STRAIGHT AND LEVEL,DRY,NO DEFECTS,ON SCENE,INJURY AND / OR TOW DUE TO CRASH,Y,,,"OVER $1,500",04/23/2025 14:20,FAILING TO REDUCE SPEED TO AVOID CRASH,NOT APPLICABLE,727,S,CENTRAL AVE,1522,,,,,,,2,NO INDICATION OF INJURY,0,0,0,0,0,3,0,14,4,4,,,,,
CLOUDY/OVERCAST,DAYLIGHT,REAR END,NOT DIVIDED,,STRAIGHT AND LEVEL,SNOW OR SLUSH,NO DEFECTS,NOT ON SCENE (DESK REPORT),NO INJURY / DRIVE AWAY,,,,"OVER $1,500",03/20/2025 8:38,UNABLE TO DETERMINE,NOT APPLICABLE,346,S,PULASKI RD,1132,,,,,,,2,NO INDICATION OF INJURY,0,0,0,0,0,2,0,7,5,3,,,,,
CLEAR,UNKNOWN,PARKED MOTOR VEHICLE,ONE-WAY,,STRAIGHT AND LEVEL,DRY,NO DEFECTS,ON SCENE,INJURY AND / OR TOW DUE TO CRASH,,,Y,"OVER $1,500",03/21/2025 8:30,UNABLE TO DETERMINE,UNABLE TO DETERMINE,2949,N,AVERS AVE,2523,,,,,,,2,NO INDICATION OF INJURY,0,0,0,0,0,1,0,23,5,3,,,,,
CLEAR,DAYLIGHT,SIDESWIPE SAME DIRECTION,FOUR WAY,,STRAIGHT AND LEVEL,DRY,NO DEFECTS,NOT ON SCENE (DESK REPORT),NO INJURY / DRIVE AWAY,,,Y,$500 OR LESS,01/17/2025 14:40,UNABLE TO DETERMINE,NOT APPLICABLE,1358,W,NORTH AVE,1433,,,,,,,2,NO INDICATION OF INJURY,0,0,0,0,0,2,0,13,6,1,,,,,
CLEAR,"DARKNESS, LIGHTED ROAD",TURNING,OTHER,,STRAIGHT AND LEVEL,DRY,UNKNOWN,NOT ON SCENE (DESK REPORT),NO INJURY / DRIVE AWAY,,,,"OVER $1,500",03/20/2025 22:00,UNABLE TO DETERMINE,NOT APPLICABLE,2600,W,DEVON AVE,2412,,,,,,,2,NO INDICATION OF INJURY,0,0,0,0,0,2,0,21,5,3,,,,,
CLEAR,DARKNESS,PARKED MOTOR VEHICLE,PARKING LOT,,STRAIGHT AND LEVEL,DRY,NO DEFECTS,ON SCENE,NO INJURY / DRIVE AWAY,,,Y,"OVER $1,500",04/12/2025 11:50,UNABLE TO DETERMINE,UNABLE TO DETERMINE,3942,W,ROOSEVELT RD,1132,,,,,,,2,NO INDICATION OF INJURY,0,0,0,0,0,1,0,22,6,4,,,,,
CLEAR,DAYLIGHT,SIDESWIPE SAME DIRECTION,NOT DIVIDED,,STRAIGHT AND LEVEL,DRY,NO DEFECTS,NOT ON SCENE (DESK REPORT),NO INJURY / DRIVE AWAY,,,,$500 OR LESS,04/22/2025 9:52,IMPROPER OVERTAKING/PASSING,UNABLE TO DETERMINE,1158,S,KOSTNER AVE,1131,,,,,,,2,NO INDICATION OF INJURY,0,0,0,0,0,4,0,7,3,4,,,,,
CLEAR,DAYLIGHT,PARKED MOTOR VEHICLE,NOT DIVIDED,,STRAIGHT AND LEVEL,DRY,NO DEFECTS,ON SCENE,NO INJURY / DRIVE AWAY,,,,"OVER $1,500",04/23/2025 17:22,UNABLE TO DETERMINE,NOT APPLICABLE,1415,W,ADDISON ST,1922,,,,,,,2,NO INDICATION OF INJURY,0,0,0,0,0,1,0,17,4,4,,,,,
UNKNOWN,UNKNOWN,FIXED OBJECT,ALLEY,,STRAIGHT AND LEVEL,UNKNOWN,UNKNOWN,NOT ON SCENE (DESK REPORT),NO INJURY / DRIVE AWAY,,,,"OVER $1,500",04/23/2025 13:15,UNABLE TO DETERMINE,UNABLE TO DETERMINE,4700,N,WESTERN AVE,1911,,,,,,,1,NO INDICATION OF INJURY,0,0,0,0,0,1,0,11,4,4,,,,,
CLEAR,"DARKNESS, LIGHTED ROAD",PARKED MOTOR VEHICLE,DIVIDED - W/MEDIAN (NOT RAISED),,STRAIGHT AND LEVEL,DRY,UNKNOWN,ON SCENE,NO INJURY / DRIVE AWAY,,,,"OVER $1,500",04/24/2025 1:33,"DISTRACTION - OTHER ELECTRONIC DEVICE (NAVIGATION DEVICE, DVD PLAYER, ETC.)",CELL PHONE USE OTHER THAN TEXTING,6568,N,SHERIDAN RD,2432,,,,,,,2,NO INDICATION OF INJURY,0,0,0,0,0,1,0,1,5,4,,,,,
CLEAR,DARKNESS,REAR END,NOT DIVIDED,,STRAIGHT AND LEVEL,DRY,UNKNOWN,ON SCENE,INJURY AND / OR TOW DUE TO CRASH,,,,"OVER $1,500",03/20/2025 23:25,DRIVING SKILLS/KNOWLEDGE/EXPERIENCE,UNABLE TO DETERMINE,3255,N,MILWAUKEE AVE,1732,,,,,,,3,"REPORTED, NOT EVIDENT",1,0,0,0,1,5,0,23,5,3,,,,,
UNKNOWN,UNKNOWN,PARKED MOTOR VEHICLE,DIVIDED - W/MEDIAN (NOT RAISED),,STRAIGHT AND LEVEL,UNKNOWN,NO DEFECTS,NOT ON SCENE (DESK REPORT),NO INJURY / DRIVE AWAY,,,Y,"OVER $1,500",04/23/2025 17:40,UNABLE TO DETERMINE,NOT APPLICABLE,4355,S,WOLCOTT AVE,924,,,,,,,2,NO INDICATION OF INJURY,0,0,0,0,0,1,0,1,1,4,,,,,
CLEAR,DAYLIGHT,SIDESWIPE SAME DIRECTION,NOT DIVIDED,,STRAIGHT AND LEVEL,UNKNOWN,UNKNOWN,NOT ON SCENE (DESK REPORT),NO INJURY / DRIVE AWAY,,,Y,"OVER $1,500",04/22/2025 12:15,UNABLE TO DETERMINE,UNABLE TO DETERMINE,4325,N,CENTRAL AVE,1624,,,,,,,2,NO INDICATION OF INJURY,0,0,0,0,0,2,0,11,3,4,,,,,
RAIN,DAWN,HEAD ON,NOT DIVIDED,,STRAIGHT AND LEVEL,WET,NO DEFECTS,ON SCENE,INJURY AND / OR TOW DUE TO CRASH,,,,"OVER $1,500",04/23/2025 6:57,DRIVING ON WRONG SIDE/WRONG WAY,WEATHER,1445,N,PULASKI RD,2535,,,,,,,2,NONINCAPACITATING INJURY,2,0,0,1,1,0,0,6,4,4,,,,,
UNKNOWN,UNKNOWN,ANGLE,NOT DIVIDED,,STRAIGHT AND LEVEL,UNKNOWN,UNKNOWN,NOT ON SCENE (DESK REPORT),NO INJURY / DRIVE AWAY,,,,"$501 - $1,500",04/23/2025 15:10,UNABLE TO DETERMINE,NOT APPLICABLE,5336,W,VETERANS PL,1623,,,,,,,2,NO INDICATION OF INJURY,0,0,0,0,0,3,0,6,4,4,,,,,
CLEAR,"DARKNESS, LIGHTED ROAD",PEDALCYCLIST,NOT DIVIDED,,STRAIGHT AND LEVEL,DRY,UNKNOWN,ON SCENE,INJURY AND / OR TOW DUE TO CRASH,,,,"OVER $1,500",04/23/2025 20:36,UNABLE TO DETERMINE,UNABLE TO DETERMINE,600,W,18TH ST,1235,,,,,,,2,INCAPACITATING INJURY,1,0,1,0,0,1,0,20,4,4,,,,,
CLEAR,DAYLIGHT,TURNING,NOT DIVIDED,,STRAIGHT AND LEVEL,DRY,NO DEFECTS,NOT ON SCENE (DESK REPORT),INJURY AND / OR TOW DUE TO CRASH,,,,"OVER $1,500",01/17/2025 15:00,IMPROPER TURNING/NO SIGNAL,DRIVING SKILLS/KNOWLEDGE/EXPERIENCE,48,W,59TH ST,232,,,,,,,2,NO INDICATION OF INJURY,0,0,0,0,0,5,0,14,6,1,,,,,
CLOUDY/OVERCAST,DAYLIGHT,PARKED MOTOR VEHICLE,PARKING LOT,,STRAIGHT AND LEVEL,DRY,NO DEFECTS,NOT ON SCENE (DESK REPORT),NO INJURY / DRIVE AWAY,,Y,Y,"$501 - $1,500",04/20/2025 18:15,UNABLE TO DETERMINE,UNABLE TO DETERMINE,1300,S,CLINTON ST,124,,,,,,,2,NO INDICATION OF INJURY,0,0,0,0,0,1,0,16,1,4,,,,,
CLEAR,DAYLIGHT,PARKED MOTOR VEHICLE,NOT DIVIDED,,STRAIGHT AND LEVEL,DRY,NO DEFECTS,ON SCENE,NO INJURY / DRIVE AWAY,,,,"OVER $1,500",04/21/2025 13:28,UNABLE TO DETERMINE,UNABLE TO DETERMINE,5797,S,ELLIS AVE,235,,,,,,,2,NO INDICATION OF INJURY,0,0,0,0,0,2,0,13,2,4,,,,,
CLEAR,DAYLIGHT,SIDESWIPE SAME DIRECTION,NOT DIVIDED,,STRAIGHT AND LEVEL,DRY,NO DEFECTS,NOT ON SCENE (DESK REPORT),NO INJURY / DRIVE AWAY,,,Y,"OVER $1,500",04/23/2025 16:20,IMPROPER LANE USAGE,FAILING TO REDUCE SPEED TO AVOID CRASH,5600,N,KIMBALL AVE,1711,,,,,,,2,NO INDICATION OF INJURY,0,0,0,0,0,2,0,13,4,4,,,,,
CLEAR,"DARKNESS, LIGHTED ROAD",TURNING,T-INTERSECTION,,STRAIGHT AND LEVEL,DRY,NO DEFECTS,ON SCENE,INJURY AND / OR TOW DUE TO CRASH,Y,,,"OVER $1,500",03/20/2025 22:50,FAILING TO YIELD RIGHT-OF-WAY,IMPROPER TURNING/NO SIGNAL,3600,S,COTTAGE GROVE AVE,212,,,,,,,2,"REPORTED, NOT EVIDENT",4,0,0,0,4,2,0,22,5,3,,,,,
CLOUDY/OVERCAST,"DARKNESS, LIGHTED ROAD",REAR END,FOUR WAY,,STRAIGHT AND LEVEL,WET,NO DEFECTS,ON SCENE,NO INJURY / DRIVE AWAY,,,,"OVER $1,500",01/17/2025 1:50,FOLLOWING TOO CLOSELY,NOT APPLICABLE,3260,S,ARCHER AVE,912,,,,,,,3,NO INDICATION OF INJURY,0,0,0,0,0,3,0,1,6,1,,,,,
CLEAR,DAYLIGHT,SIDESWIPE SAME DIRECTION,ONE-WAY,,STRAIGHT AND LEVEL,DRY,UNKNOWN,,NO INJURY / DRIVE AWAY,,,,"OVER $1,500",04/01/2025 19:00,UNABLE TO DETERMINE,UNABLE TO DETERMINE,1849,W,ADAMS ST,1225,,,,,,,2,NO INDICATION OF INJURY,0,0,0,0,0,2,0,16,3,4,,,,,
CLEAR,DAYLIGHT,PARKED MOTOR VEHICLE,ONE-WAY,,STRAIGHT AND LEVEL,DRY,NO DEFECTS,NOT ON SCENE (DESK REPORT),NO INJURY / DRIVE AWAY,,,,$500 OR LESS,04/22/2025 12:30,UNABLE TO DETERMINE,NOT APPLICABLE,233,E,ERIE ST,1834,,,,,,,2,NO INDICATION OF INJURY,0,0,0,0,0,1,0,11,3,4,,,,,
CLEAR,"DARKNESS, LIGHTED ROAD",REAR END,FOUR WAY,,STRAIGHT AND LEVEL,UNKNOWN,UNKNOWN,NOT ON SCENE (DESK REPORT),NO INJURY / DRIVE AWAY,Y,,,"OVER $1,500",04/23/2025 21:00,FOLLOWING TOO CLOSELY,NOT APPLICABLE,200,W,MARQUETTE RD,722,,,,,,,2,NO INDICATION OF INJURY,0,0,0,0,0,2,0,20,4,4,,,,,
CLEAR,DAYLIGHT,ANGLE,NOT DIVIDED,,STRAIGHT AND LEVEL,DRY,NO DEFECTS,ON SCENE,NO INJURY / DRIVE AWAY,,,,"$501 - $1,500",04/23/2025 10:44,FAILING TO YIELD RIGHT-OF-WAY,IMPROPER TURNING/NO SIGNAL,750,W,69TH ST,723,,,,,,,2,NO INDICATION OF INJURY,0,0,0,0,0,2,0,10,4,4,,,,,
CLEAR,DAYLIGHT,TURNING,FOUR WAY,,STRAIGHT AND LEVEL,DRY,NO DEFECTS,NOT ON SCENE (DESK REPORT),NO INJURY / DRIVE AWAY,Y,,Y,"OVER $1,500",06/10/2025 18:25,UNABLE TO DETERMINE,NOT APPLICABLE,1601,E,56TH ST,331,,,,,,,2,NO INDICATION OF INJURY,0,0,0,0,0,2,0,14,3,6,,,,,
CLEAR,DUSK,REAR END,DIVIDED - W/MEDIAN BARRIER,,STRAIGHT AND LEVEL,DRY,UNKNOWN,,NO INJURY / DRIVE AWAY,,,Y,"OVER $1,500",07/04/2023 20:37,UNABLE TO DETERMINE,UNABLE TO DETERMINE,9400,S,STONY ISLAND AVE,413,,,,,,,4,NO INDICATION OF INJURY,0,0,0,0,0,5,0,20,3,7,,,,,
UNKNOWN,UNKNOWN,SIDESWIPE SAME DIRECTION,NOT DIVIDED,,STRAIGHT AND LEVEL,UNKNOWN,UNKNOWN,NOT ON SCENE (DESK REPORT),NO INJURY / DRIVE AWAY,,,,"OVER $1,500",04/23/2025 19:05,UNABLE TO DETERMINE,NOT APPLICABLE,1817,W,ADDISON ST,1922,,,,,,,2,NO INDICATION OF INJURY,0,0,0,0,0,2,0,17,4,4,,,,,
CLEAR,DAYLIGHT,OTHER NONCOLLISION,NOT DIVIDED,,STRAIGHT AND LEVEL,DRY,UNKNOWN,NOT ON SCENE (DESK REPORT),NO INJURY / DRIVE AWAY,Y,,,"OVER $1,500",08/07/2025 15:15,ROAD ENGINEERING/SURFACE/MARKING DEFECTS,NOT APPLICABLE,256,S,CENTRAL AVE,1513,,,,,,,1,NO INDICATION OF INJURY,0,0,0,0,0,1,0,15,3,8,,,,,
CLEAR,"DARKNESS, LIGHTED ROAD",SIDESWIPE SAME DIRECTION,DIVIDED - W/MEDIAN (NOT RAISED),,STRAIGHT AND LEVEL,DRY,NO DEFECTS,NOT ON SCENE (DESK REPORT),NO INJURY / DRIVE AWAY,,,,"OVER $1,500",01/17/2025 17:30,IMPROPER OVERTAKING/PASSING,IMPROPER OVERTAKING/PASSING,9500,S,CHARLES ST,2213,,,,,,,2,NO INDICATION OF INJURY,0,0,0,0,0,3,0,16,6,1,,,,,
RAIN,DAYLIGHT,SIDESWIPE SAME DIRECTION,OTHER,,STRAIGHT AND LEVEL,WET,UNKNOWN,ON SCENE,NO INJURY / DRIVE AWAY,,,,"$501 - $1,500",06/04/2025 19:04,IMPROPER OVERTAKING/PASSING,NOT APPLICABLE,8398,S,LAFAYETTE AVE,622,,,,,,,2,NO INDICATION OF INJURY,0,0,0,0,0,4,0,18,4,6,,,,,
CLEAR,DAYLIGHT,REAR END,DIVIDED - W/MEDIAN (NOT RAISED),,STRAIGHT AND LEVEL,DRY,NO DEFECTS,,INJURY AND / OR TOW DUE TO CRASH,Y,,N,"$501 - $1,500",06/09/2025 8:52,UNABLE TO DETERMINE,UNABLE TO DETERMINE,5500,S,LAKE PARK AVE,235,N,,,,,,2,"REPORTED, NOT EVIDENT",1,0,0,0,1,3,0,8,2,6,,,,,
CLEAR,DARKNESS,PARKED MOTOR VEHICLE,NOT DIVIDED,,STRAIGHT AND LEVEL,DRY,NO DEFECTS,ON SCENE,NO INJURY / DRIVE AWAY,,,,"OVER $1,500",06/09/2025 23:25,UNABLE TO DETERMINE,NOT APPLICABLE,1626,E,75TH ST,324,,,,,,,2,NO INDICATION OF INJURY,0,0,0,0,0,1,0,22,2,6,,,,,
CLEAR,DAYLIGHT,SIDESWIPE SAME DIRECTION,ONE-WAY,,STRAIGHT AND LEVEL,DRY,NO DEFECTS,ON SCENE,NO INJURY / DRIVE AWAY,,,,"OVER $1,500",06/09/2025 12:00,UNABLE TO DETERMINE,UNABLE TO DETERMINE,4725,S,LAKE SHORE DR SB,222,,,,,,,2,NO INDICATION OF INJURY,0,0,0,0,0,2,0,11,2,6,,,,,
CLEAR,DAYLIGHT,TURNING,FOUR WAY,,STRAIGHT AND LEVEL,DRY,NO DEFECTS,NOT ON SCENE (DESK REPORT),NO INJURY / DRIVE AWAY,Y,,Y,"OVER $1,500",06/10/2025 12:05,DISREGARDING TRAFFIC SIGNALS,DISREGARDING TRAFFIC SIGNALS,1200,E,95TH ST,413,,,,,,,2,NO INDICATION OF INJURY,0,0,0,0,0,3,0,9,3,6,,,,,
CLEAR,DAYLIGHT,SIDESWIPE SAME DIRECTION,NOT DIVIDED,,STRAIGHT AND LEVEL,DRY,NO DEFECTS,ON SCENE,NO INJURY / DRIVE AWAY,,,Y,$500 OR LESS,06/10/2025 10:45,FAILING TO YIELD RIGHT-OF-WAY,NOT APPLICABLE,541,N,FAIRBANKS CT,1834,,,,,,,2,NO INDICATION OF INJURY,0,0,0,0,0,2,0,10,3,6,,,,,
CLEAR,DAYLIGHT,PARKED MOTOR VEHICLE,PARKING LOT,,STRAIGHT AND LEVEL,DRY,NO DEFECTS,ON SCENE,NO INJURY / DRIVE AWAY,,Y,Y,"OVER $1,500",03/20/2025 16:07,UNABLE TO DETERMINE,UNABLE TO DETERMINE,3103,W,27TH ST,1033,,,,,,,2,NO INDICATION OF INJURY,0,0,0,0,0,1,0,15,5,3,,,,,
CLOUDY/OVERCAST,"DARKNESS, LIGHTED ROAD",FIXED OBJECT,PARKING LOT,,STRAIGHT AND LEVEL,OTHER,UNKNOWN,,INJURY AND / OR TOW DUE TO CRASH,,,N,"OVER $1,500",04/03/2025 18:50,"OPERATING VEHICLE IN ERRATIC, RECKLESS, CARELESS, NEGLIGENT OR AGGRESSIVE MANNER",NOT APPLICABLE,5432,W,FULTON ST,1523,,,,,,,1,NO INDICATION OF INJURY,0,0,0,0,0,1,0,18,5,4,,,,,
CLOUDY/OVERCAST,DAYLIGHT,TURNING,FOUR WAY,,STRAIGHT AND LEVEL,DRY,NO DEFECTS,ON SCENE,NO INJURY / DRIVE AWAY,Y,,,"OVER $1,500",04/22/2025 12:55,UNABLE TO DETERMINE,UNABLE TO DETERMINE,6402,N,HARLEM AVE,1611,,,,,,,2,NO INDICATION OF INJURY,0,0,0,0,0,3,0,12,3,4,,,,,
RAIN,DAYLIGHT,ANGLE,FOUR WAY,,STRAIGHT AND LEVEL,WET,NO DEFECTS,ON SCENE,INJURY AND / OR TOW DUE TO CRASH,Y,,,"OVER $1,500",04/23/2025 7:47,DISREGARDING STOP SIGN,"VISION OBSCURED (SIGNS, TREE LIMBS, BUILDINGS, ETC.)",1898,E,84TH ST,412,,,,,,,2,NONINCAPACITATING INJURY,2,0,0,1,1,0,0,7,4,4,,,,,
CLEAR,"DARKNESS, LIGHTED ROAD",SIDESWIPE OPPOSITE DIRECTION,DIVIDED - W/MEDIAN (NOT RAISED),,STRAIGHT AND LEVEL,DRY,NO DEFECTS,ON SCENE,INJURY AND / OR TOW DUE TO CRASH,,,,"$501 - $1,500",08/05/2025 0:52,IMPROPER LANE USAGE,IMPROPER OVERTAKING/PASSING,30,W,31ST ST,133,,,,,,,2,NONINCAPACITATING INJURY,2,0,0,2,0,1,0,0,3,8,,,,,
CLEAR,"DARKNESS, LIGHTED ROAD",PARKED MOTOR VEHICLE,NOT DIVIDED,,STRAIGHT AND LEVEL,DRY,NO DEFECTS,ON SCENE,INJURY AND / OR TOW DUE TO CRASH,,,Y,"OVER $1,500",04/23/2025 22:50,UNABLE TO DETERMINE,NOT APPLICABLE,4342,W,BELMONT AVE,1731,,,,,,,3,NO INDICATION OF INJURY,0,0,0,0,0,1,0,22,5,1,,,,,
CLEAR,DAYLIGHT,TURNING,NOT DIVIDED,,STRAIGHT AND LEVEL,DRY,NO DEFECTS,ON SCENE,INJURY AND / OR TOW DUE TO CRASH,Y,,,"OVER $1,500",01/17/2025 9:17,IMPROPER LANE USAGE,NOT APPLICABLE,160,W,CERMAK RD,914,,,,,,,2,NO INDICATION OF INJURY,0,0,0,0,0,3,0,9,6,1,,,,,
CLEAR,"DARKNESS, LIGHTED ROAD",REAR END,FOUR WAY,,STRAIGHT AND LEVEL,DRY,NO DEFECTS,ON SCENE,INJURY AND / OR TOW DUE TO CRASH,,,Y,"$501 - $1,500",10/05/2025 18:40,FAILING TO REDUCE SPEED TO AVOID CRASH,FOLLOWING TOO CLOSELY,55,W,71ST ST,731,,,,,,,3,NO INDICATION OF INJURY,0,0,0,0,0,2,0,18,1,10,,,,,
CLEAR,DAYLIGHT,SIDESWIPE SAME DIRECTION,NOT DIVIDED,,STRAIGHT AND LEVEL,DRY,NO DEFECTS,NOT ON SCENE (DESK REPORT),NO INJURY / DRIVE AWAY,,,,"$501 - $1,500",06/10/2025 12:15,FAILING TO YIELD RIGHT-OF-WAY,NOT APPLICABLE,1720,W,119TH ST,2234,,,,,,,2,NO INDICATION OF INJURY,0,0,0,0,0,4,0,17,6,6,,,,,
CLEAR,DAYLIGHT,PARKED MOTOR VEHICLE,NOT DIVIDED,,STRAIGHT AND LEVEL,DRY,NO DEFECTS,ON SCENE,NO INJURY / DRIVE AWAY,,,,"OVER $1,500",06/10/2025 20:17,UNABLE TO DETERMINE,NOT APPLICABLE,4153,S,ARCHER AVE,921,,,,,,,2,NO INDICATION OF INJURY,0,0,0,0,0,3,0,20,3,6,,,,,
UNKNOWN,UNKNOWN,PARKED MOTOR VEHICLE,DIVIDED - W/MEDIAN (NOT RAISED),,STRAIGHT AND LEVEL,UNKNOWN,UNKNOWN,NOT ON SCENE (DESK REPORT),NO INJURY / DRIVE AWAY,,,,"OVER $1,500",01/17/2025 20:15,EQUIPMENT - VEHICLE CONDITION,UNABLE TO DETERMINE,6243,N,KEDZIE AVE,2413,,,,,,,2,NO INDICATION OF INJURY,0,0,0,0,0,3,0,18,6,1,,,,,
CLEAR,DAYLIGHT,TURNING,ONE-WAY,,STRAIGHT AND LEVEL,DRY,NO DEFECTS,NOT ON SCENE (DESK REPORT),NO INJURY / DRIVE AWAY,,,,"OVER $1,500",04/23/2025 11:00,FAILING TO YIELD RIGHT-OF-WAY,NOT APPLICABLE,600,E,GRAND AVE,1834,,,,,,,2,NO INDICATION OF INJURY,0,0,0,0,0,2,0,13,3,4,,,,,
CLEAR,DAWN,SIDESWIPE OPPOSITE DIRECTION,NOT DIVIDED,,STRAIGHT AND LEVEL,DRY,NO DEFECTS,ON SCENE,NO INJURY / DRIVE AWAY,,,Y,"$501 - $1,500",04/23/2025 15:40,UNABLE TO DETERMINE,NOT APPLICABLE,2640,W,40TH ST,921,,,,,,,2,NO INDICATION OF INJURY,0,0,0,0,0,2,0,15,4,4,,,,,
CLEAR,DAYLIGHT,PEDESTRIAN,ONE-WAY,,STRAIGHT AND LEVEL,DRY,UNKNOWN,ON SCENE,INJURY AND / OR TOW DUE TO CRASH,,,Y,$500 OR LESS,04/23/2025 15:31,UNABLE TO DETERMINE,UNABLE TO DETERMINE,25,E,JACKSON BLVD,113,,,,,,,2,NONINCAPACITATING INJURY,1,0,0,1,0,1,0,13,4,4,,,,,
CLEAR,DAYLIGHT,TURNING,NOT DIVIDED,,STRAIGHT AND LEVEL,DRY,NO DEFECTS,ON SCENE,NO INJURY / DRIVE AWAY,Y,,Y,"OVER $1,500",05/31/2025 17:28,FAILING TO YIELD RIGHT-OF-WAY,NOT APPLICABLE,13259,S,BRAINARD AVE,433,,,,,,,2,NO INDICATION OF INJURY,0,0,0,0,0,3,0,17,7,5,,,,,
CLEAR,"DARKNESS, LIGHTED ROAD",SIDESWIPE SAME DIRECTION,NOT DIVIDED,,STRAIGHT AND LEVEL,DRY,NO DEFECTS,ON SCENE,NO INJURY / DRIVE AWAY,Y,,Y,"$501 - $1,500",08/05/2025 22:58,IMPROPER OVERTAKING/PASSING,IMPROPER LANE USAGE,1000,W,HOLLYWOOD AVE,2022,,,,,,,2,NO INDICATION OF INJURY,0,0,0,0,0,2,0,22,3,8,,,,,