WEATHER_CONDITION,LIGHTING_CONDITION,FIRST_CRASH_TYPE,TRAFFICWAY_TYPE,LANE_CNT,ALIGNMENT,ROADWAY_SURFACE_COND,ROAD_DEFECT,REPORT_TYPE,CRASH_TYPE,INTERSECTION_RELATED_I,NOT_RIGHT_OF_WAY_I,HIT_AND_RUN_I,DAMAGE,DATE_POLICE_NOTIFIED,PRIM_CONTRIBUTORY_CAUSE,SEC_CONTRIBUTORY_CAUSE,STREET_NO,STREET_DIRECTION,STREET_NAME,BEAT_OF_OCCURRENCE,PHOTOS_TAKEN_I,STATEMENTS_TAKEN_I,DOORING_I,WORK_ZONE_I,WORK_ZONE_TYPE,WORKERS_PRESENT_I,NUM_UNITS,MOST_SEVERE_INJURY,INJURIES_TOTAL,INJURIES_FATAL,INJURIES_INCAPACITATING,INJURIES_NON_INCAPACITATING,INJURIES_REPORTED_NOT_EVIDENT,INJURIES_NO_INDICATION,INJURIES_UNKNOWN,CRASH_HOUR,CRASH_DAY_OF_WEEK,CRASH_MONTH,INJURIES_NO_INDICATION,INJURIES_UNKNOWN,CRASH_HOUR,CRASH_DAY_OF_WEEK,CRASH_MONTH
CLEAR,"DARKNESS, LIGHTED ROAD",SIDESWIPE SAME DIRECTION,OTHER,,STRAIGHT AND LEVEL,ICE,NO DEFECTS,ON SCENE,NO INJURY / DRIVE AWAY,,,,"OVER $1,500",01/17/2025 7:10,IMPROPER OVERTAKING/PASSING,FAILING TO YIELD RIGHT-OF-WAY,5701,S,CICERO AVE,813,Y,Y,,,,,2,NO INDICATION OF INJURY,0,0,0,0,0,2,0,7,6,1,,,,,
CLEAR,DAYLIGHT,ANGLE,NOT DIVIDED,,STRAIGHT AND LEVEL,DRY,NO DEFECTS,ON SCENE,INJURY AND / OR TOW DUE TO CRASH,Y,,,"OVER $1,500",03/20/2025 16:55,FAILING TO YIELD RIGHT-OF-WAY,FAILING TO YIELD RIGHT-OF-WAY,10900,S,HALSTED ST,2233,,,,,,,2,NO INDICATION OF INJURY,0,0,0,0,0,2,0,16,5,3,,,,,
UNKNOWN,UNKNOWN,PARKED MOTOR VEHICLE,ONE-WAY,,STRAIGHT AND LEVEL,UNKNOWN,UNKNOWN,NOT ON SCENE (DESK REPORT),NO INJURY / DRIVE AWAY,,,Y,"$501 - $1,500",08/02/2023 14:30,UNABLE TO DETERMINE,NOT APPLICABLE,2201,N,KILBOURN AVE,2522,,,,,,,2,NO INDICATION OF INJURY,0,0,0,0,0,1,0,4,4,8,,,,,
CLEAR,DARKNESS,REAR END,NOT DIVIDED,,STRAIGHT AND LEVEL,DRY,NO DEFECTS,NOT ON SCENE (DESK REPORT),NO INJURY / DRIVE AWAY,,,,"OVER $1,500",06/10/2025 8:45,NOT APPLICABLE,NOT APPLICABLE,3058,S,DAMEN AVE,912,,,,,,,2,NO INDICATION OF INJURY,0,0,0,0,0,2,0,21,2,6,,,,,
CLEAR,DAYLIGHT,SIDESWIPE SAME DIRECTION,NOT DIVIDED,,STRAIGHT AND LEVEL,DRY,NO DEFECTS,NOT ON SCENE (DESK REPORT),NO INJURY / DRIVE AWAY,Y,,,"OVER $1,500",06/10/2025 10:30,DRIVING SKILLS/KNOWLEDGE/EXPERIENCE,UNABLE TO DETERMINE,653,W,21ST ST,1235,,,,,,,2,NO INDICATION OF INJURY,0,0,0,0,0,2,0,9,3,6,,,,,
CLEAR,"DARKNESS, LIGHTED ROAD",TURNING,ONE-WAY,,STRAIGHT ON GRADE,DRY,UNKNOWN,ON SCENE,NO INJURY / DRIVE AWAY,,,,"OVER $1,500",06/11/2025 0:35,IMPROPER LANE USAGE,IMPROPER LANE USAGE,160,N,WABASH AVE,111,,,,,,,2,NO INDICATION OF INJURY,0,0,0,0,0,3,0,0,4,6,,,,,
CLEAR,DAYLIGHT,TURNING,DIVIDED - W/MEDIAN (NOT RAISED),,STRAIGHT AND LEVEL,DRY,NO DEFECTS,ON SCENE,NO INJURY / DRIVE AWAY,,,,"OVER $1,500",06/20/2025 16:10,IMPROPER TURNING/NO SIGNAL,NOT APPLICABLE,805,W,99TH ST,2232,,,,,,,2,NO INDICATION OF INJURY,0,0,0,0,0,3,0,16,6,6,,,,,
UNKNOWN,UNKNOWN,PARKED MOTOR VEHICLE,UNKNOWN,,STRAIGHT AND LEVEL,UNKNOWN,UNKNOWN,NOT ON SCENE (DESK REPORT),NO INJURY / DRIVE AWAY,,,Y,"OVER $1,500",03/20/2025 19:15,UNABLE TO DETERMINE,UNABLE TO DETERMINE,4801,S,LAWNDALE AVE,821,,,,,,,2,NO INDICATION OF INJURY,0,0,0,0,0,1,0,18,5,3,,,,,
CLEAR,DAYLIGHT,TURNING,FOUR WAY,,STRAIGHT AND LEVEL,WET,NO DEFECTS,ON SCENE,NO INJURY / DRIVE AWAY,Y,,Y,$500 OR LESS,04/17/2025 19:45,FAILING TO YIELD RIGHT-OF-WAY,FAILING TO YIELD RIGHT-OF-WAY,200,N,LARAMIE AVE,1523,,,,,,,2,NO INDICATION OF INJURY,0,0,0,0,0,3,0,18,5,4,,,,,
CLEAR,DAYLIGHT,TURNING,NOT DIVIDED,,STRAIGHT AND LEVEL,DRY,NO DEFECTS,ON SCENE,INJURY AND / OR TOW DUE TO CRASH,,,,"OVER $1,500",04/22/2025 13:17,UNABLE TO DETERMINE,NOT APPLICABLE,5456,N,MILWAUKEE AVE,1622,,,,,,,2,NO INDICATION OF INJURY,0,0,0,0,0,4,0,13,3,4,,,,,
RAIN,DAYLIGHT,TURNING,FOUR WAY,,STRAIGHT AND LEVEL,DRY,NO DEFECTS,,NO INJURY / DRIVE AWAY,Y,,,"OVER $1,500",04/23/2025 11:15,UNABLE TO DETERMINE,NOT APPLICABLE,2353,S,BLUE ISLAND AVE,1034,,,,,,,2,NO INDICATION OF INJURY,0,0,0,0,0,2,0,10,4,4,,,,,
CLEAR,"DARKNESS, LIGHTED ROAD",PEDESTRIAN,DIVIDED - W/MEDIAN (NOT RAISED),,STRAIGHT AND LEVEL,DRY,NO DEFECTS,ON SCENE,INJURY AND / OR TOW DUE TO CRASH,Y,,,"OVER $1,500",06/24/2025 18:33,FAILING TO YIELD RIGHT-OF-WAY,UNABLE TO DETERMINE,1901,W,DIVERSEY PKWY,1931,,,,,,,2,NONINCAPACITATING INJURY,1,0,0,1,0,1,0,18,3,6,,,,,
SNOW,DAWN,REAR END,NOT DIVIDED,,STRAIGHT AND LEVEL,WET,UNKNOWN,ON SCENE,NO INJURY / DRIVE AWAY,,,Y,"$501 - $1,500",03/20/2025 7:58,FOLLOWING TOO CLOSELY,UNABLE TO DETERMINE,5900,S,COTTAGE GROVE AVE,233,,,,,,,2,NO INDICATION OF INJURY,0,0,0,0,0,2,0,7,5,3,,,,,
CLEAR,DAYLIGHT,SIDESWIPE SAME DIRECTION,DIVIDED - W/MEDIAN (NOT RAISED),,STRAIGHT AND LEVEL,DRY,UNKNOWN,ON SCENE,NO INJURY / DRIVE AWAY,,,,"OVER $1,500",04/23/2025 17:12,UNABLE TO DETERMINE,UNABLE TO DETERMINE,1210,N,KOSTNER AVE,2533,,,,,,,3,NO INDICATION OF INJURY,0,0,0,0,0,4,0,17,4,4,,,,,
CLEAR,DAYLIGHT,SIDESWIPE SAME DIRECTION,DIVIDED - W/MEDIAN (NOT RAISED),,STRAIGHT AND LEVEL,DRY,NO DEFECTS,,NO INJURY / DRIVE AWAY,,,,"OVER $1,500",03/20/2025 17:35,IMPROPER LANE USAGE,NOT APPLICABLE,1571,W,OGDEN AVE,1224,,,,,,,2,NO INDICATION OF INJURY,0,0,0,0,0,3,0,16,5,3,,,,,
CLEAR,DAYLIGHT,PARKED MOTOR VEHICLE,NOT DIVIDED,,STRAIGHT AND LEVEL,DRY,NO DEFECTS,ON SCENE,NO INJURY / DRIVE AWAY,,,,"OVER $1,500",06/10/2025 16:45,IMPROPER BACKING,DRIVING SKILLS/KNOWLEDGE/EXPERIENCE,6336,W,BLOOMINGDALE AVE,2513,,,,,,,3,NO INDICATION OF INJURY,0,0,0,0,0,2,0,16,3,6,,,,,
CLEAR,DAYLIGHT,ANGLE,NOT REPORTED,,STRAIGHT AND LEVEL,DRY,NO DEFECTS,ON SCENE,INJURY AND / OR TOW DUE TO CRASH,Y,,,"OVER $1,500",06/10/2025 16:09,UNABLE TO DETERMINE,UNABLE TO DETERMINE,4800,S,INDIANA AVE,224,,,,,,,2,NONINCAPACITATING INJURY,2,0,0,2,0,0,0,15,3,6,,,,,
CLEAR,DAYLIGHT,REAR END,NOT DIVIDED,,STRAIGHT AND LEVEL,DRY,NO DEFECTS,NOT ON SCENE (DESK REPORT),NO INJURY / DRIVE AWAY,Y,,,"OVER $1,500",03/20/2025 18:20,FOLLOWING TOO CLOSELY,NOT APPLICABLE,2500,W,GEORGE ST,1411,,,,,,,2,NO INDICATION OF INJURY,0,0,0,0,0,2,0,18,5,3,,,,,
CLEAR,DAYLIGHT,HEAD ON,NOT DIVIDED,,STRAIGHT AND LEVEL,DRY,NO DEFECTS,NOT ON SCENE (DESK REPORT),NO INJURY / DRIVE AWAY,,,,"OVER $1,500",01/17/2025 8:50,IMPROPER OVERTAKING/PASSING,NOT APPLICABLE,602,W,IRVING PARK RD,1915,,,,,,,2,NO INDICATION OF INJURY,0,0,0,0,0,2,0,7,6,1,,,,,
CLEAR,DAYLIGHT,SIDESWIPE SAME DIRECTION,FOUR WAY,,STRAIGHT AND LEVEL,DRY,NO DEFECTS,NOT ON SCENE (DESK REPORT),NO INJURY / DRIVE AWAY,Y,,Y,"$501 - $1,500",04/23/2025 16:30,UNABLE TO DETERMINE,UNABLE TO DETERMINE,98,E,107TH ST,512,,,,,,,2,NO INDICATION OF INJURY,0,0,0,0,0,2,0,16,4,4,,,,,
RAIN,DAYLIGHT,TURNING,NOT DIVIDED,,STRAIGHT AND LEVEL,WET,UNKNOWN,NOT ON SCENE (DESK REPORT),NO INJURY / DRIVE AWAY,,,,"$501 - $1,500",08/28/2025 7:48,UNABLE TO DETERMINE,UNABLE TO DETERMINE,5014,S,ARCHER AVE,815,,,,,,,2,NO INDICATION OF INJURY,0,0,0,0,0,2,0,7,5,8,,,,,
CLEAR,DAYLIGHT,SIDESWIPE SAME DIRECTION,DIVIDED - W/MEDIAN (NOT RAISED),,STRAIGHT AND LEVEL,DRY,NO DEFECTS,NOT ON SCENE (DESK REPORT),NO INJURY / DRIVE AWAY,,,,"OVER $1,500",10/27/2025 17:55,IMPROPER OVERTAKING/PASSING,UNABLE TO DETERMINE,7750,S,EMERALD AVE,621,,,,,,,2,NO INDICATION OF INJURY,0,0,0,0,0,2,0,17,2,10,,,,,
CLEAR,DAYLIGHT,REAR END,NOT DIVIDED,,STRAIGHT AND LEVEL,DRY,NO DEFECTS,ON SCENE,NO INJURY / DRIVE AWAY,,,,$500 OR LESS,03/20/2025 18:45,DISTRACTION - FROM OUTSIDE VEHICLE,NOT APPLICABLE,2844,N,WESTERN AVE,1411,,,,,,,2,NO INDICATION OF INJURY,0,0,0,0,0,2,0,18,5,3,,,,,
CLEAR,DAYLIGHT,PARKED MOTOR VEHICLE,PARKING LOT,,STRAIGHT AND LEVEL,WET,UNKNOWN,NOT ON SCENE (DESK REPORT),NO INJURY / DRIVE AWAY,,Y,,"$501 - $1,500",03/20/2025 10:45,FAILING TO YIELD RIGHT-OF-WAY,FAILING TO YIELD RIGHT-OF-WAY,414,N,HOMAN AVE,1123,,,,,,,2,NO INDICATION OF INJURY,0,0,0,0,0,2,0,10,5,3,,,,,
CLEAR,DAYLIGHT,REAR END,OTHER,,STRAIGHT AND LEVEL,WET,NO DEFECTS,NOT ON SCENE (DESK REPORT),NO INJURY / DRIVE AWAY,,Y,,"OVER $1,500",01/17/2025 10:30,UNABLE TO DETERMINE,NOT APPLICABLE,7068,S,SOUTH CHICAGO AVE,322,,,,,,,2,NO INDICATION OF INJURY,0,0,0,0,0,2,0,10,6,1,,,,,
CLEAR,DAYLIGHT,PEDESTRIAN,NOT DIVIDED,,STRAIGHT AND LEVEL,UNKNOWN,UNKNOWN,NOT ON SCENE (DESK REPORT),NO INJURY / DRIVE AWAY,,,,$500 OR LESS,06/09/2025 12:39,UNABLE TO DETERMINE,UNABLE TO DETERMINE,3200,N,BROADWAY,1925,,,,,,,2,NO INDICATION OF INJURY,0,0,0,0,0,2,0,15,7,6,,,,,
CLEAR,DAYLIGHT,REAR END,NOT DIVIDED,,STRAIGHT ON HILLCREST,DRY,NO DEFECTS,NOT ON SCENE (DESK REPORT),NO INJURY / DRIVE AWAY,Y,,,"OVER $1,500",06/10/2025 12:15,FAILING TO YIELD RIGHT-OF-WAY,FAILING TO YIELD RIGHT-OF-WAY,110,W,18TH ST,131,,,,,,,2,NO INDICATION OF INJURY,0,0,0,0,0,2,0,18,2,6,,,,,
CLEAR,DAYLIGHT,TURNING,DIVIDED - W/MEDIAN (NOT RAISED),,STRAIGHT AND LEVEL,DRY,NO DEFECTS,NOT ON SCENE (DESK REPORT),NO INJURY / DRIVE AWAY,Y,,,"OVER $1,500",06/10/2025 15:30,FAILING TO YIELD RIGHT-OF-WAY,DRIVING SKILLS/KNOWLEDGE/EXPERIENCE,3959,N,PAULINA ST,1922,,,,,,,2,NO INDICATION OF INJURY,0,0,0,0,0,2,0,12,3,6,,,,,
CLEAR,DAYLIGHT,SIDESWIPE SAME DIRECTION,FOUR WAY,,STRAIGHT AND LEVEL,DRY,NO DEFECTS,NOT ON SCENE (DESK REPORT),NO INJURY / DRIVE AWAY,,,,"OVER $1,500",04/23/2025 9:30,UNABLE TO DETERMINE,NOT APPLICABLE,2000,N,KOSTNER AVE,2522,,,,,,,2,NO INDICATION OF INJURY,0,0,0,0,0,2,0,11,5,4,,,,,
CLEAR,DAYLIGHT,ANGLE,ALLEY,,STRAIGHT AND LEVEL,DRY,NO DEFECTS,NOT ON SCENE (DESK REPORT),INJURY AND / OR TOW DUE TO CRASH,,,,"$501 - $1,500",04/22/2025 9:06,NOT APPLICABLE,NOT APPLICABLE,1900,N,NARRAGANSETT AVE,2513,N,N,,,,,2,NONINCAPACITATING INJURY,1,0,0,1,0,2,0,9,3,4,,,,,
CLEAR,DAYLIGHT,SIDESWIPE SAME DIRECTION,NOT DIVIDED,,STRAIGHT AND LEVEL,DRY,UNKNOWN,ON SCENE,NO INJURY / DRIVE AWAY,,,,$500 OR LESS,04/23/2025 19:08,IMPROPER OVERTAKING/PASSING,FAILING TO YIELD RIGHT-OF-WAY,7251,W,TOUHY AVE,1611,,,,,,,2,NO INDICATION OF INJURY,0,0,0,0,0,2,0,19,4,4,,,,,
CLEAR,DAYLIGHT,TURNING,DIVIDED - W/MEDIAN BARRIER,,STRAIGHT AND LEVEL,DRY,NO DEFECTS,ON SCENE,INJURY AND / OR TOW DUE TO CRASH,Y,,,"OVER $1,500",08/28/2025 10:01,UNABLE TO DETERMINE,UNABLE TO DETERMINE,536,S,LOWER WACKER DR,123,,,,,,,2,NO INDICATION OF INJURY,0,0,0,0,0,2,0,9,5,8,,,,,
CLEAR,DAYLIGHT,REAR END,FOUR WAY,,STRAIGHT AND LEVEL,DRY,NO DEFECTS,NOT ON SCENE (DESK REPORT),NO INJURY / DRIVE AWAY,Y,,,"$501 - $1,500",01/17/2025 8:10,FOLLOWING TOO CLOSELY,FOLLOWING TOO CLOSELY,2334,S,WOLCOTT AVE,1034,,,,,,,2,NO INDICATION OF INJURY,0,0,0,0,0,5,0,8,6,1,,,,,
CLEAR,DAYLIGHT,PARKED MOTOR VEHICLE,PARKING LOT,,STRAIGHT AND LEVEL,DRY,NO DEFECTS,NOT ON SCENE (DESK REPORT),NO INJURY / DRIVE AWAY,,Y,Y,"OVER $1,500",03/22/2025 11:00,DRIVING SKILLS/KNOWLEDGE/EXPERIENCE,NOT APPLICABLE,233,E,WALTON PL,1833,,,,,,,2,NO INDICATION OF INJURY,0,0,0,0,0,2,0,15,5,3,,,,,
CLEAR,DARKNESS,TURNING,FOUR WAY,,STRAIGHT AND LEVEL,DRY,NO DEFECTS,ON SCENE,INJURY AND / OR TOW DUE TO CRASH,Y,,,"OVER $1,500",03/20/2025 20:26,IMPROPER TURNING/NO SIGNAL,DRIVING SKILLS/KNOWLEDGE/EXPERIENCE,6399,N,CALDWELL AVE,1621,,,,,,,2,NO INDICATION OF INJURY,0,0,0,0,0,3,0,20,5,3,,,,,
UNKNOWN,UNKNOWN,PARKED MOTOR VEHICLE,OTHER,,STRAIGHT AND LEVEL,UNKNOWN,UNKNOWN,NOT ON SCENE (DESK REPORT),NO INJURY / DRIVE AWAY,,,,"OVER $1,500",06/10/2025 10:45,UNABLE TO DETERMINE,UNABLE TO DETERMINE,11330,S,LOTHAIR AVE,2212,,,,,,,2,NO INDICATION OF INJURY,0,0,0,0,0,1,0,12,2,6,,,,,
CLEAR,DAYLIGHT,TURNING,ONE-WAY,,STRAIGHT AND LEVEL,DRY,NO DEFECTS,ON SCENE,NO INJURY / DRIVE AWAY,,,,"OVER $1,500",06/10/2025 13:30,IMPROPER OVERTAKING/PASSING,UNABLE TO DETERMINE,812,N,CAMPBELL AVE,1211,,,,,,,2,NO INDICATION OF INJURY,0,0,0,0,0,2,0,13,3,6,,,,,
CLEAR,DAYLIGHT,HEAD ON,FOUR WAY,,STRAIGHT AND LEVEL,DRY,UNKNOWN,NOT ON SCENE (DESK REPORT),NO INJURY / DRIVE AWAY,,,,"OVER $1,500",06/10/2025 11:00,UNABLE TO DETERMINE,UNABLE TO DETERMINE,7900,S,KEDZIE AVE,834,,,,,,,2,NO INDICATION OF INJURY,0,0,0,0,0,2,0,10,3,6,,,,,
CLEAR,DAYLIGHT,SIDESWIPE SAME DIRECTION,DIVIDED - W/MEDIAN (NOT RAISED),,STRAIGHT AND LEVEL,DRY,NO DEFECTS,ON SCENE,INJURY AND / OR TOW DUE TO CRASH,,,Y,"OVER $1,500",06/10/2025 17:43,IMPROPER OVERTAKING/PASSING,UNABLE TO DETERMINE,5326,S,WESTERN AVE,923,,,,,,,2,"REPORTED, NOT EVIDENT",1,0,0,0,1,1,0,17,3,6,,,,,
UNKNOWN,UNKNOWN,PARKED MOTOR VEHICLE,ONE-WAY,,STRAIGHT AND LEVEL,UNKNOWN,UNKNOWN,NOT ON SCENE (DESK REPORT),NO INJURY / DRIVE AWAY,,,Y,"OVER $1,500",08/05/2025 15:40,UNABLE TO DETERMINE,UNABLE TO DETERMINE,5108,W,DRUMMOND PL,2521,,,,,,,2,NO INDICATION OF INJURY,0,0,0,0,0,1,0,6,3,8,,,,,
CLEAR,DAYLIGHT,REAR END,NOT DIVIDED,,STRAIGHT AND LEVEL,DRY,NO DEFECTS,NOT ON SCENE (DESK REPORT),INJURY AND / OR TOW DUE TO CRASH,,,Y,$500 OR LESS,06/24/2025 10:10,DRIVING SKILLS/KNOWLEDGE/EXPERIENCE,DRIVING SKILLS/KNOWLEDGE/EXPERIENCE,2200,E,93RD ST,413,,,,,,,2,NONINCAPACITATING INJURY,1,0,0,1,0,1,0,9,3,6,,,,,
CLEAR,DAYLIGHT,PARKED MOTOR VEHICLE,DIVIDED - W/MEDIAN (NOT RAISED),,STRAIGHT AND LEVEL,DRY,NO DEFECTS,ON SCENE,NO INJURY / DRIVE AWAY,,,,"$501 - $1,500",07/15/2025 13:52,NOT APPLICABLE,NOT APPLICABLE,5600,S,COTTAGE GROVE AVE,233,,,,,,,2,NO INDICATION OF INJURY,0,0,0,0,0,2,0,13,3,7,,,,,
CLEAR,DAYLIGHT,ANGLE,PARKING LOT,,STRAIGHT AND LEVEL,DRY,NO DEFECTS,NOT ON SCENE (DESK REPORT),NO INJURY / DRIVE AWAY,,,Y,"$501 - $1,500",04/23/2025 13:45,IMPROPER BACKING,FOLLOWING TOO CLOSELY,1430,S,ASHLAND AVE,1233,,,,,,,2,NO INDICATION OF INJURY,0,0,0,0,0,2,0,12,4,4,,,,,
CLEAR,DAYLIGHT,PARKED MOTOR VEHICLE,ONE-WAY,,STRAIGHT AND LEVEL,WET,NO DEFECTS,ON SCENE,NO INJURY / DRIVE AWAY,,,,"OVER $1,500",03/20/2025 12:30,DRIVING SKILLS/KNOWLEDGE/EXPERIENCE,DRIVING SKILLS/KNOWLEDGE/EXPERIENCE,5,W,TERMINAL ST,1655,,,,,,,2,NO INDICATION OF INJURY,0,0,0,0,0,6,0,11,5,3,,,,,
CLEAR,UNKNOWN,PARKED MOTOR VEHICLE,ONE-WAY,,STRAIGHT AND LEVEL,DRY,NO DEFECTS,ON SCENE,INJURY AND / OR TOW DUE TO CRASH,,,Y,"OVER $1,500",03/21/2025 9:45,UNABLE TO DETERMINE,UNABLE TO DETERMINE,5302,W,CRYSTAL ST,2532,,N,,,,,2,NO INDICATION OF INJURY,0,0,0,0,0,1,0,18,5,3,,,,,
CLEAR,DAYLIGHT,SIDESWIPE SAME DIRECTION,NOT DIVIDED,,STRAIGHT AND LEVEL,DRY,NO DEFECTS,NOT ON SCENE (DESK REPORT),NO INJURY / DRIVE AWAY,,,Y,"OVER $1,500",01/17/2025 20:17,UNABLE TO DETERMINE,UNABLE TO DETERMINE,7600,S,WABASH AVE,623,,,,,,,2,NO INDICATION OF INJURY,0,0,0,0,0,2,0,15,6,1,,,,,
CLEAR,DAYLIGHT,PARKED MOTOR VEHICLE,NOT DIVIDED,,STRAIGHT AND LEVEL,DRY,UNKNOWN,NOT ON SCENE (DESK REPORT),NO INJURY / DRIVE AWAY,,,Y,"OVER $1,500",04/21/2025 13:40,UNABLE TO DETERMINE,NOT APPLICABLE,55,E,MARQUETTE RD,322,,,,,,,2,NO INDICATION OF INJURY,0,0,0,0,0,2,0,14,6,4,,,,,
CLEAR,DAYLIGHT,PARKED MOTOR VEHICLE,PARKING LOT,,STRAIGHT AND LEVEL,UNKNOWN,UNKNOWN,NOT ON SCENE (DESK REPORT),NO INJURY / DRIVE AWAY,,Y,Y,"$501 - $1,500",04/23/2025 17:00,UNABLE TO DETERMINE,UNABLE TO DETERMINE,250,W,HURON ST,1831,,,,,,,2,NO INDICATION OF INJURY,0,0,0,0,0,1,0,13,2,4,,,,,
CLEAR,DAYLIGHT,REAR TO FRONT,NOT DIVIDED,,STRAIGHT AND LEVEL,DRY,NO DEFECTS,NOT ON SCENE (DESK REPORT),NO INJURY / DRIVE AWAY,,,,"OVER $1,500",04/22/2025 12:15,UNABLE TO DETERMINE,UNABLE TO DETERMINE,743,W,BUENA AVE,1915,,,,,,,2,NO INDICATION OF INJURY,0,0,0,0,0,2,0,12,3,4,,,,,
CLEAR,DAYLIGHT,TURNING,NOT DIVIDED,,STRAIGHT AND LEVEL,DRY,NO DEFECTS,,INJURY AND / OR TOW DUE TO CRASH,,,,"OVER $1,500",04/19/2025 17:48,IMPROPER LANE USAGE,NOT APPLICABLE,4399,S,PULASKI RD,821,,,,,,,2,NO INDICATION OF INJURY,0,0,0,0,0,2,0,17,7,4,,,,,
CLEAR,DAYLIGHT,PARKED MOTOR VEHICLE,NOT DIVIDED,,STRAIGHT AND LEVEL,DRY,UNKNOWN,NOT ON SCENE (DESK REPORT),NO INJURY / DRIVE AWAY,,,,"OVER $1,500",04/23/2025 16:00,"DISTRACTION - OTHER ELECTRONIC DEVICE (NAVIGATION DEVICE, DVD PLAYER, ETC.)",UNABLE TO DETERMINE,5563,S,LOOMIS BLVD,713,,,,,,,3,NO INDICATION OF INJURY,0,0,0,0,0,1,0,16,4,4,,,,,
CLEAR,DAYLIGHT,PARKED MOTOR VEHICLE,ONE-WAY,,STRAIGHT AND LEVEL,DRY,NO DEFECTS,NOT ON SCENE (DESK REPORT),NO INJURY / DRIVE AWAY,,,,"OVER $1,500",06/10/2025 17:42,DRIVING SKILLS/KNOWLEDGE/EXPERIENCE,NOT APPLICABLE,5015,S,BLACKSTONE AVE,222,,,,,,,2,NO INDICATION OF INJURY,0,0,0,0,0,2,0,15,3,6,,,,,
CLEAR,DAYLIGHT,REAR END,DIVIDED - W/MEDIAN (NOT RAISED),,STRAIGHT AND LEVEL,WET,NO DEFECTS,ON SCENE,NO INJURY / DRIVE AWAY,,,,"OVER $1,500",04/23/2025 10:15,UNABLE TO DETERMINE,UNABLE TO DETERMINE,2659,W,NORTH AVE,1423,,,,,,,2,NO INDICATION OF INJURY,0,0,0,0,0,5,0,10,4,4,,,,,
RAIN,DAYLIGHT,SIDESWIPE SAME DIRECTION,DIVIDED - W/MEDIAN (NOT RAISED),,STRAIGHT AND LEVEL,WET,UNKNOWN,ON SCENE,INJURY AND / OR TOW DUE TO CRASH,,,Y,"OVER $1,500",04/23/2025 7:17,IMPROPER LANE USAGE,NOT APPLICABLE,5249,N,SHERIDAN RD,2023,,,,,,,2,NONINCAPACITATING INJURY,1,0,0,1,0,1,0,6,4,4,,,,,
CLEAR,DAYLIGHT,SIDESWIPE SAME DIRECTION,DIVIDED - W/MEDIAN BARRIER,,STRAIGHT AND LEVEL,DRY,NO DEFECTS,ON SCENE,INJURY AND / OR TOW DUE TO CRASH,,,,"OVER $1,500",02/22/2024 12:20,"OPERATING VEHICLE IN ERRATIC, RECKLESS, CARELESS, NEGLIGENT OR AGGRESSIVE MANNER",IMPROPER LANE USAGE,9631,W,KENNEDY EXPY OB,1654,,,,,,,2,NO INDICATION OF INJURY,0,0,0,0,0,5,0,11,5,2,,,,,
CLEAR,DAYLIGHT,TURNING,DIVIDED - W/MEDIAN BARRIER,,STRAIGHT AND LEVEL,DRY,NO DEFECTS,ON SCENE,NO INJURY / DRIVE AWAY,Y,,,"OVER $1,500",01/17/2025 16:14,NOT APPLICABLE,NOT APPLICABLE,3345,S,CALIFORNIA AVE,911,,,,,,,3,NO INDICATION OF INJURY,0,0,0,0,0,3,0,16,6,1,,,,,
UNKNOWN,UNKNOWN,PARKED MOTOR VEHICLE,UNKNOWN,,STRAIGHT AND LEVEL,UNKNOWN,UNKNOWN,NOT ON SCENE (DESK REPORT),NO INJURY / DRIVE AWAY,,,,"OVER $1,500",03/20/2025 16:05,UNABLE TO DETERMINE,UNABLE TO DETERMINE,3307,W,63RD ST,823,,,,,,,2,NO INDICATION OF INJURY,0,0,0,0,0,1,0,15,5,3,,,,,
CLEAR,DAYLIGHT,REAR END,NOT DIVIDED,,STRAIGHT AND LEVEL,DRY,NO DEFECTS,NOT ON SCENE (DESK REPORT),NO INJURY / DRIVE AWAY,,,,"OVER $1,500",03/20/2025 16:00,FOLLOWING TOO CLOSELY,NOT APPLICABLE,434,W,DIVERSEY PKWY,1934,,,,,,,2,NO INDICATION OF INJURY,0,0,0,0,0,2,0,15,5,3,,,,,
UNKNOWN,UNKNOWN,SIDESWIPE SAME DIRECTION,DIVIDED - W/MEDIAN (NOT RAISED),,STRAIGHT AND LEVEL,UNKNOWN,UNKNOWN,NOT ON SCENE (DESK REPORT),NO INJURY / DRIVE AWAY,,,,"OVER $1,500",03/20/2025 16:35,UNABLE TO DETERMINE,UNABLE TO DETERMINE,4500,N,KIMBALL AVE,1723,,,,,,,2,NO INDICATION OF INJURY,0,0,0,0,0,5,0,16,5,3,,,,,
CLEAR,DAYLIGHT,ANGLE,NOT DIVIDED,,STRAIGHT AND LEVEL,DRY,NO DEFECTS,ON SCENE,INJURY AND / OR TOW DUE TO CRASH,,,,"OVER $1,500",07/15/2025 16:08,FAILING TO YIELD RIGHT-OF-WAY,NOT APPLICABLE,4815,W,63RD ST,813,,,,,,,2,"REPORTED, NOT EVIDENT",1,0,0,0,1,1,0,16,3,7,,,,,
CLEAR,DAYLIGHT,SIDESWIPE SAME DIRECTION,DIVIDED - W/MEDIAN (NOT RAISED),,STRAIGHT AND LEVEL,DRY,NO DEFECTS,NOT ON SCENE (DESK REPORT),NO INJURY / DRIVE AWAY,,,,"OVER $1,500",04/23/2025 15:55,IMPROPER TURNING/NO SIGNAL,UNABLE TO DETERMINE,10133,S,HALSTED ST,2232,,,,,,,2,NO INDICATION OF INJURY,0,0,0,0,0,2,0,10,3,4,,,,,