WEATHER_CONDITION,LIGHTING_CONDITION,FIRST_CRASH_TYPE,TRAFFICWAY_TYPE,LANE_CNT,ALIGNMENT,ROADWAY_SURFACE_COND,ROAD_DEFECT,REPORT_TYPE,CRASH_TYPE,INTERSECTION_RELATED_I,NOT_RIGHT_OF_WAY_I,HIT_AND_RUN_I,DAMAGE,DATE_POLICE_NOTIFIED,PRIM_CONTRIBUTORY_CAUSE,SEC_CONTRIBUTORY_CAUSE,STREET_NO,STREET_DIRECTION,STREET_NAME,BEAT_OF_OCCURRENCE,PHOTOS_TAKEN_I,STATEMENTS_TAKEN_I,DOORING_I,WORK_ZONE_I,WORK_ZONE_TYPE,WORKERS_PRESENT_I,NUM_UNITS,MOST_SEVERE_INJURY,INJURIES_TOTAL,INJURIES_FATAL,INJURIES_INCAPACITATING,INJURIES_NON_INCAPACITATING,INJURIES_REPORTED_NOT_EVIDENT,INJURIES_NO_INDICATION,INJURIES_UNKNOWN,CRASH_HOUR,CRASH_DAY_OF_WEEK,CRASH_MONTH,INJURIES_NO_INDICATION,INJURIES_UNKNOWN,CRASH_HOUR,CRASH_DAY_OF_WEEK,CRASH_MONTH
CLEAR,"DARKNESS, LIGHTED ROAD",TURNING,NOT DIVIDED,,STRAIGHT AND LEVEL,DRY,NO DEFECTS,ON SCENE,INJURY AND / OR TOW DUE TO CRASH,,,,"OVER $1,500",04/23/2025 20:29,FAILING TO YIELD RIGHT-OF-WAY,IMPROPER TURNING/NO SIGNAL,5900,S,WESTERN AVE,824,,,,,,,2,NO INDICATION OF INJURY,0,0,0,0,0,2,0,19,4,4,,,,,
CLEAR,DAYLIGHT,PARKED MOTOR VEHICLE,NOT DIVIDED,,STRAIGHT AND LEVEL,UNKNOWN,UNKNOWN,NOT ON SCENE (DESK REPORT),NO INJURY / DRIVE AWAY,,,,"OVER $1,500",08/05/2025 15:30,UNABLE TO DETERMINE,UNABLE TO DETERMINE,66,W,OAK ST,1824,,,,,,,2,NO INDICATION OF INJURY,0,0,0,0,0,1,0,13,3,8,,,,,
CLEAR,DAYLIGHT,ANGLE,PARKING LOT,,STRAIGHT AND LEVEL,DRY,NO DEFECTS,,NO INJURY / DRIVE AWAY,,,,"OVER $1,500",08/05/2025 16:20,FAILING TO YIELD RIGHT-OF-WAY,UNABLE TO DETERMINE,11840,S,MARSHFIELD AVE,2234,,,,,,,2,NO INDICATION OF INJURY,0,0,0,0,0,4,0,15,3,8,,,,,
CLEAR,DAYLIGHT,ANGLE,FOUR WAY,,STRAIGHT AND LEVEL,DRY,NO DEFECTS,ON SCENE,INJURY AND / OR TOW DUE TO CRASH,Y,,,"OVER $1,500",08/05/2025 13:14,"VISION OBSCURED (SIGNS, TREE LIMBS, BUILDINGS, ETC.)",UNABLE TO DETERMINE,3331,N,LARAMIE AVE,1634,,,,,,,2,NO INDICATION OF INJURY,0,0,0,0,0,2,0,13,3,8,,,,,
CLEAR,DAYLIGHT,PARKED MOTOR VEHICLE,NOT DIVIDED,,STRAIGHT AND LEVEL,DRY,NO DEFECTS,ON SCENE,NO INJURY / DRIVE AWAY,,,,"OVER $1,500",01/17/2025 13:25,FAILING TO REDUCE SPEED TO AVOID CRASH,IMPROPER LANE USAGE,3812,W,LAWRENCE AVE,1712,,,,,,,2,NO INDICATION OF INJURY,0,0,0,0,0,2,0,13,6,1,,,,,
CLEAR,"DARKNESS, LIGHTED ROAD",PARKED MOTOR VEHICLE,NOT DIVIDED,,STRAIGHT AND LEVEL,DRY,NO DEFECTS,ON SCENE,NO INJURY / DRIVE AWAY,,,,"OVER $1,500",07/16/2025 0:58,FOLLOWING TOO CLOSELY,UNABLE TO DETERMINE,7934,S,WASHTENAW AVE,835,,,,,,,2,NO INDICATION OF INJURY,0,0,0,0,0,1,0,22,3,7,,,,,
SNOW,DAYLIGHT,REAR END,FOUR WAY,,STRAIGHT AND LEVEL,SNOW OR SLUSH,NO DEFECTS,ON SCENE,NO INJURY / DRIVE AWAY,,,Y,"OVER $1,500",03/20/2025 7:07,FOLLOWING TOO CLOSELY,UNABLE TO DETERMINE,2759,N,KEDZIE AVE,1411,,,,,,,2,NO INDICATION OF INJURY,0,0,0,0,0,2,0,6,5,3,,,,,
CLEAR,DAYLIGHT,TURNING,FOUR WAY,,STRAIGHT AND LEVEL,DRY,NO DEFECTS,,NO INJURY / DRIVE AWAY,Y,,,"OVER $1,500",03/20/2025 16:35,DISREGARDING STOP SIGN,NOT APPLICABLE,1200,W,GRAND AVE,1214,,,,,,,3,NO INDICATION OF INJURY,0,0,0,0,0,3,0,16,5,3,,,,,
CLEAR,DAYLIGHT,PEDALCYCLIST,NOT DIVIDED,,STRAIGHT AND LEVEL,DRY,NO DEFECTS,ON SCENE,INJURY AND / OR TOW DUE TO CRASH,,,,"OVER $1,500",03/20/2025 18:03,FAILING TO YIELD RIGHT-OF-WAY,FAILING TO YIELD RIGHT-OF-WAY,2347,W,AUGUSTA BLVD,1212,,,,,,,2,"REPORTED, NOT EVIDENT",1,0,0,0,1,1,0,18,5,3,,,,,
CLEAR,DAYLIGHT,ANGLE,FOUR WAY,,STRAIGHT AND LEVEL,UNKNOWN,NO DEFECTS,NOT ON SCENE (DESK REPORT),INJURY AND / OR TOW DUE TO CRASH,Y,,Y,"OVER $1,500",01/17/2025 13:50,FAILING TO YIELD RIGHT-OF-WAY,NOT APPLICABLE,7400,S,RHODES AVE,323,,,,,,,3,NO INDICATION OF INJURY,0,0,0,0,0,2,0,12,6,1,,,,,
CLEAR,DAYLIGHT,FIXED OBJECT,DRIVEWAY,,STRAIGHT AND LEVEL,DRY,NO DEFECTS,ON SCENE,NO INJURY / DRIVE AWAY,,Y,,"OVER $1,500",06/09/2025 10:30,DRIVING SKILLS/KNOWLEDGE/EXPERIENCE,UNABLE TO DETERMINE,3243,N,OZARK AVE,1631,,,,,,,2,NO INDICATION OF INJURY,0,0,0,0,0,2,0,9,2,6,,,,,
CLEAR,DAYLIGHT,PEDESTRIAN,DIVIDED - W/MEDIAN (NOT RAISED),,STRAIGHT AND LEVEL,DRY,NO DEFECTS,ON SCENE,INJURY AND / OR TOW DUE TO CRASH,,,,"OVER $1,500",06/10/2025 17:43,FAILING TO YIELD RIGHT-OF-WAY,NOT APPLICABLE,4823,W,DIVERSEY AVE,2521,,,,,,,2,INCAPACITATING INJURY,1,0,1,0,0,1,0,17,3,6,,,,,
CLEAR,DAYLIGHT,TURNING,DIVIDED - W/MEDIAN (NOT RAISED),,STRAIGHT AND LEVEL,DRY,NO DEFECTS,ON SCENE,NO INJURY / DRIVE AWAY,Y,,,"OVER $1,500",06/24/2025 13:47,IMPROPER TURNING/NO SIGNAL,NOT APPLICABLE,1701,W,POLK ST,1231,,,,,,,2,NO INDICATION OF INJURY,0,0,0,0,0,2,0,13,3,6,,,,,
UNKNOWN,DUSK,TURNING,PARKING LOT,,STRAIGHT AND LEVEL,UNKNOWN,UNKNOWN,NOT ON SCENE (DESK REPORT),NO INJURY / DRIVE AWAY,,,,"OVER $1,500",01/17/2025 17:35,UNABLE TO DETERMINE,UNABLE TO DETERMINE,431,N,AUSTIN BLVD,1512,,,,,,,2,NO INDICATION OF INJURY,0,0,0,0,0,2,0,17,6,1,,,,,
CLEAR,"DARKNESS, LIGHTED ROAD",PARKED MOTOR VEHICLE,NOT DIVIDED,,STRAIGHT AND LEVEL,WET,NO DEFECTS,ON SCENE,INJURY AND / OR TOW DUE TO CRASH,,,,"OVER $1,500",01/17/2025 17:55,IMPROPER LANE USAGE,FAILING TO REDUCE SPEED TO AVOID CRASH,3832,E,106TH ST,432,,,,,,,3,NONINCAPACITATING INJURY,1,0,0,1,0,1,0,17,6,1,,,,,
UNKNOWN,UNKNOWN,REAR END,NOT DIVIDED,,STRAIGHT AND LEVEL,UNKNOWN,UNKNOWN,NOT ON SCENE (DESK REPORT),NO INJURY / DRIVE AWAY,Y,,,"OVER $1,500",01/18/2025 0:15,FOLLOWING TOO CLOSELY,UNABLE TO DETERMINE,4600,W,PETERSON AVE,1711,,,,,,,2,NO INDICATION OF INJURY,0,0,0,0,0,2,0,22,6,1,,,,,
CLEAR,DAYLIGHT,SIDESWIPE SAME DIRECTION,NOT DIVIDED,,STRAIGHT AND LEVEL,DRY,NO DEFECTS,NOT ON SCENE (DESK REPORT),INJURY AND / OR TOW DUE TO CRASH,,,,"OVER $1,500",06/09/2025 10:05,FAILING TO YIELD RIGHT-OF-WAY,DRIVING SKILLS/KNOWLEDGE/EXPERIENCE,717,S,CLARK ST,123,,,,,,,2,NO INDICATION OF INJURY,0,0,0,0,0,4,0,14,6,6,,,,,
CLEAR,DAYLIGHT,REAR END,NOT DIVIDED,,STRAIGHT AND LEVEL,DRY,NO DEFECTS,NOT ON SCENE (DESK REPORT),NO INJURY / DRIVE AWAY,Y,,,"OVER $1,500",06/09/2025 16:20,FOLLOWING TOO CLOSELY,FOLLOWING TOO CLOSELY,4300,S,LAKE PARK AVE,222,,,,,,,2,NO INDICATION OF INJURY,0,0,0,0,0,2,0,15,2,6,,,,,
CLEAR,DAYLIGHT,REAR END,ONE-WAY,,STRAIGHT AND LEVEL,DRY,NO DEFECTS,ON SCENE,NO INJURY / DRIVE AWAY,,,,$500 OR LESS,06/10/2025 18:52,FOLLOWING TOO CLOSELY,DRIVING SKILLS/KNOWLEDGE/EXPERIENCE,99,E,HURON ST,1834,,,,,,,2,NO INDICATION OF INJURY,0,0,0,0,0,2,0,18,3,6,,,,,
CLEAR,DAYLIGHT,PARKED MOTOR VEHICLE,ONE-WAY,,STRAIGHT AND LEVEL,DRY,NO DEFECTS,ON SCENE,NO INJURY / DRIVE AWAY,,,,"$501 - $1,500",06/10/2025 8:58,UNABLE TO DETERMINE,UNABLE TO DETERMINE,869,W,BUENA AVE,1915,,,,,,,2,NO INDICATION OF INJURY,0,0,0,0,0,1,0,8,3,6,,,,,
CLEAR,DAYLIGHT,SIDESWIPE SAME DIRECTION,NOT DIVIDED,,STRAIGHT AND LEVEL,DRY,NO DEFECTS,ON SCENE,NO INJURY / DRIVE AWAY,,,,"$501 - $1,500",06/10/2025 15:25,UNABLE TO DETERMINE,NOT APPLICABLE,9640,S,HALSTED ST,2223,,,,,,,2,NO INDICATION OF INJURY,0,0,0,0,0,2,0,15,3,6,,,,,
CLEAR,DAYLIGHT,ANGLE,FOUR WAY,,STRAIGHT AND LEVEL,DRY,NO DEFECTS,NOT ON SCENE (DESK REPORT),NO INJURY / DRIVE AWAY,Y,,,"OVER $1,500",06/10/2025 16:30,UNABLE TO DETERMINE,UNABLE TO DETERMINE,2000,N,KILDARE AVE,2522,,,,,,,2,NO INDICATION OF INJURY,0,0,0,0,0,4,0,13,3,6,,,,,
CLEAR,DAYLIGHT,PARKED MOTOR VEHICLE,ONE-WAY,,STRAIGHT AND LEVEL,DRY,UNKNOWN,NOT ON SCENE (DESK REPORT),NO INJURY / DRIVE AWAY,,,N,"OVER $1,500",06/24/2025 17:58,IMPROPER OVERTAKING/PASSING,NOT APPLICABLE,2954,N,LAMON AVE,2521,Y,,,,,,2,NO INDICATION OF INJURY,0,0,0,0,0,1,0,10,3,6,,,,,
CLEAR,DAYLIGHT,PARKED MOTOR VEHICLE,DIVIDED - W/MEDIAN (NOT RAISED),,STRAIGHT AND LEVEL,DRY,NO DEFECTS,,NO INJURY / DRIVE AWAY,,,,"OVER $1,500",01/17/2025 8:33,IMPROPER TURNING/NO SIGNAL,NOT APPLICABLE,4750,N,CLARENDON AVE,1914,,,,,,,2,NO INDICATION OF INJURY,0,0,0,0,0,2,0,8,6,1,,,,,
CLOUDY/OVERCAST,DAYLIGHT,TURNING,NOT DIVIDED,,STRAIGHT AND LEVEL,WET,NO DEFECTS,ON SCENE,NO INJURY / DRIVE AWAY,Y,,,"OVER $1,500",08/28/2025 8:08,IMPROPER TURNING/NO SIGNAL,IMPROPER OVERTAKING/PASSING,160,W,CERMAK RD,914,,,,,,,2,NO INDICATION OF INJURY,0,0,0,0,0,2,0,8,5,8,,,,,
CLEAR,"DARKNESS, LIGHTED ROAD",SIDESWIPE SAME DIRECTION,NOT DIVIDED,,STRAIGHT AND LEVEL,DRY,NO DEFECTS,ON SCENE,INJURY AND / OR TOW DUE TO CRASH,,,Y,"OVER $1,500",08/28/2025 19:34,UNABLE TO DETERMINE,UNABLE TO DETERMINE,714,W,DIVERSEY PKWY,1934,,,,,,,2,NO INDICATION OF INJURY,0,0,0,0,0,2,0,19,5,8,,,,,
CLEAR,DAYLIGHT,REAR END,DIVIDED - W/MEDIAN (NOT RAISED),,STRAIGHT AND LEVEL,WET,NO DEFECTS,NOT ON SCENE (DESK REPORT),NO INJURY / DRIVE AWAY,,,Y,"OVER $1,500",06/24/2025 15:40,UNABLE TO DETERMINE,UNABLE TO DETERMINE,803,W,76TH ST,621,,,,,,,2,NO INDICATION OF INJURY,0,0,0,0,0,2,0,15,3,6,,,,,
RAIN,"DARKNESS, LIGHTED ROAD",FIXED OBJECT,DIVIDED - W/MEDIAN BARRIER,,STRAIGHT AND LEVEL,WET,NO DEFECTS,ON SCENE,INJURY AND / OR TOW DUE TO CRASH,,,,"OVER $1,500",03/20/2025 1:15,FAILING TO REDUCE SPEED TO AVOID CRASH,WEATHER,1010,W,95TH ST,2223,,,,,,,1,NONINCAPACITATING INJURY,1,0,0,1,0,0,0,1,5,3,,,,,
CLEAR,DAYLIGHT,ANGLE,NOT DIVIDED,,STRAIGHT AND LEVEL,DRY,NO DEFECTS,ON SCENE,NO INJURY / DRIVE AWAY,,,Y,"OVER $1,500",03/20/2025 16:08,DISREGARDING TRAFFIC SIGNALS,DISREGARDING TRAFFIC SIGNALS,198,N,OAKLEY BLVD,1223,,,,,,,2,NO INDICATION OF INJURY,0,0,0,0,0,2,0,16,5,3,,,,,
CLEAR,"DARKNESS, LIGHTED ROAD",PARKED MOTOR VEHICLE,DIVIDED - W/MEDIAN (NOT RAISED),,STRAIGHT AND LEVEL,UNKNOWN,UNKNOWN,NOT ON SCENE (DESK REPORT),NO INJURY / DRIVE AWAY,,,,"OVER $1,500",08/06/2025 18:05,IMPROPER BACKING,FAILING TO REDUCE SPEED TO AVOID CRASH,1349,W,WEBSTER AVE,1811,,,,,,,2,NO INDICATION OF INJURY,0,0,0,0,0,1,0,21,3,8,,,,,
SNOW,DAYLIGHT,FIXED OBJECT,DIVIDED - W/MEDIAN BARRIER,,STRAIGHT AND LEVEL,WET,NO DEFECTS,ON SCENE,INJURY AND / OR TOW DUE TO CRASH,Y,,,$500 OR LESS,03/20/2025 10:48,DRIVING SKILLS/KNOWLEDGE/EXPERIENCE,UNABLE TO DETERMINE,1200,S,MICHIGAN AVE,131,,,,,,,1,"REPORTED, NOT EVIDENT",1,0,0,0,1,1,0,10,5,3,,,,,
CLEAR,DAYLIGHT,TURNING,DIVIDED - W/MEDIAN BARRIER,,STRAIGHT AND LEVEL,DRY,NO DEFECTS,ON SCENE,INJURY AND / OR TOW DUE TO CRASH,,,,"OVER $1,500",08/05/2025 16:23,FAILING TO YIELD RIGHT-OF-WAY,IMPROPER TURNING/NO SIGNAL,3925,W,103RD ST,2211,,,,,,,2,NONINCAPACITATING INJURY,3,0,0,3,0,0,0,16,3,8,,,,,
RAIN,DAYLIGHT,REAR END,ONE-WAY,,STRAIGHT AND LEVEL,WET,NO DEFECTS,ON SCENE,INJURY AND / OR TOW DUE TO CRASH,,,,"OVER $1,500",02/26/2025 9:46,FOLLOWING TOO CLOSELY,DRIVING SKILLS/KNOWLEDGE/EXPERIENCE,3,W,TERMINAL ST,1653,,,,,,,2,NONINCAPACITATING INJURY,1,0,0,1,0,1,0,9,4,2,,,,,
CLEAR,DAYLIGHT,SIDESWIPE SAME DIRECTION,CENTER TURN LANE,,STRAIGHT AND LEVEL,UNKNOWN,UNKNOWN,NOT ON SCENE (DESK REPORT),NO INJURY / DRIVE AWAY,Y,,,"OVER $1,500",01/17/2025 14:40,UNABLE TO DETERMINE,UNABLE TO DETERMINE,5181,W,HARRISON ST,1533,,,,,,,2,NO INDICATION OF INJURY,0,0,0,0,0,2,0,14,6,1,,,,,
CLEAR,DAYLIGHT,SIDESWIPE SAME DIRECTION,DIVIDED - W/MEDIAN (NOT RAISED),,STRAIGHT AND LEVEL,DRY,NO DEFECTS,NOT ON SCENE (DESK REPORT),NO INJURY / DRIVE AWAY,Y,,,"OVER $1,500",10/27/2025 13:00,IMPROPER OVERTAKING/PASSING,UNABLE TO DETERMINE,6300,S,HALSTED ST,723,,,,,,,2,NO INDICATION OF INJURY,0,0,0,0,0,2,0,12,2,10,,,,,
CLEAR,DAYLIGHT,REAR END,FOUR WAY,,STRAIGHT AND LEVEL,DRY,NO DEFECTS,NOT ON SCENE (DESK REPORT),NO INJURY / DRIVE AWAY,Y,,,"OVER $1,500",10/05/2025 15:55,UNABLE TO DETERMINE,NOT APPLICABLE,5543,N,NAGLE AVE,1622,,,,,,,2,NO INDICATION OF INJURY,0,0,0,0,0,3,0,14,1,10,,,,,
CLEAR,DAYLIGHT,SIDESWIPE SAME DIRECTION,FOUR WAY,,STRAIGHT AND LEVEL,DRY,NO DEFECTS,,NO INJURY / DRIVE AWAY,,,Y,"$501 - $1,500",10/18/2025 12:20,DRIVING SKILLS/KNOWLEDGE/EXPERIENCE,UNABLE TO DETERMINE,11945,S,HALSTED ST,524,,,,,,,2,NO INDICATION OF INJURY,0,0,0,0,0,2,0,8,7,10,,,,,
CLEAR,DAYLIGHT,PARKED MOTOR VEHICLE,NOT DIVIDED,,STRAIGHT AND LEVEL,UNKNOWN,UNKNOWN,NOT ON SCENE (DESK REPORT),NO INJURY / DRIVE AWAY,,,Y,"OVER $1,500",06/10/2025 14:50,UNABLE TO DETERMINE,UNABLE TO DETERMINE,25,N,SANGAMON ST,1224,,,,,,,2,NO INDICATION OF INJURY,0,0,0,0,0,1,0,13,7,6,,,,,
CLEAR,DAYLIGHT,SIDESWIPE SAME DIRECTION,OTHER,,STRAIGHT AND LEVEL,UNKNOWN,UNKNOWN,NOT ON SCENE (DESK REPORT),NO INJURY / DRIVE AWAY,,,,"OVER $1,500",06/09/2025 11:00,UNABLE TO DETERMINE,UNABLE TO DETERMINE,5679,N,RIDGE AVE,2013,,,,,,,2,NO INDICATION OF INJURY,0,0,0,0,0,2,0,11,2,6,,,,,
CLEAR,DARKNESS,PARKED MOTOR VEHICLE,ONE-WAY,,STRAIGHT AND LEVEL,DRY,NO DEFECTS,ON SCENE,NO INJURY / DRIVE AWAY,,,,"OVER $1,500",06/11/2025 0:21,FAILING TO REDUCE SPEED TO AVOID CRASH,UNDER THE INFLUENCE OF ALCOHOL/DRUGS (USE WHEN ARREST IS EFFECTED),2630,S,HOMAN AVE,1032,,,,,,,2,NO INDICATION OF INJURY,0,0,0,0,0,1,0,0,4,6,,,,,
CLEAR,DAYLIGHT,REAR END,NOT DIVIDED,,STRAIGHT AND LEVEL,UNKNOWN,UNKNOWN,,NO INJURY / DRIVE AWAY,,,Y,"OVER $1,500",06/10/2025 20:20,FOLLOWING TOO CLOSELY,FOLLOWING TOO CLOSELY,3939,W,IRVING PARK RD,1732,,,,,,,2,NO INDICATION OF INJURY,0,0,0,0,0,2,0,18,3,6,,,,,
UNKNOWN,DAYLIGHT,ANGLE,DIVIDED - W/MEDIAN (NOT RAISED),,STRAIGHT AND LEVEL,UNKNOWN,UNKNOWN,NOT ON SCENE (DESK REPORT),NO INJURY / DRIVE AWAY,,,Y,"OVER $1,500",01/18/2025 10:30,UNABLE TO DETERMINE,UNABLE TO DETERMINE,4352,W,26TH ST,1013,,,,,,,2,NO INDICATION OF INJURY,0,0,0,0,0,2,0,7,6,1,,,,,
CLEAR,"DARKNESS, LIGHTED ROAD",REAR END,NOT DIVIDED,,STRAIGHT AND LEVEL,UNKNOWN,UNKNOWN,NOT ON SCENE (DESK REPORT),NO INJURY / DRIVE AWAY,,,,"OVER $1,500",01/17/2025 18:55,FOLLOWING TOO CLOSELY,NOT APPLICABLE,3900,W,71ST ST,833,,,,,,,2,NO INDICATION OF INJURY,0,0,0,0,0,3,0,18,6,1,,,,,
UNKNOWN,UNKNOWN,PARKED MOTOR VEHICLE,DIVIDED - W/MEDIAN (NOT RAISED),,STRAIGHT AND LEVEL,UNKNOWN,OTHER,NOT ON SCENE (DESK REPORT),NO INJURY / DRIVE AWAY,,,Y,$500 OR LESS,04/21/2025 16:46,IMPROPER BACKING,IMPROPER BACKING,921,S,SPRINGFIELD AVE,1133,,,,,,,2,NO INDICATION OF INJURY,0,0,0,0,0,3,0,11,7,4,,,,,
CLEAR,DAYLIGHT,REAR END,NOT DIVIDED,,STRAIGHT AND LEVEL,DRY,UNKNOWN,ON SCENE,NO INJURY / DRIVE AWAY,Y,,N,"OVER $1,500",03/20/2025 13:35,FOLLOWING TOO CLOSELY,NOT APPLICABLE,900,S,KEDZIE AVE,1134,,,,,,,2,NO INDICATION OF INJURY,0,0,0,0,0,2,0,13,5,3,,,,,
CLEAR,DAYLIGHT,SIDESWIPE SAME DIRECTION,NOT DIVIDED,,STRAIGHT AND LEVEL,DRY,NO DEFECTS,ON SCENE,NO INJURY / DRIVE AWAY,,,Y,$500 OR LESS,10/27/2025 18:05,UNABLE TO DETERMINE,IMPROPER LANE USAGE,6000,S,ASHLAND AVE,714,,,,,,,2,NO INDICATION OF INJURY,0,0,0,0,0,2,0,17,2,10,,,,,
CLEAR,DAYLIGHT,PARKED MOTOR VEHICLE,NOT DIVIDED,,STRAIGHT AND LEVEL,DRY,NO DEFECTS,NOT ON SCENE (DESK REPORT),NO INJURY / DRIVE AWAY,,,,"$501 - $1,500",07/15/2025 17:20,IMPROPER OVERTAKING/PASSING,NOT APPLICABLE,1400,W,BRYN MAWR AVE,2013,,,,,,,2,NO INDICATION OF INJURY,0,0,0,0,0,1,0,14,3,7,,,,,
CLEAR,DAYLIGHT,SIDESWIPE SAME DIRECTION,NOT DIVIDED,,STRAIGHT AND LEVEL,DRY,UNKNOWN,ON SCENE,NO INJURY / DRIVE AWAY,,,,"OVER $1,500",03/20/2025 16:30,DISTRACTION - FROM OUTSIDE VEHICLE,DISTRACTION - FROM OUTSIDE VEHICLE,7702,W,DEVON AVE,1612,,,,,,,2,NO INDICATION OF INJURY,0,0,0,0,0,3,0,16,5,3,,,,,
CLEAR,DAYLIGHT,TURNING,NOT DIVIDED,,STRAIGHT AND LEVEL,DRY,UNKNOWN,ON SCENE,NO INJURY / DRIVE AWAY,,,,"OVER $1,500",10/27/2025 15:47,UNABLE TO DETERMINE,UNABLE TO DETERMINE,6447,W,DEVON AVE,1611,,,,,,,2,NO INDICATION OF INJURY,0,0,0,0,0,2,0,15,2,10,,,,,
CLEAR,DAYLIGHT,SIDESWIPE SAME DIRECTION,NOT DIVIDED,,STRAIGHT AND LEVEL,DRY,NO DEFECTS,,NO INJURY / DRIVE AWAY,,,,"OVER $1,500",04/09/2025 13:15,IMPROPER LANE USAGE,NOT APPLICABLE,5960,W,ROOSEVELT RD,1513,,,,,,,2,NO INDICATION OF INJURY,0,0,0,0,0,3,0,12,4,4,,,,,
CLEAR,"DARKNESS, LIGHTED ROAD",FIXED OBJECT,DIVIDED - W/MEDIAN (NOT RAISED),,STRAIGHT AND LEVEL,DRY,UNKNOWN,NOT ON SCENE (DESK REPORT),INJURY AND / OR TOW DUE TO CRASH,,,,"OVER $1,500",04/09/2025 2:19,"OPERATING VEHICLE IN ERRATIC, RECKLESS, CARELESS, NEGLIGENT OR AGGRESSIVE MANNER",UNABLE TO DETERMINE,5628,S,HALSTED ST,712,,,,,,,1,NONINCAPACITATING INJURY,1,0,0,1,0,0,0,2,4,4,,,,,
CLEAR,DAYLIGHT,FIXED OBJECT,DIVIDED - W/MEDIAN BARRIER,,STRAIGHT ON GRADE,DRY,NO DEFECTS,ON SCENE,INJURY AND / OR TOW DUE TO CRASH,,,,"OVER $1,500",06/10/2025 7:35,NOT APPLICABLE,NOT APPLICABLE,3134,W,79TH ST,835,,,,,,,1,NO INDICATION OF INJURY,0,0,0,0,0,1,0,7,3,6,,,,,
CLEAR,DAYLIGHT,TURNING,NOT DIVIDED,,STRAIGHT AND LEVEL,DRY,NO DEFECTS,,NO INJURY / DRIVE AWAY,,,Y,"OVER $1,500",01/17/2025 12:48,FAILING TO YIELD RIGHT-OF-WAY,FAILING TO YIELD RIGHT-OF-WAY,7843,S,MORGAN ST,621,,,,,,,3,NO INDICATION OF INJURY,0,0,0,0,0,2,0,12,6,1,,,,,
CLEAR,DAYLIGHT,SIDESWIPE SAME DIRECTION,NOT DIVIDED,,STRAIGHT AND LEVEL,DRY,NO DEFECTS,NOT ON SCENE (DESK REPORT),NO INJURY / DRIVE AWAY,Y,,,"OVER $1,500",01/17/2025 16:00,UNABLE TO DETERMINE,UNABLE TO DETERMINE,1801,S,HOYNE AVE,1234,,,,,,,2,NO INDICATION OF INJURY,0,0,0,0,0,2,0,14,6,1,,,,,
CLEAR,DAYLIGHT,SIDESWIPE SAME DIRECTION,ONE-WAY,,STRAIGHT AND LEVEL,DRY,UNKNOWN,NOT ON SCENE (DESK REPORT),NO INJURY / DRIVE AWAY,,,,"OVER $1,500",03/20/2025 15:30,FAILING TO YIELD RIGHT-OF-WAY,FAILING TO REDUCE SPEED TO AVOID CRASH,5500,S,WENTWORTH AVE,225,,,,,,,2,NO INDICATION OF INJURY,0,0,0,0,0,2,0,14,5,3,,,,,
CLEAR,DAYLIGHT,SIDESWIPE SAME DIRECTION,NOT DIVIDED,,STRAIGHT AND LEVEL,DRY,NO DEFECTS,NOT ON SCENE (DESK REPORT),NO INJURY / DRIVE AWAY,,,,"OVER $1,500",01/17/2025 22:01,FOLLOWING TOO CLOSELY,FOLLOWING TOO CLOSELY,200,N,UNION AVE,1214,,,,,,,2,NO INDICATION OF INJURY,0,0,0,0,0,2,0,19,6,1,,,,,
CLEAR,"DARKNESS, LIGHTED ROAD",TURNING,DIVIDED - W/MEDIAN (NOT RAISED),,STRAIGHT AND LEVEL,DRY,NO DEFECTS,NOT ON SCENE (DESK REPORT),NO INJURY / DRIVE AWAY,,,Y,"$501 - $1,500",03/20/2025 21:40,FAILING TO YIELD RIGHT-OF-WAY,NOT APPLICABLE,4217,S,CICERO AVE,815,,,,,,,2,NO INDICATION OF INJURY,0,0,0,0,0,2,0,19,5,3,,,,,
CLEAR,DARKNESS,REAR TO SIDE,NOT DIVIDED,,STRAIGHT AND LEVEL,DRY,UNKNOWN,ON SCENE,NO INJURY / DRIVE AWAY,,,Y,"OVER $1,500",01/17/2025 19:05,IMPROPER BACKING,UNABLE TO DETERMINE,111,E,13TH ST,132,,,,,,,2,NO INDICATION OF INJURY,0,0,0,0,0,4,0,19,6,1,,,,,
CLEAR,DAYLIGHT,TURNING,FOUR WAY,,STRAIGHT AND LEVEL,DRY,NO DEFECTS,NOT ON SCENE (DESK REPORT),NO INJURY / DRIVE AWAY,Y,,,"OVER $1,500",03/22/2025 8:15,UNABLE TO DETERMINE,UNABLE TO DETERMINE,8205,W,HIGGINS RD,1614,,,,,,,2,NO INDICATION OF INJURY,0,0,0,0,0,2,0,18,5,3,,,,,
CLEAR,DAYLIGHT,PARKED MOTOR VEHICLE,ONE-WAY,,STRAIGHT AND LEVEL,DRY,NO DEFECTS,ON SCENE,NO INJURY / DRIVE AWAY,,,,"OVER $1,500",06/10/2025 12:00,IMPROPER LANE USAGE,NOT APPLICABLE,1926,S,BLUE ISLAND AVE,1235,,,,,,,2,NO INDICATION OF INJURY,0,0,0,0,0,1,0,11,3,6,,,,,