WEATHER_CONDITION,LIGHTING_CONDITION,FIRST_CRASH_TYPE,TRAFFICWAY_TYPE,LANE_CNT,ALIGNMENT,ROADWAY_SURFACE_COND,ROAD_DEFECT,REPORT_TYPE,CRASH_TYPE,INTERSECTION_RELATED_I,NOT_RIGHT_OF_WAY_I,HIT_AND_RUN_I,DAMAGE,DATE_POLICE_NOTIFIED,PRIM_CONTRIBUTORY_CAUSE,SEC_CONTRIBUTORY_CAUSE,STREET_NO,STREET_DIRECTION,STREET_NAME,BEAT_OF_OCCURRENCE,PHOTOS_TAKEN_I,STATEMENTS_TAKEN_I,DOORING_I,WORK_ZONE_I,WORK_ZONE_TYPE,WORKERS_PRESENT_I,NUM_UNITS,MOST_SEVERE_INJURY,INJURIES_TOTAL,INJURIES_FATAL,INJURIES_INCAPACITATING,INJURIES_NON_INCAPACITATING,INJURIES_REPORTED_NOT_EVIDENT,INJURIES_NO_INDICATION,INJURIES_UNKNOWN,CRASH_HOUR,CRASH_DAY_OF_WEEK,CRASH_MONTH,INJURIES_NO_INDICATION,INJURIES_UNKNOWN,CRASH_HOUR,CRASH_DAY_OF_WEEK,CRASH_MONTH
CLEAR,DAYLIGHT,REAR TO REAR,PARKING LOT,,STRAIGHT AND LEVEL,DRY,UNKNOWN,NOT ON SCENE (DESK REPORT),NO INJURY / DRIVE AWAY,,,,$500 OR LESS,03/20/2025 15:00,UNABLE TO DETERMINE,NOT APPLICABLE,1919,N,CICERO AVE,2533,,,,,,,2,NO INDICATION OF INJURY,0,0,0,0,0,3,0,14,5,3,,,,,
CLEAR,"DARKNESS, LIGHTED ROAD",TURNING,DIVIDED - W/MEDIAN (NOT RAISED),,STRAIGHT AND LEVEL,DRY,NO DEFECTS,ON SCENE,NO INJURY / DRIVE AWAY,,,Y,"OVER $1,500",06/11/2025 1:17,IMPROPER TURNING/NO SIGNAL,NOT APPLICABLE,2400,W,63RD ST,825,,,,,,,2,NO INDICATION OF INJURY,0,0,0,0,0,2,0,23,3,6,,,,,
CLEAR,DAYLIGHT,PARKED MOTOR VEHICLE,DIVIDED - W/MEDIAN (NOT RAISED),,STRAIGHT AND LEVEL,DRY,NO DEFECTS,ON SCENE,NO INJURY / DRIVE AWAY,,,Y,"OVER $1,500",03/20/2025 15:40,UNABLE TO DETERMINE,NOT APPLICABLE,3541,S,ARCHER AVE,912,,,,,,,2,NO INDICATION OF INJURY,0,0,0,0,0,2,0,15,5,3,,,,,
CLEAR,"DARKNESS, LIGHTED ROAD",SIDESWIPE SAME DIRECTION,NOT DIVIDED,,STRAIGHT AND LEVEL,UNKNOWN,UNKNOWN,NOT ON SCENE (DESK REPORT),NO INJURY / DRIVE AWAY,,,,"OVER $1,500",01/23/2025 18:45,IMPROPER OVERTAKING/PASSING,NOT APPLICABLE,5600,W,63RD ST,812,,,,,,,2,NO INDICATION OF INJURY,0,0,0,0,0,3,0,20,6,1,,,,,
CLEAR,DAYLIGHT,TURNING,DIVIDED - W/MEDIAN (NOT RAISED),,STRAIGHT AND LEVEL,DRY,NO DEFECTS,ON SCENE,NO INJURY / DRIVE AWAY,,,,"OVER $1,500",03/20/2025 18:34,UNABLE TO DETERMINE,UNABLE TO DETERMINE,638,S,MICHIGAN AVE,123,,Y,,,,,2,NO INDICATION OF INJURY,0,0,0,0,0,2,0,15,5,3,,,,,
CLEAR,DAYLIGHT,REAR END,PARKING LOT,,STRAIGHT AND LEVEL,DRY,NO DEFECTS,NOT ON SCENE (DESK REPORT),NO INJURY / DRIVE AWAY,,,,"$501 - $1,500",06/24/2025 18:07,FOLLOWING TOO CLOSELY,NOT APPLICABLE,9529,S,WESTERN AVE,2213,,,,,,,2,NO INDICATION OF INJURY,0,0,0,0,0,2,0,16,3,6,,,,,
CLEAR,DAYLIGHT,REAR END,NOT DIVIDED,,STRAIGHT AND LEVEL,DRY,UNKNOWN,ON SCENE,INJURY AND / OR TOW DUE TO CRASH,,,,"OVER $1,500",03/20/2025 14:18,FOLLOWING TOO CLOSELY,FOLLOWING TOO CLOSELY,5479,S,DR MARTIN LUTHER KING JR DR,233,,,,,,,2,"REPORTED, NOT EVIDENT",2,0,0,0,2,1,0,14,5,3,,,,,
CLEAR,DAYLIGHT,PEDALCYCLIST,NOT DIVIDED,,STRAIGHT AND LEVEL,DRY,NO DEFECTS,ON SCENE,INJURY AND / OR TOW DUE TO CRASH,,,,"$501 - $1,500",06/24/2025 14:38,UNABLE TO DETERMINE,NOT APPLICABLE,1503,W,MADISON ST,1224,,,Y,,,,2,NONINCAPACITATING INJURY,1,0,0,1,0,1,0,14,3,6,,,,,
CLEAR,DAYLIGHT,PARKED MOTOR VEHICLE,NOT DIVIDED,,STRAIGHT AND LEVEL,DRY,NO DEFECTS,ON SCENE,NO INJURY / DRIVE AWAY,,Y,,"OVER $1,500",06/10/2025 11:00,UNABLE TO DETERMINE,UNABLE TO DETERMINE,1467,N,DAYTON ST,1822,,,,,,,2,NO INDICATION OF INJURY,0,0,0,0,0,1,0,10,3,6,,,,,
FOG/SMOKE/HAZE,DAYLIGHT,SIDESWIPE SAME DIRECTION,DIVIDED - W/MEDIAN (NOT RAISED),,STRAIGHT AND LEVEL,DRY,NO DEFECTS,ON SCENE,NO INJURY / DRIVE AWAY,,,,"OVER $1,500",06/10/2025 16:43,FAILING TO YIELD RIGHT-OF-WAY,NOT APPLICABLE,1228,W,WILSON AVE,1913,,,,,,,2,NO INDICATION OF INJURY,0,0,0,0,0,3,0,16,3,6,,,,,
CLEAR,DAYLIGHT,PEDESTRIAN,ONE-WAY,,STRAIGHT AND LEVEL,DRY,NO DEFECTS,ON SCENE,INJURY AND / OR TOW DUE TO CRASH,Y,,,"OVER $1,500",03/20/2025 16:55,FAILING TO YIELD RIGHT-OF-WAY,UNABLE TO DETERMINE,1260,W,WASHINGTON BLVD,1224,,,,,,,2,NONINCAPACITATING INJURY,1,0,0,1,0,1,0,16,5,3,,,,,
CLEAR,DAYLIGHT,PARKED MOTOR VEHICLE,PARKING LOT,,STRAIGHT AND LEVEL,DRY,NO DEFECTS,NOT ON SCENE (DESK REPORT),NO INJURY / DRIVE AWAY,,,,"OVER $1,500",03/22/2025 12:21,UNABLE TO DETERMINE,NOT APPLICABLE,1430,S,ASHLAND AVE,1233,,,,,,,2,NO INDICATION OF INJURY,0,0,0,0,0,2,0,12,5,3,,,,,
UNKNOWN,UNKNOWN,SIDESWIPE SAME DIRECTION,DIVIDED - W/MEDIAN BARRIER,,STRAIGHT AND LEVEL,UNKNOWN,UNKNOWN,NOT ON SCENE (DESK REPORT),NO INJURY / DRIVE AWAY,,,,"$501 - $1,500",03/20/2025 15:30,IMPROPER LANE USAGE,IMPROPER LANE USAGE,3100,S,DR MARTIN LUTHER KING JR DR,211,,,,,,,2,NO INDICATION OF INJURY,0,0,0,0,0,2,0,13,5,3,,,,,
CLEAR,DAYLIGHT,SIDESWIPE SAME DIRECTION,ONE-WAY,,STRAIGHT AND LEVEL,DRY,UNKNOWN,ON SCENE,NO INJURY / DRIVE AWAY,,,,"OVER $1,500",01/17/2025 9:26,IMPROPER OVERTAKING/PASSING,NOT APPLICABLE,472,W,ADAMS ST,121,,,,,,,2,NO INDICATION OF INJURY,0,0,0,0,0,2,0,8,6,1,,,,,
CLEAR,DAYLIGHT,TURNING,NOT DIVIDED,,STRAIGHT AND LEVEL,DRY,UNKNOWN,NOT ON SCENE (DESK REPORT),NO INJURY / DRIVE AWAY,,,,"OVER $1,500",06/24/2025 19:20,FAILING TO YIELD RIGHT-OF-WAY,NOT APPLICABLE,3601,N,SACRAMENTO AVE,1733,,,,,,,2,NO INDICATION OF INJURY,0,0,0,0,0,2,0,18,3,6,,,,,
SNOW,DAYLIGHT,REAR TO FRONT,UNKNOWN,,STRAIGHT AND LEVEL,WET,UNKNOWN,NOT ON SCENE (DESK REPORT),NO INJURY / DRIVE AWAY,,,,"OVER $1,500",03/20/2025 11:00,IMPROPER BACKING,IMPROPER BACKING,7148,S,CALIFORNIA AVE,831,,,,,,,2,NO INDICATION OF INJURY,0,0,0,0,0,2,0,8,5,3,,,,,
CLEAR,DAYLIGHT,OTHER OBJECT,DIVIDED - W/MEDIAN (NOT RAISED),,STRAIGHT AND LEVEL,DRY,NO DEFECTS,ON SCENE,NO INJURY / DRIVE AWAY,,,,"$501 - $1,500",06/10/2025 8:13,FOLLOWING TOO CLOSELY,FOLLOWING TOO CLOSELY,98,N,STATE ST,112,,,,,,,2,NO INDICATION OF INJURY,0,0,0,0,0,2,0,8,3,6,,,,,
CLEAR,DAYLIGHT,TURNING,T-INTERSECTION,,STRAIGHT AND LEVEL,DRY,NO DEFECTS,ON SCENE,INJURY AND / OR TOW DUE TO CRASH,Y,,,"OVER $1,500",06/24/2025 15:26,DRIVING SKILLS/KNOWLEDGE/EXPERIENCE,NOT APPLICABLE,4199,W,BELMONT AVE,2523,,,,,,,3,NO INDICATION OF INJURY,0,0,0,0,0,5,0,15,3,6,,,,,
CLEAR,DAYLIGHT,PARKED MOTOR VEHICLE,PARKING LOT,,STRAIGHT AND LEVEL,UNKNOWN,UNKNOWN,NOT ON SCENE (DESK REPORT),NO INJURY / DRIVE AWAY,,,,$500 OR LESS,06/24/2025 10:10,UNABLE TO DETERMINE,UNABLE TO DETERMINE,3122,W,TOUHY AVE,2411,,,,,,,2,NO INDICATION OF INJURY,0,0,0,0,0,2,0,8,3,6,,,,,
CLEAR,DARKNESS,PARKED MOTOR VEHICLE,NOT DIVIDED,,STRAIGHT AND LEVEL,DRY,NO DEFECTS,,NO INJURY / DRIVE AWAY,,,,"OVER $1,500",03/20/2025 23:40,UNABLE TO DETERMINE,UNABLE TO DETERMINE,232,S,GREEN ST,1232,,,,,,,2,NO INDICATION OF INJURY,0,0,0,0,0,1,0,22,5,3,,,,,
CLEAR,DAYLIGHT,SIDESWIPE SAME DIRECTION,UNKNOWN,,STRAIGHT AND LEVEL,DRY,UNKNOWN,NOT ON SCENE (DESK REPORT),NO INJURY / DRIVE AWAY,,,,"$501 - $1,500",01/17/2025 14:35,IMPROPER OVERTAKING/PASSING,UNABLE TO DETERMINE,5100,W,HARRISON ST,1533,,,,,,,2,NO INDICATION OF INJURY,0,0,0,0,0,3,0,14,6,1,,,,,
CLEAR,DAYLIGHT,REAR END,NOT DIVIDED,,STRAIGHT AND LEVEL,DRY,NO DEFECTS,NOT ON SCENE (DESK REPORT),INJURY AND / OR TOW DUE TO CRASH,,,,"$501 - $1,500",04/09/2025 10:45,FOLLOWING TOO CLOSELY,UNABLE TO DETERMINE,5224,S,LAKE PARK AVE,234,,,,,,,2,"REPORTED, NOT EVIDENT",2,0,0,0,2,1,0,8,4,4,,,,,
CLEAR,DAYLIGHT,TURNING,FOUR WAY,,STRAIGHT AND LEVEL,DRY,NO DEFECTS,NOT ON SCENE (DESK REPORT),NO INJURY / DRIVE AWAY,,,Y,$500 OR LESS,06/09/2025 12:20,FOLLOWING TOO CLOSELY,UNABLE TO DETERMINE,3601,N,LINCOLN AVE,1922,,,,,,,2,NO INDICATION OF INJURY,0,0,0,0,0,2,0,8,2,6,,,,,
CLEAR,DAYLIGHT,SIDESWIPE SAME DIRECTION,NOT DIVIDED,,STRAIGHT AND LEVEL,DRY,NO DEFECTS,NOT ON SCENE (DESK REPORT),NO INJURY / DRIVE AWAY,,,Y,"$501 - $1,500",06/10/2025 17:29,IMPROPER OVERTAKING/PASSING,NOT APPLICABLE,6701,S,WESTERN AVE,832,,,,,,,2,NO INDICATION OF INJURY,0,0,0,0,0,2,0,16,3,6,,,,,
UNKNOWN,UNKNOWN,PARKED MOTOR VEHICLE,NOT DIVIDED,,STRAIGHT AND LEVEL,UNKNOWN,UNKNOWN,ON SCENE,INJURY AND / OR TOW DUE TO CRASH,,,Y,"OVER $1,500",06/10/2025 23:20,UNABLE TO DETERMINE,NOT APPLICABLE,70,E,63RD ST,311,,,,,,,2,NO INDICATION OF INJURY,0,0,0,0,0,1,0,22,3,6,,,,,
CLEAR,DAYLIGHT,REAR END,NOT DIVIDED,,STRAIGHT AND LEVEL,DRY,NO DEFECTS,ON SCENE,INJURY AND / OR TOW DUE TO CRASH,,,,$500 OR LESS,06/10/2025 13:23,FOLLOWING TOO CLOSELY,NOT APPLICABLE,5000,N,SPRINGFIELD AVE,1712,,,,,,,2,"REPORTED, NOT EVIDENT",2,0,0,0,2,2,0,13,3,6,,,,,
CLEAR,"DARKNESS, LIGHTED ROAD",FIXED OBJECT,ONE-WAY,,STRAIGHT AND LEVEL,DRY,UNKNOWN,ON SCENE,INJURY AND / OR TOW DUE TO CRASH,,,,"OVER $1,500",06/11/2025 2:10,DISTRACTION - FROM OUTSIDE VEHICLE,FAILING TO REDUCE SPEED TO AVOID CRASH,11810,S,MARSHFIELD AVE,2234,,,,,,,1,NO INDICATION OF INJURY,0,0,0,0,0,1,0,2,4,6,,,,,
CLEAR,DAYLIGHT,PARKED MOTOR VEHICLE,PARKING LOT,,STRAIGHT AND LEVEL,DRY,NO DEFECTS,NOT ON SCENE (DESK REPORT),NO INJURY / DRIVE AWAY,,Y,Y,"OVER $1,500",04/15/2025 14:15,UNABLE TO DETERMINE,UNABLE TO DETERMINE,1627,E,95TH ST,431,,,,,,,2,NO INDICATION OF INJURY,0,0,0,0,0,1,0,14,4,4,,,,,
CLEAR,DAYLIGHT,ANGLE,NOT DIVIDED,,STRAIGHT AND LEVEL,DRY,NO DEFECTS,,NO INJURY / DRIVE AWAY,,,,"$501 - $1,500",01/17/2025 8:30,UNABLE TO DETERMINE,NOT APPLICABLE,1401,N,ASHLAND AVE,1433,,,,,,,2,NO INDICATION OF INJURY,0,0,0,0,0,2,0,8,6,1,,,,,
RAIN,DAYLIGHT,TURNING,NOT DIVIDED,,STRAIGHT AND LEVEL,WET,UNKNOWN,ON SCENE,NO INJURY / DRIVE AWAY,,,,$500 OR LESS,04/09/2025 17:30,IMPROPER OVERTAKING/PASSING,IMPROPER TURNING/NO SIGNAL,1147,S,WELLS ST,123,,,,,,,3,NO INDICATION OF INJURY,0,0,0,0,0,2,0,17,4,4,,,,,
CLEAR,DAYLIGHT,SIDESWIPE SAME DIRECTION,DIVIDED - W/MEDIAN BARRIER,,STRAIGHT AND LEVEL,DRY,NO DEFECTS,NOT ON SCENE (DESK REPORT),NO INJURY / DRIVE AWAY,,,,"OVER $1,500",01/17/2025 16:30,UNABLE TO DETERMINE,UNABLE TO DETERMINE,4760,W,LAKE ST,1113,,,,,,,2,NO INDICATION OF INJURY,0,0,0,0,0,2,0,16,6,1,,,,,
CLEAR,DAYLIGHT,REAR END,NOT DIVIDED,,STRAIGHT AND LEVEL,DRY,NO DEFECTS,NOT ON SCENE (DESK REPORT),NO INJURY / DRIVE AWAY,,,,"OVER $1,500",03/21/2025 10:00,NOT APPLICABLE,NOT APPLICABLE,3800,W,IRVING PARK RD,1723,,,,,,,2,NO INDICATION OF INJURY,0,0,0,0,0,2,0,13,5,3,,,,,
CLEAR,"DARKNESS, LIGHTED ROAD",TURNING,T-INTERSECTION,,STRAIGHT AND LEVEL,DRY,NO DEFECTS,NOT ON SCENE (DESK REPORT),INJURY AND / OR TOW DUE TO CRASH,Y,,,"$501 - $1,500",04/10/2025 23:05,IMPROPER TURNING/NO SIGNAL,DRIVING SKILLS/KNOWLEDGE/EXPERIENCE,137,W,CERMAK RD,914,,,,,,,2,NONINCAPACITATING INJURY,2,0,0,2,0,2,0,22,4,4,,,,,
RAIN,DUSK,PEDALCYCLIST,T-INTERSECTION,,STRAIGHT ON GRADE,WET,NO DEFECTS,ON SCENE,NO INJURY / DRIVE AWAY,Y,,,"$501 - $1,500",04/09/2025 19:02,FAILING TO REDUCE SPEED TO AVOID CRASH,NOT APPLICABLE,2251,S,WENTWORTH AVE,914,,,,,,,2,NO INDICATION OF INJURY,0,0,0,0,0,2,0,18,4,4,,,,,
CLEAR,DAYLIGHT,SIDESWIPE SAME DIRECTION,DIVIDED - W/MEDIAN BARRIER,,STRAIGHT AND LEVEL,DRY,NO DEFECTS,NOT ON SCENE (DESK REPORT),NO INJURY / DRIVE AWAY,,,Y,"OVER $1,500",04/09/2025 11:30,DRIVING SKILLS/KNOWLEDGE/EXPERIENCE,UNABLE TO DETERMINE,1255,S,LAKE SHORE DR NB,132,,,,,,,2,NO INDICATION OF INJURY,0,0,0,0,0,2,0,10,4,4,,,,,
CLEAR,DAYLIGHT,TURNING,NOT DIVIDED,,STRAIGHT AND LEVEL,DRY,NO DEFECTS,,NO INJURY / DRIVE AWAY,,,Y,"OVER $1,500",04/09/2025 7:40,FAILING TO YIELD RIGHT-OF-WAY,NOT APPLICABLE,759,N,CICERO AVE,1111,,,,,,,2,NO INDICATION OF INJURY,0,0,0,0,0,3,0,7,4,4,,,,,
CLEAR,DAYLIGHT,TURNING,ONE-WAY,,STRAIGHT AND LEVEL,DRY,NO DEFECTS,ON SCENE,NO INJURY / DRIVE AWAY,,,,$500 OR LESS,03/20/2025 11:16,IMPROPER LANE USAGE,UNABLE TO DETERMINE,5943,N,HERMITAGE AVE,2012,,,,,,,2,NO INDICATION OF INJURY,0,0,0,0,0,2,0,11,5,3,,,,,
CLEAR,DAYLIGHT,SIDESWIPE SAME DIRECTION,NOT DIVIDED,,STRAIGHT AND LEVEL,DRY,NO DEFECTS,NOT ON SCENE (DESK REPORT),NO INJURY / DRIVE AWAY,,,,"OVER $1,500",04/09/2025 17:40,IMPROPER LANE USAGE,NOT APPLICABLE,4846,S,ARCHER AVE,821,,,,,,,2,NO INDICATION OF INJURY,0,0,0,0,0,2,0,16,4,4,,,,,
CLEAR,DAYLIGHT,PARKED MOTOR VEHICLE,FOUR WAY,,STRAIGHT AND LEVEL,DRY,NO DEFECTS,ON SCENE,NO INJURY / DRIVE AWAY,N,,,"OVER $1,500",04/09/2025 12:00,IMPROPER OVERTAKING/PASSING,NOT APPLICABLE,1631,E,55TH ST,235,,,,,,,2,NO INDICATION OF INJURY,0,0,0,0,0,1,0,11,4,4,,,,,
CLEAR,"DARKNESS, LIGHTED ROAD",ANGLE,DIVIDED - W/MEDIAN (NOT RAISED),,STRAIGHT AND LEVEL,WET,NO DEFECTS,NOT ON SCENE (DESK REPORT),NO INJURY / DRIVE AWAY,Y,,,"OVER $1,500",04/09/2025 20:15,DISREGARDING STOP SIGN,NOT APPLICABLE,7600,S,KINGSTON AVE,421,,,,,,,2,NO INDICATION OF INJURY,0,0,0,0,0,2,0,19,4,4,,,,,
RAIN,DAYLIGHT,SIDESWIPE SAME DIRECTION,DIVIDED - W/MEDIAN (NOT RAISED),,STRAIGHT ON GRADE,WET,UNKNOWN,ON SCENE,NO INJURY / DRIVE AWAY,,,Y,"$501 - $1,500",04/09/2025 16:23,"OPERATING VEHICLE IN ERRATIC, RECKLESS, CARELESS, NEGLIGENT OR AGGRESSIVE MANNER",NOT APPLICABLE,3050,S,ARCHER AVE,913,,,,,,,2,NO INDICATION OF INJURY,0,0,0,0,0,3,0,16,4,4,,,,,
CLOUDY/OVERCAST,DAYLIGHT,TURNING,FOUR WAY,,STRAIGHT AND LEVEL,WET,NO DEFECTS,ON SCENE,INJURY AND / OR TOW DUE TO CRASH,Y,,,"OVER $1,500",04/09/2025 17:09,DISREGARDING TRAFFIC SIGNALS,NOT APPLICABLE,3701,W,55TH ST,822,,,,,,,3,"REPORTED, NOT EVIDENT",1,0,0,0,1,3,0,17,4,4,,,,,
CLEAR,DAYLIGHT,SIDESWIPE SAME DIRECTION,DIVIDED - W/MEDIAN (NOT RAISED),,STRAIGHT AND LEVEL,DRY,NO DEFECTS,NOT ON SCENE (DESK REPORT),NO INJURY / DRIVE AWAY,,,Y,"OVER $1,500",01/17/2025 13:00,IMPROPER OVERTAKING/PASSING,UNABLE TO DETERMINE,11109,S,LONGWOOD DR,2212,,,,,,,2,NO INDICATION OF INJURY,0,0,0,0,0,2,0,12,6,1,,,,,
RAIN,"DARKNESS, LIGHTED ROAD",PARKED MOTOR VEHICLE,ONE-WAY,,STRAIGHT AND LEVEL,WET,NO DEFECTS,ON SCENE,NO INJURY / DRIVE AWAY,,,Y,$500 OR LESS,04/09/2025 20:01,UNABLE TO DETERMINE,UNABLE TO DETERMINE,1250,S,UNION AVE,1232,,,,,,,2,NO INDICATION OF INJURY,0,0,0,0,0,5,0,19,4,4,,,,,
SNOW,DARKNESS,PARKED MOTOR VEHICLE,ONE-WAY,,STRAIGHT AND LEVEL,WET,UNKNOWN,NOT ON SCENE (DESK REPORT),NO INJURY / DRIVE AWAY,,,Y,"OVER $1,500",03/20/2025 7:55,UNABLE TO DETERMINE,UNABLE TO DETERMINE,3707,N,PLAINFIELD AVE,1631,,,,,,,2,NO INDICATION OF INJURY,0,0,0,0,0,1,0,2,5,3,,,,,
RAIN,DARKNESS,TURNING,DIVIDED - W/MEDIAN (NOT RAISED),,STRAIGHT AND LEVEL,WET,UNKNOWN,ON SCENE,NO INJURY / DRIVE AWAY,,,,"OVER $1,500",04/09/2025 19:27,IMPROPER TURNING/NO SIGNAL,IMPROPER TURNING/NO SIGNAL,5800,S,HALSTED ST,712,,,,,,,2,NO INDICATION OF INJURY,0,0,0,0,0,3,0,18,4,4,,,,,
SNOW,DAYLIGHT,SIDESWIPE SAME DIRECTION,DIVIDED - W/MEDIAN BARRIER,,STRAIGHT AND LEVEL,SNOW OR SLUSH,NO DEFECTS,ON SCENE,INJURY AND / OR TOW DUE TO CRASH,,,,"OVER $1,500",03/20/2025 6:57,WEATHER,FAILING TO REDUCE SPEED TO AVOID CRASH,3500,N,LAKE SHORE DR NB,1925,,,,,,,2,NO INDICATION OF INJURY,0,0,0,0,0,2,0,6,5,3,,,,,
CLOUDY/OVERCAST,DAYLIGHT,SIDESWIPE SAME DIRECTION,NOT DIVIDED,,STRAIGHT AND LEVEL,DRY,NO DEFECTS,ON SCENE,NO INJURY / DRIVE AWAY,,,,$500 OR LESS,04/09/2025 15:17,NOT APPLICABLE,NOT APPLICABLE,2206,S,WESTERN AVE,1034,,,,,,,2,NO INDICATION OF INJURY,0,0,0,0,0,2,0,15,4,4,,,,,
CLEAR,DAYLIGHT,REAR END,NOT DIVIDED,,STRAIGHT AND LEVEL,DRY,NO DEFECTS,ON SCENE,NO INJURY / DRIVE AWAY,,,,"OVER $1,500",02/22/2024 16:05,NOT APPLICABLE,NOT APPLICABLE,11,S,AUSTIN BLVD,1513,,,,,,,2,NO INDICATION OF INJURY,0,0,0,0,0,4,0,16,5,2,,,,,
RAIN,DAYLIGHT,SIDESWIPE SAME DIRECTION,DIVIDED - W/MEDIAN (NOT RAISED),,STRAIGHT AND LEVEL,WET,NO DEFECTS,NOT ON SCENE (DESK REPORT),INJURY AND / OR TOW DUE TO CRASH,,,,$500 OR LESS,04/09/2025 18:30,FAILING TO YIELD RIGHT-OF-WAY,NOT APPLICABLE,800,W,JACKSON BLVD,1232,,,,,,,2,"REPORTED, NOT EVIDENT",1,0,0,0,1,1,0,18,4,4,,,,,
RAIN,DAYLIGHT,SIDESWIPE SAME DIRECTION,NOT DIVIDED,,STRAIGHT AND LEVEL,WET,NO DEFECTS,ON SCENE,NO INJURY / DRIVE AWAY,,,Y,"OVER $1,500",04/09/2025 18:53,"OPERATING VEHICLE IN ERRATIC, RECKLESS, CARELESS, NEGLIGENT OR AGGRESSIVE MANNER",IMPROPER OVERTAKING/PASSING,2906,N,PAULINA ST,1931,,,,,,,2,NO INDICATION OF INJURY,0,0,0,0,0,2,0,18,4,4,,,,,
RAIN,DAYLIGHT,PARKED MOTOR VEHICLE,DIVIDED - W/MEDIAN (NOT RAISED),,STRAIGHT AND LEVEL,UNKNOWN,UNKNOWN,ON SCENE,NO INJURY / DRIVE AWAY,,,,"OVER $1,500",04/09/2025 11:43,IMPROPER BACKING,DRIVING SKILLS/KNOWLEDGE/EXPERIENCE,3742,W,MONTROSE AVE,1723,,,,,,,2,NO INDICATION OF INJURY,0,0,0,0,0,4,0,11,4,4,,,,,
CLEAR,DAYLIGHT,TURNING,DIVIDED - W/MEDIAN (NOT RAISED),,STRAIGHT AND LEVEL,DRY,NO DEFECTS,ON SCENE,INJURY AND / OR TOW DUE TO CRASH,,,,"OVER $1,500",04/09/2025 9:23,IMPROPER TURNING/NO SIGNAL,NOT APPLICABLE,4648,W,LAKE ST,1113,,,,,,,2,NO INDICATION OF INJURY,0,0,0,0,0,3,0,9,4,4,,,,,
CLEAR,DAYLIGHT,REAR END,NOT DIVIDED,,STRAIGHT AND LEVEL,DRY,NO DEFECTS,NOT ON SCENE (DESK REPORT),NO INJURY / DRIVE AWAY,,,,"$501 - $1,500",03/20/2025 13:54,FOLLOWING TOO CLOSELY,NOT APPLICABLE,2200,S,DAMEN AVE,1034,,,,,,,2,NO INDICATION OF INJURY,0,0,0,0,0,2,0,7,5,3,,,,,
CLEAR,"DARKNESS, LIGHTED ROAD",TURNING,FOUR WAY,,STRAIGHT AND LEVEL,UNKNOWN,UNKNOWN,NOT ON SCENE (DESK REPORT),INJURY AND / OR TOW DUE TO CRASH,Y,,,"OVER $1,500",01/17/2025 19:03,IMPROPER LANE USAGE,IMPROPER TURNING/NO SIGNAL,4194,N,ELSTON AVE,1723,Y,Y,,,,,2,"REPORTED, NOT EVIDENT",3,0,0,0,3,1,0,19,6,1,,,,,
CLEAR,DAYLIGHT,PEDALCYCLIST,FOUR WAY,,STRAIGHT AND LEVEL,DRY,UNKNOWN,NOT ON SCENE (DESK REPORT),INJURY AND / OR TOW DUE TO CRASH,,,,"OVER $1,500",04/09/2025 15:00,FAILING TO YIELD RIGHT-OF-WAY,FAILING TO YIELD RIGHT-OF-WAY,101,N,WESTERN AVE,1223,,,,,,,2,"REPORTED, NOT EVIDENT",1,0,0,0,1,1,0,14,4,4,,,,,
CLEAR,DAWN,PARKED MOTOR VEHICLE,DIVIDED - W/MEDIAN (NOT RAISED),,STRAIGHT AND LEVEL,DRY,UNKNOWN,ON SCENE,NO INJURY / DRIVE AWAY,,,Y,$500 OR LESS,04/09/2025 8:05,FOLLOWING TOO CLOSELY,FOLLOWING TOO CLOSELY,2021,W,47TH ST,931,,,,,,,2,NO INDICATION OF INJURY,0,0,0,0,0,1,0,6,4,4,,,,,
CLEAR,DAYLIGHT,REAR END,ONE-WAY,,STRAIGHT AND LEVEL,DRY,NO DEFECTS,NOT ON SCENE (DESK REPORT),NO INJURY / DRIVE AWAY,,,Y,"OVER $1,500",04/10/2025 16:30,FOLLOWING TOO CLOSELY,FAILING TO REDUCE SPEED TO AVOID CRASH,128,E,HURON ST,1834,,,,,,,2,NO INDICATION OF INJURY,0,0,0,0,0,2,0,18,4,4,,,,,
CLEAR,DAYLIGHT,PEDESTRIAN,NOT DIVIDED,,STRAIGHT AND LEVEL,DRY,UNKNOWN,NOT ON SCENE (DESK REPORT),INJURY AND / OR TOW DUE TO CRASH,Y,,Y,$500 OR LESS,07/15/2025 14:01,FAILING TO YIELD RIGHT-OF-WAY,DRIVING SKILLS/KNOWLEDGE/EXPERIENCE,1704,N,MILWAUKEE AVE,1434,,,,,,,2,"REPORTED, NOT EVIDENT",1,0,0,0,1,1,0,12,3,7,,,,,
CLEAR,DAYLIGHT,TURNING,FOUR WAY,,STRAIGHT AND LEVEL,DRY,NO DEFECTS,ON SCENE,NO INJURY / DRIVE AWAY,Y,,,$500 OR LESS,04/09/2025 7:56,UNABLE TO DETERMINE,NOT APPLICABLE,4700,S,WOLCOTT AVE,931,,,,,,,2,NO INDICATION OF INJURY,0,0,0,0,0,2,0,7,4,4,,,,,