WEATHER_CONDITION,LIGHTING_CONDITION,FIRST_CRASH_TYPE,TRAFFICWAY_TYPE,LANE_CNT,ALIGNMENT,ROADWAY_SURFACE_COND,ROAD_DEFECT,REPORT_TYPE,CRASH_TYPE,INTERSECTION_RELATED_I,NOT_RIGHT_OF_WAY_I,HIT_AND_RUN_I,DAMAGE,DATE_POLICE_NOTIFIED,PRIM_CONTRIBUTORY_CAUSE,SEC_CONTRIBUTORY_CAUSE,STREET_NO,STREET_DIRECTION,STREET_NAME,BEAT_OF_OCCURRENCE,PHOTOS_TAKEN_I,STATEMENTS_TAKEN_I,DOORING_I,WORK_ZONE_I,WORK_ZONE_TYPE,WORKERS_PRESENT_I,NUM_UNITS,MOST_SEVERE_INJURY,INJURIES_TOTAL,INJURIES_FATAL,INJURIES_INCAPACITATING,INJURIES_NON_INCAPACITATING,INJURIES_REPORTED_NOT_EVIDENT,INJURIES_NO_INDICATION,INJURIES_UNKNOWN,CRASH_HOUR,CRASH_DAY_OF_WEEK,CRASH_MONTH,INJURIES_NO_INDICATION,INJURIES_UNKNOWN,CRASH_HOUR,CRASH_DAY_OF_WEEK,CRASH_MONTH
CLEAR,"DARKNESS, LIGHTED ROAD",REAR END,FOUR WAY,,STRAIGHT AND LEVEL,DRY,NO DEFECTS,NOT ON SCENE (DESK REPORT),NO INJURY / DRIVE AWAY,,,Y,"OVER $1,500",01/17/2025 20:00,UNABLE TO DETERMINE,UNABLE TO DETERMINE,11500,S,COTTAGE GROVE AVE,532,,,,,,,2,NO INDICATION OF INJURY,0,0,0,0,0,6,0,20,6,1,,,,,
CLEAR,DAYLIGHT,PEDALCYCLIST,NOT DIVIDED,,STRAIGHT AND LEVEL,DRY,NO DEFECTS,NOT ON SCENE (DESK REPORT),NO INJURY / DRIVE AWAY,,,,$500 OR LESS,01/17/2025 17:00,IMPROPER TURNING/NO SIGNAL,FAILING TO YIELD RIGHT-OF-WAY,3100,S,STEWART AVE,915,,,,,,,2,NO INDICATION OF INJURY,0,0,0,0,0,2,0,14,6,1,,,,,
CLEAR,DAYLIGHT,SIDESWIPE SAME DIRECTION,DIVIDED - W/MEDIAN (NOT RAISED),,STRAIGHT AND LEVEL,DRY,NO DEFECTS,NOT ON SCENE (DESK REPORT),NO INJURY / DRIVE AWAY,,,,"OVER $1,500",03/20/2025 19:00,NOT APPLICABLE,NOT APPLICABLE,6500,N,MANNHEIM RD,1654,,,,,,,2,NO INDICATION OF INJURY,0,0,0,0,0,2,0,14,5,3,,,,,
CLEAR,"DARKNESS, LIGHTED ROAD",FIXED OBJECT,NOT DIVIDED,,STRAIGHT AND LEVEL,DRY,NO DEFECTS,ON SCENE,NO INJURY / DRIVE AWAY,,,,"OVER $1,500",05/27/2025 21:31,NOT APPLICABLE,NOT APPLICABLE,4900,S,HALSTED ST,933,,,,,,,1,NO INDICATION OF INJURY,0,0,0,0,0,1,0,21,3,5,,,,,
CLEAR,DAYLIGHT,ANGLE,FOUR WAY,,STRAIGHT AND LEVEL,DRY,NO DEFECTS,ON SCENE,INJURY AND / OR TOW DUE TO CRASH,Y,,,"OVER $1,500",03/20/2025 16:21,FAILING TO YIELD RIGHT-OF-WAY,FAILING TO YIELD RIGHT-OF-WAY,6400,S,VERNON AVE,312,,,,,,,2,"REPORTED, NOT EVIDENT",1,0,0,0,1,2,0,16,5,3,,,,,
CLEAR,DAYLIGHT,TURNING,CENTER TURN LANE,,STRAIGHT AND LEVEL,WET,NO DEFECTS,ON SCENE,INJURY AND / OR TOW DUE TO CRASH,Y,,Y,"$501 - $1,500",03/20/2025 9:23,IMPROPER TURNING/NO SIGNAL,FAILING TO YIELD RIGHT-OF-WAY,7000,S,STONY ISLAND AVE,332,,,,,,,2,"REPORTED, NOT EVIDENT",1,0,0,0,1,1,0,9,5,3,,,,,
SNOW,DAYLIGHT,SIDESWIPE SAME DIRECTION,ONE-WAY,,STRAIGHT AND LEVEL,SNOW OR SLUSH,UNKNOWN,NOT ON SCENE (DESK REPORT),NO INJURY / DRIVE AWAY,,,,"OVER $1,500",03/20/2025 17:45,UNABLE TO DETERMINE,UNABLE TO DETERMINE,5310,W,WRIGHTWOOD AVE,2514,,,,,,,2,NO INDICATION OF INJURY,0,0,0,0,0,3,0,7,5,3,,,,,
CLEAR,DAYLIGHT,SIDESWIPE SAME DIRECTION,DIVIDED - W/MEDIAN (NOT RAISED),,STRAIGHT AND LEVEL,DRY,NO DEFECTS,ON SCENE,NO INJURY / DRIVE AWAY,,,Y,"OVER $1,500",05/27/2025 10:41,UNABLE TO DETERMINE,UNABLE TO DETERMINE,7341,S,YATES BLVD,334,,,,,,,2,NO INDICATION OF INJURY,0,0,0,0,0,2,0,10,3,5,,,,,
CLEAR,DAYLIGHT,SIDESWIPE SAME DIRECTION,DIVIDED - W/MEDIAN (NOT RAISED),,STRAIGHT AND LEVEL,DRY,NO DEFECTS,NOT ON SCENE (DESK REPORT),NO INJURY / DRIVE AWAY,,,,"OVER $1,500",05/29/2025 12:40,UNABLE TO DETERMINE,UNABLE TO DETERMINE,1000,S,CALIFORNIA AVE,1135,,,,,,,2,NO INDICATION OF INJURY,0,0,0,0,0,2,0,17,3,5,,,,,
CLEAR,DAYLIGHT,REAR END,NOT DIVIDED,,STRAIGHT AND LEVEL,DRY,NO DEFECTS,NOT ON SCENE (DESK REPORT),NO INJURY / DRIVE AWAY,,,,"OVER $1,500",01/24/2025 19:50,FOLLOWING TOO CLOSELY,UNABLE TO DETERMINE,1011,W,WELLINGTON AVE,1933,,,,,,,2,NO INDICATION OF INJURY,0,0,0,0,0,2,0,16,6,1,,,,,
CLEAR,DAYLIGHT,ANGLE,ONE-WAY,,STRAIGHT AND LEVEL,DRY,NO DEFECTS,ON SCENE,INJURY AND / OR TOW DUE TO CRASH,,,,"OVER $1,500",01/17/2025 15:28,FAILING TO YIELD RIGHT-OF-WAY,NOT APPLICABLE,4800,S,MICHIGAN AVE,224,,,,,,,2,NO INDICATION OF INJURY,0,0,0,0,0,3,0,15,6,1,,,,,
CLEAR,"DARKNESS, LIGHTED ROAD",REAR END,NOT DIVIDED,,STRAIGHT AND LEVEL,DRY,NO DEFECTS,ON SCENE,NO INJURY / DRIVE AWAY,,,,"$501 - $1,500",01/17/2025 17:28,FAILING TO REDUCE SPEED TO AVOID CRASH,UNABLE TO DETERMINE,3200,W,BELMONT AVE,1733,,,,,,,2,NO INDICATION OF INJURY,0,0,0,0,0,3,0,17,6,1,,,,,
OTHER,DAYLIGHT,TURNING,DIVIDED - W/MEDIAN BARRIER,,STRAIGHT AND LEVEL,DRY,NO DEFECTS,ON SCENE,INJURY AND / OR TOW DUE TO CRASH,,,,"OVER $1,500",03/20/2025 15:27,"VISION OBSCURED (SIGNS, TREE LIMBS, BUILDINGS, ETC.)",WEATHER,2461,W,OGDEN AVE,1023,,,,,,,3,NONINCAPACITATING INJURY,1,0,0,1,0,3,0,15,5,3,,,,,
SNOW,DAYLIGHT,ANGLE,FOUR WAY,,STRAIGHT AND LEVEL,SNOW OR SLUSH,UNKNOWN,NOT ON SCENE (DESK REPORT),NO INJURY / DRIVE AWAY,Y,,Y,"OVER $1,500",03/20/2025 8:10,DISREGARDING STOP SIGN,WEATHER,1700,N,MEADE AVE,2513,,,,,,,2,NO INDICATION OF INJURY,0,0,0,0,0,2,0,7,5,3,,,,,
CLEAR,DAYLIGHT,TURNING,NOT DIVIDED,,STRAIGHT AND LEVEL,DRY,NO DEFECTS,ON SCENE,INJURY AND / OR TOW DUE TO CRASH,,,,"OVER $1,500",05/27/2025 6:40,UNABLE TO DETERMINE,UNABLE TO DETERMINE,5134,S,KEDZIE AVE,822,,,,,,,2,NO INDICATION OF INJURY,0,0,0,0,0,2,0,6,3,5,,,,,
CLEAR,DAYLIGHT,ANGLE,FOUR WAY,,STRAIGHT AND LEVEL,DRY,NO DEFECTS,ON SCENE,INJURY AND / OR TOW DUE TO CRASH,Y,,,"OVER $1,500",01/17/2025 9:01,UNABLE TO DETERMINE,UNABLE TO DETERMINE,5200,N,RAVENSWOOD AVE,2012,,,,,,,2,NO INDICATION OF INJURY,0,0,0,0,0,2,0,9,6,1,,,,,
UNKNOWN,DAYLIGHT,REAR END,NOT DIVIDED,,STRAIGHT AND LEVEL,UNKNOWN,UNKNOWN,NOT ON SCENE (DESK REPORT),NO INJURY / DRIVE AWAY,,,,"$501 - $1,500",07/15/2025 11:40,UNABLE TO DETERMINE,NOT APPLICABLE,4758,W,47TH ST,815,,,,,,,2,NO INDICATION OF INJURY,0,0,0,0,0,2,0,11,3,7,,,,,
CLEAR,DAYLIGHT,FIXED OBJECT,NOT DIVIDED,,"CURVE, LEVEL",WET,NO DEFECTS,ON SCENE,INJURY AND / OR TOW DUE TO CRASH,,,,"OVER $1,500",04/09/2025 10:30,UNABLE TO DETERMINE,NOT APPLICABLE,1000,N,LAKE SHORE DR SB,1824,,,,,,,1,NO INDICATION OF INJURY,0,0,0,0,0,1,0,10,4,4,,,,,
RAIN,"DARKNESS, LIGHTED ROAD",TURNING,OTHER,,STRAIGHT AND LEVEL,WET,UNKNOWN,NOT ON SCENE (DESK REPORT),INJURY AND / OR TOW DUE TO CRASH,,,,"OVER $1,500",04/09/2025 21:30,UNABLE TO DETERMINE,UNABLE TO DETERMINE,5500,S,WELLS ST,711,,,,,,,2,"REPORTED, NOT EVIDENT",2,0,0,0,2,3,0,20,4,4,,,,,
RAIN,DUSK,REAR END,DIVIDED - W/MEDIAN (NOT RAISED),,STRAIGHT AND LEVEL,WET,NO DEFECTS,NOT ON SCENE (DESK REPORT),NO INJURY / DRIVE AWAY,,,,"OVER $1,500",04/09/2025 18:55,UNABLE TO DETERMINE,UNABLE TO DETERMINE,5543,S,DAMEN AVE,715,N,,,,,,2,NO INDICATION OF INJURY,0,0,0,0,0,2,0,18,4,4,,,,,
RAIN,DARKNESS,HEAD ON,DIVIDED - W/MEDIAN (NOT RAISED),,STRAIGHT ON HILLCREST,WET,NO DEFECTS,ON SCENE,INJURY AND / OR TOW DUE TO CRASH,,,,"OVER $1,500",04/09/2025 20:31,FAILING TO REDUCE SPEED TO AVOID CRASH,NOT APPLICABLE,901,E,130TH ST,533,Y,,,,,,2,NONINCAPACITATING INJURY,1,0,0,1,0,3,0,20,4,4,,,,,
RAIN,DAYLIGHT,ANGLE,NOT DIVIDED,,STRAIGHT AND LEVEL,WET,NO DEFECTS,,NO INJURY / DRIVE AWAY,,,,"OVER $1,500",06/08/2025 17:50,FAILING TO YIELD RIGHT-OF-WAY,NOT APPLICABLE,5030,S,KEDZIE AVE,821,,,,,,,2,NO INDICATION OF INJURY,0,0,0,0,0,2,0,17,1,6,,,,,
CLEAR,DAYLIGHT,SIDESWIPE SAME DIRECTION,NOT DIVIDED,,STRAIGHT AND LEVEL,DRY,NO DEFECTS,ON SCENE,NO INJURY / DRIVE AWAY,,,Y,"OVER $1,500",05/27/2025 13:30,IMPROPER OVERTAKING/PASSING,NOT APPLICABLE,801,E,131ST ST,533,,,,,,,2,NO INDICATION OF INJURY,0,0,0,0,0,2,0,13,3,5,,,,,
CLEAR,DAYLIGHT,TURNING,CENTER TURN LANE,,STRAIGHT AND LEVEL,DRY,UNKNOWN,NOT ON SCENE (DESK REPORT),NO INJURY / DRIVE AWAY,Y,,,"$501 - $1,500",01/17/2025 8:40,IMPROPER TURNING/NO SIGNAL,IMPROPER OVERTAKING/PASSING,1200,S,WESTERN AVE,1023,,,,,,,2,NO INDICATION OF INJURY,0,0,0,0,0,2,0,8,6,1,,,,,
CLEAR,"DARKNESS, LIGHTED ROAD",PARKED MOTOR VEHICLE,FOUR WAY,,STRAIGHT AND LEVEL,WET,NO DEFECTS,ON SCENE,NO INJURY / DRIVE AWAY,,,Y,$500 OR LESS,01/17/2025 17:06,RELATED TO BUS STOP,NOT APPLICABLE,6302,N,BROADWAY,2433,,,,,,,2,NO INDICATION OF INJURY,0,0,0,0,0,1,0,17,6,1,,,,,
CLEAR,DAYLIGHT,PARKED MOTOR VEHICLE,PARKING LOT,,STRAIGHT AND LEVEL,DRY,NO DEFECTS,NOT ON SCENE (DESK REPORT),NO INJURY / DRIVE AWAY,,,Y,"OVER $1,500",04/11/2025 15:55,FOLLOWING TOO CLOSELY,DRIVING SKILLS/KNOWLEDGE/EXPERIENCE,1145,W,WILSON AVE,1913,,,,,,,2,NO INDICATION OF INJURY,0,0,0,0,0,1,0,9,4,4,,,,,
CLEAR,DAYLIGHT,REAR END,NOT DIVIDED,,STRAIGHT AND LEVEL,SNOW OR SLUSH,NO DEFECTS,NOT ON SCENE (DESK REPORT),NO INJURY / DRIVE AWAY,,,,$500 OR LESS,03/20/2025 14:00,FOLLOWING TOO CLOSELY,UNABLE TO DETERMINE,803,E,83RD ST,632,,,,,,,2,NO INDICATION OF INJURY,0,0,0,0,0,2,0,7,5,3,,,,,
CLEAR,DAYLIGHT,SIDESWIPE SAME DIRECTION,ONE-WAY,,STRAIGHT AND LEVEL,UNKNOWN,UNKNOWN,ON SCENE,NO INJURY / DRIVE AWAY,,,,"OVER $1,500",03/20/2025 13:38,FAILING TO YIELD RIGHT-OF-WAY,NOT APPLICABLE,185,E,PEARSON ST,1833,,,,,,,2,NO INDICATION OF INJURY,0,0,0,0,0,4,0,13,5,3,,,,,
SNOW,DAYLIGHT,PARKED MOTOR VEHICLE,NOT DIVIDED,,STRAIGHT AND LEVEL,SNOW OR SLUSH,UNKNOWN,ON SCENE,INJURY AND / OR TOW DUE TO CRASH,,,N,"OVER $1,500",03/20/2025 8:03,FAILING TO REDUCE SPEED TO AVOID CRASH,IMPROPER OVERTAKING/PASSING,5943,N,BROADWAY,2433,,,,,,,3,"REPORTED, NOT EVIDENT",1,0,0,0,1,1,0,7,5,3,,,,,
CLEAR,DAYLIGHT,SIDESWIPE SAME DIRECTION,NOT DIVIDED,,STRAIGHT AND LEVEL,WET,NO DEFECTS,NOT ON SCENE (DESK REPORT),NO INJURY / DRIVE AWAY,,,Y,"OVER $1,500",03/20/2025 10:37,UNABLE TO DETERMINE,NOT APPLICABLE,420,S,PULASKI RD,1132,,,,,,,2,NO INDICATION OF INJURY,0,0,0,0,0,2,0,10,5,3,,,,,
CLOUDY/OVERCAST,DAYLIGHT,PEDESTRIAN,DRIVEWAY,,STRAIGHT AND LEVEL,WET,NO DEFECTS,ON SCENE,NO INJURY / DRIVE AWAY,,,Y,$500 OR LESS,03/20/2025 8:06,FAILING TO YIELD RIGHT-OF-WAY,NOT APPLICABLE,1529,W,TAYLOR ST,1231,,,,,,,2,NO INDICATION OF INJURY,0,0,0,0,0,3,0,8,5,3,,,,,
CLEAR,"DARKNESS, LIGHTED ROAD",ANGLE,FOUR WAY,,STRAIGHT AND LEVEL,DRY,NO DEFECTS,ON SCENE,INJURY AND / OR TOW DUE TO CRASH,Y,,,"OVER $1,500",03/20/2025 23:26,DRIVING ON WRONG SIDE/WRONG WAY,NOT APPLICABLE,5500,S,WENTWORTH AVE,225,,,,,,,2,INCAPACITATING INJURY,4,0,1,3,0,1,0,23,5,3,,,,,
CLEAR,DAYLIGHT,REAR END,ONE-WAY,,STRAIGHT AND LEVEL,DRY,NO DEFECTS,NOT ON SCENE (DESK REPORT),NO INJURY / DRIVE AWAY,,,,"$501 - $1,500",03/20/2025 18:45,UNABLE TO DETERMINE,UNABLE TO DETERMINE,328,S,FRANKLIN ST,122,,,,,,,2,NO INDICATION OF INJURY,0,0,0,0,0,2,0,17,5,3,,,,,
CLEAR,UNKNOWN,REAR TO REAR,PARKING LOT,,STRAIGHT AND LEVEL,UNKNOWN,UNKNOWN,NOT ON SCENE (DESK REPORT),NO INJURY / DRIVE AWAY,,,,"OVER $1,500",03/20/2025 18:00,UNABLE TO DETERMINE,UNABLE TO DETERMINE,1100,S,HAMILTON AVE,1225,,,,,,,2,NO INDICATION OF INJURY,0,0,0,0,0,2,0,17,5,3,,,,,
RAIN,"DARKNESS, LIGHTED ROAD",REAR END,OTHER,,STRAIGHT AND LEVEL,WET,UNKNOWN,NOT ON SCENE (DESK REPORT),NO INJURY / DRIVE AWAY,,,,"$501 - $1,500",04/09/2025 21:50,FAILING TO REDUCE SPEED TO AVOID CRASH,NOT APPLICABLE,2346,W,TOUHY AVE,2411,,,,,,,2,NO INDICATION OF INJURY,0,0,0,0,0,2,0,20,4,4,,,,,
CLEAR,"DARKNESS, LIGHTED ROAD",PARKED MOTOR VEHICLE,ONE-WAY,,STRAIGHT AND LEVEL,DRY,NO DEFECTS,ON SCENE,NO INJURY / DRIVE AWAY,,,N,$500 OR LESS,03/21/2025 1:20,IMPROPER OVERTAKING/PASSING,UNABLE TO DETERMINE,2,W,TERMINAL ST,1652,,,,,,,2,NO INDICATION OF INJURY,0,0,0,0,0,2,0,21,5,3,,,,,
CLEAR,DAYLIGHT,REAR END,DIVIDED - W/MEDIAN (NOT RAISED),,STRAIGHT AND LEVEL,DRY,NO DEFECTS,NOT ON SCENE (DESK REPORT),NO INJURY / DRIVE AWAY,,,,$500 OR LESS,03/20/2025 15:20,FOLLOWING TOO CLOSELY,NOT APPLICABLE,4350,W,16TH ST,1012,,,,,,,2,NO INDICATION OF INJURY,0,0,0,0,0,2,0,14,5,3,,,,,
CLEAR,DAYLIGHT,FIXED OBJECT,ONE-WAY,,STRAIGHT AND LEVEL,DRY,"RUT, HOLES",NOT ON SCENE (DESK REPORT),NO INJURY / DRIVE AWAY,,,,"$501 - $1,500",05/27/2025 9:02,UNABLE TO DETERMINE,UNABLE TO DETERMINE,6657,S,CORNELL DR,331,,,,,,,1,NO INDICATION OF INJURY,0,0,0,0,0,1,0,8,3,5,,,,,
CLEAR,DAYLIGHT,REAR END,NOT DIVIDED,,STRAIGHT AND LEVEL,DRY,UNKNOWN,ON SCENE,NO INJURY / DRIVE AWAY,Y,,,"OVER $1,500",01/17/2025 12:40,DRIVING SKILLS/KNOWLEDGE/EXPERIENCE,DRIVING SKILLS/KNOWLEDGE/EXPERIENCE,4401,W,OGDEN AVE,1013,,,,,,,3,NO INDICATION OF INJURY,0,0,0,0,0,3,0,12,6,1,,,,,
SNOW,DARKNESS,PARKED MOTOR VEHICLE,ONE-WAY,,STRAIGHT AND LEVEL,SNOW OR SLUSH,NO DEFECTS,ON SCENE,NO INJURY / DRIVE AWAY,,,,"OVER $1,500",03/20/2025 10:47,NOT APPLICABLE,NOT APPLICABLE,8324,S,ABERDEEN ST,613,,,,,,,2,NO INDICATION OF INJURY,0,0,0,0,0,2,0,2,5,3,,,,,
CLEAR,DARKNESS,PARKED MOTOR VEHICLE,PARKING LOT,,STRAIGHT AND LEVEL,DRY,NO DEFECTS,NOT ON SCENE (DESK REPORT),NO INJURY / DRIVE AWAY,,,Y,"$501 - $1,500",01/19/2025 6:10,UNABLE TO DETERMINE,NOT APPLICABLE,4837,S,ASHLAND AVE,933,,,,,,,2,NO INDICATION OF INJURY,0,0,0,0,0,1,0,3,6,1,,,,,
CLEAR,DAYLIGHT,REAR END,NOT DIVIDED,,STRAIGHT AND LEVEL,DRY,NO DEFECTS,NOT ON SCENE (DESK REPORT),INJURY AND / OR TOW DUE TO CRASH,,,Y,"$501 - $1,500",04/09/2025 18:12,FOLLOWING TOO CLOSELY,NOT APPLICABLE,4500,S,KEDZIE AVE,821,,,,,,,2,NONINCAPACITATING INJURY,1,0,0,1,0,1,0,14,4,4,,,,,
SNOW,DAYLIGHT,SIDESWIPE SAME DIRECTION,DIVIDED - W/MEDIAN (NOT RAISED),,STRAIGHT AND LEVEL,SNOW OR SLUSH,UNKNOWN,ON SCENE,INJURY AND / OR TOW DUE TO CRASH,,,,"OVER $1,500",03/20/2025 7:00,IMPROPER OVERTAKING/PASSING,WEATHER,5626,N,RIDGE AVE,2013,,,,,,,2,"REPORTED, NOT EVIDENT",1,0,0,0,1,1,0,6,5,3,,,,,
CLEAR,DAYLIGHT,FIXED OBJECT,DIVIDED - W/MEDIAN (NOT RAISED),,STRAIGHT AND LEVEL,DRY,"RUT, HOLES",ON SCENE,INJURY AND / OR TOW DUE TO CRASH,,,,"OVER $1,500",03/20/2025 15:40,DISTRACTION - FROM INSIDE VEHICLE,UNABLE TO DETERMINE,7898,S,WOODLAWN AVE,411,,,,,,,1,"REPORTED, NOT EVIDENT",2,0,0,0,2,0,0,15,5,3,,,,,
CLOUDY/OVERCAST,DAYLIGHT,ANGLE,ALLEY,,STRAIGHT AND LEVEL,DRY,NO DEFECTS,ON SCENE,INJURY AND / OR TOW DUE TO CRASH,,,,"$501 - $1,500",04/09/2025 10:50,FAILING TO YIELD RIGHT-OF-WAY,UNABLE TO DETERMINE,1023,W,THORNDALE AVE,2022,,,,,,,2,"REPORTED, NOT EVIDENT",1,0,0,0,1,1,0,10,4,4,,,,,
CLEAR,DAYLIGHT,REAR END,DIVIDED - W/MEDIAN (NOT RAISED),,STRAIGHT AND LEVEL,DRY,UNKNOWN,ON SCENE,NO INJURY / DRIVE AWAY,,,,$500 OR LESS,05/27/2025 16:38,FOLLOWING TOO CLOSELY,UNABLE TO DETERMINE,4320,S,KEDVALE AVE,815,,,,,,,2,NO INDICATION OF INJURY,0,0,0,0,0,3,0,16,3,5,,,,,
CLEAR,DAYLIGHT,ANGLE,T-INTERSECTION,,STRAIGHT AND LEVEL,DRY,NO DEFECTS,NOT ON SCENE (DESK REPORT),NO INJURY / DRIVE AWAY,Y,,Y,"OVER $1,500",05/27/2025 18:00,UNABLE TO DETERMINE,NOT APPLICABLE,547,W,69TH ST,732,,,,,,,2,NO INDICATION OF INJURY,0,0,0,0,0,2,0,16,3,5,,,,,
SNOW,UNKNOWN,REAR END,NOT DIVIDED,,STRAIGHT AND LEVEL,SNOW OR SLUSH,UNKNOWN,NOT ON SCENE (DESK REPORT),NO INJURY / DRIVE AWAY,,,,"$501 - $1,500",03/20/2025 9:26,UNABLE TO DETERMINE,NOT APPLICABLE,4433,S,PULASKI RD,821,,,,,,,2,NO INDICATION OF INJURY,0,0,0,0,0,3,0,5,5,3,,,,,
CLEAR,"DARKNESS, LIGHTED ROAD",SIDESWIPE SAME DIRECTION,T-INTERSECTION,,STRAIGHT AND LEVEL,DRY,NO DEFECTS,ON SCENE,NO INJURY / DRIVE AWAY,Y,,,"$501 - $1,500",01/17/2025 0:20,NOT APPLICABLE,NOT APPLICABLE,1536,N,ASHLAND AVE,1433,,,,,,,2,NO INDICATION OF INJURY,0,0,0,0,0,5,0,0,6,1,,,,,
CLEAR,"DARKNESS, LIGHTED ROAD",ANGLE,FOUR WAY,,STRAIGHT AND LEVEL,DRY,UNKNOWN,NOT ON SCENE (DESK REPORT),INJURY AND / OR TOW DUE TO CRASH,Y,,,"OVER $1,500",01/17/2025 20:05,FAILING TO YIELD RIGHT-OF-WAY,FAILING TO REDUCE SPEED TO AVOID CRASH,430,N,HALSTED ST,1214,,,,,,,2,NO INDICATION OF INJURY,0,0,0,0,0,2,0,19,6,1,,,,,
CLEAR,DAYLIGHT,TURNING,NOT DIVIDED,,STRAIGHT AND LEVEL,DRY,NO DEFECTS,NOT ON SCENE (DESK REPORT),NO INJURY / DRIVE AWAY,,,,"OVER $1,500",01/17/2025 9:15,IMPROPER TURNING/NO SIGNAL,NOT APPLICABLE,5711,N,CENTRAL AVE,1621,,,,,,,2,NO INDICATION OF INJURY,0,0,0,0,0,2,0,8,6,1,,,,,
CLEAR,DAYLIGHT,PARKED MOTOR VEHICLE,PARKING LOT,,STRAIGHT AND LEVEL,DRY,NO DEFECTS,NOT ON SCENE (DESK REPORT),NO INJURY / DRIVE AWAY,,,Y,"$501 - $1,500",05/27/2025 14:08,NOT APPLICABLE,NOT APPLICABLE,7030,S,ASHLAND AVE,735,,,,,,,2,NO INDICATION OF INJURY,0,0,0,0,0,1,0,10,3,5,,,,,
CLEAR,DAYLIGHT,ANGLE,FOUR WAY,,"CURVE, LEVEL",UNKNOWN,UNKNOWN,NOT ON SCENE (DESK REPORT),NO INJURY / DRIVE AWAY,Y,,N,"OVER $1,500",01/17/2025 14:02,FAILING TO YIELD RIGHT-OF-WAY,NOT APPLICABLE,3599,W,SCHRAEDER DR,1123,,,,,,,2,NO INDICATION OF INJURY,0,0,0,0,0,2,0,13,6,1,,,,,
UNKNOWN,"DARKNESS, LIGHTED ROAD",SIDESWIPE SAME DIRECTION,NOT DIVIDED,,STRAIGHT AND LEVEL,UNKNOWN,UNKNOWN,NOT ON SCENE (DESK REPORT),NO INJURY / DRIVE AWAY,,,Y,"OVER $1,500",05/29/2025 14:15,UNABLE TO DETERMINE,UNABLE TO DETERMINE,808,N,MILWAUKEE AVE,1213,,,,,,,2,NO INDICATION OF INJURY,0,0,0,0,0,2,0,21,3,5,,,,,
CLEAR,"DARKNESS, LIGHTED ROAD",TURNING,FOUR WAY,,STRAIGHT AND LEVEL,UNKNOWN,UNKNOWN,NOT ON SCENE (DESK REPORT),NO INJURY / DRIVE AWAY,,,,"OVER $1,500",01/17/2025 19:50,UNABLE TO DETERMINE,UNABLE TO DETERMINE,740,W,LAKE ST,1214,,,,,,,2,NO INDICATION OF INJURY,0,0,0,0,0,2,0,19,6,1,,,,,
CLEAR,DAYLIGHT,SIDESWIPE SAME DIRECTION,NOT DIVIDED,,STRAIGHT AND LEVEL,DRY,NO DEFECTS,ON SCENE,INJURY AND / OR TOW DUE TO CRASH,,,,"OVER $1,500",04/09/2025 14:54,IMPROPER OVERTAKING/PASSING,FAILING TO YIELD RIGHT-OF-WAY,6318,N,CALDWELL AVE,1621,,,,,,,2,NO INDICATION OF INJURY,0,0,0,0,0,2,0,14,4,4,,,,,
CLEAR,DAYLIGHT,TURNING,DIVIDED - W/MEDIAN (NOT RAISED),,STRAIGHT AND LEVEL,DRY,UNKNOWN,ON SCENE,NO INJURY / DRIVE AWAY,Y,,,"OVER $1,500",01/17/2025 9:36,IMPROPER TURNING/NO SIGNAL,NOT APPLICABLE,4298,S,CICERO AVE,814,,,,,,,2,NO INDICATION OF INJURY,0,0,0,0,0,2,0,9,6,1,,,,,
CLEAR,"DARKNESS, LIGHTED ROAD",FIXED OBJECT,DIVIDED - W/MEDIAN BARRIER,,STRAIGHT AND LEVEL,WET,UNKNOWN,ON SCENE,INJURY AND / OR TOW DUE TO CRASH,,,,"OVER $1,500",03/20/2025 0:31,ANIMAL,"EVASIVE ACTION DUE TO ANIMAL, OBJECT, NONMOTORIST",5700,W,FOSTER AVE,1622,,,,,,,1,NO INDICATION OF INJURY,0,0,0,0,0,1,0,0,5,3,,,,,
CLEAR,DAYLIGHT,TURNING,ONE-WAY,,STRAIGHT AND LEVEL,DRY,NO DEFECTS,NOT ON SCENE (DESK REPORT),NO INJURY / DRIVE AWAY,,,,"OVER $1,500",03/20/2025 13:30,IMPROPER TURNING/NO SIGNAL,NOT APPLICABLE,1211,W,CONGRESS PKWY,1231,,,,,,,2,NO INDICATION OF INJURY,0,0,0,0,0,2,0,12,5,3,,,,,
CLEAR,DAYLIGHT,ANGLE,FOUR WAY,,STRAIGHT AND LEVEL,DRY,NO DEFECTS,ON SCENE,INJURY AND / OR TOW DUE TO CRASH,Y,,,"OVER $1,500",03/20/2025 15:25,DISREGARDING STOP SIGN,NOT APPLICABLE,4699,W,JACKSON BLVD,1131,,,,,,,3,NO INDICATION OF INJURY,0,0,0,0,0,2,0,15,5,3,,,,,