WEATHER_CONDITION,LIGHTING_CONDITION,FIRST_CRASH_TYPE,TRAFFICWAY_TYPE,LANE_CNT,ALIGNMENT,ROADWAY_SURFACE_COND,ROAD_DEFECT,REPORT_TYPE,CRASH_TYPE,INTERSECTION_RELATED_I,NOT_RIGHT_OF_WAY_I,HIT_AND_RUN_I,DAMAGE,DATE_POLICE_NOTIFIED,PRIM_CONTRIBUTORY_CAUSE,SEC_CONTRIBUTORY_CAUSE,STREET_NO,STREET_DIRECTION,STREET_NAME,BEAT_OF_OCCURRENCE,PHOTOS_TAKEN_I,STATEMENTS_TAKEN_I,DOORING_I,WORK_ZONE_I,WORK_ZONE_TYPE,WORKERS_PRESENT_I,NUM_UNITS,MOST_SEVERE_INJURY,INJURIES_TOTAL,INJURIES_FATAL,INJURIES_INCAPACITATING,INJURIES_NON_INCAPACITATING,INJURIES_REPORTED_NOT_EVIDENT,INJURIES_NO_INDICATION,INJURIES_UNKNOWN,CRASH_HOUR,CRASH_DAY_OF_WEEK,CRASH_MONTH,INJURIES_NO_INDICATION,INJURIES_UNKNOWN,CRASH_HOUR,CRASH_DAY_OF_WEEK,CRASH_MONTH
CLEAR,DAYLIGHT,TURNING,NOT DIVIDED,,STRAIGHT AND LEVEL,DRY,NO DEFECTS,NOT ON SCENE (DESK REPORT),NO INJURY / DRIVE AWAY,Y,,,"OVER $1,500",06/05/2025 19:15,IMPROPER BACKING,NOT APPLICABLE,2300,W,119TH ST,2212,,,,,,,2,NO INDICATION OF INJURY,0,0,0,0,0,2,0,18,3,5,,,,,
CLEAR,DAYLIGHT,ANGLE,NOT DIVIDED,,STRAIGHT AND LEVEL,DRY,NO DEFECTS,NOT ON SCENE (DESK REPORT),NO INJURY / DRIVE AWAY,,,,"OVER $1,500",01/17/2025 9:20,DRIVING ON WRONG SIDE/WRONG WAY,FAILING TO YIELD RIGHT-OF-WAY,4432,W,47TH ST,815,,,,,,,2,NO INDICATION OF INJURY,0,0,0,0,0,2,0,7,6,1,,,,,
CLEAR,DAYLIGHT,PARKED MOTOR VEHICLE,NOT DIVIDED,,STRAIGHT AND LEVEL,DRY,NO DEFECTS,NOT ON SCENE (DESK REPORT),NO INJURY / DRIVE AWAY,,,,$500 OR LESS,05/27/2025 15:18,UNABLE TO DETERMINE,NOT APPLICABLE,1345,W,ARGYLE ST,2033,,,,,,,2,NO INDICATION OF INJURY,0,0,0,0,0,1,0,14,3,5,,,,,
RAIN,DAWN,ANIMAL,NOT DIVIDED,,STRAIGHT AND LEVEL,WET,UNKNOWN,ON SCENE,NO INJURY / DRIVE AWAY,,,,$500 OR LESS,04/09/2025 18:15,ANIMAL,ANIMAL,100,E,124TH PL,532,,,,,,,1,NO INDICATION OF INJURY,0,0,0,0,0,1,0,18,4,4,,,,,
CLEAR,"DARKNESS, LIGHTED ROAD",FIXED OBJECT,ONE-WAY,,"CURVE, LEVEL",WET,NO DEFECTS,ON SCENE,INJURY AND / OR TOW DUE TO CRASH,,,,"OVER $1,500",04/09/2025 23:36,UNABLE TO DETERMINE,FAILING TO REDUCE SPEED TO AVOID CRASH,1001,N,LAKE SHORE DR NB,1824,,,,,,,1,NO INDICATION OF INJURY,0,0,0,0,0,1,0,23,4,4,,,,,
UNKNOWN,"DARKNESS, LIGHTED ROAD",REAR END,DIVIDED - W/MEDIAN (NOT RAISED),,STRAIGHT AND LEVEL,UNKNOWN,UNKNOWN,NOT ON SCENE (DESK REPORT),NO INJURY / DRIVE AWAY,,,,"OVER $1,500",04/10/2025 20:00,UNABLE TO DETERMINE,UNABLE TO DETERMINE,4772,W,HARRISON ST,1131,,,,,,,2,NO INDICATION OF INJURY,0,0,0,0,0,2,0,12,4,4,,,,,
CLEAR,DAWN,REAR END,NOT DIVIDED,,STRAIGHT AND LEVEL,DRY,NO DEFECTS,NOT ON SCENE (DESK REPORT),NO INJURY / DRIVE AWAY,Y,,,"$501 - $1,500",03/20/2025 17:30,UNABLE TO DETERMINE,NOT APPLICABLE,3000,W,DIVERSEY AVE,1411,,,,,,,2,NO INDICATION OF INJURY,0,0,0,0,0,2,0,16,5,3,,,,,
SNOW,DAYLIGHT,PARKED MOTOR VEHICLE,PARKING LOT,,STRAIGHT AND LEVEL,WET,NO DEFECTS,ON SCENE,NO INJURY / DRIVE AWAY,,Y,,$500 OR LESS,03/20/2025 9:00,UNABLE TO DETERMINE,NOT APPLICABLE,3434,S,MICHIGAN AVE,211,,,,,,,2,NO INDICATION OF INJURY,0,0,0,0,0,1,0,7,5,3,,,,,
RAIN,DAYLIGHT,SIDESWIPE OPPOSITE DIRECTION,NOT DIVIDED,,STRAIGHT AND LEVEL,WET,NO DEFECTS,NOT ON SCENE (DESK REPORT),NO INJURY / DRIVE AWAY,,,,"$501 - $1,500",04/09/2025 17:30,UNABLE TO DETERMINE,NOT APPLICABLE,3701,W,WILSON AVE,1723,,,,,,,2,NO INDICATION OF INJURY,0,0,0,0,0,2,0,16,4,4,,,,,
RAIN,"DARKNESS, LIGHTED ROAD",SIDESWIPE OPPOSITE DIRECTION,NOT DIVIDED,,STRAIGHT ON HILLCREST,WET,UNKNOWN,ON SCENE,NO INJURY / DRIVE AWAY,,,,"OVER $1,500",04/09/2025 19:23,EQUIPMENT - VEHICLE CONDITION,EQUIPMENT - VEHICLE CONDITION,3651,S,PULASKI RD,1031,,,,,,,2,NO INDICATION OF INJURY,0,0,0,0,0,5,0,19,4,4,,,,,
UNKNOWN,UNKNOWN,REAR END,DIVIDED - W/MEDIAN BARRIER,,STRAIGHT AND LEVEL,UNKNOWN,UNKNOWN,ON SCENE,NO INJURY / DRIVE AWAY,,,Y,"OVER $1,500",05/27/2025 23:55,UNABLE TO DETERMINE,NOT APPLICABLE,350,N,MICHIGAN AVE,111,,,,,,,2,NO INDICATION OF INJURY,0,0,0,0,0,2,0,23,3,5,,,,,
CLEAR,DAYLIGHT,REAR END,DIVIDED - W/MEDIAN (NOT RAISED),,STRAIGHT AND LEVEL,DRY,NO DEFECTS,NOT ON SCENE (DESK REPORT),NO INJURY / DRIVE AWAY,,,,"OVER $1,500",05/27/2025 18:55,UNABLE TO DETERMINE,NOT APPLICABLE,3558,W,LAWRENCE AVE,1712,,,,,,,2,NO INDICATION OF INJURY,0,0,0,0,0,2,0,18,3,5,,,,,
SNOW,"DARKNESS, LIGHTED ROAD",PEDESTRIAN,FOUR WAY,,STRAIGHT AND LEVEL,SNOW OR SLUSH,NO DEFECTS,ON SCENE,INJURY AND / OR TOW DUE TO CRASH,,,,"OVER $1,500",03/20/2025 5:52,IMPROPER TURNING/NO SIGNAL,NOT APPLICABLE,4000,W,LAWRENCE AVE,1712,,,,,,,2,NONINCAPACITATING INJURY,1,0,0,1,0,1,0,5,5,3,,,,,
UNKNOWN,DAYLIGHT,PARKED MOTOR VEHICLE,OTHER,,STRAIGHT AND LEVEL,DRY,NO DEFECTS,NOT ON SCENE (DESK REPORT),NO INJURY / DRIVE AWAY,,,Y,$500 OR LESS,06/05/2025 17:40,UNABLE TO DETERMINE,NOT APPLICABLE,1215,N,DAMEN AVE,1424,,,,,,,2,NO INDICATION OF INJURY,0,0,0,0,0,1,0,14,3,5,,,,,
UNKNOWN,UNKNOWN,SIDESWIPE SAME DIRECTION,ONE-WAY,,STRAIGHT AND LEVEL,UNKNOWN,UNKNOWN,NOT ON SCENE (DESK REPORT),NO INJURY / DRIVE AWAY,Y,,,"OVER $1,500",05/27/2025 15:38,IMPROPER LANE USAGE,DRIVING SKILLS/KNOWLEDGE/EXPERIENCE,81,E,VAN BUREN ST,113,,,,,,,2,NO INDICATION OF INJURY,0,0,0,0,0,2,0,14,3,5,,,,,
CLEAR,DAYLIGHT,REAR END,NOT DIVIDED,,STRAIGHT AND LEVEL,DRY,NO DEFECTS,NOT ON SCENE (DESK REPORT),NO INJURY / DRIVE AWAY,,,,"OVER $1,500",05/27/2025 16:30,FAILING TO YIELD RIGHT-OF-WAY,FOLLOWING TOO CLOSELY,4000,W,DIVERSEY AVE,2523,,,,,,,3,NO INDICATION OF INJURY,0,0,0,0,0,3,0,15,3,5,,,,,
CLEAR,DARKNESS,REAR END,NOT DIVIDED,,STRAIGHT AND LEVEL,DRY,"RUT, HOLES",NOT ON SCENE (DESK REPORT),NO INJURY / DRIVE AWAY,,,,"OVER $1,500",03/20/2025 22:38,FOLLOWING TOO CLOSELY,NOT APPLICABLE,2641,W,VAN BUREN ST,1135,,,,,,,2,NO INDICATION OF INJURY,0,0,0,0,0,2,0,21,5,3,,,,,
CLEAR,DARKNESS,TURNING,NOT DIVIDED,,STRAIGHT AND LEVEL,DRY,UNKNOWN,NOT ON SCENE (DESK REPORT),NO INJURY / DRIVE AWAY,Y,,,$500 OR LESS,03/20/2025 22:25,FAILING TO YIELD RIGHT-OF-WAY,NOT APPLICABLE,700,W,MONTROSE AVE,1914,,,,,,,2,NO INDICATION OF INJURY,0,0,0,0,0,2,0,21,5,3,,,,,
CLEAR,DAYLIGHT,PARKED MOTOR VEHICLE,ONE-WAY,,STRAIGHT AND LEVEL,WET,NO DEFECTS,ON SCENE,NO INJURY / DRIVE AWAY,,,,"OVER $1,500",03/20/2025 9:33,UNABLE TO DETERMINE,UNABLE TO DETERMINE,109,N,DEARBORN ST,111,,Y,,,,,2,NO INDICATION OF INJURY,0,0,0,0,0,1,0,9,5,3,,,,,
CLEAR,DAYLIGHT,SIDESWIPE SAME DIRECTION,NOT DIVIDED,,STRAIGHT AND LEVEL,DRY,NO DEFECTS,ON SCENE,NO INJURY / DRIVE AWAY,N,,,"OVER $1,500",03/20/2025 18:30,IMPROPER OVERTAKING/PASSING,NOT APPLICABLE,1054,W,87TH ST,613,,,,,,,2,NO INDICATION OF INJURY,0,0,0,0,0,2,0,18,5,3,,,,,
CLEAR,DAYLIGHT,TURNING,FOUR WAY,,STRAIGHT AND LEVEL,UNKNOWN,UNKNOWN,NOT ON SCENE (DESK REPORT),NO INJURY / DRIVE AWAY,Y,,,"OVER $1,500",05/27/2025 14:10,UNABLE TO DETERMINE,NOT APPLICABLE,6800,W,DIVERSEY AVE,2511,,,,,,,2,NO INDICATION OF INJURY,0,0,0,0,0,2,0,13,3,5,,,,,
CLEAR,DAYLIGHT,REAR TO FRONT,DIVIDED - W/MEDIAN (NOT RAISED),,STRAIGHT AND LEVEL,DRY,UNKNOWN,NOT ON SCENE (DESK REPORT),NO INJURY / DRIVE AWAY,Y,,,"OVER $1,500",03/20/2025 11:30,IMPROPER BACKING,FAILING TO REDUCE SPEED TO AVOID CRASH,6701,W,GRAND AVE,2512,,,,,,,2,NO INDICATION OF INJURY,0,0,0,0,0,2,0,7,5,3,,,,,
CLEAR,DAYLIGHT,SIDESWIPE SAME DIRECTION,PARKING LOT,,STRAIGHT AND LEVEL,DRY,NO DEFECTS,NOT ON SCENE (DESK REPORT),NO INJURY / DRIVE AWAY,,,,"$501 - $1,500",05/28/2025 16:20,DISTRACTION - FROM INSIDE VEHICLE,NOT APPLICABLE,4404,W,BERTEAU AVE,1722,,,,,,,2,NO INDICATION OF INJURY,0,0,0,0,0,2,0,14,3,5,,,,,
CLEAR,DAYLIGHT,SIDESWIPE SAME DIRECTION,ONE-WAY,,STRAIGHT AND LEVEL,DRY,NO DEFECTS,ON SCENE,INJURY AND / OR TOW DUE TO CRASH,,,,"OVER $1,500",05/27/2025 17:13,FAILING TO YIELD RIGHT-OF-WAY,IMPROPER OVERTAKING/PASSING,3352,W,CONGRESS PKWY,1134,,,,,,,2,"REPORTED, NOT EVIDENT",1,0,0,0,1,2,0,17,3,5,,,,,
CLEAR,DAYLIGHT,SIDESWIPE SAME DIRECTION,NOT DIVIDED,,STRAIGHT AND LEVEL,DRY,UNKNOWN,NOT ON SCENE (DESK REPORT),NO INJURY / DRIVE AWAY,,,Y,"OVER $1,500",04/09/2025 14:13,IMPROPER LANE USAGE,IMPROPER LANE USAGE,9900,S,WINSTON AVE,2213,,,,,,,2,NO INDICATION OF INJURY,0,0,0,0,0,2,0,13,4,4,,,,,
CLEAR,DAYLIGHT,TURNING,FOUR WAY,,STRAIGHT AND LEVEL,DRY,NO DEFECTS,ON SCENE,NO INJURY / DRIVE AWAY,Y,,,"$501 - $1,500",05/27/2025 15:29,FAILING TO YIELD RIGHT-OF-WAY,NOT APPLICABLE,3999,W,SCHUBERT AVE,2524,,,,,,,2,NO INDICATION OF INJURY,0,0,0,0,0,2,0,15,3,5,,,,,
CLEAR,DARKNESS,TURNING,FOUR WAY,,STRAIGHT AND LEVEL,DRY,NO DEFECTS,ON SCENE,INJURY AND / OR TOW DUE TO CRASH,Y,,,"$501 - $1,500",05/27/2025 21:18,IMPROPER TURNING/NO SIGNAL,UNABLE TO DETERMINE,6228,N,ORIOLE AVE,1612,,,,,,,2,NO INDICATION OF INJURY,0,0,0,0,0,2,0,21,3,5,,,,,
CLEAR,DAYLIGHT,REAR END,NOT DIVIDED,,STRAIGHT AND LEVEL,DRY,NO DEFECTS,NOT ON SCENE (DESK REPORT),INJURY AND / OR TOW DUE TO CRASH,,,,"OVER $1,500",05/27/2025 18:45,UNABLE TO DETERMINE,NOT APPLICABLE,6190,N,NORTHWEST HWY,1612,,,,,,,2,NONINCAPACITATING INJURY,1,0,0,1,0,1,0,17,3,5,,,,,
CLEAR,DAYLIGHT,ANGLE,NOT DIVIDED,,STRAIGHT AND LEVEL,DRY,UNKNOWN,ON SCENE,NO INJURY / DRIVE AWAY,,,,"OVER $1,500",05/27/2025 13:20,UNABLE TO DETERMINE,UNABLE TO DETERMINE,5440,S,CENTRAL AVE,811,,,,,,,2,NO INDICATION OF INJURY,0,0,0,0,0,2,0,13,3,5,,,,,
CLEAR,DAYLIGHT,REAR END,DIVIDED - W/MEDIAN BARRIER,,STRAIGHT AND LEVEL,DRY,NO DEFECTS,NOT ON SCENE (DESK REPORT),NO INJURY / DRIVE AWAY,,,,"OVER $1,500",05/27/2025 15:00,UNABLE TO DETERMINE,NOT APPLICABLE,150,W,63RD ST,311,,,,,,,2,NO INDICATION OF INJURY,0,0,0,0,0,2,0,14,3,5,,,,,
CLEAR,DAYLIGHT,TURNING,DIVIDED - W/MEDIAN (NOT RAISED),,STRAIGHT AND LEVEL,DRY,NO DEFECTS,,INJURY AND / OR TOW DUE TO CRASH,Y,,,"OVER $1,500",05/27/2025 16:40,UNABLE TO DETERMINE,UNABLE TO DETERMINE,1635,W,95TH ST,2213,,,,,,,2,NO INDICATION OF INJURY,0,0,0,0,0,2,0,15,3,5,,,,,
CLEAR,DAYLIGHT,TURNING,FOUR WAY,,STRAIGHT AND LEVEL,DRY,NO DEFECTS,ON SCENE,NO INJURY / DRIVE AWAY,,,Y,"OVER $1,500",05/27/2025 15:56,FAILING TO REDUCE SPEED TO AVOID CRASH,DISREGARDING TRAFFIC SIGNALS,7500,S,STONY ISLAND AVE,411,,,,,,,2,NO INDICATION OF INJURY,0,0,0,0,0,2,0,15,3,5,,,,,
CLEAR,"DARKNESS, LIGHTED ROAD",SIDESWIPE SAME DIRECTION,ONE-WAY,,STRAIGHT AND LEVEL,DRY,NO DEFECTS,ON SCENE,NO INJURY / DRIVE AWAY,,,,"OVER $1,500",05/27/2025 19:38,DISREGARDING ROAD MARKINGS,NOT APPLICABLE,3500,N,CLARK ST,1924,,,,,,,2,NO INDICATION OF INJURY,0,0,0,0,0,2,0,19,3,5,,,,,
CLEAR,DAYLIGHT,REAR END,DIVIDED - W/MEDIAN BARRIER,,STRAIGHT ON GRADE,DRY,NO DEFECTS,NOT ON SCENE (DESK REPORT),NO INJURY / DRIVE AWAY,,,,"OVER $1,500",05/27/2025 15:00,UNABLE TO DETERMINE,NOT APPLICABLE,9400,S,STONY ISLAND AVE,413,,,,,,,2,NO INDICATION OF INJURY,0,0,0,0,0,2,0,9,3,5,,,,,
CLEAR,DAYLIGHT,PEDALCYCLIST,NOT DIVIDED,,STRAIGHT AND LEVEL,DRY,NO DEFECTS,ON SCENE,INJURY AND / OR TOW DUE TO CRASH,,,,"OVER $1,500",05/27/2025 16:32,FAILING TO YIELD RIGHT-OF-WAY,FAILING TO YIELD RIGHT-OF-WAY,212,S,RACINE AVE,1231,,,,,,,2,"REPORTED, NOT EVIDENT",1,0,0,0,1,1,0,16,3,5,,,,,
CLEAR,DAYLIGHT,SIDESWIPE SAME DIRECTION,DIVIDED - W/MEDIAN (NOT RAISED),,STRAIGHT AND LEVEL,DRY,NO DEFECTS,NOT ON SCENE (DESK REPORT),NO INJURY / DRIVE AWAY,,,Y,"OVER $1,500",05/27/2025 17:45,IMPROPER OVERTAKING/PASSING,UNABLE TO DETERMINE,2230,W,LOGAN BLVD,1432,,,,,,,2,NO INDICATION OF INJURY,0,0,0,0,0,2,0,17,3,5,,,,,
CLEAR,DAYLIGHT,PARKED MOTOR VEHICLE,PARKING LOT,,STRAIGHT AND LEVEL,DRY,NO DEFECTS,NOT ON SCENE (DESK REPORT),NO INJURY / DRIVE AWAY,,Y,Y,"OVER $1,500",05/27/2025 13:50,IMPROPER BACKING,UNABLE TO DETERMINE,1606,W,76TH ST,611,,,,,,,2,NO INDICATION OF INJURY,0,0,0,0,0,1,0,8,3,5,,,,,
CLEAR,"DARKNESS, LIGHTED ROAD",PARKED MOTOR VEHICLE,DIVIDED - W/MEDIAN (NOT RAISED),,STRAIGHT AND LEVEL,DRY,NO DEFECTS,NOT ON SCENE (DESK REPORT),NO INJURY / DRIVE AWAY,,,Y,"$501 - $1,500",04/10/2025 11:50,IMPROPER BACKING,UNABLE TO DETERMINE,4759,N,TROY ST,1713,,,,,,,2,NO INDICATION OF INJURY,0,0,0,0,0,2,0,21,4,4,,,,,
UNKNOWN,UNKNOWN,PARKED MOTOR VEHICLE,NOT DIVIDED,,STRAIGHT AND LEVEL,UNKNOWN,NO DEFECTS,,INJURY AND / OR TOW DUE TO CRASH,,,Y,$500 OR LESS,05/27/2025 8:13,FAILING TO REDUCE SPEED TO AVOID CRASH,UNABLE TO DETERMINE,5824,W,BELDEN AVE,2515,,,,,,,2,NO INDICATION OF INJURY,0,0,0,0,0,1,0,8,3,5,,,,,
CLEAR,"DARKNESS, LIGHTED ROAD",PARKED MOTOR VEHICLE,NOT DIVIDED,,STRAIGHT AND LEVEL,DRY,NO DEFECTS,ON SCENE,NO INJURY / DRIVE AWAY,,,Y,"OVER $1,500",05/27/2025 23:42,UNABLE TO DETERMINE,UNABLE TO DETERMINE,3036,N,LOCKWOOD AVE,2514,,,,,,,4,NO INDICATION OF INJURY,0,0,0,0,0,1,0,23,3,5,,,,,
CLEAR,DAYLIGHT,PARKED MOTOR VEHICLE,NOT DIVIDED,,STRAIGHT AND LEVEL,DRY,NO DEFECTS,NOT ON SCENE (DESK REPORT),NO INJURY / DRIVE AWAY,,,Y,"OVER $1,500",05/27/2025 17:37,UNABLE TO DETERMINE,NOT APPLICABLE,1343,W,FOSTER AVE,2033,,,,,,,2,NO INDICATION OF INJURY,0,0,0,0,0,1,0,8,3,5,,,,,
CLEAR,DAYLIGHT,PARKED MOTOR VEHICLE,NOT DIVIDED,,STRAIGHT AND LEVEL,DRY,NO DEFECTS,NOT ON SCENE (DESK REPORT),NO INJURY / DRIVE AWAY,,,,"OVER $1,500",05/27/2025 15:30,NOT APPLICABLE,UNABLE TO DETERMINE,2420,W,113TH ST,2212,,,,,,,2,NO INDICATION OF INJURY,0,0,0,0,0,2,0,7,3,5,,,,,
CLEAR,DAYLIGHT,PARKED MOTOR VEHICLE,DIVIDED - W/MEDIAN (NOT RAISED),,STRAIGHT AND LEVEL,DRY,NO DEFECTS,NOT ON SCENE (DESK REPORT),NO INJURY / DRIVE AWAY,,,,"OVER $1,500",05/27/2025 16:29,UNABLE TO DETERMINE,NOT APPLICABLE,680,N,LAKE SHORE DR,1834,,,,,,,2,NO INDICATION OF INJURY,0,0,0,0,0,3,0,15,3,5,,,,,
UNKNOWN,UNKNOWN,PARKED MOTOR VEHICLE,ONE-WAY,,STRAIGHT AND LEVEL,UNKNOWN,UNKNOWN,NOT ON SCENE (DESK REPORT),NO INJURY / DRIVE AWAY,,,Y,"OVER $1,500",05/28/2025 16:28,UNABLE TO DETERMINE,NOT APPLICABLE,4223,W,GRENSHAW ST,1132,,,,,,,2,NO INDICATION OF INJURY,0,0,0,0,0,1,0,18,3,5,,,,,
CLEAR,DAYLIGHT,TURNING,NOT DIVIDED,,STRAIGHT AND LEVEL,DRY,UNKNOWN,ON SCENE,NO INJURY / DRIVE AWAY,Y,,,"OVER $1,500",05/27/2025 18:58,DISREGARDING STOP SIGN,UNABLE TO DETERMINE,3932,S,ROCKWELL ST,921,,,,,,,2,NO INDICATION OF INJURY,0,0,0,0,0,4,0,18,3,5,,,,,
CLEAR,DAYLIGHT,PARKED MOTOR VEHICLE,DIVIDED - W/MEDIAN (NOT RAISED),,STRAIGHT AND LEVEL,DRY,UNKNOWN,NOT ON SCENE (DESK REPORT),NO INJURY / DRIVE AWAY,,,,"OVER $1,500",05/27/2025 18:20,UNABLE TO DETERMINE,NOT APPLICABLE,2925,N,AUSTIN AVE,2514,,,,,,,3,NO INDICATION OF INJURY,0,0,0,0,0,3,0,17,3,5,,,,,
CLEAR,DAYLIGHT,PARKED MOTOR VEHICLE,ONE-WAY,,STRAIGHT AND LEVEL,DRY,NO DEFECTS,NOT ON SCENE (DESK REPORT),NO INJURY / DRIVE AWAY,Y,,,"$501 - $1,500",05/27/2025 12:13,FOLLOWING TOO CLOSELY,UNABLE TO DETERMINE,10,S,LOCKWOOD AVE,1522,,,,,,,2,NO INDICATION OF INJURY,0,0,0,0,0,3,0,11,3,5,,,,,
UNKNOWN,UNKNOWN,PARKED MOTOR VEHICLE,ONE-WAY,,STRAIGHT AND LEVEL,UNKNOWN,UNKNOWN,NOT ON SCENE (DESK REPORT),NO INJURY / DRIVE AWAY,,,Y,"OVER $1,500",05/27/2025 18:10,UNABLE TO DETERMINE,NOT APPLICABLE,1128,N,LECLAIRE AVE,1531,,,,,,,2,NO INDICATION OF INJURY,0,0,0,0,0,1,0,7,3,5,,,,,
CLEAR,DAYLIGHT,PARKED MOTOR VEHICLE,ONE-WAY,,STRAIGHT AND LEVEL,DRY,NO DEFECTS,NOT ON SCENE (DESK REPORT),NO INJURY / DRIVE AWAY,,,Y,"OVER $1,500",05/27/2025 19:08,DRIVING SKILLS/KNOWLEDGE/EXPERIENCE,NOT APPLICABLE,2117,W,EVERGREEN AVE,1424,,,,,,,2,NO INDICATION OF INJURY,0,0,0,0,0,1,0,10,3,5,,,,,
CLEAR,DAYLIGHT,ANGLE,NOT DIVIDED,,STRAIGHT AND LEVEL,DRY,NO DEFECTS,ON SCENE,INJURY AND / OR TOW DUE TO CRASH,Y,,Y,"OVER $1,500",05/27/2025 7:31,DISREGARDING TRAFFIC SIGNALS,NOT APPLICABLE,10700,S,STATE ST,513,,,,,,,2,"REPORTED, NOT EVIDENT",1,0,0,0,1,1,0,7,3,5,,,,,
UNKNOWN,UNKNOWN,PARKED MOTOR VEHICLE,PARKING LOT,,STRAIGHT AND LEVEL,UNKNOWN,UNKNOWN,NOT ON SCENE (DESK REPORT),NO INJURY / DRIVE AWAY,,,Y,"OVER $1,500",06/03/2025 14:40,UNABLE TO DETERMINE,UNABLE TO DETERMINE,4649,W,FOSTER AVE,1712,,,,,,,2,NO INDICATION OF INJURY,0,0,0,0,0,1,0,13,3,5,,,,,
CLEAR,DAYLIGHT,REAR END,DIVIDED - W/MEDIAN (NOT RAISED),,STRAIGHT AND LEVEL,DRY,NO DEFECTS,NOT ON SCENE (DESK REPORT),INJURY AND / OR TOW DUE TO CRASH,,,,"OVER $1,500",04/09/2025 14:56,FOLLOWING TOO CLOSELY,NOT APPLICABLE,200,E,71ST ST,322,,,,,,,2,"REPORTED, NOT EVIDENT",1,0,0,0,1,2,0,13,4,4,,,,,
CLOUDY/OVERCAST,DAYLIGHT,SIDESWIPE SAME DIRECTION,NOT DIVIDED,,STRAIGHT AND LEVEL,DRY,NO DEFECTS,ON SCENE,INJURY AND / OR TOW DUE TO CRASH,,,Y,"OVER $1,500",05/27/2025 15:50,FOLLOWING TOO CLOSELY,IMPROPER OVERTAKING/PASSING,4515,S,WESTERN BLVD,924,,,,,,,2,NO INDICATION OF INJURY,0,0,0,0,0,2,0,15,3,5,,,,,
CLOUDY/OVERCAST,DAYLIGHT,REAR TO FRONT,NOT DIVIDED,,STRAIGHT AND LEVEL,DRY,NO DEFECTS,NOT ON SCENE (DESK REPORT),NO INJURY / DRIVE AWAY,,,,$500 OR LESS,05/27/2025 12:00,IMPROPER BACKING,NOT APPLICABLE,1210,N,CLARK ST,1821,,,,,,,2,NO INDICATION OF INJURY,0,0,0,0,0,2,0,10,3,5,,,,,
CLEAR,UNKNOWN,PARKED MOTOR VEHICLE,ONE-WAY,,STRAIGHT AND LEVEL,DRY,UNKNOWN,ON SCENE,NO INJURY / DRIVE AWAY,,,,"OVER $1,500",05/27/2025 5:29,UNABLE TO DETERMINE,UNABLE TO DETERMINE,5430,W,THOMAS ST,1524,,,,,,,2,NO INDICATION OF INJURY,0,0,0,0,0,1,0,4,3,5,,,,,
CLEAR,DAYLIGHT,PARKED MOTOR VEHICLE,NOT DIVIDED,,STRAIGHT AND LEVEL,DRY,UNKNOWN,NOT ON SCENE (DESK REPORT),NO INJURY / DRIVE AWAY,,,Y,"OVER $1,500",05/27/2025 16:56,UNABLE TO DETERMINE,NOT APPLICABLE,1913,N,HAMLIN AVE,2535,,,,,,,2,NO INDICATION OF INJURY,0,0,0,0,0,1,0,15,3,5,,,,,
CLEAR,DAYLIGHT,SIDESWIPE SAME DIRECTION,DIVIDED - W/MEDIAN (NOT RAISED),,STRAIGHT AND LEVEL,DRY,NO DEFECTS,NOT ON SCENE (DESK REPORT),NO INJURY / DRIVE AWAY,,,,"OVER $1,500",05/27/2025 18:20,IMPROPER LANE USAGE,UNABLE TO DETERMINE,4200,W,BELMONT AVE,1731,,,,,,,2,NO INDICATION OF INJURY,0,0,0,0,0,3,0,17,3,5,,,,,
CLEAR,DAYLIGHT,SIDESWIPE SAME DIRECTION,Y-INTERSECTION,,STRAIGHT AND LEVEL,DRY,NO DEFECTS,,NO INJURY / DRIVE AWAY,,,,"OVER $1,500",05/28/2025 19:35,UNABLE TO DETERMINE,NOT APPLICABLE,3127,W,LOGAN BLVD,1414,,,,,,,2,NO INDICATION OF INJURY,0,0,0,0,0,2,0,8,3,5,,,,,
CLEAR,DAYLIGHT,REAR END,OTHER,,STRAIGHT AND LEVEL,UNKNOWN,UNKNOWN,NOT ON SCENE (DESK REPORT),NO INJURY / DRIVE AWAY,,,,"OVER $1,500",01/17/2025 17:15,UNABLE TO DETERMINE,UNABLE TO DETERMINE,4817,W,GEORGE ST,2521,,,,,,,2,NO INDICATION OF INJURY,0,0,0,0,0,2,0,14,6,1,,,,,
UNKNOWN,DAYLIGHT,ANGLE,ONE-WAY,,STRAIGHT AND LEVEL,UNKNOWN,UNKNOWN,,INJURY AND / OR TOW DUE TO CRASH,Y,,,"OVER $1,500",04/09/2025 15:15,UNABLE TO DETERMINE,NOT APPLICABLE,5529,W,POTOMAC AVE,2532,,,,,,,2,"REPORTED, NOT EVIDENT",1,0,0,0,1,2,0,14,4,4,,,,,
CLOUDY/OVERCAST,DAYLIGHT,PEDALCYCLIST,ONE-WAY,,STRAIGHT AND LEVEL,DRY,NO DEFECTS,ON SCENE,NO INJURY / DRIVE AWAY,,,,"$501 - $1,500",05/27/2025 15:39,FAILING TO REDUCE SPEED TO AVOID CRASH,NOT APPLICABLE,3500,N,RAVENSWOOD AVE,1922,,,Y,,,,2,NO INDICATION OF INJURY,0,0,0,0,0,2,0,15,3,5,,,,,