WEATHER_CONDITION,LIGHTING_CONDITION,FIRST_CRASH_TYPE,TRAFFICWAY_TYPE,LANE_CNT,ALIGNMENT,ROADWAY_SURFACE_COND,ROAD_DEFECT,REPORT_TYPE,CRASH_TYPE,INTERSECTION_RELATED_I,NOT_RIGHT_OF_WAY_I,HIT_AND_RUN_I,DAMAGE,DATE_POLICE_NOTIFIED,PRIM_CONTRIBUTORY_CAUSE,SEC_CONTRIBUTORY_CAUSE,STREET_NO,STREET_DIRECTION,STREET_NAME,BEAT_OF_OCCURRENCE,PHOTOS_TAKEN_I,STATEMENTS_TAKEN_I,DOORING_I,WORK_ZONE_I,WORK_ZONE_TYPE,WORKERS_PRESENT_I,NUM_UNITS,MOST_SEVERE_INJURY,INJURIES_TOTAL,INJURIES_FATAL,INJURIES_INCAPACITATING,INJURIES_NON_INCAPACITATING,INJURIES_REPORTED_NOT_EVIDENT,INJURIES_NO_INDICATION,INJURIES_UNKNOWN,CRASH_HOUR,CRASH_DAY_OF_WEEK,CRASH_MONTH,INJURIES_NO_INDICATION,INJURIES_UNKNOWN,CRASH_HOUR,CRASH_DAY_OF_WEEK,CRASH_MONTH
CLEAR,DAYLIGHT,ANGLE,ONE-WAY,,STRAIGHT AND LEVEL,DRY,NO DEFECTS,NOT ON SCENE (DESK REPORT),NO INJURY / DRIVE AWAY,,,,"OVER $1,500",05/27/2025 17:55,DISREGARDING STOP SIGN,NOT APPLICABLE,9157,S,PAXTON AVE,413,,,,,,,2,NO INDICATION OF INJURY,0,0,0,0,0,2,0,15,3,5,,,,,
CLEAR,DAYLIGHT,ANGLE,FOUR WAY,,STRAIGHT AND LEVEL,DRY,NO DEFECTS,ON SCENE,INJURY AND / OR TOW DUE TO CRASH,Y,,,"OVER $1,500",05/27/2025 6:18,DISREGARDING TRAFFIC SIGNALS,NOT APPLICABLE,1559,W,74TH ST,734,,Y,,,,,3,NONINCAPACITATING INJURY,2,0,0,1,1,5,0,6,3,5,,,,,
CLEAR,DARKNESS,PARKED MOTOR VEHICLE,ONE-WAY,,STRAIGHT AND LEVEL,SNOW OR SLUSH,NO DEFECTS,ON SCENE,NO INJURY / DRIVE AWAY,,,Y,"OVER $1,500",01/17/2025 7:22,UNABLE TO DETERMINE,NOT APPLICABLE,8456,S,INGLESIDE AVE,632,,,,,,,2,NO INDICATION OF INJURY,0,0,0,0,0,1,0,2,6,1,,,,,
CLEAR,DAYLIGHT,REAR END,FOUR WAY,,STRAIGHT AND LEVEL,DRY,NO DEFECTS,ON SCENE,INJURY AND / OR TOW DUE TO CRASH,Y,,,"OVER $1,500",05/27/2025 17:41,FAILING TO REDUCE SPEED TO AVOID CRASH,FAILING TO REDUCE SPEED TO AVOID CRASH,3035,W,JACKSON BLVD,1124,Y,Y,,,,,2,"REPORTED, NOT EVIDENT",1,0,0,0,1,1,0,17,3,5,,,,,
CLEAR,"DARKNESS, LIGHTED ROAD",ANGLE,ALLEY,,STRAIGHT AND LEVEL,DRY,NO DEFECTS,NOT ON SCENE (DESK REPORT),NO INJURY / DRIVE AWAY,,,,"OVER $1,500",05/28/2025 0:35,UNABLE TO DETERMINE,NOT APPLICABLE,1553,N,ST LOUIS AVE,1422,,,,,,,2,NO INDICATION OF INJURY,0,0,0,0,0,4,0,22,3,5,,,,,
CLEAR,DARKNESS,SIDESWIPE SAME DIRECTION,FOUR WAY,,STRAIGHT AND LEVEL,DRY,NO DEFECTS,ON SCENE,INJURY AND / OR TOW DUE TO CRASH,Y,,,"OVER $1,500",06/15/2024 22:39,IMPROPER OVERTAKING/PASSING,UNABLE TO DETERMINE,4200,W,16TH ST,1012,,,,,,,2,NO INDICATION OF INJURY,0,0,0,0,0,6,0,22,7,6,,,,,
UNKNOWN,UNKNOWN,TURNING,OTHER,,STRAIGHT AND LEVEL,UNKNOWN,UNKNOWN,NOT ON SCENE (DESK REPORT),NO INJURY / DRIVE AWAY,,,,"OVER $1,500",04/09/2025 21:15,NOT APPLICABLE,NOT APPLICABLE,370,W,BELMONT AVE,1925,,,,,,,2,NO INDICATION OF INJURY,0,0,0,0,0,2,0,20,4,4,,,,,
CLOUDY/OVERCAST,DAYLIGHT,PARKED MOTOR VEHICLE,ALLEY,,STRAIGHT AND LEVEL,DRY,NO DEFECTS,NOT ON SCENE (DESK REPORT),NO INJURY / DRIVE AWAY,,,Y,"OVER $1,500",04/09/2025 17:10,NOT APPLICABLE,NOT APPLICABLE,757,N,AUSTIN BLVD,1511,,,,,,,2,NO INDICATION OF INJURY,0,0,0,0,0,1,0,16,4,4,,,,,
CLEAR,DAYLIGHT,SIDESWIPE SAME DIRECTION,NOT DIVIDED,,STRAIGHT AND LEVEL,DRY,NO DEFECTS,ON SCENE,NO INJURY / DRIVE AWAY,,,Y,"$501 - $1,500",04/09/2025 15:18,IMPROPER LANE USAGE,IMPROPER LANE USAGE,9812,S,HALSTED ST,2223,,,,,,,2,NO INDICATION OF INJURY,0,0,0,0,0,2,0,15,4,4,,,,,
CLEAR,DAYLIGHT,PEDESTRIAN,NOT DIVIDED,,STRAIGHT AND LEVEL,DRY,NO DEFECTS,ON SCENE,INJURY AND / OR TOW DUE TO CRASH,,,,$500 OR LESS,05/27/2025 15:08,FAILING TO YIELD RIGHT-OF-WAY,FAILING TO YIELD RIGHT-OF-WAY,1711,N,CALIFORNIA AVE,1421,,,,,,,2,NONINCAPACITATING INJURY,1,0,0,1,0,1,0,15,3,5,,,,,
CLOUDY/OVERCAST,DAYLIGHT,PARKED MOTOR VEHICLE,PARKING LOT,,STRAIGHT AND LEVEL,DRY,NO DEFECTS,NOT ON SCENE (DESK REPORT),NO INJURY / DRIVE AWAY,,,,$500 OR LESS,04/09/2025 10:52,UNABLE TO DETERMINE,UNABLE TO DETERMINE,3305,N,CALIFORNIA AVE,1733,,,,,,,2,NO INDICATION OF INJURY,0,0,0,0,0,1,0,9,4,4,,,,,
RAIN,"DARKNESS, LIGHTED ROAD",TURNING,FOUR WAY,,STRAIGHT AND LEVEL,WET,NO DEFECTS,ON SCENE,INJURY AND / OR TOW DUE TO CRASH,Y,,,"OVER $1,500",06/24/2025 22:53,FAILING TO REDUCE SPEED TO AVOID CRASH,IMPROPER TURNING/NO SIGNAL,5201,N,ELSTON AVE,1621,,,,,,,2,"REPORTED, NOT EVIDENT",1,0,0,0,1,1,0,22,3,6,,,,,
CLEAR,DAYLIGHT,TURNING,NOT DIVIDED,,STRAIGHT AND LEVEL,DRY,NO DEFECTS,ON SCENE,NO INJURY / DRIVE AWAY,,,,"$501 - $1,500",01/17/2025 7:30,IMPROPER TURNING/NO SIGNAL,NOT APPLICABLE,3661,N,ELSTON AVE,1733,,,,,,,2,NO INDICATION OF INJURY,0,0,0,0,0,3,0,7,6,1,,,,,
SNOW,DAYLIGHT,ANGLE,NOT DIVIDED,,STRAIGHT AND LEVEL,WET,UNKNOWN,,INJURY AND / OR TOW DUE TO CRASH,Y,,,"OVER $1,500",01/17/2025 7:48,FAILING TO YIELD RIGHT-OF-WAY,NOT APPLICABLE,7600,S,KINGSTON AVE,421,,,,,,,2,NONINCAPACITATING INJURY,2,0,0,2,0,3,0,7,6,1,,,,,
RAIN,DAYLIGHT,SIDESWIPE SAME DIRECTION,DIVIDED - W/MEDIAN (NOT RAISED),,STRAIGHT AND LEVEL,WET,NO DEFECTS,,INJURY AND / OR TOW DUE TO CRASH,,,Y,"OVER $1,500",04/09/2025 16:30,UNDER THE INFLUENCE OF ALCOHOL/DRUGS (USE WHEN ARREST IS EFFECTED),NOT APPLICABLE,2759,S,WESTERN AVE,1034,,,,,,,3,NO INDICATION OF INJURY,0,0,0,0,0,3,0,16,4,4,,,,,
CLEAR,"DARKNESS, LIGHTED ROAD",PARKED MOTOR VEHICLE,NOT DIVIDED,,STRAIGHT AND LEVEL,WET,NO DEFECTS,,INJURY AND / OR TOW DUE TO CRASH,,,Y,"OVER $1,500",01/17/2025 2:33,UNABLE TO DETERMINE,NOT APPLICABLE,3818,W,MONTROSE AVE,1723,,,,,,,3,NO INDICATION OF INJURY,0,0,0,0,0,1,0,2,6,1,,,,,
RAIN,DAYLIGHT,PEDALCYCLIST,Y-INTERSECTION,,STRAIGHT AND LEVEL,WET,NO DEFECTS,ON SCENE,INJURY AND / OR TOW DUE TO CRASH,,,,$500 OR LESS,04/09/2025 18:38,FAILING TO YIELD RIGHT-OF-WAY,NOT APPLICABLE,1571,W,OGDEN AVE,1224,,,N,,,,2,NONINCAPACITATING INJURY,1,0,0,1,0,1,0,18,4,4,,,,,
CLEAR,DAYLIGHT,ANGLE,ALLEY,,STRAIGHT AND LEVEL,WET,UNKNOWN,NOT ON SCENE (DESK REPORT),NO INJURY / DRIVE AWAY,N,,,"OVER $1,500",04/09/2025 20:11,FAILING TO YIELD RIGHT-OF-WAY,FAILING TO YIELD RIGHT-OF-WAY,2023,W,CULLERTON ST,1234,,,,,,,2,NO INDICATION OF INJURY,0,0,0,0,0,2,0,6,4,4,,,,,
RAIN,DAYLIGHT,PEDESTRIAN,DIVIDED - W/MEDIAN (NOT RAISED),,STRAIGHT AND LEVEL,WET,WORN SURFACE,ON SCENE,NO INJURY / DRIVE AWAY,,,,$500 OR LESS,04/09/2025 14:45,NOT APPLICABLE,NOT APPLICABLE,2,S,STATE ST,112,,,,,,,2,NO INDICATION OF INJURY,0,0,0,0,0,3,0,14,4,4,,,,,
CLEAR,DAYLIGHT,SIDESWIPE SAME DIRECTION,NOT DIVIDED,,STRAIGHT AND LEVEL,DRY,NO DEFECTS,,NO INJURY / DRIVE AWAY,,,Y,"OVER $1,500",04/10/2025 15:15,IMPROPER LANE USAGE,FAILING TO YIELD RIGHT-OF-WAY,700,E,100TH PL,511,,,,,,,2,NO INDICATION OF INJURY,0,0,0,0,0,2,0,8,4,4,,,,,
CLEAR,DAYLIGHT,ANGLE,CENTER TURN LANE,,STRAIGHT ON GRADE,DRY,NO DEFECTS,NOT ON SCENE (DESK REPORT),NO INJURY / DRIVE AWAY,,,,"$501 - $1,500",04/09/2025 8:25,FAILING TO YIELD RIGHT-OF-WAY,NOT APPLICABLE,4632,N,BROADWAY,1913,,,,,,,2,NO INDICATION OF INJURY,0,0,0,0,0,2,0,7,4,4,,,,,
CLEAR,DAYLIGHT,PEDESTRIAN,ALLEY,,STRAIGHT AND LEVEL,DRY,NO DEFECTS,ON SCENE,INJURY AND / OR TOW DUE TO CRASH,,,,"OVER $1,500",05/27/2025 17:59,FAILING TO YIELD RIGHT-OF-WAY,FAILING TO YIELD RIGHT-OF-WAY,3164,W,57TH ST,824,,Y,,,,,2,"REPORTED, NOT EVIDENT",1,0,0,0,1,2,0,17,3,5,,,,,
CLOUDY/OVERCAST,DAYLIGHT,REAR END,DIVIDED - W/MEDIAN BARRIER,,STRAIGHT AND LEVEL,DRY,NO DEFECTS,ON SCENE,NO INJURY / DRIVE AWAY,,,,"$501 - $1,500",05/27/2025 15:34,UNABLE TO DETERMINE,UNABLE TO DETERMINE,7598,S,STONY ISLAND AVE,411,,,,,,,2,NO INDICATION OF INJURY,0,0,0,0,0,2,0,15,3,5,,,,,
CLEAR,DAYLIGHT,PARKED MOTOR VEHICLE,NOT DIVIDED,,STRAIGHT AND LEVEL,DRY,UNKNOWN,NOT ON SCENE (DESK REPORT),NO INJURY / DRIVE AWAY,,,,"OVER $1,500",04/09/2025 17:00,FOLLOWING TOO CLOSELY,FOLLOWING TOO CLOSELY,3612,N,ARTESIAN AVE,1921,,,,,,,2,NO INDICATION OF INJURY,0,0,0,0,0,1,0,14,4,4,,,,,
CLEAR,DARKNESS,PARKED MOTOR VEHICLE,ONE-WAY,,STRAIGHT AND LEVEL,DRY,NO DEFECTS,NOT ON SCENE (DESK REPORT),NO INJURY / DRIVE AWAY,,,Y,"OVER $1,500",01/18/2025 10:56,UNABLE TO DETERMINE,UNABLE TO DETERMINE,5200,S,TRUMBULL AVE,822,,,,,,,2,NO INDICATION OF INJURY,0,0,0,0,0,1,0,20,6,1,,,,,
CLOUDY/OVERCAST,DAYLIGHT,REAR TO SIDE,FOUR WAY,,STRAIGHT AND LEVEL,WET,UNKNOWN,NOT ON SCENE (DESK REPORT),NO INJURY / DRIVE AWAY,Y,,,"OVER $1,500",04/09/2025 18:30,IMPROPER BACKING,NOT APPLICABLE,7130,S,OGLESBY AVE,334,,,,,,,2,NO INDICATION OF INJURY,0,0,0,0,0,2,0,16,4,4,,,,,
CLEAR,DAYLIGHT,REAR TO SIDE,PARKING LOT,,STRAIGHT AND LEVEL,DRY,NO DEFECTS,NOT ON SCENE (DESK REPORT),NO INJURY / DRIVE AWAY,,Y,,"OVER $1,500",04/09/2025 13:50,FAILING TO YIELD RIGHT-OF-WAY,NOT APPLICABLE,3611,E,106TH ST,432,,,,,,,2,NO INDICATION OF INJURY,0,0,0,0,0,2,0,13,4,4,,,,,
CLEAR,DAYLIGHT,TURNING,NOT DIVIDED,,STRAIGHT AND LEVEL,DRY,NO DEFECTS,ON SCENE,INJURY AND / OR TOW DUE TO CRASH,,,,"OVER $1,500",01/17/2025 7:21,DISTRACTION - FROM INSIDE VEHICLE,DRIVING SKILLS/KNOWLEDGE/EXPERIENCE,8636,S,KOMENSKY AVE,834,,Y,,,,,2,NONINCAPACITATING INJURY,1,0,0,1,0,2,0,6,6,1,,,,,
CLEAR,DAYLIGHT,TURNING,NOT DIVIDED,,STRAIGHT AND LEVEL,DRY,NO DEFECTS,ON SCENE,NO INJURY / DRIVE AWAY,,,,"OVER $1,500",05/27/2025 8:07,UNABLE TO DETERMINE,NOT APPLICABLE,5134,S,KEDZIE AVE,822,,,,,,,2,NO INDICATION OF INJURY,0,0,0,0,0,2,0,8,3,5,,,,,
CLEAR,DAYLIGHT,REAR END,DIVIDED - W/MEDIAN BARRIER,,STRAIGHT AND LEVEL,DRY,NO DEFECTS,ON SCENE,INJURY AND / OR TOW DUE TO CRASH,Y,,,"OVER $1,500",05/27/2025 8:09,FAILING TO REDUCE SPEED TO AVOID CRASH,UNABLE TO DETERMINE,5559,N,CUMBERLAND AVE,1614,,,,,,,2,NO INDICATION OF INJURY,0,0,0,0,0,3,0,8,3,5,,,,,
CLOUDY/OVERCAST,DAYLIGHT,SIDESWIPE SAME DIRECTION,NOT DIVIDED,,STRAIGHT AND LEVEL,DRY,UNKNOWN,ON SCENE,NO INJURY / DRIVE AWAY,,,,"$501 - $1,500",05/27/2025 8:42,IMPROPER LANE USAGE,NOT APPLICABLE,600,W,CHICAGO AVE,1822,,,,,,,2,NO INDICATION OF INJURY,0,0,0,0,0,2,0,8,3,5,,,,,
CLEAR,DAYLIGHT,TURNING,NOT DIVIDED,,STRAIGHT AND LEVEL,DRY,NO DEFECTS,ON SCENE,NO INJURY / DRIVE AWAY,,,,"OVER $1,500",05/27/2025 17:14,IMPROPER TURNING/NO SIGNAL,NOT APPLICABLE,1038,W,IRVING PARK RD,1915,,,,,,,2,NO INDICATION OF INJURY,0,0,0,0,0,2,0,17,3,5,,,,,
CLEAR,"DARKNESS, LIGHTED ROAD",PARKED MOTOR VEHICLE,ONE-WAY,,STRAIGHT AND LEVEL,UNKNOWN,UNKNOWN,NOT ON SCENE (DESK REPORT),NO INJURY / DRIVE AWAY,,,,"OVER $1,500",01/17/2025 7:35,UNABLE TO DETERMINE,UNABLE TO DETERMINE,500,W,ADAMS ST,121,,,,,,,2,NO INDICATION OF INJURY,0,0,0,0,0,2,0,6,6,1,,,,,
CLEAR,DAYLIGHT,ANGLE,FOUR WAY,,STRAIGHT AND LEVEL,DRY,NO DEFECTS,ON SCENE,INJURY AND / OR TOW DUE TO CRASH,Y,,Y,"$501 - $1,500",04/09/2025 14:49,DISREGARDING TRAFFIC SIGNALS,NOT APPLICABLE,5100,S,UNION AVE,935,,,,,,,2,NO INDICATION OF INJURY,0,0,0,0,0,2,0,14,4,4,,,,,
CLEAR,DAYLIGHT,REAR END,DIVIDED - W/MEDIAN (NOT RAISED),,STRAIGHT AND LEVEL,DRY,UNKNOWN,ON SCENE,NO INJURY / DRIVE AWAY,Y,,Y,"$501 - $1,500",05/27/2025 7:11,UNABLE TO DETERMINE,NOT APPLICABLE,2700,E,83RD ST,423,,,,,,,2,NO INDICATION OF INJURY,0,0,0,0,0,3,0,7,3,5,,,,,
CLEAR,DAYLIGHT,REAR TO SIDE,DIVIDED - W/MEDIAN (NOT RAISED),,STRAIGHT AND LEVEL,DRY,NO DEFECTS,NOT ON SCENE (DESK REPORT),NO INJURY / DRIVE AWAY,,,,"OVER $1,500",04/09/2025 13:00,IMPROPER BACKING,NOT APPLICABLE,7613,S,JEFFERY BLVD,414,,,,,,,2,NO INDICATION OF INJURY,0,0,0,0,0,2,0,12,4,4,,,,,
CLEAR,DAYLIGHT,TURNING,NOT DIVIDED,,STRAIGHT AND LEVEL,DRY,NO DEFECTS,NOT ON SCENE (DESK REPORT),NO INJURY / DRIVE AWAY,,,,"OVER $1,500",05/27/2025 19:10,UNABLE TO DETERMINE,UNABLE TO DETERMINE,1611,N,CENTRAL AVE,2532,,,,,,,2,NO INDICATION OF INJURY,0,0,0,0,0,2,0,15,3,5,,,,,
CLEAR,DAYLIGHT,PARKED MOTOR VEHICLE,PARKING LOT,,STRAIGHT AND LEVEL,DRY,UNKNOWN,NOT ON SCENE (DESK REPORT),NO INJURY / DRIVE AWAY,,Y,,"$501 - $1,500",04/09/2025 13:10,FAILING TO YIELD RIGHT-OF-WAY,FAILING TO YIELD RIGHT-OF-WAY,300,S,DAMEN AVE,1225,,,,,,,2,NO INDICATION OF INJURY,0,0,0,0,0,1,0,11,4,4,,,,,
CLEAR,DAYLIGHT,PARKED MOTOR VEHICLE,ONE-WAY,,STRAIGHT AND LEVEL,DRY,UNKNOWN,NOT ON SCENE (DESK REPORT),NO INJURY / DRIVE AWAY,,,Y,"OVER $1,500",05/27/2025 8:10,UNABLE TO DETERMINE,UNABLE TO DETERMINE,5728,N,ARTESIAN AVE,2011,,,,,,,2,NO INDICATION OF INJURY,0,0,0,0,0,1,0,7,3,5,,,,,
CLEAR,DARKNESS,REAR END,NOT DIVIDED,,STRAIGHT AND LEVEL,DRY,NO DEFECTS,ON SCENE,NO INJURY / DRIVE AWAY,,,,"OVER $1,500",01/17/2025 21:50,FOLLOWING TOO CLOSELY,UNABLE TO DETERMINE,703,N,WESTERN AVE,1221,,,,,,,2,NO INDICATION OF INJURY,0,0,0,0,0,2,0,21,6,1,,,,,
CLEAR,DAYLIGHT,ANGLE,DIVIDED - W/MEDIAN (NOT RAISED),,STRAIGHT AND LEVEL,DRY,NO DEFECTS,ON SCENE,INJURY AND / OR TOW DUE TO CRASH,Y,,,"OVER $1,500",05/27/2025 5:51,FAILING TO YIELD RIGHT-OF-WAY,NOT APPLICABLE,2602,S,KOSTNER AVE,1031,,,,,,,2,NO INDICATION OF INJURY,0,0,0,0,0,2,0,5,3,5,,,,,
CLEAR,DARKNESS,FIXED OBJECT,NOT DIVIDED,,STRAIGHT AND LEVEL,WET,NO DEFECTS,ON SCENE,INJURY AND / OR TOW DUE TO CRASH,,,,"OVER $1,500",01/17/2025 0:31,FAILING TO REDUCE SPEED TO AVOID CRASH,NOT APPLICABLE,1440,W,63RD ST,713,,,,,,,1,NONINCAPACITATING INJURY,1,0,0,1,0,1,0,0,6,1,,,,,
CLEAR,DARKNESS,TURNING,DIVIDED - W/MEDIAN (NOT RAISED),,STRAIGHT AND LEVEL,DRY,NO DEFECTS,ON SCENE,INJURY AND / OR TOW DUE TO CRASH,Y,Y,,"OVER $1,500",01/17/2025 19:05,FAILING TO YIELD RIGHT-OF-WAY,IMPROPER TURNING/NO SIGNAL,4853,W,LAWRENCE AVE,1623,,,,,,,3,"REPORTED, NOT EVIDENT",1,0,0,0,1,4,0,18,6,1,,,,,
UNKNOWN,UNKNOWN,PARKED MOTOR VEHICLE,ONE-WAY,,STRAIGHT AND LEVEL,DRY,NO DEFECTS,ON SCENE,NO INJURY / DRIVE AWAY,,,Y,"OVER $1,500",05/27/2025 12:59,UNABLE TO DETERMINE,NOT APPLICABLE,5155,W,IOWA ST,1531,,,,,,,2,NO INDICATION OF INJURY,0,0,0,0,0,1,0,12,3,5,,,,,
CLEAR,DAYLIGHT,PARKED MOTOR VEHICLE,NOT DIVIDED,,STRAIGHT AND LEVEL,DRY,UNKNOWN,ON SCENE,NO INJURY / DRIVE AWAY,,,,"OVER $1,500",04/09/2025 12:55,UNABLE TO DETERMINE,UNABLE TO DETERMINE,5558,W,HARRISON ST,1522,,,,,,,2,NO INDICATION OF INJURY,0,0,0,0,0,1,0,12,4,4,,,,,
CLEAR,DAYLIGHT,SIDESWIPE SAME DIRECTION,FOUR WAY,,STRAIGHT AND LEVEL,DRY,NO DEFECTS,NOT ON SCENE (DESK REPORT),NO INJURY / DRIVE AWAY,,,,"OVER $1,500",01/18/2025 12:15,UNABLE TO DETERMINE,UNABLE TO DETERMINE,935,N,MICHIGAN AVE,1833,,,,,,,2,NO INDICATION OF INJURY,0,0,0,0,0,3,0,7,6,1,,,,,
CLEAR,DAYLIGHT,REAR TO FRONT,NOT DIVIDED,,STRAIGHT AND LEVEL,DRY,NO DEFECTS,NOT ON SCENE (DESK REPORT),NO INJURY / DRIVE AWAY,,,,"$501 - $1,500",04/09/2025 15:44,IMPROPER BACKING,NOT APPLICABLE,7700,S,KEDZIE AVE,835,,,,,,,2,NO INDICATION OF INJURY,0,0,0,0,0,2,0,7,4,4,,,,,
CLEAR,DAYLIGHT,ANGLE,FOUR WAY,,STRAIGHT AND LEVEL,DRY,NO DEFECTS,NOT ON SCENE (DESK REPORT),NO INJURY / DRIVE AWAY,Y,,Y,"OVER $1,500",01/17/2025 11:55,DISREGARDING TRAFFIC SIGNALS,NOT APPLICABLE,4300,S,RACINE AVE,924,,,,,,,2,NO INDICATION OF INJURY,0,0,0,0,0,2,0,11,6,1,,,,,
CLEAR,DAYLIGHT,TURNING,DIVIDED - W/MEDIAN (NOT RAISED),,STRAIGHT AND LEVEL,DRY,NO DEFECTS,ON SCENE,NO INJURY / DRIVE AWAY,Y,,,"OVER $1,500",01/17/2025 15:22,UNABLE TO DETERMINE,UNABLE TO DETERMINE,3400,W,LAWRENCE AVE,1712,,,,,,,2,NO INDICATION OF INJURY,0,0,0,0,0,5,0,14,6,1,,,,,
CLEAR,DAYLIGHT,REAR TO SIDE,ONE-WAY,,STRAIGHT AND LEVEL,DRY,NO DEFECTS,NOT ON SCENE (DESK REPORT),INJURY AND / OR TOW DUE TO CRASH,,,,"OVER $1,500",04/09/2025 16:20,IMPROPER BACKING,NOT APPLICABLE,4435,W,LEXINGTON ST,1131,,,,,,,2,"REPORTED, NOT EVIDENT",1,0,0,0,1,1,0,15,4,4,,,,,
RAIN,DAYLIGHT,ANGLE,NOT DIVIDED,,STRAIGHT AND LEVEL,WET,NO DEFECTS,NOT ON SCENE (DESK REPORT),NO INJURY / DRIVE AWAY,,,,"OVER $1,500",05/27/2025 16:00,UNABLE TO DETERMINE,UNABLE TO DETERMINE,11000,S,DR MARTIN LUTHER KING JR DR,513,,,,,,,2,NO INDICATION OF INJURY,0,0,0,0,0,5,0,15,3,5,,,,,
CLOUDY/OVERCAST,DAYLIGHT,TURNING,NOT DIVIDED,,STRAIGHT AND LEVEL,DRY,NO DEFECTS,ON SCENE,INJURY AND / OR TOW DUE TO CRASH,Y,,,"OVER $1,500",04/09/2025 9:29,IMPROPER TURNING/NO SIGNAL,FAILING TO YIELD RIGHT-OF-WAY,6551,N,SHERIDAN RD,2432,,,,,,,2,NO INDICATION OF INJURY,0,0,0,0,0,2,0,9,4,4,,,,,
CLEAR,DAYLIGHT,SIDESWIPE SAME DIRECTION,NOT DIVIDED,,STRAIGHT AND LEVEL,DRY,OTHER,NOT ON SCENE (DESK REPORT),NO INJURY / DRIVE AWAY,,,,"$501 - $1,500",05/27/2025 8:35,NOT APPLICABLE,NOT APPLICABLE,2402,W,AINSLIE ST,2031,,,,,,,2,NO INDICATION OF INJURY,0,0,0,0,0,2,0,8,3,5,,,,,
RAIN,DAYLIGHT,SIDESWIPE SAME DIRECTION,NOT DIVIDED,,STRAIGHT AND LEVEL,WET,NO DEFECTS,NOT ON SCENE (DESK REPORT),INJURY AND / OR TOW DUE TO CRASH,,,,"OVER $1,500",04/09/2025 18:06,IMPROPER OVERTAKING/PASSING,NOT APPLICABLE,4700,W,DIVERSEY AVE,2521,,,,,,,2,"REPORTED, NOT EVIDENT",1,0,0,0,1,3,0,16,4,4,,,,,
CLEAR,DAYLIGHT,PEDESTRIAN,ONE-WAY,,STRAIGHT AND LEVEL,DRY,NO DEFECTS,ON SCENE,INJURY AND / OR TOW DUE TO CRASH,Y,,,"$501 - $1,500",01/17/2025 17:38,DISREGARDING STOP SIGN,FAILING TO REDUCE SPEED TO AVOID CRASH,1865,S,SPRINGFIELD AVE,1014,,,,,,,2,"REPORTED, NOT EVIDENT",1,0,0,0,1,1,0,17,6,1,,,,,
CLEAR,"DARKNESS, LIGHTED ROAD",PEDESTRIAN,FOUR WAY,,STRAIGHT AND LEVEL,DRY,NO DEFECTS,ON SCENE,INJURY AND / OR TOW DUE TO CRASH,,,Y,$500 OR LESS,01/17/2025 18:56,FAILING TO YIELD RIGHT-OF-WAY,NOT APPLICABLE,802,W,TAYLOR ST,1232,,,,,,,2,NONINCAPACITATING INJURY,1,0,0,1,0,1,0,18,6,1,,,,,
RAIN,DARKNESS,REAR END,FOUR WAY,,STRAIGHT AND LEVEL,UNKNOWN,NO DEFECTS,NOT ON SCENE (DESK REPORT),NO INJURY / DRIVE AWAY,,,,"OVER $1,500",04/09/2025 11:20,FOLLOWING TOO CLOSELY,FAILING TO REDUCE SPEED TO AVOID CRASH,4759,W,PETERSON AVE,1711,,,,,,,2,NO INDICATION OF INJURY,0,0,0,0,0,2,0,10,4,4,,,,,
UNKNOWN,UNKNOWN,PARKED MOTOR VEHICLE,NOT DIVIDED,,STRAIGHT AND LEVEL,UNKNOWN,UNKNOWN,NOT ON SCENE (DESK REPORT),NO INJURY / DRIVE AWAY,,,Y,"OVER $1,500",04/09/2025 10:30,UNABLE TO DETERMINE,UNABLE TO DETERMINE,4032,S,INDIANA AVE,213,,,,,,,2,NO INDICATION OF INJURY,0,0,0,0,0,1,0,9,4,4,,,,,
CLEAR,DAYLIGHT,REAR END,DIVIDED - W/MEDIAN BARRIER,,STRAIGHT AND LEVEL,DRY,NO DEFECTS,NOT ON SCENE (DESK REPORT),NO INJURY / DRIVE AWAY,Y,,Y,"OVER $1,500",04/09/2025 18:35,FOLLOWING TOO CLOSELY,FAILING TO REDUCE SPEED TO AVOID CRASH,2600,S,WESTERN AVE,1034,,,,,,,2,NO INDICATION OF INJURY,0,0,0,0,0,2,0,16,4,4,,,,,
CLEAR,DAYLIGHT,PARKED MOTOR VEHICLE,NOT DIVIDED,,STRAIGHT AND LEVEL,DRY,NO DEFECTS,NOT ON SCENE (DESK REPORT),NO INJURY / DRIVE AWAY,,,Y,"OVER $1,500",04/09/2025 15:45,UNABLE TO DETERMINE,NOT APPLICABLE,5165,W,BELLE PLAINE AVE,1624,,,,,,,2,NO INDICATION OF INJURY,0,0,0,0,0,1,0,6,4,4,,,,,
RAIN,DAYLIGHT,SIDESWIPE SAME DIRECTION,ONE-WAY,,STRAIGHT AND LEVEL,WET,NO DEFECTS,NOT ON SCENE (DESK REPORT),NO INJURY / DRIVE AWAY,,,,"OVER $1,500",04/09/2025 6:30,IMPROPER OVERTAKING/PASSING,NOT APPLICABLE,1,N,FRANKLIN ST,122,,,,,,,2,NO INDICATION OF INJURY,0,0,0,0,0,2,0,5,4,4,,,,,