WEATHER_CONDITION,LIGHTING_CONDITION,FIRST_CRASH_TYPE,TRAFFICWAY_TYPE,LANE_CNT,ALIGNMENT,ROADWAY_SURFACE_COND,ROAD_DEFECT,REPORT_TYPE,CRASH_TYPE,INTERSECTION_RELATED_I,NOT_RIGHT_OF_WAY_I,HIT_AND_RUN_I,DAMAGE,DATE_POLICE_NOTIFIED,PRIM_CONTRIBUTORY_CAUSE,SEC_CONTRIBUTORY_CAUSE,STREET_NO,STREET_DIRECTION,STREET_NAME,BEAT_OF_OCCURRENCE,PHOTOS_TAKEN_I,STATEMENTS_TAKEN_I,DOORING_I,WORK_ZONE_I,WORK_ZONE_TYPE,WORKERS_PRESENT_I,NUM_UNITS,MOST_SEVERE_INJURY,INJURIES_TOTAL,INJURIES_FATAL,INJURIES_INCAPACITATING,INJURIES_NON_INCAPACITATING,INJURIES_REPORTED_NOT_EVIDENT,INJURIES_NO_INDICATION,INJURIES_UNKNOWN,CRASH_HOUR,CRASH_DAY_OF_WEEK,CRASH_MONTH,INJURIES_NO_INDICATION,INJURIES_UNKNOWN,CRASH_HOUR,CRASH_DAY_OF_WEEK,CRASH_MONTH
CLEAR,DAYLIGHT,REAR END,NOT DIVIDED,,STRAIGHT AND LEVEL,DRY,NO DEFECTS,NOT ON SCENE (DESK REPORT),NO INJURY / DRIVE AWAY,,,,"OVER $1,500",04/04/2025 17:20,FAILING TO YIELD RIGHT-OF-WAY,NOT APPLICABLE,3248,W,CHICAGO AVE,1121,,,,,,,2,NO INDICATION OF INJURY,0,0,0,0,0,2,0,16,6,4,,,,,
RAIN,DAYLIGHT,REAR END,DIVIDED - W/MEDIAN (NOT RAISED),,STRAIGHT AND LEVEL,WET,NO DEFECTS,ON SCENE,INJURY AND / OR TOW DUE TO CRASH,,,,"OVER $1,500",02/26/2025 7:31,FOLLOWING TOO CLOSELY,FOLLOWING TOO CLOSELY,13600,S,TORRENCE AVE,434,,,,,,,2,NONINCAPACITATING INJURY,1,0,0,1,0,1,0,7,4,2,,,,,
FREEZING RAIN/DRIZZLE,"DARKNESS, LIGHTED ROAD",PARKED MOTOR VEHICLE,NOT DIVIDED,,STRAIGHT AND LEVEL,ICE,UNKNOWN,ON SCENE,NO INJURY / DRIVE AWAY,,,,"$501 - $1,500",02/06/2025 1:16,WEATHER,WEATHER,6798,W,SCHOOL ST,1632,,,,,,,2,NO INDICATION OF INJURY,0,0,0,0,0,1,0,1,5,2,,,,,
CLEAR,DAYLIGHT,ANGLE,NOT DIVIDED,,STRAIGHT AND LEVEL,DRY,NO DEFECTS,ON SCENE,NO INJURY / DRIVE AWAY,,,,"OVER $1,500",04/09/2025 12:41,FAILING TO YIELD RIGHT-OF-WAY,FAILING TO YIELD RIGHT-OF-WAY,100,S,HAMLIN BLVD,1122,,,,,,,2,NO INDICATION OF INJURY,0,0,0,0,0,3,0,12,4,4,,,,,
RAIN,DAYLIGHT,HEAD ON,NOT DIVIDED,,STRAIGHT AND LEVEL,WET,NO DEFECTS,ON SCENE,INJURY AND / OR TOW DUE TO CRASH,,,,"OVER $1,500",04/09/2025 17:50,DRIVING SKILLS/KNOWLEDGE/EXPERIENCE,DRIVING SKILLS/KNOWLEDGE/EXPERIENCE,9600,S,STATE ST,511,,,,,,,2,NONINCAPACITATING INJURY,2,0,0,2,0,0,0,17,4,4,,,,,
CLEAR,DAYLIGHT,FIXED OBJECT,PARKING LOT,,STRAIGHT AND LEVEL,DRY,NO DEFECTS,ON SCENE,NO INJURY / DRIVE AWAY,,N,N,"OVER $1,500",12/07/2019 7:36,UNABLE TO DETERMINE,UNABLE TO DETERMINE,1412,S,BLUE ISLAND AVE,1233,,,,,,,3,NO INDICATION OF INJURY,0,0,0,0,0,1,0,8,6,12,,,,,
CLEAR,DUSK,REAR END,FOUR WAY,,STRAIGHT AND LEVEL,UNKNOWN,UNKNOWN,NOT ON SCENE (DESK REPORT),NO INJURY / DRIVE AWAY,,,Y,"OVER $1,500",02/25/2025 17:45,UNABLE TO DETERMINE,UNABLE TO DETERMINE,101,W,IDA B WELLS DR,123,,,,,,,2,NO INDICATION OF INJURY,0,0,0,0,0,2,0,17,3,2,,,,,
CLEAR,DAYLIGHT,HEAD ON,OTHER,,STRAIGHT AND LEVEL,DRY,NO DEFECTS,ON SCENE,NO INJURY / DRIVE AWAY,,,,"$501 - $1,500",02/26/2025 14:40,FAILING TO YIELD RIGHT-OF-WAY,"OPERATING VEHICLE IN ERRATIC, RECKLESS, CARELESS, NEGLIGENT OR AGGRESSIVE MANNER",4650,W,ADAMS ST,1113,,,,,,,2,NO INDICATION OF INJURY,0,0,0,0,0,6,0,14,4,2,,,,,
CLEAR,DAYLIGHT,SIDESWIPE SAME DIRECTION,NOT DIVIDED,,STRAIGHT AND LEVEL,DRY,NO DEFECTS,NOT ON SCENE (DESK REPORT),NO INJURY / DRIVE AWAY,,,,"$501 - $1,500",02/26/2025 17:00,IMPROPER OVERTAKING/PASSING,NOT APPLICABLE,1800,S,WESTERN AVE,1023,,,,,,,2,NO INDICATION OF INJURY,0,0,0,0,0,2,0,14,4,2,,,,,
CLEAR,DAYLIGHT,REAR END,T-INTERSECTION,,STRAIGHT ON GRADE,DRY,UNKNOWN,ON SCENE,INJURY AND / OR TOW DUE TO CRASH,,,,"OVER $1,500",02/26/2025 16:51,FOLLOWING TOO CLOSELY,NOT APPLICABLE,7101,S,CICERO AVE,833,,,,,,,2,NONINCAPACITATING INJURY,1,0,0,1,0,3,0,16,4,2,,,,,
CLEAR,"DARKNESS, LIGHTED ROAD",PARKED MOTOR VEHICLE,FOUR WAY,,STRAIGHT AND LEVEL,DRY,NO DEFECTS,NOT ON SCENE (DESK REPORT),NO INJURY / DRIVE AWAY,Y,,Y,"OVER $1,500",01/17/2025 20:00,UNABLE TO DETERMINE,UNABLE TO DETERMINE,50,S,KOSTNER AVE,1113,,,,,,,2,NO INDICATION OF INJURY,0,0,0,0,0,4,0,17,6,1,,,,,
CLEAR,"DARKNESS, LIGHTED ROAD",ANGLE,FOUR WAY,,STRAIGHT AND LEVEL,DRY,NO DEFECTS,,INJURY AND / OR TOW DUE TO CRASH,Y,,,"OVER $1,500",02/22/2025 4:22,UNABLE TO DETERMINE,FAILING TO YIELD RIGHT-OF-WAY,3200,W,GRAND AVE,1121,,,,,,,2,"REPORTED, NOT EVIDENT",1,0,0,0,1,2,0,4,7,2,,,,,
CLEAR,DAYLIGHT,PARKED MOTOR VEHICLE,NOT DIVIDED,,STRAIGHT AND LEVEL,DRY,NO DEFECTS,NOT ON SCENE (DESK REPORT),NO INJURY / DRIVE AWAY,,N,,"OVER $1,500",02/26/2025 16:42,UNABLE TO DETERMINE,UNABLE TO DETERMINE,5400,S,DAMEN AVE,932,,,,,,,2,NO INDICATION OF INJURY,0,0,0,0,0,1,0,9,3,2,,,,,
CLEAR,DAYLIGHT,PEDESTRIAN,ONE-WAY,,STRAIGHT AND LEVEL,DRY,NO DEFECTS,ON SCENE,INJURY AND / OR TOW DUE TO CRASH,,,Y,$500 OR LESS,02/25/2025 15:05,UNABLE TO DETERMINE,NOT APPLICABLE,118,N,CLARK ST,122,,,,,,,2,"REPORTED, NOT EVIDENT",1,0,0,0,1,1,0,15,3,2,,,,,
CLEAR,DAYLIGHT,SIDESWIPE SAME DIRECTION,NOT DIVIDED,,STRAIGHT AND LEVEL,WET,NO DEFECTS,ON SCENE,NO INJURY / DRIVE AWAY,,,,"OVER $1,500",02/26/2025 11:47,UNABLE TO DETERMINE,UNABLE TO DETERMINE,2202,N,LINCOLN AVE,1812,,,,,,,2,NO INDICATION OF INJURY,0,0,0,0,0,2,0,11,4,2,,,,,
CLEAR,DAYLIGHT,ANGLE,FOUR WAY,,STRAIGHT AND LEVEL,DRY,NO DEFECTS,NOT ON SCENE (DESK REPORT),NO INJURY / DRIVE AWAY,Y,,,"OVER $1,500",02/26/2025 12:55,FAILING TO YIELD RIGHT-OF-WAY,UNABLE TO DETERMINE,2200,W,99TH ST,2213,,,,,,,2,NO INDICATION OF INJURY,0,0,0,0,0,2,0,12,4,2,,,,,
CLEAR,DAYLIGHT,TURNING,NOT DIVIDED,,STRAIGHT AND LEVEL,DRY,NO DEFECTS,ON SCENE,NO INJURY / DRIVE AWAY,,,,"OVER $1,500",02/26/2025 9:56,IMPROPER TURNING/NO SIGNAL,FAILING TO YIELD RIGHT-OF-WAY,4832,N,AUSTIN AVE,1622,,,,,,,2,NO INDICATION OF INJURY,0,0,0,0,0,3,0,9,4,2,,,,,
CLEAR,DAYLIGHT,REAR END,ONE-WAY,,STRAIGHT AND LEVEL,DRY,UNKNOWN,NOT ON SCENE (DESK REPORT),NO INJURY / DRIVE AWAY,,,,"OVER $1,500",08/17/2023 16:25,DRIVING SKILLS/KNOWLEDGE/EXPERIENCE,DRIVING SKILLS/KNOWLEDGE/EXPERIENCE,360,W,MADISON ST,122,,,,,,,2,NO INDICATION OF INJURY,0,0,0,0,0,3,0,14,5,8,,,,,
CLEAR,DAYLIGHT,REAR END,NOT DIVIDED,,STRAIGHT AND LEVEL,DRY,NO DEFECTS,NOT ON SCENE (DESK REPORT),NO INJURY / DRIVE AWAY,Y,,,"OVER $1,500",02/26/2025 12:00,FOLLOWING TOO CLOSELY,UNABLE TO DETERMINE,1858,S,DAMEN AVE,1234,,,,,,,2,NO INDICATION OF INJURY,0,0,0,0,0,2,0,12,6,2,,,,,
CLEAR,DAYLIGHT,PARKED MOTOR VEHICLE,RAMP,,STRAIGHT ON GRADE,"SAND, MUD, DIRT",UNKNOWN,ON SCENE,NO INJURY / DRIVE AWAY,,Y,,"OVER $1,500",02/25/2025 14:02,UNABLE TO DETERMINE,NOT APPLICABLE,3252,W,31ST ST,1032,,Y,,,,,2,NO INDICATION OF INJURY,0,0,0,0,0,1,0,13,3,2,,,,,
CLEAR,DAYLIGHT,PARKED MOTOR VEHICLE,OTHER,,STRAIGHT AND LEVEL,UNKNOWN,UNKNOWN,NOT ON SCENE (DESK REPORT),NO INJURY / DRIVE AWAY,,,,"OVER $1,500",02/26/2025 16:00,UNABLE TO DETERMINE,UNABLE TO DETERMINE,2718,W,BERWYN AVE,2011,,,,,,,2,NO INDICATION OF INJURY,0,0,0,0,0,1,0,15,4,2,,,,,
CLEAR,DAYLIGHT,PARKED MOTOR VEHICLE,PARKING LOT,,STRAIGHT AND LEVEL,UNKNOWN,UNKNOWN,NOT ON SCENE (DESK REPORT),NO INJURY / DRIVE AWAY,,,Y,"OVER $1,500",02/26/2025 13:49,UNABLE TO DETERMINE,NOT APPLICABLE,5523,N,LINCOLN AVE,2011,,,,,,,2,NO INDICATION OF INJURY,0,0,0,0,0,1,0,13,4,2,,,,,
CLEAR,"DARKNESS, LIGHTED ROAD",FIXED OBJECT,DIVIDED - W/MEDIAN BARRIER,,STRAIGHT AND LEVEL,DRY,NO DEFECTS,ON SCENE,INJURY AND / OR TOW DUE TO CRASH,Y,,,"OVER $1,500",02/26/2025 20:53,UNABLE TO DETERMINE,NOT APPLICABLE,700,S,LAKE SHORE DR SB,114,,,,,,,1,NONINCAPACITATING INJURY,1,0,0,1,0,1,0,20,4,2,,,,,
CLEAR,DAWN,PARKED MOTOR VEHICLE,DIVIDED - W/MEDIAN BARRIER,,STRAIGHT AND LEVEL,DRY,NO DEFECTS,ON SCENE,NO INJURY / DRIVE AWAY,,,Y,"$501 - $1,500",02/26/2025 10:45,UNABLE TO DETERMINE,NOT APPLICABLE,5029,S,ASHLAND AVE,933,,,,,,,2,NO INDICATION OF INJURY,0,0,0,0,0,1,0,6,4,2,,,,,
RAIN,DAYLIGHT,REAR END,FOUR WAY,,STRAIGHT AND LEVEL,WET,UNKNOWN,NOT ON SCENE (DESK REPORT),NO INJURY / DRIVE AWAY,Y,,Y,"OVER $1,500",02/26/2025 10:30,FOLLOWING TOO CLOSELY,UNABLE TO DETERMINE,1160,N,LARRABEE ST,1822,,,,,,,2,NO INDICATION OF INJURY,0,0,0,0,0,3,0,8,4,2,,,,,
CLEAR,DAYLIGHT,TURNING,FOUR WAY,,STRAIGHT AND LEVEL,DRY,NO DEFECTS,NOT ON SCENE (DESK REPORT),NO INJURY / DRIVE AWAY,Y,,,"OVER $1,500",08/17/2023 13:40,FAILING TO YIELD RIGHT-OF-WAY,NOT APPLICABLE,6300,N,RIDGE AVE,2413,,,,,,,2,NO INDICATION OF INJURY,0,0,0,0,0,2,0,13,5,8,,,,,
CLEAR,DAYLIGHT,SIDESWIPE SAME DIRECTION,NOT DIVIDED,,STRAIGHT AND LEVEL,DRY,UNKNOWN,NOT ON SCENE (DESK REPORT),INJURY AND / OR TOW DUE TO CRASH,,,,$500 OR LESS,01/18/2025 14:40,UNABLE TO DETERMINE,UNABLE TO DETERMINE,148,E,49TH ST,224,,,,,,,2,NO INDICATION OF INJURY,0,0,0,0,0,2,0,16,6,1,,,,,
CLEAR,"DARKNESS, LIGHTED ROAD",FIXED OBJECT,PARKING LOT,,STRAIGHT AND LEVEL,SNOW OR SLUSH,NO DEFECTS,ON SCENE,INJURY AND / OR TOW DUE TO CRASH,,,,"OVER $1,500",02/23/2025 2:37,"OPERATING VEHICLE IN ERRATIC, RECKLESS, CARELESS, NEGLIGENT OR AGGRESSIVE MANNER",NOT APPLICABLE,5733,S,COLUMBIA DR,331,,,,,,,1,NO INDICATION OF INJURY,0,0,0,0,0,3,0,2,1,2,,,,,
UNKNOWN,DAYLIGHT,ANGLE,T-INTERSECTION,,STRAIGHT AND LEVEL,UNKNOWN,NO DEFECTS,NOT ON SCENE (DESK REPORT),NO INJURY / DRIVE AWAY,,,,$500 OR LESS,02/26/2025 16:32,DISREGARDING STOP SIGN,DISREGARDING STOP SIGN,1900,N,WOOD ST,1434,,,,,,,2,NO INDICATION OF INJURY,0,0,0,0,0,2,0,11,2,2,,,,,
RAIN,DAWN,TURNING,FOUR WAY,,STRAIGHT AND LEVEL,WET,NO DEFECTS,ON SCENE,INJURY AND / OR TOW DUE TO CRASH,Y,,,"OVER $1,500",02/26/2025 7:59,FOLLOWING TOO CLOSELY,UNABLE TO DETERMINE,2359,N,CENTRAL AVE,2515,,,,,,,2,"REPORTED, NOT EVIDENT",1,0,0,0,1,1,0,7,4,2,,,,,
CLEAR,DAYLIGHT,PARKED MOTOR VEHICLE,ONE-WAY,,STRAIGHT AND LEVEL,DRY,NO DEFECTS,ON SCENE,NO INJURY / DRIVE AWAY,,,,"OVER $1,500",02/26/2025 15:12,NOT APPLICABLE,NOT APPLICABLE,5150,S,SPAULDING AVE,822,,,,,,,2,NO INDICATION OF INJURY,0,0,0,0,0,1,0,15,4,2,,,,,
CLEAR,DAYLIGHT,FIXED OBJECT,ONE-WAY,,STRAIGHT AND LEVEL,DRY,NO DEFECTS,ON SCENE,NO INJURY / DRIVE AWAY,,,,$500 OR LESS,05/27/2025 12:45,IMPROPER BACKING,NOT APPLICABLE,4042,W,CORTLAND ST,2534,,,,,,,1,NO INDICATION OF INJURY,0,0,0,0,0,3,0,12,3,5,,,,,
CLEAR,"DARKNESS, LIGHTED ROAD",PARKED MOTOR VEHICLE,NOT DIVIDED,,STRAIGHT AND LEVEL,DRY,NO DEFECTS,ON SCENE,NO INJURY / DRIVE AWAY,,,Y,"OVER $1,500",04/10/2025 6:00,UNABLE TO DETERMINE,NOT APPLICABLE,6502,S,SPAULDING AVE,831,,,,,,,2,NO INDICATION OF INJURY,0,0,0,0,0,1,0,0,5,4,,,,,
CLEAR,DAYLIGHT,TURNING,FOUR WAY,,STRAIGHT AND LEVEL,DRY,NO DEFECTS,ON SCENE,NO INJURY / DRIVE AWAY,Y,,,"$501 - $1,500",02/25/2025 12:25,IMPROPER OVERTAKING/PASSING,UNABLE TO DETERMINE,4301,S,PULASKI RD,821,,,,,,,2,NO INDICATION OF INJURY,0,0,0,0,0,2,0,12,3,2,,,,,
CLEAR,"DARKNESS, LIGHTED ROAD",PARKED MOTOR VEHICLE,ONE-WAY,,STRAIGHT AND LEVEL,DRY,NO DEFECTS,,INJURY AND / OR TOW DUE TO CRASH,,,,"$501 - $1,500",02/25/2025 18:33,DRIVING ON WRONG SIDE/WRONG WAY,DRIVING ON WRONG SIDE/WRONG WAY,6651,S,BLACKSTONE AVE,321,,,,,,,2,NONINCAPACITATING INJURY,1,0,0,1,0,0,0,18,3,2,,,,,
CLEAR,"DARKNESS, LIGHTED ROAD",PARKED MOTOR VEHICLE,NOT DIVIDED,,STRAIGHT AND LEVEL,DRY,NO DEFECTS,NOT ON SCENE (DESK REPORT),NO INJURY / DRIVE AWAY,,,,"OVER $1,500",01/18/2025 21:05,IMPROPER BACKING,UNABLE TO DETERMINE,123,S,DESPLAINES ST,121,,,,,,,2,NO INDICATION OF INJURY,0,0,0,0,0,1,0,19,6,1,,,,,
CLEAR,DAYLIGHT,PEDESTRIAN,NOT DIVIDED,,STRAIGHT AND LEVEL,UNKNOWN,UNKNOWN,ON SCENE,INJURY AND / OR TOW DUE TO CRASH,,,,"OVER $1,500",05/27/2025 7:42,FAILING TO YIELD RIGHT-OF-WAY,FAILING TO REDUCE SPEED TO AVOID CRASH,4301,N,LARAMIE AVE,1624,,,,,,,2,NONINCAPACITATING INJURY,1,0,0,1,0,1,0,7,3,5,,,,,
CLEAR,DAYLIGHT,ANGLE,T-INTERSECTION,,STRAIGHT AND LEVEL,DRY,NO DEFECTS,ON SCENE,INJURY AND / OR TOW DUE TO CRASH,,,Y,"OVER $1,500",05/27/2025 18:13,FAILING TO YIELD RIGHT-OF-WAY,DISREGARDING STOP SIGN,630,W,79TH ST,621,,,,,,,2,NONINCAPACITATING INJURY,2,0,0,2,0,1,0,18,3,5,,,,,
CLEAR,DAYLIGHT,TURNING,T-INTERSECTION,,STRAIGHT AND LEVEL,DRY,NO DEFECTS,NOT ON SCENE (DESK REPORT),INJURY AND / OR TOW DUE TO CRASH,Y,,,"OVER $1,500",05/28/2025 15:15,FAILING TO YIELD RIGHT-OF-WAY,UNABLE TO DETERMINE,508,W,DIVISION ST,1821,,,,,,,2,"REPORTED, NOT EVIDENT",1,0,0,0,1,1,0,15,3,5,,,,,
CLEAR,"DARKNESS, LIGHTED ROAD",ANGLE,NOT DIVIDED,,STRAIGHT AND LEVEL,DRY,NO DEFECTS,ON SCENE,INJURY AND / OR TOW DUE TO CRASH,Y,,,"OVER $1,500",04/09/2025 5:35,UNABLE TO DETERMINE,NOT APPLICABLE,6901,N,RIDGE BLVD,2424,Y,Y,,,,,2,NONINCAPACITATING INJURY,3,0,0,3,0,0,0,5,4,4,,,,,
CLEAR,"DARKNESS, LIGHTED ROAD",ANGLE,NOT DIVIDED,,STRAIGHT AND LEVEL,DRY,NO DEFECTS,ON SCENE,INJURY AND / OR TOW DUE TO CRASH,,,,"OVER $1,500",05/27/2025 21:54,DRIVING ON WRONG SIDE/WRONG WAY,DRIVING ON WRONG SIDE/WRONG WAY,8556,S,YATES BLVD,412,,,,,,,3,NO INDICATION OF INJURY,0,0,0,0,0,4,0,21,3,5,,,,,
CLEAR,"DARKNESS, LIGHTED ROAD",TURNING,NOT DIVIDED,,STRAIGHT AND LEVEL,DRY,NO DEFECTS,NOT ON SCENE (DESK REPORT),INJURY AND / OR TOW DUE TO CRASH,,,,"OVER $1,500",02/18/2025 19:03,IMPROPER OVERTAKING/PASSING,UNABLE TO DETERMINE,4345,W,ADDISON ST,1731,,,,,,,4,NONINCAPACITATING INJURY,1,0,0,1,0,1,0,18,3,2,,,,,
CLEAR,DAYLIGHT,SIDESWIPE SAME DIRECTION,FOUR WAY,,STRAIGHT AND LEVEL,DRY,NO DEFECTS,NOT ON SCENE (DESK REPORT),NO INJURY / DRIVE AWAY,,,,"$501 - $1,500",04/09/2025 7:40,UNABLE TO DETERMINE,UNABLE TO DETERMINE,2057,N,CENTRAL AVE,2515,,,,,,,2,NO INDICATION OF INJURY,0,0,0,0,0,2,0,6,4,4,,,,,
CLEAR,"DARKNESS, LIGHTED ROAD",PARKED MOTOR VEHICLE,PARKING LOT,,STRAIGHT AND LEVEL,DRY,NO DEFECTS,ON SCENE,NO INJURY / DRIVE AWAY,,Y,Y,"OVER $1,500",02/24/2025 1:59,UNABLE TO DETERMINE,UNABLE TO DETERMINE,7050,S,DANTE AVE,332,,,,,,,2,NO INDICATION OF INJURY,0,0,0,0,0,1,0,1,2,2,,,,,
CLEAR,DAYLIGHT,REAR END,T-INTERSECTION,,STRAIGHT AND LEVEL,DRY,NO DEFECTS,NOT ON SCENE (DESK REPORT),NO INJURY / DRIVE AWAY,Y,,Y,"OVER $1,500",02/26/2025 9:30,UNABLE TO DETERMINE,UNABLE TO DETERMINE,1000,N,CICERO AVE,1531,,,,,,,2,NO INDICATION OF INJURY,0,0,0,0,0,2,0,15,3,2,,,,,
RAIN,DAYLIGHT,ANGLE,NOT DIVIDED,,STRAIGHT AND LEVEL,WET,NO DEFECTS,ON SCENE,NO INJURY / DRIVE AWAY,Y,,Y,"OVER $1,500",02/26/2025 7:30,FAILING TO YIELD RIGHT-OF-WAY,NOT APPLICABLE,1200,W,74TH ST,734,,,,,,,2,NO INDICATION OF INJURY,0,0,0,0,0,2,0,7,4,2,,,,,
UNKNOWN,UNKNOWN,REAR END,NOT DIVIDED,,STRAIGHT AND LEVEL,UNKNOWN,UNKNOWN,ON SCENE,INJURY AND / OR TOW DUE TO CRASH,,,,"OVER $1,500",02/26/2025 15:55,UNABLE TO DETERMINE,NOT APPLICABLE,2141,N,HARLEM AVE,2512,,,,,,,2,NO INDICATION OF INJURY,0,0,0,0,0,2,0,15,4,2,,,,,
CLEAR,DAYLIGHT,REAR END,DIVIDED - W/MEDIAN BARRIER,,STRAIGHT AND LEVEL,DRY,NO DEFECTS,ON SCENE,INJURY AND / OR TOW DUE TO CRASH,,,,"OVER $1,500",05/27/2025 12:55,FOLLOWING TOO CLOSELY,UNABLE TO DETERMINE,2597,N,WESTERN AVE,1432,,,,,,,2,NO INDICATION OF INJURY,0,0,0,0,0,2,0,12,3,5,,,,,
CLEAR,"DARKNESS, LIGHTED ROAD",REAR END,Y-INTERSECTION,,STRAIGHT AND LEVEL,DRY,NO DEFECTS,ON SCENE,NO INJURY / DRIVE AWAY,,,,"OVER $1,500",04/09/2025 3:59,UNABLE TO DETERMINE,UNABLE TO DETERMINE,6385,W,55TH ST,811,,,,,,,2,NO INDICATION OF INJURY,0,0,0,0,0,6,0,3,4,4,,,,,
CLEAR,DAYLIGHT,PARKED MOTOR VEHICLE,OTHER,,STRAIGHT AND LEVEL,DRY,NO DEFECTS,ON SCENE,NO INJURY / DRIVE AWAY,,,Y,"$501 - $1,500",05/27/2025 10:05,PHYSICAL CONDITION OF DRIVER,NOT APPLICABLE,7122,W,ARCHER AVE,811,,,,,,,2,NO INDICATION OF INJURY,0,0,0,0,0,2,0,10,3,5,,,,,
CLEAR,DAYLIGHT,PARKED MOTOR VEHICLE,ONE-WAY,,STRAIGHT AND LEVEL,DRY,UNKNOWN,,NO INJURY / DRIVE AWAY,,,Y,"OVER $1,500",05/28/2025 17:45,UNABLE TO DETERMINE,UNABLE TO DETERMINE,4357,W,25TH ST,1013,,,,,,,2,NO INDICATION OF INJURY,0,0,0,0,0,1,0,17,3,5,,,,,
RAIN,DAYLIGHT,ANGLE,FOUR WAY,,STRAIGHT AND LEVEL,WET,UNKNOWN,ON SCENE,NO INJURY / DRIVE AWAY,N,,,"OVER $1,500",04/09/2025 16:28,FAILING TO YIELD RIGHT-OF-WAY,FAILING TO YIELD RIGHT-OF-WAY,2900,W,MONTROSE AVE,1724,,,,,,,2,NO INDICATION OF INJURY,0,0,0,0,0,2,0,16,4,4,,,,,
CLEAR,DAYLIGHT,SIDESWIPE SAME DIRECTION,NOT DIVIDED,,STRAIGHT AND LEVEL,DRY,NO DEFECTS,ON SCENE,NO INJURY / DRIVE AWAY,,,,"OVER $1,500",05/27/2025 7:54,UNABLE TO DETERMINE,UNABLE TO DETERMINE,709,E,37TH ST,212,,,,,,,2,NO INDICATION OF INJURY,0,0,0,0,0,3,0,7,3,5,,,,,
CLEAR,DAYLIGHT,SIDESWIPE SAME DIRECTION,TRAFFIC ROUTE,,STRAIGHT AND LEVEL,DRY,NO DEFECTS,ON SCENE,NO INJURY / DRIVE AWAY,,,,$500 OR LESS,05/27/2025 18:24,IMPROPER OVERTAKING/PASSING,NOT APPLICABLE,33,W,HURON ST,1832,,,,,,,2,NO INDICATION OF INJURY,0,0,0,0,0,3,0,17,3,5,,,,,
CLEAR,DAYLIGHT,OTHER OBJECT,ALLEY,,STRAIGHT AND LEVEL,DRY,NO DEFECTS,ON SCENE,NO INJURY / DRIVE AWAY,,Y,,"OVER $1,500",05/27/2025 13:05,UNABLE TO DETERMINE,NOT APPLICABLE,410,W,ENGLEWOOD AVE,711,,,,,,,1,NO INDICATION OF INJURY,0,0,0,0,0,1,0,12,3,5,,,,,
RAIN,DAYLIGHT,TURNING,Y-INTERSECTION,,STRAIGHT AND LEVEL,WET,UNKNOWN,NOT ON SCENE (DESK REPORT),NO INJURY / DRIVE AWAY,Y,,,"OVER $1,500",04/09/2025 18:10,UNABLE TO DETERMINE,NOT APPLICABLE,2051,W,OGDEN AVE,1225,,,,,,,2,NO INDICATION OF INJURY,0,0,0,0,0,2,0,17,4,4,,,,,
CLEAR,DAYLIGHT,FIXED OBJECT,ONE-WAY,,STRAIGHT AND LEVEL,DRY,NO DEFECTS,ON SCENE,NO INJURY / DRIVE AWAY,,,,"$501 - $1,500",04/09/2025 15:10,UNABLE TO DETERMINE,UNABLE TO DETERMINE,1,W,TERMINAL ST,1651,,,,,,,1,NO INDICATION OF INJURY,0,0,0,0,0,1,0,15,4,4,,,,,
CLEAR,DAYLIGHT,SIDESWIPE SAME DIRECTION,NOT DIVIDED,,STRAIGHT AND LEVEL,DRY,NO DEFECTS,NOT ON SCENE (DESK REPORT),INJURY AND / OR TOW DUE TO CRASH,,,Y,"OVER $1,500",05/27/2025 17:40,UNABLE TO DETERMINE,NOT APPLICABLE,730,N,CICERO AVE,1531,,,,,,,2,"REPORTED, NOT EVIDENT",1,0,0,0,1,1,0,16,3,5,,,,,
CLEAR,DAYLIGHT,SIDESWIPE SAME DIRECTION,DIVIDED - W/MEDIAN (NOT RAISED),,STRAIGHT AND LEVEL,DRY,UNKNOWN,ON SCENE,INJURY AND / OR TOW DUE TO CRASH,,,,"OVER $1,500",04/09/2025 13:33,FAILING TO YIELD RIGHT-OF-WAY,FAILING TO YIELD RIGHT-OF-WAY,4829,W,DIVERSEY AVE,2521,,,,,,,2,NO INDICATION OF INJURY,0,0,0,0,0,2,0,13,4,4,,,,,
CLEAR,DAYLIGHT,SIDESWIPE SAME DIRECTION,FOUR WAY,,STRAIGHT AND LEVEL,DRY,UNKNOWN,NOT ON SCENE (DESK REPORT),NO INJURY / DRIVE AWAY,,,Y,$500 OR LESS,08/17/2023 10:17,IMPROPER OVERTAKING/PASSING,NOT APPLICABLE,2351,W,NORTH AVE,1424,,N,,,,,3,NO INDICATION OF INJURY,0,0,0,0,0,6,0,8,5,8,,,,,
RAIN,DAYLIGHT,SIDESWIPE SAME DIRECTION,NOT DIVIDED,,STRAIGHT AND LEVEL,UNKNOWN,NO DEFECTS,ON SCENE,NO INJURY / DRIVE AWAY,,,,"$501 - $1,500",04/09/2025 16:00,UNABLE TO DETERMINE,UNABLE TO DETERMINE,2600,N,CLYBOURN AVE,1931,,Y,,,,,2,NO INDICATION OF INJURY,0,0,0,0,0,4,0,15,4,4,,,,,