WEATHER_CONDITION,LIGHTING_CONDITION,FIRST_CRASH_TYPE,TRAFFICWAY_TYPE,LANE_CNT,ALIGNMENT,ROADWAY_SURFACE_COND,ROAD_DEFECT,REPORT_TYPE,CRASH_TYPE,INTERSECTION_RELATED_I,NOT_RIGHT_OF_WAY_I,HIT_AND_RUN_I,DAMAGE,DATE_POLICE_NOTIFIED,PRIM_CONTRIBUTORY_CAUSE,SEC_CONTRIBUTORY_CAUSE,STREET_NO,STREET_DIRECTION,STREET_NAME,BEAT_OF_OCCURRENCE,PHOTOS_TAKEN_I,STATEMENTS_TAKEN_I,DOORING_I,WORK_ZONE_I,WORK_ZONE_TYPE,WORKERS_PRESENT_I,NUM_UNITS,MOST_SEVERE_INJURY,INJURIES_TOTAL,INJURIES_FATAL,INJURIES_INCAPACITATING,INJURIES_NON_INCAPACITATING,INJURIES_REPORTED_NOT_EVIDENT,INJURIES_NO_INDICATION,INJURIES_UNKNOWN,CRASH_HOUR,CRASH_DAY_OF_WEEK,CRASH_MONTH,INJURIES_NO_INDICATION,INJURIES_UNKNOWN,CRASH_HOUR,CRASH_DAY_OF_WEEK,CRASH_MONTH
CLEAR,DAYLIGHT,SIDESWIPE SAME DIRECTION,ONE-WAY,,STRAIGHT AND LEVEL,DRY,NO DEFECTS,NOT ON SCENE (DESK REPORT),NO INJURY / DRIVE AWAY,,,,"OVER $1,500",05/27/2025 15:40,IMPROPER LANE USAGE,UNABLE TO DETERMINE,4825,S,HONORE ST,931,,,,,,,2,NO INDICATION OF INJURY,0,0,0,0,0,2,0,15,3,5,,,,,
SNOW,DAYLIGHT,SIDESWIPE SAME DIRECTION,DIVIDED - W/MEDIAN (NOT RAISED),,STRAIGHT AND LEVEL,SNOW OR SLUSH,NO DEFECTS,ON SCENE,NO INJURY / DRIVE AWAY,,,Y,"OVER $1,500",02/12/2025 13:13,IMPROPER OVERTAKING/PASSING,UNABLE TO DETERMINE,100,E,63RD ST,311,,,,,,,2,NO INDICATION OF INJURY,0,0,0,0,0,2,0,13,4,2,,,,,
CLEAR,DAYLIGHT,PARKED MOTOR VEHICLE,NOT DIVIDED,,STRAIGHT AND LEVEL,DRY,NO DEFECTS,ON SCENE,NO INJURY / DRIVE AWAY,,,Y,"$501 - $1,500",05/27/2025 12:53,UNABLE TO DETERMINE,NOT APPLICABLE,4535,W,ARMITAGE AVE,2533,,,,,,,2,NO INDICATION OF INJURY,0,0,0,0,0,1,0,12,3,5,,,,,
CLEAR,DAYLIGHT,TURNING,NOT DIVIDED,,STRAIGHT AND LEVEL,DRY,NO DEFECTS,NOT ON SCENE (DESK REPORT),NO INJURY / DRIVE AWAY,,,Y,"OVER $1,500",05/27/2025 6:27,FAILING TO YIELD RIGHT-OF-WAY,FAILING TO REDUCE SPEED TO AVOID CRASH,1750,E,130TH ST,434,,,,,,,2,NO INDICATION OF INJURY,0,0,0,0,0,2,0,6,3,5,,,,,
CLEAR,DAYLIGHT,REAR END,NOT DIVIDED,,STRAIGHT AND LEVEL,DRY,NO DEFECTS,ON SCENE,NO INJURY / DRIVE AWAY,,,,$500 OR LESS,05/27/2025 7:35,FOLLOWING TOO CLOSELY,NOT APPLICABLE,3455,N,AUSTIN AVE,1633,,,,,,,2,NO INDICATION OF INJURY,0,0,0,0,0,5,0,7,3,5,,,,,
CLEAR,DAYLIGHT,TURNING,FOUR WAY,,STRAIGHT AND LEVEL,DRY,NO DEFECTS,NOT ON SCENE (DESK REPORT),NO INJURY / DRIVE AWAY,Y,,,"OVER $1,500",05/27/2025 21:17,UNABLE TO DETERMINE,NOT APPLICABLE,1600,N,LA SALLE DR,1814,,,,,,,2,NO INDICATION OF INJURY,0,0,0,0,0,2,0,19,3,5,,,,,
CLEAR,DAYLIGHT,PARKED MOTOR VEHICLE,ONE-WAY,,STRAIGHT AND LEVEL,DRY,NO DEFECTS,,NO INJURY / DRIVE AWAY,,,Y,"OVER $1,500",06/03/2025 9:10,UNABLE TO DETERMINE,NOT APPLICABLE,6713,N,NEWGARD AVE,2432,,,,,,,4,NO INDICATION OF INJURY,0,0,0,0,0,1,0,7,2,6,,,,,
SNOW,DAYLIGHT,REAR END,FOUR WAY,,STRAIGHT AND LEVEL,SNOW OR SLUSH,UNKNOWN,ON SCENE,INJURY AND / OR TOW DUE TO CRASH,Y,,,"$501 - $1,500",02/12/2025 16:14,WEATHER,UNABLE TO DETERMINE,1501,W,DEVON AVE,2433,,,,,,,2,"REPORTED, NOT EVIDENT",1,0,0,0,1,1,0,16,4,2,,,,,
UNKNOWN,UNKNOWN,ANGLE,NOT DIVIDED,,STRAIGHT AND LEVEL,UNKNOWN,UNKNOWN,NOT ON SCENE (DESK REPORT),NO INJURY / DRIVE AWAY,,,,"OVER $1,500",05/28/2025 19:30,UNABLE TO DETERMINE,UNABLE TO DETERMINE,5200,W,DAKIN ST,1634,,,,,,,2,NO INDICATION OF INJURY,0,0,0,0,0,2,0,21,3,5,,,,,
CLEAR,DAYLIGHT,SIDESWIPE SAME DIRECTION,DIVIDED - W/MEDIAN BARRIER,,STRAIGHT AND LEVEL,DRY,UNKNOWN,NOT ON SCENE (DESK REPORT),INJURY AND / OR TOW DUE TO CRASH,,,,"OVER $1,500",05/27/2025 13:00,IMPROPER LANE USAGE,NOT APPLICABLE,4000,S,LAKE SHORE DR SB,214,,,,,,,2,"REPORTED, NOT EVIDENT",1,0,0,0,1,2,0,12,3,5,,,,,
SNOW,"DARKNESS, LIGHTED ROAD",TURNING,DIVIDED - W/MEDIAN (NOT RAISED),,STRAIGHT AND LEVEL,WET,NO DEFECTS,ON SCENE,NO INJURY / DRIVE AWAY,,,,"OVER $1,500",02/12/2025 5:47,IMPROPER TURNING/NO SIGNAL,IMPROPER LANE USAGE,314,S,RACINE AVE,1231,,,,,,,2,NO INDICATION OF INJURY,0,0,0,0,0,2,0,5,4,2,,,,,
CLEAR,DARKNESS,PARKED MOTOR VEHICLE,T-INTERSECTION,,STRAIGHT AND LEVEL,DRY,UNKNOWN,,NO INJURY / DRIVE AWAY,,,Y,"OVER $1,500",05/27/2025 7:30,UNABLE TO DETERMINE,UNABLE TO DETERMINE,2406,N,MC VICKER AVE,2512,,,,,,,2,NO INDICATION OF INJURY,0,0,0,0,0,1,0,7,3,5,,,,,
CLEAR,DAYLIGHT,PARKED MOTOR VEHICLE,PARKING LOT,,STRAIGHT AND LEVEL,DRY,UNKNOWN,NOT ON SCENE (DESK REPORT),NO INJURY / DRIVE AWAY,,,Y,$500 OR LESS,05/27/2025 21:50,UNABLE TO DETERMINE,UNABLE TO DETERMINE,2341,W,HOWARD ST,2411,,,,,,,2,NO INDICATION OF INJURY,0,0,0,0,0,1,0,19,3,5,,,,,
CLEAR,DAYLIGHT,REAR END,NOT DIVIDED,,STRAIGHT AND LEVEL,SNOW OR SLUSH,NO DEFECTS,NOT ON SCENE (DESK REPORT),NO INJURY / DRIVE AWAY,,,,"OVER $1,500",02/12/2025 17:35,UNABLE TO DETERMINE,UNABLE TO DETERMINE,6900,W,HIGGINS AVE,1613,,,,,,,2,NO INDICATION OF INJURY,0,0,0,0,0,2,0,16,4,2,,,,,
CLEAR,DAYLIGHT,SIDESWIPE SAME DIRECTION,NOT DIVIDED,,STRAIGHT AND LEVEL,DRY,NO DEFECTS,ON SCENE,NO INJURY / DRIVE AWAY,,,,"$501 - $1,500",05/27/2025 9:42,UNABLE TO DETERMINE,UNABLE TO DETERMINE,32,N,CICERO AVE,1533,,,,,,,2,NO INDICATION OF INJURY,0,0,0,0,0,2,0,9,3,5,,,,,
CLOUDY/OVERCAST,DAYLIGHT,REAR END,DIVIDED - W/MEDIAN BARRIER,,STRAIGHT ON GRADE,DRY,UNKNOWN,ON SCENE,NO INJURY / DRIVE AWAY,,,,"OVER $1,500",05/27/2025 10:10,DRIVING SKILLS/KNOWLEDGE/EXPERIENCE,NOT APPLICABLE,9200,S,CHICAGO SKYWAY OB,423,,,,,,,2,NO INDICATION OF INJURY,0,0,0,0,0,2,0,9,3,5,,,,,
CLEAR,DAYLIGHT,PARKED MOTOR VEHICLE,NOT DIVIDED,,STRAIGHT AND LEVEL,DRY,NO DEFECTS,NOT ON SCENE (DESK REPORT),NO INJURY / DRIVE AWAY,,,Y,"$501 - $1,500",05/27/2025 16:26,IMPROPER OVERTAKING/PASSING,IMPROPER OVERTAKING/PASSING,830,W,96TH ST,2223,,,,,,,2,NO INDICATION OF INJURY,0,0,0,0,0,1,0,15,3,5,,,,,
CLEAR,DAYLIGHT,SIDESWIPE SAME DIRECTION,ONE-WAY,,STRAIGHT AND LEVEL,DRY,NO DEFECTS,ON SCENE,NO INJURY / DRIVE AWAY,,,,"$501 - $1,500",08/03/2023 9:05,IMPROPER LANE USAGE,NOT APPLICABLE,9759,W,KENNEDY EXPY IB,1654,,,,,,,2,NO INDICATION OF INJURY,0,0,0,0,0,2,0,8,5,8,,,,,
CLEAR,DAYLIGHT,ANGLE,PARKING LOT,,STRAIGHT AND LEVEL,DRY,NO DEFECTS,ON SCENE,INJURY AND / OR TOW DUE TO CRASH,,Y,,"OVER $1,500",05/27/2025 8:50,UNABLE TO DETERMINE,NOT APPLICABLE,4801,W,NORTH AVE,2533,,,,,,,2,NO INDICATION OF INJURY,0,0,0,0,0,5,0,8,3,5,,,,,
CLEAR,DAYLIGHT,TURNING,NOT DIVIDED,,STRAIGHT AND LEVEL,DRY,NO DEFECTS,ON SCENE,NO INJURY / DRIVE AWAY,,,,$500 OR LESS,05/27/2025 8:15,IMPROPER OVERTAKING/PASSING,IMPROPER TURNING/NO SIGNAL,1719,W,PETERSON AVE,2012,,,,,,,2,NO INDICATION OF INJURY,0,0,0,0,0,2,0,8,3,5,,,,,
CLEAR,DAYLIGHT,SIDESWIPE SAME DIRECTION,RAMP,,"CURVE, LEVEL",DRY,NO DEFECTS,NOT ON SCENE (DESK REPORT),NO INJURY / DRIVE AWAY,,,,$500 OR LESS,05/27/2025 21:48,UNABLE TO DETERMINE,NOT APPLICABLE,400,N,LAKE SHORE DR SB,1834,,,,,,,2,NO INDICATION OF INJURY,0,0,0,0,0,2,0,12,3,5,,,,,
UNKNOWN,DAYLIGHT,TURNING,DIVIDED - W/MEDIAN BARRIER,,STRAIGHT AND LEVEL,WET,NO DEFECTS,ON SCENE,INJURY AND / OR TOW DUE TO CRASH,Y,,,"OVER $1,500",02/12/2025 10:39,FAILING TO YIELD RIGHT-OF-WAY,NOT APPLICABLE,267,E,LOWER WACKER DR,114,,,,,,,2,NO INDICATION OF INJURY,0,0,0,0,0,2,0,9,4,2,,,,,
CLEAR,"DARKNESS, LIGHTED ROAD",PARKED MOTOR VEHICLE,NOT DIVIDED,,STRAIGHT AND LEVEL,OTHER,NO DEFECTS,,INJURY AND / OR TOW DUE TO CRASH,,,,"OVER $1,500",05/27/2025 4:07,UNDER THE INFLUENCE OF ALCOHOL/DRUGS (USE WHEN ARREST IS EFFECTED),NOT APPLICABLE,1223,W,DIVERSEY PKWY,1932,,,,,,,3,NO INDICATION OF INJURY,0,0,0,0,0,1,0,4,3,5,,,,,
UNKNOWN,UNKNOWN,REAR END,FOUR WAY,,STRAIGHT AND LEVEL,UNKNOWN,UNKNOWN,NOT ON SCENE (DESK REPORT),NO INJURY / DRIVE AWAY,Y,,Y,"OVER $1,500",02/13/2025 15:33,UNABLE TO DETERMINE,DRIVING SKILLS/KNOWLEDGE/EXPERIENCE,3361,W,WARREN BLVD,1123,,,,,,,2,NO INDICATION OF INJURY,0,0,0,0,0,2,0,13,4,2,,,,,
CLEAR,DAYLIGHT,SIDESWIPE SAME DIRECTION,ONE-WAY,,STRAIGHT AND LEVEL,DRY,NO DEFECTS,ON SCENE,NO INJURY / DRIVE AWAY,Y,,Y,"$501 - $1,500",05/27/2025 8:06,IMPROPER OVERTAKING/PASSING,UNABLE TO DETERMINE,1551,W,CONGRESS PKWY,1231,,,,,,,2,NO INDICATION OF INJURY,0,0,0,0,0,2,0,8,3,5,,,,,
CLEAR,"DARKNESS, LIGHTED ROAD",REAR END,NOT DIVIDED,,STRAIGHT AND LEVEL,DRY,NO DEFECTS,NOT ON SCENE (DESK REPORT),INJURY AND / OR TOW DUE TO CRASH,,,Y,"OVER $1,500",05/27/2025 23:30,FOLLOWING TOO CLOSELY,FAILING TO REDUCE SPEED TO AVOID CRASH,1200,W,MONTROSE AVE,1913,,,,,,,2,"REPORTED, NOT EVIDENT",1,0,0,0,1,1,0,22,3,5,,,,,
CLEAR,DAYLIGHT,ANGLE,FOUR WAY,,STRAIGHT AND LEVEL,DRY,NO DEFECTS,ON SCENE,INJURY AND / OR TOW DUE TO CRASH,Y,,,"OVER $1,500",05/27/2025 17:42,FAILING TO YIELD RIGHT-OF-WAY,NOT APPLICABLE,3228,N,DAMEN AVE,1921,,,,,,,2,NO INDICATION OF INJURY,0,0,0,0,0,4,0,17,3,5,,,,,
CLEAR,DAYLIGHT,REAR END,DIVIDED - W/MEDIAN (NOT RAISED),,STRAIGHT AND LEVEL,DRY,NO DEFECTS,NOT ON SCENE (DESK REPORT),NO INJURY / DRIVE AWAY,,,,"$501 - $1,500",05/27/2025 14:57,FOLLOWING TOO CLOSELY,CELL PHONE USE OTHER THAN TEXTING,4407,S,CICERO AVE,815,,,,,,,2,NO INDICATION OF INJURY,0,0,0,0,0,2,0,13,3,5,,,,,
CLEAR,DAYLIGHT,REAR END,NOT DIVIDED,,STRAIGHT AND LEVEL,UNKNOWN,UNKNOWN,,NO INJURY / DRIVE AWAY,,,,"OVER $1,500",05/27/2025 17:00,FOLLOWING TOO CLOSELY,NOT APPLICABLE,320,S,WOOD ST,1225,,,,,,,2,NO INDICATION OF INJURY,0,0,0,0,0,2,0,16,3,5,,,,,
CLEAR,DAYLIGHT,REAR END,NOT DIVIDED,,STRAIGHT AND LEVEL,UNKNOWN,UNKNOWN,NOT ON SCENE (DESK REPORT),NO INJURY / DRIVE AWAY,,,,"OVER $1,500",05/27/2025 15:25,DRIVING SKILLS/KNOWLEDGE/EXPERIENCE,NOT APPLICABLE,3032,W,63RD ST,823,,,,,,,2,NO INDICATION OF INJURY,0,0,0,0,0,6,0,14,3,5,,,,,
CLEAR,DAYLIGHT,ANGLE,NOT DIVIDED,,STRAIGHT AND LEVEL,DRY,NO DEFECTS,ON SCENE,INJURY AND / OR TOW DUE TO CRASH,,,,"OVER $1,500",05/27/2025 17:42,FAILING TO YIELD RIGHT-OF-WAY,UNABLE TO DETERMINE,6737,S,PULASKI RD,833,,,,,,,2,NONINCAPACITATING INJURY,3,0,0,2,1,1,0,17,3,5,,,,,
CLOUDY/OVERCAST,DAYLIGHT,TURNING,NOT DIVIDED,,STRAIGHT AND LEVEL,DRY,NO DEFECTS,ON SCENE,INJURY AND / OR TOW DUE TO CRASH,Y,,,"OVER $1,500",05/27/2025 16:27,FOLLOWING TOO CLOSELY,NOT APPLICABLE,5358,W,63RD ST,813,,,,,,,2,NONINCAPACITATING INJURY,1,0,0,1,0,1,0,16,3,5,,,,,
CLEAR,DAYLIGHT,REAR END,NOT DIVIDED,,STRAIGHT AND LEVEL,DRY,NO DEFECTS,NOT ON SCENE (DESK REPORT),NO INJURY / DRIVE AWAY,,,,"$501 - $1,500",05/28/2025 17:00,UNABLE TO DETERMINE,UNABLE TO DETERMINE,8100,S,JEFFERY BLVD,414,,,,,,,2,NO INDICATION OF INJURY,0,0,0,0,0,2,0,14,3,5,,,,,
CLEAR,DAYLIGHT,PARKED MOTOR VEHICLE,ONE-WAY,,STRAIGHT AND LEVEL,UNKNOWN,UNKNOWN,NOT ON SCENE (DESK REPORT),NO INJURY / DRIVE AWAY,,,Y,"$501 - $1,500",05/29/2025 16:00,UNABLE TO DETERMINE,NOT APPLICABLE,2417,N,LUNA AVE,2515,,,,,,,2,NO INDICATION OF INJURY,0,0,0,0,0,1,0,16,3,5,,,,,
CLEAR,"DARKNESS, LIGHTED ROAD",PARKED MOTOR VEHICLE,ONE-WAY,,STRAIGHT AND LEVEL,DRY,UNKNOWN,NOT ON SCENE (DESK REPORT),NO INJURY / DRIVE AWAY,,,Y,"OVER $1,500",05/27/2025 16:45,UNABLE TO DETERMINE,NOT APPLICABLE,7416,S,PERRY AVE,731,,,,,,,2,NO INDICATION OF INJURY,0,0,0,0,0,1,0,12,3,5,,,,,
CLEAR,"DARKNESS, LIGHTED ROAD",PARKED MOTOR VEHICLE,NOT DIVIDED,,STRAIGHT AND LEVEL,DRY,"RUT, HOLES",ON SCENE,INJURY AND / OR TOW DUE TO CRASH,,,Y,"OVER $1,500",02/12/2025 2:12,"OPERATING VEHICLE IN ERRATIC, RECKLESS, CARELESS, NEGLIGENT OR AGGRESSIVE MANNER",UNABLE TO DETERMINE,13098,S,EVANS AVE,533,,,,,,,3,NO INDICATION OF INJURY,0,0,0,0,0,3,0,2,4,2,,,,,
CLEAR,DAYLIGHT,REAR END,FOUR WAY,,STRAIGHT AND LEVEL,DRY,NO DEFECTS,NOT ON SCENE (DESK REPORT),NO INJURY / DRIVE AWAY,Y,,,"$501 - $1,500",05/27/2025 18:50,UNABLE TO DETERMINE,UNABLE TO DETERMINE,2000,W,79TH ST,611,,,,,,,2,NO INDICATION OF INJURY,0,0,0,0,0,4,0,18,3,5,,,,,
SNOW,DAYLIGHT,ANGLE,ONE-WAY,,STRAIGHT AND LEVEL,SNOW OR SLUSH,NO DEFECTS,NOT ON SCENE (DESK REPORT),NO INJURY / DRIVE AWAY,,,,"OVER $1,500",02/13/2025 8:20,FAILING TO YIELD RIGHT-OF-WAY,NOT APPLICABLE,7600,S,VINCENNES AVE,623,,,,,,,2,NO INDICATION OF INJURY,0,0,0,0,0,2,0,8,4,2,,,,,
SNOW,DAYLIGHT,HEAD ON,PARKING LOT,,STRAIGHT AND LEVEL,SNOW OR SLUSH,UNKNOWN,NOT ON SCENE (DESK REPORT),INJURY AND / OR TOW DUE TO CRASH,,Y,,"OVER $1,500",02/12/2025 17:09,UNABLE TO DETERMINE,UNABLE TO DETERMINE,5201,N,SHERIDAN RD,2023,,,,,,,2,NO INDICATION OF INJURY,0,0,0,0,0,5,0,16,4,2,,,,,
CLOUDY/OVERCAST,DAYLIGHT,REAR END,DIVIDED - W/MEDIAN (NOT RAISED),,STRAIGHT AND LEVEL,ICE,UNKNOWN,NOT ON SCENE (DESK REPORT),NO INJURY / DRIVE AWAY,,,,"OVER $1,500",02/12/2025 8:10,WEATHER,UNABLE TO DETERMINE,2301,S,ASHLAND AVE,1235,,,,,,,2,NO INDICATION OF INJURY,0,0,0,0,0,3,0,7,4,2,,,,,
CLEAR,DAYLIGHT,REAR END,DIVIDED - W/MEDIAN (NOT RAISED),,STRAIGHT AND LEVEL,DRY,UNKNOWN,NOT ON SCENE (DESK REPORT),NO INJURY / DRIVE AWAY,,,,$500 OR LESS,10/27/2025 17:10,FOLLOWING TOO CLOSELY,NOT APPLICABLE,1977,W,ARMITAGE AVE,1434,Y,,,,,,2,NO INDICATION OF INJURY,0,0,0,0,0,4,0,16,2,10,,,,,
CLEAR,DAYLIGHT,TURNING,NOT DIVIDED,,STRAIGHT AND LEVEL,DRY,NO DEFECTS,ON SCENE,INJURY AND / OR TOW DUE TO CRASH,,,,"$501 - $1,500",05/27/2025 15:37,FAILING TO YIELD RIGHT-OF-WAY,UNABLE TO DETERMINE,5104,N,PULASKI RD,1712,,,,,,,2,NONINCAPACITATING INJURY,1,0,0,1,0,1,0,15,3,5,,,,,
CLEAR,DAYLIGHT,SIDESWIPE SAME DIRECTION,NOT DIVIDED,,STRAIGHT AND LEVEL,UNKNOWN,UNKNOWN,ON SCENE,NO INJURY / DRIVE AWAY,,,,$500 OR LESS,05/27/2025 18:53,IMPROPER OVERTAKING/PASSING,NOT APPLICABLE,3708,N,RACINE AVE,1923,,,,,,,2,NO INDICATION OF INJURY,0,0,0,0,0,4,0,18,3,5,,,,,
CLEAR,DAYLIGHT,PARKED MOTOR VEHICLE,PARKING LOT,,STRAIGHT AND LEVEL,DRY,NO DEFECTS,NOT ON SCENE (DESK REPORT),NO INJURY / DRIVE AWAY,,,Y,"OVER $1,500",06/18/2024 14:40,UNABLE TO DETERMINE,NOT APPLICABLE,1410,S,SPECIAL OLYMPICS DR,132,,,,,,,2,NO INDICATION OF INJURY,0,0,0,0,0,1,0,17,7,6,,,,,
CLEAR,"DARKNESS, LIGHTED ROAD",PARKED MOTOR VEHICLE,NOT DIVIDED,,STRAIGHT AND LEVEL,DRY,NO DEFECTS,NOT ON SCENE (DESK REPORT),NO INJURY / DRIVE AWAY,,,Y,"OVER $1,500",05/28/2025 0:19,UNABLE TO DETERMINE,NOT APPLICABLE,5929,S,ST LOUIS AVE,822,,,,,,,2,NO INDICATION OF INJURY,0,0,0,0,0,1,0,22,3,5,,,,,
CLEAR,DUSK,PARKED MOTOR VEHICLE,ONE-WAY,,STRAIGHT AND LEVEL,DRY,NO DEFECTS,NOT ON SCENE (DESK REPORT),NO INJURY / DRIVE AWAY,,,,$500 OR LESS,05/27/2025 21:15,IMPROPER BACKING,NOT APPLICABLE,3517,N,SPAULDING AVE,1733,,,,,,,2,NO INDICATION OF INJURY,0,0,0,0,0,1,0,17,3,5,,,,,
CLEAR,DAYLIGHT,PARKED MOTOR VEHICLE,ONE-WAY,,STRAIGHT AND LEVEL,DRY,NO DEFECTS,ON SCENE,INJURY AND / OR TOW DUE TO CRASH,,,,"OVER $1,500",07/15/2025 11:39,UNABLE TO DETERMINE,NOT APPLICABLE,3212,W,65TH PL,831,,,,,,,2,"REPORTED, NOT EVIDENT",1,0,0,0,1,0,0,11,3,7,,,,,
CLEAR,DAYLIGHT,REAR END,NOT DIVIDED,,STRAIGHT AND LEVEL,DRY,NO DEFECTS,NOT ON SCENE (DESK REPORT),NO INJURY / DRIVE AWAY,,,,"$501 - $1,500",05/29/2025 9:20,FOLLOWING TOO CLOSELY,UNABLE TO DETERMINE,4807,W,DEVON AVE,1621,,,,,,,2,NO INDICATION OF INJURY,0,0,0,0,0,2,0,10,3,5,,,,,
CLEAR,DAYLIGHT,TURNING,DIVIDED - W/MEDIAN (NOT RAISED),,STRAIGHT AND LEVEL,DRY,NO DEFECTS,ON SCENE,INJURY AND / OR TOW DUE TO CRASH,,,,"OVER $1,500",05/27/2025 19:43,FAILING TO YIELD RIGHT-OF-WAY,NOT APPLICABLE,3844,W,55TH ST,822,,,,,,,2,NO INDICATION OF INJURY,0,0,0,0,0,2,0,19,3,5,,,,,
CLEAR,DAYLIGHT,TURNING,NOT DIVIDED,,STRAIGHT AND LEVEL,DRY,NO DEFECTS,NOT ON SCENE (DESK REPORT),NO INJURY / DRIVE AWAY,Y,,,"OVER $1,500",05/28/2025 8:20,IMPROPER LANE USAGE,IMPROPER BACKING,7700,S,ASHLAND AVE,611,,,,,,,2,NO INDICATION OF INJURY,0,0,0,0,0,2,0,17,3,5,,,,,
CLEAR,DAYLIGHT,SIDESWIPE SAME DIRECTION,NOT DIVIDED,,STRAIGHT AND LEVEL,DRY,NO DEFECTS,ON SCENE,INJURY AND / OR TOW DUE TO CRASH,,,,"OVER $1,500",05/27/2025 16:18,UNABLE TO DETERMINE,UNABLE TO DETERMINE,1433,W,ADDISON ST,1922,,,,,,,2,NO INDICATION OF INJURY,0,0,0,0,0,3,0,16,3,5,,,,,
CLEAR,DAYLIGHT,HEAD ON,PARKING LOT,,STRAIGHT AND LEVEL,DRY,NO DEFECTS,,NO INJURY / DRIVE AWAY,,,,"OVER $1,500",08/02/2024 15:00,UNABLE TO DETERMINE,UNABLE TO DETERMINE,3031,N,PULASKI RD,2523,,,,,,,2,NO INDICATION OF INJURY,0,0,0,0,0,2,0,13,6,8,,,,,
SNOW,"DARKNESS, LIGHTED ROAD",REAR END,DIVIDED - W/MEDIAN (NOT RAISED),,STRAIGHT AND LEVEL,SNOW OR SLUSH,WORN SURFACE,NOT ON SCENE (DESK REPORT),NO INJURY / DRIVE AWAY,,,,"$501 - $1,500",02/12/2025 21:20,FOLLOWING TOO CLOSELY,DRIVING SKILLS/KNOWLEDGE/EXPERIENCE,5748,N,RIDGE AVE,2013,,,,,,,2,NO INDICATION OF INJURY,0,0,0,0,0,2,0,20,4,2,,,,,
SNOW,"DARKNESS, LIGHTED ROAD",PARKED MOTOR VEHICLE,NOT DIVIDED,,STRAIGHT AND LEVEL,SNOW OR SLUSH,NO DEFECTS,NOT ON SCENE (DESK REPORT),INJURY AND / OR TOW DUE TO CRASH,,,,"OVER $1,500",02/12/2025 23:55,WEATHER,NOT APPLICABLE,7101,W,IRVING PARK RD,1632,,,,,,,3,NO INDICATION OF INJURY,0,0,0,0,0,1,0,20,4,2,,,,,
CLEAR,DAYLIGHT,PARKED MOTOR VEHICLE,PARKING LOT,,STRAIGHT AND LEVEL,DRY,UNKNOWN,ON SCENE,NO INJURY / DRIVE AWAY,,,N,"OVER $1,500",05/27/2025 16:01,NOT APPLICABLE,NOT APPLICABLE,8505,S,INGLESIDE AVE,632,,,,,,,2,NO INDICATION OF INJURY,0,0,0,0,0,1,0,12,3,5,,,,,
SNOW,DAYLIGHT,REAR END,NOT DIVIDED,,STRAIGHT AND LEVEL,SNOW OR SLUSH,NO DEFECTS,NOT ON SCENE (DESK REPORT),NO INJURY / DRIVE AWAY,,,,$500 OR LESS,02/12/2025 13:05,UNABLE TO DETERMINE,UNABLE TO DETERMINE,2900,S,EMERALD AVE,914,,,,,,,2,NO INDICATION OF INJURY,0,0,0,0,0,2,0,12,4,2,,,,,
CLEAR,DAYLIGHT,PARKED MOTOR VEHICLE,PARKING LOT,,STRAIGHT AND LEVEL,DRY,NO DEFECTS,ON SCENE,NO INJURY / DRIVE AWAY,,N,,$500 OR LESS,05/27/2025 9:10,UNABLE TO DETERMINE,UNABLE TO DETERMINE,12600,S,TORRENCE AVE,433,,,,,,,2,NO INDICATION OF INJURY,0,0,0,0,0,1,0,8,3,5,,,,,
CLEAR,DAYLIGHT,REAR END,DIVIDED - W/MEDIAN (NOT RAISED),,STRAIGHT AND LEVEL,DRY,UNKNOWN,,NO INJURY / DRIVE AWAY,,,,"OVER $1,500",09/25/2024 17:15,UNABLE TO DETERMINE,NOT APPLICABLE,5901,W,BELMONT AVE,2514,,,,,,,2,NO INDICATION OF INJURY,0,0,0,0,0,3,0,17,4,9,,,,,
CLOUDY/OVERCAST,DAYLIGHT,SIDESWIPE SAME DIRECTION,NOT DIVIDED,,STRAIGHT AND LEVEL,WET,NO DEFECTS,ON SCENE,NO INJURY / DRIVE AWAY,Y,,,"$501 - $1,500",02/12/2025 9:09,IMPROPER OVERTAKING/PASSING,"VISION OBSCURED (SIGNS, TREE LIMBS, BUILDINGS, ETC.)",6401,N,LEHIGH AVE,1621,,,,,,,2,NO INDICATION OF INJURY,0,0,0,0,0,2,0,9,4,2,,,,,
SNOW,DAYLIGHT,SIDESWIPE SAME DIRECTION,OTHER,,STRAIGHT AND LEVEL,SNOW OR SLUSH,NO DEFECTS,ON SCENE,INJURY AND / OR TOW DUE TO CRASH,,,,"OVER $1,500",02/12/2025 14:29,UNABLE TO DETERMINE,UNABLE TO DETERMINE,3900,S,LAKE SHORE DR NB,212,,,,,,,2,NO INDICATION OF INJURY,0,0,0,0,0,2,0,14,4,2,,,,,
CLEAR,"DARKNESS, LIGHTED ROAD",FIXED OBJECT,FOUR WAY,,STRAIGHT AND LEVEL,DRY,UNKNOWN,ON SCENE,NO INJURY / DRIVE AWAY,,,Y,"OVER $1,500",05/27/2025 1:48,UNABLE TO DETERMINE,UNABLE TO DETERMINE,741,S,CENTRAL AVE,1522,,,,,,,1,NO INDICATION OF INJURY,0,0,0,0,0,1,0,1,3,5,,,,,