WEATHER_CONDITION,LIGHTING_CONDITION,FIRST_CRASH_TYPE,TRAFFICWAY_TYPE,LANE_CNT,ALIGNMENT,ROADWAY_SURFACE_COND,ROAD_DEFECT,REPORT_TYPE,CRASH_TYPE,INTERSECTION_RELATED_I,NOT_RIGHT_OF_WAY_I,HIT_AND_RUN_I,DAMAGE,DATE_POLICE_NOTIFIED,PRIM_CONTRIBUTORY_CAUSE,SEC_CONTRIBUTORY_CAUSE,STREET_NO,STREET_DIRECTION,STREET_NAME,BEAT_OF_OCCURRENCE,PHOTOS_TAKEN_I,STATEMENTS_TAKEN_I,DOORING_I,WORK_ZONE_I,WORK_ZONE_TYPE,WORKERS_PRESENT_I,NUM_UNITS,MOST_SEVERE_INJURY,INJURIES_TOTAL,INJURIES_FATAL,INJURIES_INCAPACITATING,INJURIES_NON_INCAPACITATING,INJURIES_REPORTED_NOT_EVIDENT,INJURIES_NO_INDICATION,INJURIES_UNKNOWN,CRASH_HOUR,CRASH_DAY_OF_WEEK,CRASH_MONTH,INJURIES_NO_INDICATION,INJURIES_UNKNOWN,CRASH_HOUR,CRASH_DAY_OF_WEEK,CRASH_MONTH
CLEAR,DAYLIGHT,FIXED OBJECT,NOT DIVIDED,,STRAIGHT AND LEVEL,DRY,NO DEFECTS,ON SCENE,NO INJURY / DRIVE AWAY,,,,"$501 - $1,500",04/01/2025 9:11,EQUIPMENT - VEHICLE CONDITION,NOT APPLICABLE,9700,S,LEAVITT ST,2213,,,,,,,1,NO INDICATION OF INJURY,0,0,0,0,0,1,0,8,3,4,,,,,
CLEAR,DARKNESS,PARKED MOTOR VEHICLE,NOT DIVIDED,,STRAIGHT AND LEVEL,DRY,NO DEFECTS,,NO INJURY / DRIVE AWAY,,,Y,"$501 - $1,500",04/03/2025 21:30,FAILING TO REDUCE SPEED TO AVOID CRASH,DRIVING SKILLS/KNOWLEDGE/EXPERIENCE,7515,S,YATES BLVD,421,,,,,,,2,NO INDICATION OF INJURY,0,0,0,0,0,1,0,21,5,4,,,,,
CLEAR,DAYLIGHT,SIDESWIPE SAME DIRECTION,DIVIDED - W/MEDIAN BARRIER,,STRAIGHT AND LEVEL,DRY,NO DEFECTS,ON SCENE,INJURY AND / OR TOW DUE TO CRASH,,,,"OVER $1,500",04/04/2025 8:42,IMPROPER OVERTAKING/PASSING,FAILING TO YIELD RIGHT-OF-WAY,1332,W,IRVING PARK RD,1912,,,,,,,3,NONINCAPACITATING INJURY,1,0,0,1,0,1,0,8,6,4,,,,,
SNOW,DAYLIGHT,PARKED MOTOR VEHICLE,PARKING LOT,,STRAIGHT AND LEVEL,SNOW OR SLUSH,NO DEFECTS,ON SCENE,NO INJURY / DRIVE AWAY,,,Y,$500 OR LESS,02/12/2025 16:42,UNABLE TO DETERMINE,UNABLE TO DETERMINE,7814,W,BELMONT AVE,1631,,,,,,,2,NO INDICATION OF INJURY,0,0,0,0,0,1,0,16,4,2,,,,,
SNOW,UNKNOWN,PARKED MOTOR VEHICLE,ONE-WAY,,STRAIGHT AND LEVEL,SNOW OR SLUSH,NO DEFECTS,ON SCENE,NO INJURY / DRIVE AWAY,,,Y,"OVER $1,500",02/13/2025 12:00,UNABLE TO DETERMINE,UNABLE TO DETERMINE,2416,E,78TH ST,421,,,,,,,2,NO INDICATION OF INJURY,0,0,0,0,0,1,0,22,4,2,,,,,
RAIN,DAYLIGHT,PARKED MOTOR VEHICLE,PARKING LOT,,STRAIGHT AND LEVEL,WET,UNKNOWN,NOT ON SCENE (DESK REPORT),NO INJURY / DRIVE AWAY,,,Y,"OVER $1,500",04/04/2025 15:25,FOLLOWING TOO CLOSELY,NOT APPLICABLE,6315,S,KEDZIE AVE,823,,,,,,,2,NO INDICATION OF INJURY,0,0,0,0,0,1,0,9,5,4,,,,,
CLEAR,DAYLIGHT,ANGLE,FOUR WAY,,STRAIGHT AND LEVEL,DRY,UNKNOWN,NOT ON SCENE (DESK REPORT),NO INJURY / DRIVE AWAY,Y,,,"OVER $1,500",04/04/2025 12:24,UNABLE TO DETERMINE,UNABLE TO DETERMINE,9500,S,STONY ISLAND AVE,511,,,,,,,2,NO INDICATION OF INJURY,0,0,0,0,0,2,0,12,6,4,,,,,
CLEAR,DAYLIGHT,PEDESTRIAN,FOUR WAY,,STRAIGHT AND LEVEL,DRY,NO DEFECTS,NOT ON SCENE (DESK REPORT),NO INJURY / DRIVE AWAY,Y,,,$500 OR LESS,04/04/2025 13:20,FAILING TO YIELD RIGHT-OF-WAY,FAILING TO YIELD RIGHT-OF-WAY,9500,S,DR MARTIN LUTHER KING JR DR,511,,,,,,,2,NO INDICATION OF INJURY,0,0,0,0,0,2,0,11,6,4,,,,,
CLEAR,DAWN,PARKED MOTOR VEHICLE,PARKING LOT,,STRAIGHT AND LEVEL,DRY,NO DEFECTS,ON SCENE,NO INJURY / DRIVE AWAY,,Y,Y,"$501 - $1,500",04/04/2025 19:39,DRIVING SKILLS/KNOWLEDGE/EXPERIENCE,UNABLE TO DETERMINE,2558,W,CERMAK RD,1023,,,,,,,2,NO INDICATION OF INJURY,0,0,0,0,0,1,0,18,6,4,,,,,
CLEAR,DAYLIGHT,TURNING,OTHER,,STRAIGHT AND LEVEL,DRY,NO DEFECTS,ON SCENE,NO INJURY / DRIVE AWAY,,,,"OVER $1,500",04/04/2025 8:10,UNABLE TO DETERMINE,NOT APPLICABLE,4917,N,MILWAUKEE AVE,1623,,,,,,,2,NO INDICATION OF INJURY,0,0,0,0,0,2,0,7,6,4,,,,,
SNOW,DAYLIGHT,ANGLE,NOT DIVIDED,,STRAIGHT AND LEVEL,SNOW OR SLUSH,UNKNOWN,ON SCENE,INJURY AND / OR TOW DUE TO CRASH,Y,,,"$501 - $1,500",02/12/2025 13:40,UNABLE TO DETERMINE,NOT APPLICABLE,3500,S,RACINE AVE,912,,,,,,,2,NO INDICATION OF INJURY,0,0,0,0,0,2,0,13,4,2,,,,,
SNOW,UNKNOWN,REAR END,ONE-WAY,,STRAIGHT AND LEVEL,UNKNOWN,UNKNOWN,NOT ON SCENE (DESK REPORT),NO INJURY / DRIVE AWAY,,,,"OVER $1,500",02/12/2025 16:00,UNABLE TO DETERMINE,UNABLE TO DETERMINE,4001,W,19TH ST,1012,,,,,,,2,NO INDICATION OF INJURY,0,0,0,0,0,2,0,14,4,2,,,,,
SNOW,DARKNESS,PARKED MOTOR VEHICLE,ONE-WAY,,STRAIGHT AND LEVEL,SNOW OR SLUSH,NO DEFECTS,ON SCENE,NO INJURY / DRIVE AWAY,,,Y,"OVER $1,500",02/12/2025 3:04,IMPROPER TURNING/NO SIGNAL,FOLLOWING TOO CLOSELY,7734,S,LANGLEY AVE,624,,,,,,,2,NO INDICATION OF INJURY,0,0,0,0,0,1,0,3,4,2,,,,,
CLEAR,DAYLIGHT,ANGLE,ONE-WAY,,STRAIGHT AND LEVEL,DRY,NO DEFECTS,ON SCENE,INJURY AND / OR TOW DUE TO CRASH,,,,"OVER $1,500",04/03/2025 13:10,DRIVING SKILLS/KNOWLEDGE/EXPERIENCE,DRIVING SKILLS/KNOWLEDGE/EXPERIENCE,2630,W,OGDEN SD,1023,,,,,,,2,NONINCAPACITATING INJURY,2,0,0,2,0,0,0,12,5,4,,,,,
RAIN,DAYLIGHT,REAR END,NOT DIVIDED,,STRAIGHT AND LEVEL,WET,NO DEFECTS,NOT ON SCENE (DESK REPORT),NO INJURY / DRIVE AWAY,,,,"OVER $1,500",04/04/2025 17:30,WEATHER,UNABLE TO DETERMINE,2601,N,CALIFORNIA AVE,1411,,,,,,,2,NO INDICATION OF INJURY,0,0,0,0,0,2,0,17,6,4,,,,,
CLEAR,DAYLIGHT,ANGLE,ONE-WAY,,STRAIGHT AND LEVEL,DRY,NO DEFECTS,ON SCENE,NO INJURY / DRIVE AWAY,Y,,,$500 OR LESS,04/04/2025 8:46,FAILING TO YIELD RIGHT-OF-WAY,FAILING TO YIELD RIGHT-OF-WAY,3811,W,HIRSCH ST,2535,,,,,,,2,NO INDICATION OF INJURY,0,0,0,0,0,3,0,8,6,4,,,,,
CLEAR,DAYLIGHT,PARKED MOTOR VEHICLE,NOT DIVIDED,,STRAIGHT AND LEVEL,DRY,NO DEFECTS,ON SCENE,NO INJURY / DRIVE AWAY,,,,"$501 - $1,500",04/04/2025 15:15,UNABLE TO DETERMINE,UNABLE TO DETERMINE,2818,S,POPLAR AVE,913,,,,,,,2,NO INDICATION OF INJURY,0,0,0,0,0,2,0,15,6,4,,,,,
CLEAR,DAWN,SIDESWIPE SAME DIRECTION,PARKING LOT,,STRAIGHT AND LEVEL,DRY,NO DEFECTS,NOT ON SCENE (DESK REPORT),NO INJURY / DRIVE AWAY,,Y,,"OVER $1,500",04/04/2025 11:45,IMPROPER BACKING,NOT APPLICABLE,11600,S,BURLEY AVE,433,,,,,,,2,NO INDICATION OF INJURY,0,0,0,0,0,2,0,5,6,4,,,,,
SNOW,"DARKNESS, LIGHTED ROAD",ANGLE,FOUR WAY,,STRAIGHT AND LEVEL,WET,NO DEFECTS,ON SCENE,INJURY AND / OR TOW DUE TO CRASH,,,,"OVER $1,500",02/12/2025 18:45,NOT APPLICABLE,NOT APPLICABLE,4299,S,WESTERN BLVD,924,,,,,,,2,NO INDICATION OF INJURY,0,0,0,0,0,2,0,18,4,2,,,,,
CLEAR,DAYLIGHT,PARKED MOTOR VEHICLE,OTHER,,STRAIGHT AND LEVEL,DRY,NO DEFECTS,ON SCENE,INJURY AND / OR TOW DUE TO CRASH,,,Y,"OVER $1,500",04/04/2025 14:00,UNABLE TO DETERMINE,UNABLE TO DETERMINE,3233,W,PIERCE AVE,1422,,,,,,,2,NO INDICATION OF INJURY,0,0,0,0,0,1,0,8,6,4,,,,,
CLEAR,DAYLIGHT,REAR END,NOT DIVIDED,,STRAIGHT ON GRADE,DRY,NO DEFECTS,NOT ON SCENE (DESK REPORT),INJURY AND / OR TOW DUE TO CRASH,Y,,,"OVER $1,500",04/04/2025 14:10,FAILING TO REDUCE SPEED TO AVOID CRASH,NOT APPLICABLE,10800,S,KEDZIE AVE,2211,,,,,,,2,"REPORTED, NOT EVIDENT",1,0,0,0,1,1,0,13,6,4,,,,,
CLEAR,DAYLIGHT,TURNING,NOT DIVIDED,,STRAIGHT AND LEVEL,DRY,NO DEFECTS,NOT ON SCENE (DESK REPORT),NO INJURY / DRIVE AWAY,,,,"$501 - $1,500",02/12/2025 8:40,UNABLE TO DETERMINE,NOT APPLICABLE,4221,S,WESTERN BLVD,924,,,,,,,2,NO INDICATION OF INJURY,0,0,0,0,0,4,0,7,4,2,,,,,
SNOW,DARKNESS,FIXED OBJECT,ALLEY,,STRAIGHT AND LEVEL,SNOW OR SLUSH,UNKNOWN,NOT ON SCENE (DESK REPORT),NO INJURY / DRIVE AWAY,,Y,Y,"OVER $1,500",02/13/2025 0:01,NOT APPLICABLE,NOT APPLICABLE,9337,S,CRANDON AVE,413,,,,,,,1,NO INDICATION OF INJURY,0,0,0,0,0,1,0,22,4,2,,,,,
CLOUDY/OVERCAST,DAYLIGHT,TURNING,DIVIDED - W/MEDIAN (NOT RAISED),,STRAIGHT AND LEVEL,DRY,NO DEFECTS,ON SCENE,NO INJURY / DRIVE AWAY,,,,"OVER $1,500",04/04/2025 12:40,FAILING TO YIELD RIGHT-OF-WAY,IMPROPER TURNING/NO SIGNAL,2734,W,87TH ST,835,,,,,,,2,NO INDICATION OF INJURY,0,0,0,0,0,4,0,12,6,4,,,,,
RAIN,"DARKNESS, LIGHTED ROAD",HEAD ON,NOT DIVIDED,,STRAIGHT AND LEVEL,WET,UNKNOWN,NOT ON SCENE (DESK REPORT),INJURY AND / OR TOW DUE TO CRASH,,,Y,"OVER $1,500",04/04/2025 14:35,UNABLE TO DETERMINE,UNABLE TO DETERMINE,5730,W,DICKENS AVE,2515,,,,,,,2,NO INDICATION OF INJURY,0,0,0,0,0,2,0,19,4,4,,,,,
CLEAR,DAYLIGHT,REAR END,NOT DIVIDED,,STRAIGHT AND LEVEL,UNKNOWN,UNKNOWN,NOT ON SCENE (DESK REPORT),NO INJURY / DRIVE AWAY,,,,"OVER $1,500",04/03/2025 18:20,UNABLE TO DETERMINE,UNABLE TO DETERMINE,3509,W,DEVON AVE,1711,,,,,,,2,NO INDICATION OF INJURY,0,0,0,0,0,2,0,17,5,4,,,,,
CLEAR,DAYLIGHT,ANGLE,FOUR WAY,,STRAIGHT AND LEVEL,DRY,OTHER,NOT ON SCENE (DESK REPORT),INJURY AND / OR TOW DUE TO CRASH,Y,,,"OVER $1,500",04/03/2025 12:10,FAILING TO YIELD RIGHT-OF-WAY,UNABLE TO DETERMINE,1698,W,TAYLOR ST,1231,,,,Y,UNKNOWN,N,2,NONINCAPACITATING INJURY,2,0,0,2,0,0,0,11,5,4,,,,,
CLEAR,"DARKNESS, LIGHTED ROAD",FIXED OBJECT,FOUR WAY,,STRAIGHT AND LEVEL,DRY,NO DEFECTS,ON SCENE,NO INJURY / DRIVE AWAY,,,,"$501 - $1,500",04/04/2025 3:53,PHYSICAL CONDITION OF DRIVER,UNABLE TO DETERMINE,4210,W,FULLERTON AVE,2524,,,,,,,1,NO INDICATION OF INJURY,0,0,0,0,0,1,0,3,6,4,,,,,
OTHER,UNKNOWN,PEDESTRIAN,NOT DIVIDED,,STRAIGHT AND LEVEL,UNKNOWN,UNKNOWN,ON SCENE,INJURY AND / OR TOW DUE TO CRASH,,,N,"OVER $1,500",04/04/2025 4:05,UNABLE TO DETERMINE,UNABLE TO DETERMINE,259,W,106TH PL,512,,,,,,,2,"REPORTED, NOT EVIDENT",1,0,0,0,1,1,0,4,6,4,,,,,
RAIN,"DARKNESS, LIGHTED ROAD",REAR END,OTHER,,STRAIGHT AND LEVEL,WET,NO DEFECTS,NOT ON SCENE (DESK REPORT),NO INJURY / DRIVE AWAY,,,,"$501 - $1,500",04/05/2025 1:06,FOLLOWING TOO CLOSELY,UNABLE TO DETERMINE,4047,E,106TH ST,432,,,,,,,2,NO INDICATION OF INJURY,0,0,0,0,0,3,0,0,7,4,,,,,
CLEAR,DAYLIGHT,PARKED MOTOR VEHICLE,PARKING LOT,,STRAIGHT AND LEVEL,DRY,UNKNOWN,NOT ON SCENE (DESK REPORT),NO INJURY / DRIVE AWAY,,,Y,"$501 - $1,500",04/03/2025 22:30,UNABLE TO DETERMINE,UNABLE TO DETERMINE,2320,W,95TH ST,2221,,,,,,,2,NO INDICATION OF INJURY,0,0,0,0,0,2,0,11,5,4,,,,,
RAIN,"DARKNESS, LIGHTED ROAD",PARKED MOTOR VEHICLE,NOT DIVIDED,,STRAIGHT AND LEVEL,WET,UNKNOWN,ON SCENE,INJURY AND / OR TOW DUE TO CRASH,,,,"OVER $1,500",04/04/2025 22:54,WEATHER,WEATHER,6809,N,SHERIDAN RD,2431,,,,,,,4,NO INDICATION OF INJURY,0,0,0,0,0,2,0,22,6,4,,,,,
CLEAR,DAYLIGHT,SIDESWIPE SAME DIRECTION,NOT DIVIDED,,STRAIGHT AND LEVEL,UNKNOWN,UNKNOWN,NOT ON SCENE (DESK REPORT),NO INJURY / DRIVE AWAY,,,,"OVER $1,500",04/04/2025 10:45,UNABLE TO DETERMINE,UNABLE TO DETERMINE,6500,N,HARLEM AVE,1611,,,,,,,2,NO INDICATION OF INJURY,0,0,0,0,0,2,0,9,6,4,,,,,
UNKNOWN,UNKNOWN,SIDESWIPE SAME DIRECTION,CENTER TURN LANE,,STRAIGHT AND LEVEL,UNKNOWN,UNKNOWN,NOT ON SCENE (DESK REPORT),NO INJURY / DRIVE AWAY,Y,,,"$501 - $1,500",04/04/2025 15:30,UNABLE TO DETERMINE,UNABLE TO DETERMINE,1218,S,CENTRAL PARK AVE,1011,,,,,,,2,NO INDICATION OF INJURY,0,0,0,0,0,2,0,15,6,4,,,,,
SNOW,DAYLIGHT,TURNING,T-INTERSECTION,,STRAIGHT AND LEVEL,SNOW OR SLUSH,UNKNOWN,NOT ON SCENE (DESK REPORT),NO INJURY / DRIVE AWAY,Y,,,"OVER $1,500",02/12/2025 14:20,IMPROPER TURNING/NO SIGNAL,FAILING TO REDUCE SPEED TO AVOID CRASH,1726,W,CHICAGO AVE,1213,,,,,,,2,NO INDICATION OF INJURY,0,0,0,0,0,2,0,12,4,2,,,,,
CLOUDY/OVERCAST,DAYLIGHT,ANGLE,T-INTERSECTION,,STRAIGHT AND LEVEL,DRY,NO DEFECTS,ON SCENE,INJURY AND / OR TOW DUE TO CRASH,Y,,,"OVER $1,500",02/12/2025 8:00,FAILING TO YIELD RIGHT-OF-WAY,NOT APPLICABLE,6200,S,MAPLEWOOD AVE,825,,,,,,,2,NO INDICATION OF INJURY,0,0,0,0,0,3,0,7,4,2,,,,,
CLEAR,DAYLIGHT,PEDESTRIAN,ALLEY,,STRAIGHT AND LEVEL,DRY,NO DEFECTS,NOT ON SCENE (DESK REPORT),INJURY AND / OR TOW DUE TO CRASH,,,Y,"OVER $1,500",04/04/2025 15:47,FAILING TO YIELD RIGHT-OF-WAY,NOT APPLICABLE,5915,S,KEDZIE AVE,824,,,,,,,2,NONINCAPACITATING INJURY,1,0,0,1,0,1,0,19,5,4,,,,,
CLEAR,DAYLIGHT,ANGLE,NOT DIVIDED,,STRAIGHT AND LEVEL,DRY,NO DEFECTS,NOT ON SCENE (DESK REPORT),NO INJURY / DRIVE AWAY,Y,,,"OVER $1,500",04/04/2025 14:30,FAILING TO YIELD RIGHT-OF-WAY,NOT APPLICABLE,2625,W,51ST ST,923,,,,,,,2,NO INDICATION OF INJURY,0,0,0,0,0,2,0,13,6,4,,,,,
RAIN,"DARKNESS, LIGHTED ROAD",ANGLE,"FIVE POINT, OR MORE",,STRAIGHT AND LEVEL,WET,NO DEFECTS,NOT ON SCENE (DESK REPORT),NO INJURY / DRIVE AWAY,Y,,,"OVER $1,500",04/04/2025 23:10,UNABLE TO DETERMINE,NOT APPLICABLE,328,W,ONTARIO ST,1831,,,,,,,2,NO INDICATION OF INJURY,0,0,0,0,0,3,0,22,6,4,,,,,
CLEAR,DAYLIGHT,REAR END,NOT DIVIDED,,STRAIGHT AND LEVEL,DRY,NO DEFECTS,NOT ON SCENE (DESK REPORT),NO INJURY / DRIVE AWAY,,,,"$501 - $1,500",04/04/2025 19:10,FOLLOWING TOO CLOSELY,UNABLE TO DETERMINE,3000,W,VAN BUREN ST,1124,,,,,,,2,NO INDICATION OF INJURY,0,0,0,0,0,2,0,14,6,4,,,,,
RAIN,DARKNESS,PARKED MOTOR VEHICLE,NOT DIVIDED,,STRAIGHT AND LEVEL,WET,UNKNOWN,ON SCENE,INJURY AND / OR TOW DUE TO CRASH,,,,"OVER $1,500",04/05/2025 0:10,EQUIPMENT - VEHICLE CONDITION,NOT APPLICABLE,5042,W,FULTON ST,1532,,,,,,,2,NO INDICATION OF INJURY,0,0,0,0,0,1,0,0,7,4,,,,,
CLOUDY/OVERCAST,DAWN,REAR END,FOUR WAY,,STRAIGHT AND LEVEL,WET,NO DEFECTS,ON SCENE,INJURY AND / OR TOW DUE TO CRASH,Y,,,"OVER $1,500",02/12/2025 6:51,UNABLE TO DETERMINE,UNABLE TO DETERMINE,1300,S,WESTERN AVE,1023,,,,,,,2,"REPORTED, NOT EVIDENT",1,0,0,0,1,2,0,6,4,2,,,,,
CLEAR,DAYLIGHT,REAR TO FRONT,ONE-WAY,,STRAIGHT AND LEVEL,DRY,NO DEFECTS,NOT ON SCENE (DESK REPORT),NO INJURY / DRIVE AWAY,,,Y,"OVER $1,500",02/12/2025 9:55,IMPROPER BACKING,UNABLE TO DETERMINE,6000,S,ALBANY AVE,823,,,,,,,2,NO INDICATION OF INJURY,0,0,0,0,0,2,0,8,4,2,,,,,
CLEAR,DAYLIGHT,REAR END,NOT DIVIDED,,STRAIGHT AND LEVEL,DRY,NO DEFECTS,ON SCENE,NO INJURY / DRIVE AWAY,,,Y,$500 OR LESS,04/03/2025 17:10,FOLLOWING TOO CLOSELY,NOT APPLICABLE,2501,W,47TH ST,922,,,,,,,2,NO INDICATION OF INJURY,0,0,0,0,0,2,0,16,5,4,,,,,
CLEAR,DAYLIGHT,REAR END,NOT DIVIDED,,STRAIGHT AND LEVEL,DRY,NO DEFECTS,NOT ON SCENE (DESK REPORT),NO INJURY / DRIVE AWAY,,,Y,"OVER $1,500",04/04/2025 19:40,FOLLOWING TOO CLOSELY,NOT APPLICABLE,2200,S,KOSTNER AVE,1013,,,,,,,2,NO INDICATION OF INJURY,0,0,0,0,0,5,0,18,6,4,,,,,
CLEAR,DAYLIGHT,PARKED MOTOR VEHICLE,PARKING LOT,,STRAIGHT AND LEVEL,DRY,NO DEFECTS,NOT ON SCENE (DESK REPORT),NO INJURY / DRIVE AWAY,,,,"OVER $1,500",08/08/2023 17:00,DRIVING SKILLS/KNOWLEDGE/EXPERIENCE,NOT APPLICABLE,1402,E,73RD ST,324,,,,,,,2,NO INDICATION OF INJURY,0,0,0,0,0,1,0,5,5,8,,,,,
CLEAR,DAYLIGHT,REAR END,NOT DIVIDED,,STRAIGHT AND LEVEL,DRY,NO DEFECTS,,NO INJURY / DRIVE AWAY,Y,,,"$501 - $1,500",02/12/2025 8:08,UNABLE TO DETERMINE,NOT APPLICABLE,799,W,DIVISION ST,1822,,,,,,,2,NO INDICATION OF INJURY,0,0,0,0,0,3,0,7,4,2,,,,,
CLEAR,DAYLIGHT,REAR END,NOT DIVIDED,,STRAIGHT AND LEVEL,DRY,NO DEFECTS,ON SCENE,NO INJURY / DRIVE AWAY,,,Y,$500 OR LESS,03/27/2025 8:22,FOLLOWING TOO CLOSELY,FAILING TO REDUCE SPEED TO AVOID CRASH,3031,W,111TH ST,2211,,,,,,,2,NO INDICATION OF INJURY,0,0,0,0,0,3,0,8,5,3,,,,,
CLEAR,DAYLIGHT,ANGLE,NOT DIVIDED,,STRAIGHT AND LEVEL,DRY,NO DEFECTS,ON SCENE,INJURY AND / OR TOW DUE TO CRASH,,Y,N,"OVER $1,500",04/03/2025 14:13,UNABLE TO DETERMINE,UNABLE TO DETERMINE,7459,S,UNION AVE,732,,,,,,,2,NONINCAPACITATING INJURY,1,0,0,1,0,1,0,14,5,4,,,,,
RAIN,"DARKNESS, LIGHTED ROAD",PEDESTRIAN,DIVIDED - W/MEDIAN BARRIER,,STRAIGHT AND LEVEL,WET,UNKNOWN,ON SCENE,INJURY AND / OR TOW DUE TO CRASH,Y,,,"OVER $1,500",04/04/2025 23:43,UNABLE TO DETERMINE,UNABLE TO DETERMINE,200,N,OGDEN AVE,1215,,,,,,,2,"REPORTED, NOT EVIDENT",1,0,0,0,1,1,0,23,6,4,,,,,
CLEAR,"DARKNESS, LIGHTED ROAD",PARKED MOTOR VEHICLE,NOT DIVIDED,,STRAIGHT AND LEVEL,DRY,UNKNOWN,ON SCENE,INJURY AND / OR TOW DUE TO CRASH,,,,"OVER $1,500",04/04/2025 0:18,UNABLE TO DETERMINE,DRIVING SKILLS/KNOWLEDGE/EXPERIENCE,2617,N,LARAMIE AVE,2521,,,,,,,3,NO INDICATION OF INJURY,0,0,0,0,0,1,0,0,6,4,,,,,
RAIN,DAYLIGHT,REAR END,NOT DIVIDED,,STRAIGHT AND LEVEL,WET,NO DEFECTS,ON SCENE,INJURY AND / OR TOW DUE TO CRASH,,,,"OVER $1,500",04/04/2025 16:43,UNABLE TO DETERMINE,UNABLE TO DETERMINE,2814,W,26TH ST,1033,,Y,,,,,2,NO INDICATION OF INJURY,0,0,0,0,0,3,0,16,6,4,,,,,
UNKNOWN,UNKNOWN,PARKED MOTOR VEHICLE,PARKING LOT,,STRAIGHT AND LEVEL,UNKNOWN,UNKNOWN,NOT ON SCENE (DESK REPORT),NO INJURY / DRIVE AWAY,,,,"$501 - $1,500",04/04/2025 22:00,UNABLE TO DETERMINE,NOT APPLICABLE,1001,W,NORTH AVE,1822,,,,,,,2,NO INDICATION OF INJURY,0,0,0,0,0,2,0,17,6,4,,,,,
CLEAR,DAYLIGHT,ANGLE,FOUR WAY,,STRAIGHT AND LEVEL,DRY,NO DEFECTS,,INJURY AND / OR TOW DUE TO CRASH,Y,,,"OVER $1,500",03/09/2025 23:35,FAILING TO YIELD RIGHT-OF-WAY,UNABLE TO DETERMINE,9000,S,CLYDE AVE,413,,,,,,,2,NO INDICATION OF INJURY,0,0,0,0,0,2,0,23,1,3,,,,,
CLOUDY/OVERCAST,DAYLIGHT,SIDESWIPE SAME DIRECTION,DIVIDED - W/MEDIAN BARRIER,,STRAIGHT AND LEVEL,DRY,NO DEFECTS,,NO INJURY / DRIVE AWAY,,,Y,$500 OR LESS,02/12/2025 8:55,IMPROPER LANE USAGE,IMPROPER OVERTAKING/PASSING,2901,S,MICHIGAN AVE,133,,,,,,,2,NO INDICATION OF INJURY,0,0,0,0,0,2,0,8,4,2,,,,,
SNOW,DAYLIGHT,FIXED OBJECT,NOT DIVIDED,,STRAIGHT AND LEVEL,SNOW OR SLUSH,NO DEFECTS,ON SCENE,NO INJURY / DRIVE AWAY,,,,"OVER $1,500",02/12/2025 15:53,WEATHER,UNABLE TO DETERMINE,1451,W,GREENLEAF AVE,2423,,,,,,,5,NO INDICATION OF INJURY,0,0,0,0,0,1,0,15,4,2,,,,,
UNKNOWN,UNKNOWN,PARKED MOTOR VEHICLE,UNKNOWN,,STRAIGHT AND LEVEL,UNKNOWN,UNKNOWN,ON SCENE,NO INJURY / DRIVE AWAY,,,Y,"OVER $1,500",04/03/2025 8:10,UNABLE TO DETERMINE,NOT APPLICABLE,5555,W,GRAND AVE,2515,,,,,,,2,NO INDICATION OF INJURY,0,0,0,0,0,1,0,8,5,4,,,,,
CLOUDY/OVERCAST,DAYLIGHT,HEAD ON,ONE-WAY,,STRAIGHT AND LEVEL,DRY,NO DEFECTS,NOT ON SCENE (DESK REPORT),NO INJURY / DRIVE AWAY,,,Y,"OVER $1,500",04/04/2025 13:10,DRIVING ON WRONG SIDE/WRONG WAY,UNABLE TO DETERMINE,7258,S,DOBSON AVE,324,,,,,,,2,NO INDICATION OF INJURY,0,0,0,0,0,2,0,12,6,4,,,,,
SNOW,DAYLIGHT,PARKED MOTOR VEHICLE,PARKING LOT,,STRAIGHT AND LEVEL,SNOW OR SLUSH,NO DEFECTS,NOT ON SCENE (DESK REPORT),NO INJURY / DRIVE AWAY,,,Y,"$501 - $1,500",02/14/2025 7:30,IMPROPER BACKING,UNABLE TO DETERMINE,2101,E,71ST ST,333,,,,,,,2,NO INDICATION OF INJURY,0,0,0,0,0,1,0,15,4,2,,,,,
SNOW,DAYLIGHT,PARKED MOTOR VEHICLE,NOT DIVIDED,,STRAIGHT AND LEVEL,SNOW OR SLUSH,NO DEFECTS,NOT ON SCENE (DESK REPORT),NO INJURY / DRIVE AWAY,,,Y,"OVER $1,500",02/12/2025 17:00,UNABLE TO DETERMINE,NOT APPLICABLE,1109,S,PULASKI RD,1132,,,,,,,2,NO INDICATION OF INJURY,0,0,0,0,0,1,0,16,4,2,,,,,
RAIN,"DARKNESS, LIGHTED ROAD",REAR END,NOT DIVIDED,,STRAIGHT AND LEVEL,WET,NO DEFECTS,ON SCENE,INJURY AND / OR TOW DUE TO CRASH,Y,,Y,"OVER $1,500",04/04/2025 22:48,UNABLE TO DETERMINE,FAILING TO YIELD RIGHT-OF-WAY,900,S,CICERO AVE,1533,,,,,,,2,NO INDICATION OF INJURY,0,0,0,0,0,3,0,22,6,4,,,,,
CLEAR,DAYLIGHT,SIDESWIPE SAME DIRECTION,DIVIDED - W/MEDIAN (NOT RAISED),,STRAIGHT AND LEVEL,DRY,UNKNOWN,ON SCENE,NO INJURY / DRIVE AWAY,,,,"OVER $1,500",04/04/2025 11:44,IMPROPER OVERTAKING/PASSING,NOT APPLICABLE,701,N,KILBOURN AVE,1111,,,,,,,2,NO INDICATION OF INJURY,0,0,0,0,0,3,0,11,6,4,,,,,