WEATHER_CONDITION,LIGHTING_CONDITION,FIRST_CRASH_TYPE,TRAFFICWAY_TYPE,LANE_CNT,ALIGNMENT,ROADWAY_SURFACE_COND,ROAD_DEFECT,REPORT_TYPE,CRASH_TYPE,INTERSECTION_RELATED_I,NOT_RIGHT_OF_WAY_I,HIT_AND_RUN_I,DAMAGE,DATE_POLICE_NOTIFIED,PRIM_CONTRIBUTORY_CAUSE,SEC_CONTRIBUTORY_CAUSE,STREET_NO,STREET_DIRECTION,STREET_NAME,BEAT_OF_OCCURRENCE,PHOTOS_TAKEN_I,STATEMENTS_TAKEN_I,DOORING_I,WORK_ZONE_I,WORK_ZONE_TYPE,WORKERS_PRESENT_I,NUM_UNITS,MOST_SEVERE_INJURY,INJURIES_TOTAL,INJURIES_FATAL,INJURIES_INCAPACITATING,INJURIES_NON_INCAPACITATING,INJURIES_REPORTED_NOT_EVIDENT,INJURIES_NO_INDICATION,INJURIES_UNKNOWN,CRASH_HOUR,CRASH_DAY_OF_WEEK,CRASH_MONTH,INJURIES_NO_INDICATION,INJURIES_UNKNOWN,CRASH_HOUR,CRASH_DAY_OF_WEEK,CRASH_MONTH
SNOW,"DARKNESS, LIGHTED ROAD",REAR TO FRONT,NOT DIVIDED,,STRAIGHT AND LEVEL,SNOW OR SLUSH,NO DEFECTS,ON SCENE,INJURY AND / OR TOW DUE TO CRASH,,,,"OVER $1,500",02/12/2025 20:03,IMPROPER BACKING,NOT APPLICABLE,1125,N,LARAMIE AVE,1531,,,,,,,2,INCAPACITATING INJURY,1,0,1,0,0,1,0,20,4,2,,,,,
SNOW,DAYLIGHT,PARKED MOTOR VEHICLE,ONE-WAY,,STRAIGHT AND LEVEL,SNOW OR SLUSH,UNKNOWN,ON SCENE,NO INJURY / DRIVE AWAY,,,Y,"OVER $1,500",02/12/2025 16:40,DRIVING ON WRONG SIDE/WRONG WAY,NOT APPLICABLE,3940,W,FILLMORE ST,1132,,,,,,,2,NO INDICATION OF INJURY,0,0,0,0,0,1,0,15,4,2,,,,,
CLEAR,DAYLIGHT,PARKED MOTOR VEHICLE,ONE-WAY,,STRAIGHT AND LEVEL,DRY,NO DEFECTS,ON SCENE,NO INJURY / DRIVE AWAY,,,,"OVER $1,500",03/21/2025 9:08,DRIVING SKILLS/KNOWLEDGE/EXPERIENCE,NOT APPLICABLE,2200,N,LA CROSSE AVE,2522,,,,,,,2,NO INDICATION OF INJURY,0,0,0,0,0,2,0,9,6,3,,,,,
CLEAR,DAYLIGHT,SIDESWIPE SAME DIRECTION,NOT DIVIDED,,STRAIGHT AND LEVEL,DRY,NO DEFECTS,ON SCENE,NO INJURY / DRIVE AWAY,,,,"OVER $1,500",02/07/2024 13:29,FOLLOWING TOO CLOSELY,UNABLE TO DETERMINE,1950,W,DIVERSEY PKWY,1931,,,,,,,2,NO INDICATION OF INJURY,0,0,0,0,0,2,0,13,4,2,,,,,
UNKNOWN,DAYLIGHT,ANGLE,PARKING LOT,,STRAIGHT AND LEVEL,UNKNOWN,NO DEFECTS,ON SCENE,NO INJURY / DRIVE AWAY,,,Y,"OVER $1,500",07/24/2021 20:13,IMPROPER BACKING,UNABLE TO DETERMINE,6259,S,LAKE SHORE DR,331,,,,,,,2,NO INDICATION OF INJURY,0,0,0,0,0,2,0,17,7,7,,,,,
SNOW,DAYLIGHT,ANGLE,NOT DIVIDED,,STRAIGHT AND LEVEL,SNOW OR SLUSH,NO DEFECTS,NOT ON SCENE (DESK REPORT),NO INJURY / DRIVE AWAY,Y,,,"OVER $1,500",02/13/2025 17:05,UNABLE TO DETERMINE,NOT APPLICABLE,2400,E,72ND ST,334,,,,,,,2,NO INDICATION OF INJURY,0,0,0,0,0,2,0,14,4,2,,,,,
SNOW,UNKNOWN,PARKED MOTOR VEHICLE,ONE-WAY,,STRAIGHT AND LEVEL,UNKNOWN,UNKNOWN,NOT ON SCENE (DESK REPORT),NO INJURY / DRIVE AWAY,,,,"OVER $1,500",02/13/2025 12:20,UNABLE TO DETERMINE,UNABLE TO DETERMINE,5005,S,ABERDEEN ST,933,,,,,,,2,NO INDICATION OF INJURY,0,0,0,0,0,1,0,18,4,2,,,,,
SNOW,DAYLIGHT,REAR END,NOT DIVIDED,,STRAIGHT AND LEVEL,SNOW OR SLUSH,UNKNOWN,NOT ON SCENE (DESK REPORT),NO INJURY / DRIVE AWAY,,,,"OVER $1,500",02/14/2025 11:02,FOLLOWING TOO CLOSELY,DRIVING SKILLS/KNOWLEDGE/EXPERIENCE,1973,N,HALSTED ST,1813,,,,,,,2,NO INDICATION OF INJURY,0,0,0,0,0,2,0,14,4,2,,,,,
CLEAR,DAYLIGHT,REAR END,DIVIDED - W/MEDIAN (NOT RAISED),,STRAIGHT AND LEVEL,DRY,NO DEFECTS,NOT ON SCENE (DESK REPORT),NO INJURY / DRIVE AWAY,,,Y,"OVER $1,500",03/21/2025 18:23,FOLLOWING TOO CLOSELY,UNABLE TO DETERMINE,2007,W,103RD ST,2212,,,,,,,3,NO INDICATION OF INJURY,0,0,0,0,0,3,0,17,6,3,,,,,
CLEAR,"DARKNESS, LIGHTED ROAD",REAR END,NOT DIVIDED,,STRAIGHT AND LEVEL,DRY,UNKNOWN,NOT ON SCENE (DESK REPORT),INJURY AND / OR TOW DUE TO CRASH,,,Y,"OVER $1,500",03/21/2025 23:50,UNABLE TO DETERMINE,UNABLE TO DETERMINE,200,W,71ST ST,731,,,,,,,2,"REPORTED, NOT EVIDENT",1,0,0,0,1,2,0,22,6,3,,,,,
CLEAR,"DARKNESS, LIGHTED ROAD",TURNING,NOT DIVIDED,,STRAIGHT AND LEVEL,DRY,NO DEFECTS,NOT ON SCENE (DESK REPORT),NO INJURY / DRIVE AWAY,,,Y,"OVER $1,500",03/21/2025 22:00,FAILING TO YIELD RIGHT-OF-WAY,NOT APPLICABLE,6002,N,WESTERN AVE,2413,,,,,,,2,NO INDICATION OF INJURY,0,0,0,0,0,2,0,21,6,3,,,,,
SNOW,"DARKNESS, LIGHTED ROAD",PARKED MOTOR VEHICLE,NOT DIVIDED,,STRAIGHT AND LEVEL,SNOW OR SLUSH,NO DEFECTS,NOT ON SCENE (DESK REPORT),NO INJURY / DRIVE AWAY,,,Y,"OVER $1,500",02/12/2025 20:05,UNABLE TO DETERMINE,NOT APPLICABLE,1340,N,DEARBORN ST,1824,,,,,,,2,NO INDICATION OF INJURY,0,0,0,0,0,2,0,18,4,2,,,,,
CLEAR,DAYLIGHT,SIDESWIPE OPPOSITE DIRECTION,ONE-WAY,,STRAIGHT AND LEVEL,DRY,UNKNOWN,NOT ON SCENE (DESK REPORT),NO INJURY / DRIVE AWAY,Y,,,"OVER $1,500",03/21/2025 16:20,FAILING TO YIELD RIGHT-OF-WAY,FAILING TO YIELD RIGHT-OF-WAY,1134,W,WASHINGTON BLVD,1224,,,,,,,2,NO INDICATION OF INJURY,0,0,0,0,0,4,0,15,6,3,,,,,
SNOW,DAYLIGHT,ANGLE,DIVIDED - W/MEDIAN (NOT RAISED),,STRAIGHT AND LEVEL,ICE,NO DEFECTS,ON SCENE,NO INJURY / DRIVE AWAY,,,,"$501 - $1,500",02/12/2025 9:25,FAILING TO YIELD RIGHT-OF-WAY,NOT APPLICABLE,4025,N,KEDZIE AVE,1724,,,,,,,2,NO INDICATION OF INJURY,0,0,0,0,0,2,0,9,4,2,,,,,
CLEAR,DAYLIGHT,SIDESWIPE SAME DIRECTION,DIVIDED - W/MEDIAN (NOT RAISED),,STRAIGHT AND LEVEL,WET,NO DEFECTS,ON SCENE,NO INJURY / DRIVE AWAY,,,Y,"OVER $1,500",02/12/2025 7:46,UNABLE TO DETERMINE,NOT APPLICABLE,4458,S,ASHLAND AVE,924,,,,,,,2,NO INDICATION OF INJURY,0,0,0,0,0,2,0,7,4,2,,,,,
CLEAR,"DARKNESS, LIGHTED ROAD",SIDESWIPE SAME DIRECTION,NOT DIVIDED,,STRAIGHT AND LEVEL,DRY,UNKNOWN,NOT ON SCENE (DESK REPORT),NO INJURY / DRIVE AWAY,Y,N,,"OVER $1,500",03/21/2025 22:00,IMPROPER OVERTAKING/PASSING,IMPROPER OVERTAKING/PASSING,4001,N,CENTRAL AVE,1624,,,,,,,2,NO INDICATION OF INJURY,0,0,0,0,0,2,0,20,6,3,,,,,
SNOW,DAYLIGHT,TURNING,DIVIDED - W/MEDIAN (NOT RAISED),,STRAIGHT AND LEVEL,SNOW OR SLUSH,NO DEFECTS,NOT ON SCENE (DESK REPORT),NO INJURY / DRIVE AWAY,,,,"OVER $1,500",02/13/2025 9:40,UNABLE TO DETERMINE,UNABLE TO DETERMINE,1411,W,87TH ST,2222,,,,,,,2,NO INDICATION OF INJURY,0,0,0,0,0,2,0,13,4,2,,,,,
CLEAR,DAYLIGHT,REAR END,NOT DIVIDED,,STRAIGHT AND LEVEL,UNKNOWN,UNKNOWN,NOT ON SCENE (DESK REPORT),NO INJURY / DRIVE AWAY,,,,"OVER $1,500",02/12/2025 10:40,FOLLOWING TOO CLOSELY,FOLLOWING TOO CLOSELY,1407,E,60TH ST,314,,,,,,,2,NO INDICATION OF INJURY,0,0,0,0,0,2,0,9,4,2,,,,,
CLEAR,"DARKNESS, LIGHTED ROAD",PEDESTRIAN,DIVIDED - W/MEDIAN BARRIER,,"CURVE, LEVEL",DRY,UNKNOWN,,INJURY AND / OR TOW DUE TO CRASH,N,,Y,$500 OR LESS,07/17/2024 23:50,UNABLE TO DETERMINE,NOT APPLICABLE,90,E,LOWER WACKER DR,111,,,,,,,2,FATAL,1,1,0,0,0,1,0,22,4,7,,,,,
SNOW,"DARKNESS, LIGHTED ROAD",HEAD ON,ONE-WAY,,STRAIGHT AND LEVEL,SNOW OR SLUSH,NO DEFECTS,ON SCENE,INJURY AND / OR TOW DUE TO CRASH,Y,,,"OVER $1,500",02/12/2025 18:30,UNDER THE INFLUENCE OF ALCOHOL/DRUGS (USE WHEN ARREST IS EFFECTED),UNDER THE INFLUENCE OF ALCOHOL/DRUGS (USE WHEN ARREST IS EFFECTED),3140,W,LEXINGTON ST,1134,,,,,,,4,NONINCAPACITATING INJURY,1,0,0,1,0,2,0,18,4,2,,,,,
CLEAR,DAYLIGHT,SIDESWIPE SAME DIRECTION,DIVIDED - W/MEDIAN (NOT RAISED),,STRAIGHT AND LEVEL,DRY,NO DEFECTS,NOT ON SCENE (DESK REPORT),NO INJURY / DRIVE AWAY,,,,"$501 - $1,500",03/21/2025 15:55,UNABLE TO DETERMINE,NOT APPLICABLE,7300,S,WESTERN AVE,835,,,,,,,2,NO INDICATION OF INJURY,0,0,0,0,0,2,0,15,6,3,,,,,
CLEAR,DAYLIGHT,REAR END,ONE-WAY,,STRAIGHT AND LEVEL,DRY,NO DEFECTS,NOT ON SCENE (DESK REPORT),NO INJURY / DRIVE AWAY,,,Y,"OVER $1,500",02/14/2025 13:30,FOLLOWING TOO CLOSELY,FOLLOWING TOO CLOSELY,8700,S,STATE ST,632,,,,,,,2,NO INDICATION OF INJURY,0,0,0,0,0,2,0,13,4,2,,,,,
CLEAR,DAYLIGHT,SIDESWIPE SAME DIRECTION,DIVIDED - W/MEDIAN BARRIER,,STRAIGHT AND LEVEL,DRY,NO DEFECTS,ON SCENE,NO INJURY / DRIVE AWAY,,,Y,"OVER $1,500",02/12/2025 8:42,IMPROPER OVERTAKING/PASSING,NOT APPLICABLE,1100,S,LAKE SHORE DR NB,114,,,,,,,2,NO INDICATION OF INJURY,0,0,0,0,0,2,0,8,4,2,,,,,
CLEAR,DAYLIGHT,REAR END,ONE-WAY,,STRAIGHT AND LEVEL,DRY,NO DEFECTS,ON SCENE,INJURY AND / OR TOW DUE TO CRASH,Y,,,"OVER $1,500",02/12/2025 10:10,DISTRACTION - FROM OUTSIDE VEHICLE,NOT APPLICABLE,2,S,KILBOURN AVE,1113,,,,,,,2,"REPORTED, NOT EVIDENT",4,0,0,0,4,0,0,10,4,2,,,,,
SNOW,DAYLIGHT,REAR END,NOT DIVIDED,,STRAIGHT AND LEVEL,SNOW OR SLUSH,UNKNOWN,NOT ON SCENE (DESK REPORT),NO INJURY / DRIVE AWAY,,,Y,"OVER $1,500",02/12/2025 15:15,UNABLE TO DETERMINE,UNABLE TO DETERMINE,1250,W,119TH ST,524,,,,,,,2,NO INDICATION OF INJURY,0,0,0,0,0,2,0,13,4,2,,,,,
SNOW,DAYLIGHT,SIDESWIPE SAME DIRECTION,DIVIDED - W/MEDIAN (NOT RAISED),,STRAIGHT AND LEVEL,WET,NO DEFECTS,NOT ON SCENE (DESK REPORT),NO INJURY / DRIVE AWAY,,,Y,"$501 - $1,500",02/17/2025 11:45,UNABLE TO DETERMINE,NOT APPLICABLE,2607,W,FULLERTON AVE,1431,,,,,,,2,NO INDICATION OF INJURY,0,0,0,0,0,2,0,12,4,2,,,,,
CLEAR,DAYLIGHT,SIDESWIPE SAME DIRECTION,OTHER,,STRAIGHT AND LEVEL,DRY,NO DEFECTS,NOT ON SCENE (DESK REPORT),NO INJURY / DRIVE AWAY,,,,"$501 - $1,500",09/13/2023 20:27,NOT APPLICABLE,NOT APPLICABLE,7499,S,CHICAGO SKYWAY IB,323,,,,,,,2,NO INDICATION OF INJURY,0,0,0,0,0,3,0,13,7,9,,,,,
SNOW,DAYLIGHT,FIXED OBJECT,FOUR WAY,,STRAIGHT AND LEVEL,SNOW OR SLUSH,UNKNOWN,ON SCENE,INJURY AND / OR TOW DUE TO CRASH,Y,,,"OVER $1,500",02/12/2025 16:33,UNABLE TO DETERMINE,NOT APPLICABLE,2398,W,94TH ST,2221,,,,,,,1,NO INDICATION OF INJURY,0,0,0,0,0,1,0,15,4,2,,,,,
CLOUDY/OVERCAST,DAYLIGHT,SIDESWIPE SAME DIRECTION,DIVIDED - W/MEDIAN BARRIER,,STRAIGHT AND LEVEL,DRY,NO DEFECTS,NOT ON SCENE (DESK REPORT),NO INJURY / DRIVE AWAY,Y,,,"OVER $1,500",04/19/2025 14:50,UNABLE TO DETERMINE,UNABLE TO DETERMINE,360,N,CENTRAL AVE,1512,,,,,,,2,NO INDICATION OF INJURY,0,0,0,0,0,2,0,14,7,4,,,,,
SNOW,DAYLIGHT,TURNING,OTHER,,STRAIGHT AND LEVEL,SNOW OR SLUSH,NO DEFECTS,ON SCENE,NO INJURY / DRIVE AWAY,,N,,"OVER $1,500",02/12/2025 16:18,FOLLOWING TOO CLOSELY,NOT APPLICABLE,3100,W,76TH ST,835,,,,Y,UNKNOWN,,2,NO INDICATION OF INJURY,0,0,0,0,0,2,0,16,4,2,,,,,
CLEAR,DAYLIGHT,REAR END,NOT DIVIDED,,STRAIGHT AND LEVEL,DRY,NO DEFECTS,ON SCENE,INJURY AND / OR TOW DUE TO CRASH,,,,"OVER $1,500",03/21/2025 16:46,FOLLOWING TOO CLOSELY,NOT APPLICABLE,2348,W,119TH ST,2212,,,,,,,2,NONINCAPACITATING INJURY,3,0,0,3,0,3,0,16,6,3,,,,,
UNKNOWN,UNKNOWN,TURNING,OTHER,,STRAIGHT AND LEVEL,UNKNOWN,UNKNOWN,NOT ON SCENE (DESK REPORT),NO INJURY / DRIVE AWAY,,,Y,"$501 - $1,500",04/19/2025 16:15,UNABLE TO DETERMINE,NOT APPLICABLE,7500,S,DOBSON AVE,624,,,,,,,2,NO INDICATION OF INJURY,0,0,0,0,0,2,0,3,7,4,,,,,
CLEAR,DAYLIGHT,TURNING,NOT DIVIDED,,STRAIGHT AND LEVEL,DRY,NO DEFECTS,ON SCENE,NO INJURY / DRIVE AWAY,,,Y,"OVER $1,500",04/19/2025 17:01,FAILING TO YIELD RIGHT-OF-WAY,FAILING TO REDUCE SPEED TO AVOID CRASH,6016,W,63RD ST,812,,,,,,,2,NO INDICATION OF INJURY,0,0,0,0,0,3,0,17,7,4,,,,,
CLEAR,"DARKNESS, LIGHTED ROAD",ANGLE,NOT DIVIDED,,STRAIGHT AND LEVEL,DRY,NO DEFECTS,ON SCENE,INJURY AND / OR TOW DUE TO CRASH,,,Y,"OVER $1,500",04/19/2025 20:46,FAILING TO YIELD RIGHT-OF-WAY,FAILING TO YIELD RIGHT-OF-WAY,402,N,CICERO AVE,1532,,,,,,,2,NO INDICATION OF INJURY,0,0,0,0,0,2,0,20,7,4,,,,,
CLEAR,DAYLIGHT,ANGLE,NOT DIVIDED,,STRAIGHT AND LEVEL,DRY,NO DEFECTS,ON SCENE,INJURY AND / OR TOW DUE TO CRASH,,,Y,"OVER $1,500",04/19/2025 11:23,DISREGARDING STOP SIGN,NOT APPLICABLE,8500,S,JEFFERY BLVD,412,,,,,,,2,"REPORTED, NOT EVIDENT",1,0,0,0,1,1,0,11,7,4,,,,,
SNOW,DAYLIGHT,SIDESWIPE SAME DIRECTION,DIVIDED - W/MEDIAN BARRIER,,STRAIGHT AND LEVEL,SNOW OR SLUSH,NO DEFECTS,NOT ON SCENE (DESK REPORT),NO INJURY / DRIVE AWAY,,,,"OVER $1,500",02/12/2025 14:00,WEATHER,IMPROPER LANE USAGE,3830,W,IRVING PARK RD,1723,,,,,,,2,NO INDICATION OF INJURY,0,0,0,0,0,4,0,13,4,2,,,,,
CLEAR,"DARKNESS, LIGHTED ROAD",PARKED MOTOR VEHICLE,T-INTERSECTION,,STRAIGHT AND LEVEL,DRY,NO DEFECTS,ON SCENE,NO INJURY / DRIVE AWAY,,,,"OVER $1,500",03/21/2025 4:46,IMPROPER BACKING,IMPROPER BACKING,3218,W,37TH PL,911,,,,,,,2,NO INDICATION OF INJURY,0,0,0,0,0,1,0,4,6,3,,,,,
CLEAR,"DARKNESS, LIGHTED ROAD",FIXED OBJECT,OTHER,,"CURVE, LEVEL",DRY,NO DEFECTS,ON SCENE,INJURY AND / OR TOW DUE TO CRASH,,,,"OVER $1,500",09/14/2023 20:41,UNABLE TO DETERMINE,NOT APPLICABLE,173,N,BESSIE COLEMAN DR,1654,,,,,,,1,NO INDICATION OF INJURY,0,0,0,0,0,1,0,20,5,9,,,,,
SNOW,DAYLIGHT,PARKED MOTOR VEHICLE,NOT DIVIDED,,STRAIGHT AND LEVEL,WET,NO DEFECTS,,NO INJURY / DRIVE AWAY,,,Y,"OVER $1,500",02/12/2025 16:45,UNABLE TO DETERMINE,UNABLE TO DETERMINE,739,S,WESTERN AVE,1225,,,,,,,2,NO INDICATION OF INJURY,0,0,0,0,0,1,0,14,4,2,,,,,
CLEAR,UNKNOWN,PARKED MOTOR VEHICLE,PARKING LOT,,STRAIGHT AND LEVEL,UNKNOWN,UNKNOWN,NOT ON SCENE (DESK REPORT),NO INJURY / DRIVE AWAY,,,Y,"OVER $1,500",09/13/2023 22:00,FAILING TO REDUCE SPEED TO AVOID CRASH,UNABLE TO DETERMINE,10000,W,BALMORAL AVE,1650,,,,,,,2,NO INDICATION OF INJURY,0,0,0,0,0,1,0,15,3,9,,,,,
CLEAR,"DARKNESS, LIGHTED ROAD",PARKED MOTOR VEHICLE,NOT DIVIDED,,STRAIGHT AND LEVEL,DRY,UNKNOWN,ON SCENE,INJURY AND / OR TOW DUE TO CRASH,,,,"OVER $1,500",03/21/2025 1:34,UNDER THE INFLUENCE OF ALCOHOL/DRUGS (USE WHEN ARREST IS EFFECTED),UNDER THE INFLUENCE OF ALCOHOL/DRUGS (USE WHEN ARREST IS EFFECTED),2255,W,DEVON AVE,2413,,,,,,,3,NO INDICATION OF INJURY,0,0,0,0,0,1,0,1,6,3,,,,,
UNKNOWN,UNKNOWN,PARKED MOTOR VEHICLE,ONE-WAY,,STRAIGHT AND LEVEL,UNKNOWN,UNKNOWN,NOT ON SCENE (DESK REPORT),NO INJURY / DRIVE AWAY,,,,"$501 - $1,500",02/13/2025 12:14,UNABLE TO DETERMINE,NOT APPLICABLE,6458,S,LAPORTE AVE,813,,,,,,,2,NO INDICATION OF INJURY,0,0,0,0,0,1,0,12,4,2,,,,,
SNOW,DUSK,ANGLE,FOUR WAY,,STRAIGHT AND LEVEL,SNOW OR SLUSH,NO DEFECTS,ON SCENE,NO INJURY / DRIVE AWAY,Y,Y,Y,"$501 - $1,500",02/13/2025 10:09,FAILING TO YIELD RIGHT-OF-WAY,WEATHER,4000,E,134TH ST,433,,Y,,,,,2,NO INDICATION OF INJURY,0,0,0,0,0,2,0,17,4,2,,,,,
SNOW,DAYLIGHT,ANGLE,ONE-WAY,,STRAIGHT AND LEVEL,SNOW OR SLUSH,NO DEFECTS,NOT ON SCENE (DESK REPORT),NO INJURY / DRIVE AWAY,,,,"OVER $1,500",02/12/2025 15:15,WEATHER,WEATHER,4754,W,WELLINGTON AVE,2521,,,,,,,2,NO INDICATION OF INJURY,0,0,0,0,0,2,0,14,4,2,,,,,
SNOW,DAYLIGHT,SIDESWIPE SAME DIRECTION,DIVIDED - W/MEDIAN (NOT RAISED),,STRAIGHT AND LEVEL,SNOW OR SLUSH,UNKNOWN,NOT ON SCENE (DESK REPORT),INJURY AND / OR TOW DUE TO CRASH,,,Y,"OVER $1,500",02/12/2025 18:00,IMPROPER LANE USAGE,NOT APPLICABLE,5044,S,LAKE PARK AVE,222,,,,,,,2,"REPORTED, NOT EVIDENT",1,0,0,0,1,1,0,15,4,2,,,,,
SNOW,DAYLIGHT,REAR END,NOT DIVIDED,,STRAIGHT AND LEVEL,SNOW OR SLUSH,NO DEFECTS,NOT ON SCENE (DESK REPORT),NO INJURY / DRIVE AWAY,,,,"OVER $1,500",02/12/2025 14:00,FOLLOWING TOO CLOSELY,FOLLOWING TOO CLOSELY,1213,S,COLUMBUS DR,132,,,,,,,2,NO INDICATION OF INJURY,0,0,0,0,0,2,0,13,4,2,,,,,
SNOW,DAYLIGHT,SIDESWIPE SAME DIRECTION,DIVIDED - W/MEDIAN BARRIER,,STRAIGHT AND LEVEL,WET,NO DEFECTS,ON SCENE,NO INJURY / DRIVE AWAY,,,Y,"OVER $1,500",02/12/2025 7:52,UNABLE TO DETERMINE,NOT APPLICABLE,4300,S,STATE ST,215,,,,,,,2,NO INDICATION OF INJURY,0,0,0,0,0,3,0,7,4,2,,,,,
CLEAR,"DARKNESS, LIGHTED ROAD",REAR END,DIVIDED - W/MEDIAN BARRIER,,STRAIGHT AND LEVEL,DRY,NO DEFECTS,ON SCENE,INJURY AND / OR TOW DUE TO CRASH,,,,"OVER $1,500",03/21/2025 21:00,UNABLE TO DETERMINE,NOT APPLICABLE,701,N,LAKE SHORE DR NB,1834,,,,,,,2,NONINCAPACITATING INJURY,1,0,0,1,0,1,0,20,6,3,,,,,
UNKNOWN,UNKNOWN,PARKED MOTOR VEHICLE,ONE-WAY,,STRAIGHT AND LEVEL,UNKNOWN,UNKNOWN,NOT ON SCENE (DESK REPORT),NO INJURY / DRIVE AWAY,,,Y,"OVER $1,500",02/12/2025 18:45,UNABLE TO DETERMINE,NOT APPLICABLE,115,N,PINE AVE,1523,,,,,,,2,NO INDICATION OF INJURY,0,0,0,0,0,1,0,6,4,2,,,,,
CLOUDY/OVERCAST,DAWN,SIDESWIPE SAME DIRECTION,DIVIDED - W/MEDIAN (NOT RAISED),,STRAIGHT AND LEVEL,SNOW OR SLUSH,NO DEFECTS,NOT ON SCENE (DESK REPORT),NO INJURY / DRIVE AWAY,,,,"OVER $1,500",02/12/2025 8:40,IMPROPER OVERTAKING/PASSING,"OPERATING VEHICLE IN ERRATIC, RECKLESS, CARELESS, NEGLIGENT OR AGGRESSIVE MANNER",2321,S,CALIFORNIA AVE,1034,Y,Y,,,,,2,NO INDICATION OF INJURY,0,0,0,0,0,2,0,8,4,2,,,,,
UNKNOWN,"DARKNESS, LIGHTED ROAD",FIXED OBJECT,FOUR WAY,,STRAIGHT AND LEVEL,UNKNOWN,UNKNOWN,ON SCENE,INJURY AND / OR TOW DUE TO CRASH,,,,"OVER $1,500",03/21/2025 1:15,NOT APPLICABLE,NOT APPLICABLE,6925,S,ST LAWRENCE AVE,322,,,,,,,1,NONINCAPACITATING INJURY,1,0,0,1,0,0,0,1,6,3,,,,,
SNOW,DAYLIGHT,TURNING,NOT DIVIDED,,STRAIGHT AND LEVEL,SNOW OR SLUSH,NO DEFECTS,NOT ON SCENE (DESK REPORT),NO INJURY / DRIVE AWAY,,,,"OVER $1,500",02/12/2025 10:20,FAILING TO YIELD RIGHT-OF-WAY,NOT APPLICABLE,4799,W,DIVISION ST,1111,,,,,,,2,NO INDICATION OF INJURY,0,0,0,0,0,2,0,9,4,2,,,,,
SNOW,DAYLIGHT,PARKED MOTOR VEHICLE,NOT DIVIDED,,STRAIGHT AND LEVEL,SNOW OR SLUSH,UNKNOWN,NOT ON SCENE (DESK REPORT),NO INJURY / DRIVE AWAY,,,Y,"OVER $1,500",02/12/2025 14:45,UNABLE TO DETERMINE,NOT APPLICABLE,2801,N,MERRIMAC AVE,2511,,,,,,,2,NO INDICATION OF INJURY,0,0,0,0,0,1,0,14,4,2,,,,,
CLEAR,DAYLIGHT,PARKED MOTOR VEHICLE,NOT DIVIDED,,STRAIGHT AND LEVEL,DRY,NO DEFECTS,NOT ON SCENE (DESK REPORT),NO INJURY / DRIVE AWAY,,,,"$501 - $1,500",03/21/2025 17:28,NOT APPLICABLE,NOT APPLICABLE,3718,N,OKETO AVE,1631,,,,,,,2,NO INDICATION OF INJURY,0,0,0,0,0,1,0,15,6,3,,,,,
CLEAR,DAYLIGHT,PARKED MOTOR VEHICLE,ALLEY,,STRAIGHT AND LEVEL,DRY,NO DEFECTS,NOT ON SCENE (DESK REPORT),NO INJURY / DRIVE AWAY,,,,"$501 - $1,500",03/21/2025 23:00,UNABLE TO DETERMINE,NOT APPLICABLE,1212,N,ASHLAND AVE,1424,,,,,,,2,NO INDICATION OF INJURY,0,0,0,0,0,1,0,15,6,3,,,,,
CLEAR,DAYLIGHT,TURNING,NOT DIVIDED,,STRAIGHT AND LEVEL,DRY,NO DEFECTS,ON SCENE,INJURY AND / OR TOW DUE TO CRASH,,,,"OVER $1,500",03/21/2025 15:16,UNABLE TO DETERMINE,NOT APPLICABLE,3421,W,ROOSEVELT RD,1021,,,,,,,2,NO INDICATION OF INJURY,0,0,0,0,0,2,0,14,6,3,,,,,
UNKNOWN,UNKNOWN,ANGLE,FOUR WAY,,STRAIGHT AND LEVEL,UNKNOWN,UNKNOWN,NOT ON SCENE (DESK REPORT),NO INJURY / DRIVE AWAY,Y,,,"OVER $1,500",03/21/2025 20:25,FAILING TO YIELD RIGHT-OF-WAY,DRIVING SKILLS/KNOWLEDGE/EXPERIENCE,401,S,CLINTON ST,121,,,,,,,2,NO INDICATION OF INJURY,0,0,0,0,0,2,0,19,6,3,,,,,
CLEAR,DAYLIGHT,REAR END,FOUR WAY,,STRAIGHT AND LEVEL,DRY,NO DEFECTS,NOT ON SCENE (DESK REPORT),NO INJURY / DRIVE AWAY,,,,"OVER $1,500",04/24/2025 14:20,FOLLOWING TOO CLOSELY,NOT APPLICABLE,3445,W,COLUMBUS AVE,834,,,,,,,2,NO INDICATION OF INJURY,0,0,0,0,0,3,0,11,3,4,,,,,
UNKNOWN,UNKNOWN,PARKED MOTOR VEHICLE,ONE-WAY,,STRAIGHT AND LEVEL,UNKNOWN,UNKNOWN,NOT ON SCENE (DESK REPORT),NO INJURY / DRIVE AWAY,,,Y,"OVER $1,500",04/24/2025 12:10,FOLLOWING TOO CLOSELY,NOT APPLICABLE,5157,N,FRANCISCO AVE,2031,,,,,,,2,NO INDICATION OF INJURY,0,0,0,0,0,1,0,11,4,4,,,,,
CLEAR,DAYLIGHT,SIDESWIPE SAME DIRECTION,DIVIDED - W/MEDIAN (NOT RAISED),,STRAIGHT AND LEVEL,DRY,UNKNOWN,ON SCENE,NO INJURY / DRIVE AWAY,,,,$500 OR LESS,04/24/2025 7:25,FAILING TO REDUCE SPEED TO AVOID CRASH,UNABLE TO DETERMINE,2355,N,KOSTNER AVE,2522,,,,,,,2,NO INDICATION OF INJURY,0,0,0,0,0,3,0,7,5,4,,,,,