WEATHER_CONDITION,LIGHTING_CONDITION,FIRST_CRASH_TYPE,TRAFFICWAY_TYPE,LANE_CNT,ALIGNMENT,ROADWAY_SURFACE_COND,ROAD_DEFECT,REPORT_TYPE,CRASH_TYPE,INTERSECTION_RELATED_I,NOT_RIGHT_OF_WAY_I,HIT_AND_RUN_I,DAMAGE,DATE_POLICE_NOTIFIED,PRIM_CONTRIBUTORY_CAUSE,SEC_CONTRIBUTORY_CAUSE,STREET_NO,STREET_DIRECTION,STREET_NAME,BEAT_OF_OCCURRENCE,PHOTOS_TAKEN_I,STATEMENTS_TAKEN_I,DOORING_I,WORK_ZONE_I,WORK_ZONE_TYPE,WORKERS_PRESENT_I,NUM_UNITS,MOST_SEVERE_INJURY,INJURIES_TOTAL,INJURIES_FATAL,INJURIES_INCAPACITATING,INJURIES_NON_INCAPACITATING,INJURIES_REPORTED_NOT_EVIDENT,INJURIES_NO_INDICATION,INJURIES_UNKNOWN,CRASH_HOUR,CRASH_DAY_OF_WEEK,CRASH_MONTH,INJURIES_NO_INDICATION,INJURIES_UNKNOWN,CRASH_HOUR,CRASH_DAY_OF_WEEK,CRASH_MONTH
CLEAR,DAYLIGHT,PARKED MOTOR VEHICLE,ONE-WAY,,STRAIGHT AND LEVEL,DRY,NO DEFECTS,ON SCENE,NO INJURY / DRIVE AWAY,Y,,Y,"$501 - $1,500",04/24/2025 10:16,DRIVING SKILLS/KNOWLEDGE/EXPERIENCE,DRIVING SKILLS/KNOWLEDGE/EXPERIENCE,15,W,WASHINGTON ST,112,,,,,,,2,NO INDICATION OF INJURY,0,0,0,0,0,1,0,10,5,4,,,,,
CLEAR,DAYLIGHT,SIDESWIPE SAME DIRECTION,NOT DIVIDED,,STRAIGHT AND LEVEL,DRY,NO DEFECTS,ON SCENE,NO INJURY / DRIVE AWAY,,,,"$501 - $1,500",06/11/2025 17:40,IMPROPER LANE USAGE,IMPROPER OVERTAKING/PASSING,12698,S,PARNELL AVE,523,,,,,,,2,NO INDICATION OF INJURY,0,0,0,0,0,2,0,17,4,6,,,,,
RAIN,"DARKNESS, LIGHTED ROAD",FIXED OBJECT,OTHER,,"CURVE, LEVEL",WET,NO DEFECTS,ON SCENE,INJURY AND / OR TOW DUE TO CRASH,,,,"OVER $1,500",10/14/2023 22:55,DRIVING SKILLS/KNOWLEDGE/EXPERIENCE,WEATHER,3,W,TERMINAL ST,1653,,,,,,,1,INCAPACITATING INJURY,1,0,1,0,0,1,0,22,7,10,,,,,
CLEAR,DAYLIGHT,HEAD ON,PARKING LOT,,STRAIGHT AND LEVEL,DRY,NO DEFECTS,ON SCENE,NO INJURY / DRIVE AWAY,,,,"OVER $1,500",10/15/2023 13:30,UNABLE TO DETERMINE,UNABLE TO DETERMINE,751,W,OHARE ST,1654,,,,,,,2,NO INDICATION OF INJURY,0,0,0,0,0,2,0,13,1,10,,,,,
CLEAR,DAYLIGHT,TURNING,NOT DIVIDED,,STRAIGHT AND LEVEL,DRY,NO DEFECTS,NOT ON SCENE (DESK REPORT),INJURY AND / OR TOW DUE TO CRASH,,,Y,"$501 - $1,500",06/24/2025 17:00,UNABLE TO DETERMINE,UNABLE TO DETERMINE,7800,S,SOUTH CHICAGO AVE,411,,,,,,,2,NONINCAPACITATING INJURY,1,0,0,1,0,1,0,17,3,6,,,,,
UNKNOWN,DARKNESS,PARKED MOTOR VEHICLE,NOT DIVIDED,,STRAIGHT AND LEVEL,UNKNOWN,UNKNOWN,ON SCENE,NO INJURY / DRIVE AWAY,,,Y,"OVER $1,500",02/01/2025 8:27,UNABLE TO DETERMINE,UNABLE TO DETERMINE,2140,E,96TH ST,431,,,,,,,3,NO INDICATION OF INJURY,0,0,0,0,0,1,0,0,6,1,,,,,
CLEAR,DAYLIGHT,PARKED MOTOR VEHICLE,NOT DIVIDED,,STRAIGHT AND LEVEL,DRY,NO DEFECTS,ON SCENE,NO INJURY / DRIVE AWAY,,,Y,$500 OR LESS,04/23/2025 13:28,UNABLE TO DETERMINE,NOT APPLICABLE,4305,W,LE MOYNE ST,2534,N,,,,,,2,NO INDICATION OF INJURY,0,0,0,0,0,1,0,9,4,4,,,,,
CLEAR,DAYLIGHT,ANGLE,TRAFFIC ROUTE,,STRAIGHT AND LEVEL,DRY,NO DEFECTS,NOT ON SCENE (DESK REPORT),INJURY AND / OR TOW DUE TO CRASH,,,,"OVER $1,500",01/30/2025 19:29,DRIVING SKILLS/KNOWLEDGE/EXPERIENCE,NOT APPLICABLE,6900,S,ANTHONY AVE,322,,,,,,,2,NO INDICATION OF INJURY,0,0,0,0,0,2,0,16,4,1,,,,,
UNKNOWN,UNKNOWN,PARKED MOTOR VEHICLE,NOT DIVIDED,,STRAIGHT AND LEVEL,UNKNOWN,UNKNOWN,NOT ON SCENE (DESK REPORT),NO INJURY / DRIVE AWAY,,,Y,"OVER $1,500",02/01/2025 18:00,DRIVING SKILLS/KNOWLEDGE/EXPERIENCE,UNABLE TO DETERMINE,5305,W,CARMEN AVE,1623,,,,,,,2,NO INDICATION OF INJURY,0,0,0,0,0,1,0,12,5,1,,,,,
CLEAR,"DARKNESS, LIGHTED ROAD",REAR END,FOUR WAY,,STRAIGHT AND LEVEL,WET,NO DEFECTS,ON SCENE,NO INJURY / DRIVE AWAY,Y,,,"$501 - $1,500",01/31/2025 19:21,UNABLE TO DETERMINE,NOT APPLICABLE,759,E,63RD ST,312,,,,,,,2,NO INDICATION OF INJURY,0,0,0,0,0,2,0,19,6,1,,,,,
CLEAR,DUSK,PARKED MOTOR VEHICLE,NOT DIVIDED,,STRAIGHT AND LEVEL,DRY,UNKNOWN,ON SCENE,NO INJURY / DRIVE AWAY,,,,"$501 - $1,500",02/01/2025 18:05,DRIVING SKILLS/KNOWLEDGE/EXPERIENCE,NOT APPLICABLE,3610,W,ROOSEVELT RD,1133,,,,,,,2,NO INDICATION OF INJURY,0,0,0,0,0,1,0,17,7,2,,,,,
CLEAR,DARKNESS,ANGLE,FOUR WAY,,STRAIGHT AND LEVEL,DRY,UNKNOWN,NOT ON SCENE (DESK REPORT),NO INJURY / DRIVE AWAY,Y,,,$500 OR LESS,02/01/2025 18:22,DISREGARDING STOP SIGN,DISREGARDING STOP SIGN,1400,N,KEDZIE AVE,1422,,,,,,,2,NO INDICATION OF INJURY,0,0,0,0,0,2,0,17,7,2,,,,,
CLEAR,DAYLIGHT,TURNING,FOUR WAY,,STRAIGHT AND LEVEL,DRY,NO DEFECTS,ON SCENE,INJURY AND / OR TOW DUE TO CRASH,Y,,,"OVER $1,500",04/24/2025 12:00,UNABLE TO DETERMINE,UNABLE TO DETERMINE,1299,W,111TH ST,2234,,,,,,,2,NONINCAPACITATING INJURY,1,0,0,1,0,1,0,12,5,4,,,,,
CLEAR,DAYLIGHT,SIDESWIPE SAME DIRECTION,DIVIDED - W/MEDIAN BARRIER,,STRAIGHT AND LEVEL,DRY,NO DEFECTS,ON SCENE,NO INJURY / DRIVE AWAY,,,,"$501 - $1,500",06/11/2025 10:55,NOT APPLICABLE,NOT APPLICABLE,2520,N,ASHLAND AVE,1931,,,,,,,2,NO INDICATION OF INJURY,0,0,0,0,0,3,0,10,4,6,,,,,
UNKNOWN,"DARKNESS, LIGHTED ROAD",REAR END,ONE-WAY,,STRAIGHT AND LEVEL,UNKNOWN,NO DEFECTS,NOT ON SCENE (DESK REPORT),NO INJURY / DRIVE AWAY,,,,"OVER $1,500",10/14/2023 12:37,UNABLE TO DETERMINE,NOT APPLICABLE,10000,W,BALMORAL AVE,1650,,,,,,,2,NO INDICATION OF INJURY,0,0,0,0,0,2,0,21,6,10,,,,,
CLEAR,DAYLIGHT,ANGLE,ONE-WAY,,STRAIGHT AND LEVEL,DRY,NO DEFECTS,NOT ON SCENE (DESK REPORT),NO INJURY / DRIVE AWAY,,,,"OVER $1,500",08/05/2025 18:45,FAILING TO YIELD RIGHT-OF-WAY,NOT APPLICABLE,644,N,ST CLAIR ST,1834,,,,,,,2,NO INDICATION OF INJURY,0,0,0,0,0,2,0,16,3,8,,,,,
CLEAR,DAYLIGHT,SIDESWIPE SAME DIRECTION,NOT DIVIDED,,STRAIGHT AND LEVEL,DRY,UNKNOWN,ON SCENE,INJURY AND / OR TOW DUE TO CRASH,,,Y,"OVER $1,500",04/22/2025 15:20,UNABLE TO DETERMINE,UNABLE TO DETERMINE,3357,W,WALNUT ST,1123,,,,,,,3,NONINCAPACITATING INJURY,1,0,0,1,0,1,0,14,3,4,,,,,
CLEAR,DAYLIGHT,SIDESWIPE SAME DIRECTION,NOT DIVIDED,,STRAIGHT AND LEVEL,UNKNOWN,UNKNOWN,NOT ON SCENE (DESK REPORT),NO INJURY / DRIVE AWAY,,,,"OVER $1,500",02/01/2025 12:20,UNABLE TO DETERMINE,UNABLE TO DETERMINE,3358,W,115TH ST,2211,,,,,,,2,NO INDICATION OF INJURY,0,0,0,0,0,2,0,8,5,1,,,,,
CLEAR,DAYLIGHT,SIDESWIPE SAME DIRECTION,ONE-WAY,,STRAIGHT AND LEVEL,WET,NO DEFECTS,NOT ON SCENE (DESK REPORT),NO INJURY / DRIVE AWAY,,,,"$501 - $1,500",01/31/2025 16:30,IMPROPER LANE USAGE,IMPROPER OVERTAKING/PASSING,5411,S,WELLS ST,935,,,,,,,2,NO INDICATION OF INJURY,0,0,0,0,0,3,0,15,6,1,,,,,
CLEAR,DAYLIGHT,PARKED MOTOR VEHICLE,PARKING LOT,,STRAIGHT AND LEVEL,DRY,NO DEFECTS,ON SCENE,INJURY AND / OR TOW DUE TO CRASH,,,,"OVER $1,500",02/01/2025 9:45,"EVASIVE ACTION DUE TO ANIMAL, OBJECT, NONMOTORIST","EVASIVE ACTION DUE TO ANIMAL, OBJECT, NONMOTORIST",15,E,112TH PL,531,,,,,,,4,NONINCAPACITATING INJURY,2,0,0,2,0,2,0,9,7,2,,,,,
CLEAR,DAYLIGHT,ANGLE,NOT DIVIDED,,STRAIGHT AND LEVEL,DRY,NO DEFECTS,ON SCENE,INJURY AND / OR TOW DUE TO CRASH,,,,"OVER $1,500",02/01/2025 13:35,NOT APPLICABLE,NOT APPLICABLE,3931,W,WRIGHTWOOD AVE,2524,,,,,,,2,NONINCAPACITATING INJURY,1,0,0,1,0,1,0,13,7,2,,,,,
CLEAR,DAYLIGHT,FIXED OBJECT,T-INTERSECTION,,STRAIGHT AND LEVEL,WET,NO DEFECTS,ON SCENE,INJURY AND / OR TOW DUE TO CRASH,Y,,,"OVER $1,500",04/23/2025 9:57,UNABLE TO DETERMINE,UNABLE TO DETERMINE,3156,W,FIFTH AVE,1124,,,,,,,1,NO INDICATION OF INJURY,0,0,0,0,0,1,0,9,4,4,,,,,
CLEAR,DAYLIGHT,PARKED MOTOR VEHICLE,ONE-WAY,,STRAIGHT AND LEVEL,DRY,NO DEFECTS,NOT ON SCENE (DESK REPORT),NO INJURY / DRIVE AWAY,,,Y,"OVER $1,500",04/24/2025 11:08,NOT APPLICABLE,NOT APPLICABLE,4240,W,ADAMS ST,1115,,,,,,,2,NO INDICATION OF INJURY,0,0,0,0,0,1,0,10,5,4,,,,,
CLEAR,DAYLIGHT,REAR END,NOT DIVIDED,,STRAIGHT AND LEVEL,DRY,NO DEFECTS,ON SCENE,INJURY AND / OR TOW DUE TO CRASH,,,,"OVER $1,500",04/24/2025 8:28,DISTRACTION - FROM INSIDE VEHICLE,FAILING TO REDUCE SPEED TO AVOID CRASH,3434,W,PETERSON AVE,1711,,,,,,,2,NO INDICATION OF INJURY,0,0,0,0,0,2,0,8,5,4,,,,,
CLEAR,DAYLIGHT,PEDESTRIAN,FOUR WAY,,STRAIGHT AND LEVEL,DRY,NO DEFECTS,ON SCENE,INJURY AND / OR TOW DUE TO CRASH,Y,,,"OVER $1,500",10/27/2025 8:36,UNABLE TO DETERMINE,UNABLE TO DETERMINE,3154,W,IRVING PARK RD,1724,,,,,,,2,NONINCAPACITATING INJURY,1,0,0,1,0,1,0,8,2,10,,,,,
CLEAR,DAYLIGHT,SIDESWIPE SAME DIRECTION,NOT DIVIDED,,STRAIGHT AND LEVEL,DRY,UNKNOWN,NOT ON SCENE (DESK REPORT),NO INJURY / DRIVE AWAY,Y,,,"OVER $1,500",06/24/2025 17:47,IMPROPER LANE USAGE,DRIVING SKILLS/KNOWLEDGE/EXPERIENCE,251,W,26TH ST,914,,,,,,,2,NO INDICATION OF INJURY,0,0,0,0,0,4,0,15,3,6,,,,,
CLEAR,DAYLIGHT,TURNING,NOT DIVIDED,,STRAIGHT AND LEVEL,DRY,NO DEFECTS,ON SCENE,NO INJURY / DRIVE AWAY,Y,,Y,"OVER $1,500",10/05/2025 17:50,FAILING TO REDUCE SPEED TO AVOID CRASH,NOT APPLICABLE,5500,S,MULLIGAN AVE,811,,,,,,,2,NO INDICATION OF INJURY,0,0,0,0,0,2,0,17,1,10,,,,,
CLEAR,DAYLIGHT,SIDESWIPE SAME DIRECTION,FOUR WAY,,STRAIGHT AND LEVEL,DRY,NO DEFECTS,NOT ON SCENE (DESK REPORT),NO INJURY / DRIVE AWAY,Y,,,"OVER $1,500",07/15/2025 8:50,IMPROPER OVERTAKING/PASSING,NOT APPLICABLE,1004,W,63RD ST,712,,,,,,,2,NO INDICATION OF INJURY,0,0,0,0,0,2,0,8,3,7,,,,,
CLEAR,DAYLIGHT,PEDALCYCLIST,DIVIDED - W/MEDIAN (NOT RAISED),,STRAIGHT AND LEVEL,DRY,OTHER,NOT ON SCENE (DESK REPORT),INJURY AND / OR TOW DUE TO CRASH,,,,$500 OR LESS,07/15/2025 17:15,ROAD CONSTRUCTION/MAINTENANCE,NOT APPLICABLE,500,W,ROOSEVELT RD,124,,,,,,,2,"REPORTED, NOT EVIDENT",1,0,0,0,1,1,0,13,3,7,,,,,
CLEAR,DAYLIGHT,REAR END,OTHER,,STRAIGHT AND LEVEL,DRY,NO DEFECTS,ON SCENE,NO INJURY / DRIVE AWAY,,,,"OVER $1,500",04/23/2025 20:30,NOT APPLICABLE,NOT APPLICABLE,3350,W,DIVERSEY AVE,1412,,,,,,,2,NO INDICATION OF INJURY,0,0,0,0,0,3,0,20,4,4,,,,,
CLEAR,"DARKNESS, LIGHTED ROAD",PEDALCYCLIST,NOT DIVIDED,,STRAIGHT AND LEVEL,DRY,UNKNOWN,ON SCENE,NO INJURY / DRIVE AWAY,,,,"$501 - $1,500",02/01/2025 18:52,FAILING TO YIELD RIGHT-OF-WAY,NOT APPLICABLE,6129,W,BERTEAU AVE,1624,,,,,,,2,NO INDICATION OF INJURY,0,0,0,0,0,2,0,18,7,2,,,,,
CLEAR,UNKNOWN,PARKED MOTOR VEHICLE,UNKNOWN,,STRAIGHT AND LEVEL,DRY,UNKNOWN,NOT ON SCENE (DESK REPORT),NO INJURY / DRIVE AWAY,,,Y,"OVER $1,500",04/24/2025 15:35,UNABLE TO DETERMINE,UNABLE TO DETERMINE,4400,S,FEDERAL ST,215,,,,,,,2,NO INDICATION OF INJURY,0,0,0,0,0,1,0,19,4,4,,,,,
CLEAR,DAYLIGHT,PEDESTRIAN,T-INTERSECTION,,STRAIGHT AND LEVEL,DRY,NO DEFECTS,ON SCENE,INJURY AND / OR TOW DUE TO CRASH,Y,,,"$501 - $1,500",04/24/2025 8:37,FAILING TO YIELD RIGHT-OF-WAY,UNABLE TO DETERMINE,8700,S,GREENWOOD AVE,412,,,,,,,2,NONINCAPACITATING INJURY,1,0,0,1,0,1,0,8,5,4,,,,,
CLEAR,DAYLIGHT,ANGLE,PARKING LOT,,STRAIGHT AND LEVEL,DRY,NO DEFECTS,ON SCENE,NO INJURY / DRIVE AWAY,,,,"OVER $1,500",06/10/2025 13:07,FAILING TO YIELD RIGHT-OF-WAY,DRIVING SKILLS/KNOWLEDGE/EXPERIENCE,10020,W,BALMORAL AVE,1654,,,,,,,2,NO INDICATION OF INJURY,0,0,0,0,0,2,0,13,3,6,,,,,
CLEAR,DAYLIGHT,FIXED OBJECT,NOT DIVIDED,,STRAIGHT AND LEVEL,DRY,NO DEFECTS,ON SCENE,NO INJURY / DRIVE AWAY,Y,,,"OVER $1,500",06/11/2025 8:09,NOT APPLICABLE,NOT APPLICABLE,4903,S,RACINE AVE,933,,,,,,,1,NO INDICATION OF INJURY,0,0,0,0,0,1,0,8,4,6,,,,,
CLEAR,DAYLIGHT,SIDESWIPE SAME DIRECTION,NOT DIVIDED,,STRAIGHT AND LEVEL,DRY,NO DEFECTS,ON SCENE,INJURY AND / OR TOW DUE TO CRASH,N,,,"OVER $1,500",06/11/2025 6:56,IMPROPER OVERTAKING/PASSING,FAILING TO YIELD RIGHT-OF-WAY,2125,N,KOSTNER AVE,2522,,,,,,,2,"REPORTED, NOT EVIDENT",2,0,0,0,2,0,0,6,4,6,,,,,
CLEAR,DAYLIGHT,SIDESWIPE SAME DIRECTION,NOT DIVIDED,,STRAIGHT AND LEVEL,DRY,UNKNOWN,NOT ON SCENE (DESK REPORT),NO INJURY / DRIVE AWAY,,,,"$501 - $1,500",10/05/2025 12:30,UNABLE TO DETERMINE,UNABLE TO DETERMINE,4756,W,NORTH AVE,2533,,,,,,,2,NO INDICATION OF INJURY,0,0,0,0,0,3,0,11,1,10,,,,,
CLEAR,DAYLIGHT,SIDESWIPE SAME DIRECTION,DIVIDED - W/MEDIAN (NOT RAISED),,STRAIGHT AND LEVEL,DRY,NO DEFECTS,ON SCENE,NO INJURY / DRIVE AWAY,,,,"OVER $1,500",08/05/2025 16:14,IMPROPER OVERTAKING/PASSING,DRIVING SKILLS/KNOWLEDGE/EXPERIENCE,6900,S,HALSTED ST,733,,,,,,,2,NO INDICATION OF INJURY,0,0,0,0,0,2,0,16,3,8,,,,,
CLEAR,DARKNESS,TURNING,NOT DIVIDED,,STRAIGHT AND LEVEL,DRY,NO DEFECTS,NOT ON SCENE (DESK REPORT),NO INJURY / DRIVE AWAY,,,Y,"OVER $1,500",01/31/2025 23:54,UNABLE TO DETERMINE,NOT APPLICABLE,10002,S,TORRENCE AVE,431,,,,,,,2,NO INDICATION OF INJURY,0,0,0,0,0,3,0,23,6,1,,,,,
CLEAR,"DARKNESS, LIGHTED ROAD",PARKED MOTOR VEHICLE,NOT DIVIDED,,STRAIGHT AND LEVEL,DRY,UNKNOWN,ON SCENE,INJURY AND / OR TOW DUE TO CRASH,,,Y,"$501 - $1,500",01/31/2025 22:49,UNABLE TO DETERMINE,NOT APPLICABLE,7130,S,BELL AVE,832,,,,,,,2,NO INDICATION OF INJURY,0,0,0,0,0,1,0,21,6,1,,,,,
CLEAR,DUSK,REAR END,DIVIDED - W/MEDIAN BARRIER,,STRAIGHT AND LEVEL,UNKNOWN,UNKNOWN,NOT ON SCENE (DESK REPORT),NO INJURY / DRIVE AWAY,,,,"OVER $1,500",02/01/2025 20:00,FAILING TO REDUCE SPEED TO AVOID CRASH,FAILING TO REDUCE SPEED TO AVOID CRASH,5500,S,CLAREMONT AVE,824,,,,,,,2,NO INDICATION OF INJURY,0,0,0,0,0,4,0,19,7,2,,,,,
CLEAR,DAYLIGHT,REAR END,NOT DIVIDED,,STRAIGHT AND LEVEL,DRY,NO DEFECTS,NOT ON SCENE (DESK REPORT),INJURY AND / OR TOW DUE TO CRASH,,,,"$501 - $1,500",02/01/2025 13:20,UNABLE TO DETERMINE,UNABLE TO DETERMINE,12600,S,AVENUE O,433,,,,,,,2,"REPORTED, NOT EVIDENT",1,0,0,0,1,2,0,10,7,2,,,,,
CLEAR,"DARKNESS, LIGHTED ROAD",FIXED OBJECT,ALLEY,,STRAIGHT AND LEVEL,DRY,NO DEFECTS,ON SCENE,NO INJURY / DRIVE AWAY,,,,$500 OR LESS,02/01/2025 20:32,UNABLE TO DETERMINE,NOT APPLICABLE,1144,E,93RD ST,413,,,,,,,1,NO INDICATION OF INJURY,0,0,0,0,0,2,0,20,7,2,,,,,
CLEAR,DAYLIGHT,PARKED MOTOR VEHICLE,NOT DIVIDED,,STRAIGHT AND LEVEL,DRY,NO DEFECTS,NOT ON SCENE (DESK REPORT),NO INJURY / DRIVE AWAY,,,Y,"$501 - $1,500",02/01/2025 10:17,UNABLE TO DETERMINE,UNABLE TO DETERMINE,7221,S,HAMLIN AVE,833,,,,,,,2,NO INDICATION OF INJURY,0,0,0,0,0,1,0,9,7,2,,,,,
UNKNOWN,DAYLIGHT,REAR END,NOT DIVIDED,,STRAIGHT AND LEVEL,UNKNOWN,UNKNOWN,NOT ON SCENE (DESK REPORT),NO INJURY / DRIVE AWAY,,,,$500 OR LESS,06/11/2025 11:15,UNABLE TO DETERMINE,NOT APPLICABLE,3256,S,ASHLAND AVE,912,,,,,,,2,NO INDICATION OF INJURY,0,0,0,0,0,2,0,11,2,6,,,,,
CLEAR,DAYLIGHT,TURNING,FOUR WAY,,STRAIGHT AND LEVEL,DRY,NO DEFECTS,NOT ON SCENE (DESK REPORT),NO INJURY / DRIVE AWAY,Y,,,"OVER $1,500",06/11/2025 15:45,FAILING TO YIELD RIGHT-OF-WAY,NOT APPLICABLE,12700,S,HALSTED ST,523,,,,,,,2,NO INDICATION OF INJURY,0,0,0,0,0,2,0,14,4,6,,,,,
CLEAR,"DARKNESS, LIGHTED ROAD",ANGLE,FOUR WAY,,STRAIGHT AND LEVEL,DRY,UNKNOWN,ON SCENE,INJURY AND / OR TOW DUE TO CRASH,,,,"OVER $1,500",10/27/2025 22:21,FAILING TO YIELD RIGHT-OF-WAY,"VISION OBSCURED (SIGNS, TREE LIMBS, BUILDINGS, ETC.)",3457,W,IRVING PARK RD,1732,,,,,,,2,"REPORTED, NOT EVIDENT",1,0,0,0,1,4,0,22,2,10,,,,,
CLEAR,DAYLIGHT,SIDESWIPE SAME DIRECTION,NOT DIVIDED,,STRAIGHT AND LEVEL,DRY,NO DEFECTS,,NO INJURY / DRIVE AWAY,,,,"OVER $1,500",03/21/2025 9:29,IMPROPER OVERTAKING/PASSING,IMPROPER OVERTAKING/PASSING,5801,S,KEDZIE AVE,824,,,,,,,2,NO INDICATION OF INJURY,0,0,0,0,0,2,0,8,6,3,,,,,
CLEAR,DAYLIGHT,FIXED OBJECT,OTHER,,STRAIGHT AND LEVEL,DRY,NO DEFECTS,NOT ON SCENE (DESK REPORT),NO INJURY / DRIVE AWAY,,Y,Y,"OVER $1,500",10/05/2025 12:13,"OPERATING VEHICLE IN ERRATIC, RECKLESS, CARELESS, NEGLIGENT OR AGGRESSIVE MANNER",NOT APPLICABLE,534,W,14TH PL,124,,,,,,,1,NO INDICATION OF INJURY,0,0,0,0,0,1,0,6,1,10,,,,,
CLEAR,DAYLIGHT,TURNING,DIVIDED - W/MEDIAN (NOT RAISED),,STRAIGHT AND LEVEL,DRY,UNKNOWN,ON SCENE,NO INJURY / DRIVE AWAY,,,,$500 OR LESS,01/29/2025 9:10,UNABLE TO DETERMINE,UNABLE TO DETERMINE,800,E,59TH ST,235,,,,,,,2,NO INDICATION OF INJURY,0,0,0,0,0,3,0,9,4,1,,,,,
CLEAR,"DARKNESS, LIGHTED ROAD",FIXED OBJECT,T-INTERSECTION,,STRAIGHT AND LEVEL,UNKNOWN,NO DEFECTS,ON SCENE,NO INJURY / DRIVE AWAY,Y,Y,Y,"OVER $1,500",02/01/2025 9:21,UNABLE TO DETERMINE,NOT APPLICABLE,4732,S,DREXEL BLVD,223,,,,,,,2,NO INDICATION OF INJURY,0,0,0,0,0,1,0,20,6,1,,,,,
RAIN,DAYLIGHT,ANGLE,NOT DIVIDED,,STRAIGHT AND LEVEL,WET,NO DEFECTS,NOT ON SCENE (DESK REPORT),NO INJURY / DRIVE AWAY,Y,,,"OVER $1,500",01/31/2025 17:00,UNABLE TO DETERMINE,UNABLE TO DETERMINE,1201,W,CONGRESS PKWY,1231,,,,,,,2,NO INDICATION OF INJURY,0,0,0,0,0,2,0,15,6,1,,,,,
CLEAR,DAYLIGHT,TURNING,ONE-WAY,,STRAIGHT AND LEVEL,DRY,NO DEFECTS,NOT ON SCENE (DESK REPORT),NO INJURY / DRIVE AWAY,,,,"OVER $1,500",02/01/2025 11:57,IMPROPER TURNING/NO SIGNAL,NOT APPLICABLE,360,W,HUBBARD ST,1831,,,,,,,2,NO INDICATION OF INJURY,0,0,0,0,0,2,0,10,7,2,,,,,
CLEAR,DAYLIGHT,TURNING,DIVIDED - W/MEDIAN (NOT RAISED),,STRAIGHT AND LEVEL,DRY,NO DEFECTS,ON SCENE,NO INJURY / DRIVE AWAY,,,,"OVER $1,500",02/01/2025 13:01,UNABLE TO DETERMINE,NOT APPLICABLE,5285,S,ARCHER AVE,815,,,,,,,2,NO INDICATION OF INJURY,0,0,0,0,0,3,0,13,7,2,,,,,
CLEAR,DAYLIGHT,SIDESWIPE SAME DIRECTION,T-INTERSECTION,,STRAIGHT AND LEVEL,UNKNOWN,UNKNOWN,NOT ON SCENE (DESK REPORT),NO INJURY / DRIVE AWAY,Y,,,"OVER $1,500",02/01/2025 17:00,FAILING TO YIELD RIGHT-OF-WAY,FAILING TO YIELD RIGHT-OF-WAY,2201,W,OGDEN AVE,1225,,,,,,,2,NO INDICATION OF INJURY,0,0,0,0,0,2,0,16,7,2,,,,,
CLEAR,"DARKNESS, LIGHTED ROAD",PARKED MOTOR VEHICLE,DIVIDED - W/MEDIAN (NOT RAISED),,STRAIGHT AND LEVEL,DRY,NO DEFECTS,,NO INJURY / DRIVE AWAY,,,Y,"$501 - $1,500",04/05/2025 8:06,UNABLE TO DETERMINE,UNABLE TO DETERMINE,3117,N,PAULINA ST,1931,,,,,,,2,NO INDICATION OF INJURY,0,0,0,0,0,2,0,2,6,4,,,,,
UNKNOWN,UNKNOWN,REAR END,NOT DIVIDED,,STRAIGHT AND LEVEL,UNKNOWN,UNKNOWN,NOT ON SCENE (DESK REPORT),NO INJURY / DRIVE AWAY,,,,"OVER $1,500",06/11/2025 20:25,UNABLE TO DETERMINE,NOT APPLICABLE,6800,W,GRAND AVE,2512,,,,,,,2,NO INDICATION OF INJURY,0,0,0,0,0,2,0,15,4,6,,,,,
CLEAR,DAYLIGHT,SIDESWIPE SAME DIRECTION,DIVIDED - W/MEDIAN (NOT RAISED),,STRAIGHT AND LEVEL,DRY,NO DEFECTS,ON SCENE,NO INJURY / DRIVE AWAY,Y,,,"OVER $1,500",10/27/2025 16:45,DRIVING SKILLS/KNOWLEDGE/EXPERIENCE,DRIVING SKILLS/KNOWLEDGE/EXPERIENCE,3710,S,WESTERN AVE,911,,,,,,,2,NO INDICATION OF INJURY,0,0,0,0,0,3,0,16,2,10,,,,,
CLEAR,DAYLIGHT,TURNING,NOT DIVIDED,,STRAIGHT AND LEVEL,WET,UNKNOWN,ON SCENE,NO INJURY / DRIVE AWAY,,,,"OVER $1,500",01/31/2025 15:29,IMPROPER TURNING/NO SIGNAL,NOT APPLICABLE,3545,N,KIMBALL AVE,1733,,,,,,,2,NO INDICATION OF INJURY,0,0,0,0,0,2,0,15,6,1,,,,,
CLEAR,DAWN,PARKED MOTOR VEHICLE,DIVIDED - W/MEDIAN BARRIER,,STRAIGHT AND LEVEL,DRY,NO DEFECTS,ON SCENE,NO INJURY / DRIVE AWAY,,,Y,"OVER $1,500",02/01/2025 6:23,FAILING TO REDUCE SPEED TO AVOID CRASH,NOT APPLICABLE,13075,S,ELLIS AVE,533,,,,,,,2,NO INDICATION OF INJURY,0,0,0,0,0,1,0,0,7,2,,,,,
CLOUDY/OVERCAST,DAYLIGHT,SIDESWIPE SAME DIRECTION,NOT DIVIDED,,STRAIGHT AND LEVEL,DRY,NO DEFECTS,,NO INJURY / DRIVE AWAY,,,,"OVER $1,500",02/01/2025 10:00,IMPROPER LANE USAGE,NOT APPLICABLE,150,N,OGDEN AVE,1224,,,,,,,2,NO INDICATION OF INJURY,0,0,0,0,0,2,0,8,7,2,,,,,