WEATHER_CONDITION,LIGHTING_CONDITION,FIRST_CRASH_TYPE,TRAFFICWAY_TYPE,LANE_CNT,ALIGNMENT,ROADWAY_SURFACE_COND,ROAD_DEFECT,REPORT_TYPE,CRASH_TYPE,INTERSECTION_RELATED_I,NOT_RIGHT_OF_WAY_I,HIT_AND_RUN_I,DAMAGE,DATE_POLICE_NOTIFIED,PRIM_CONTRIBUTORY_CAUSE,SEC_CONTRIBUTORY_CAUSE,STREET_NO,STREET_DIRECTION,STREET_NAME,BEAT_OF_OCCURRENCE,PHOTOS_TAKEN_I,STATEMENTS_TAKEN_I,DOORING_I,WORK_ZONE_I,WORK_ZONE_TYPE,WORKERS_PRESENT_I,NUM_UNITS,MOST_SEVERE_INJURY,INJURIES_TOTAL,INJURIES_FATAL,INJURIES_INCAPACITATING,INJURIES_NON_INCAPACITATING,INJURIES_REPORTED_NOT_EVIDENT,INJURIES_NO_INDICATION,INJURIES_UNKNOWN,CRASH_HOUR,CRASH_DAY_OF_WEEK,CRASH_MONTH,INJURIES_NO_INDICATION,INJURIES_UNKNOWN,CRASH_HOUR,CRASH_DAY_OF_WEEK,CRASH_MONTH
CLEAR,"DARKNESS, LIGHTED ROAD",PARKED MOTOR VEHICLE,PARKING LOT,,STRAIGHT AND LEVEL,UNKNOWN,UNKNOWN,,NO INJURY / DRIVE AWAY,,,Y,"$501 - $1,500",02/01/2025 3:30,IMPROPER BACKING,IMPROPER BACKING,3202,W,CERMAK RD,1022,,,,,,,2,NO INDICATION OF INJURY,0,0,0,0,0,1,0,3,7,2,,,,,
CLEAR,DUSK,REAR END,CENTER TURN LANE,,STRAIGHT AND LEVEL,DRY,SHOULDER DEFECT,NOT ON SCENE (DESK REPORT),NO INJURY / DRIVE AWAY,Y,,,"OVER $1,500",03/21/2025 17:40,UNABLE TO DETERMINE,NOT APPLICABLE,1600,W,IRVING PARK RD,1912,,,,,,,2,NO INDICATION OF INJURY,0,0,0,0,0,2,0,17,6,3,,,,,
CLEAR,DAYLIGHT,PEDALCYCLIST,ALLEY,,STRAIGHT AND LEVEL,DRY,NO DEFECTS,ON SCENE,INJURY AND / OR TOW DUE TO CRASH,,,,"OVER $1,500",06/09/2025 11:25,FAILING TO YIELD RIGHT-OF-WAY,DRIVING SKILLS/KNOWLEDGE/EXPERIENCE,3991,S,ARCHER AVE,921,,,,,,,2,NONINCAPACITATING INJURY,1,0,0,1,0,1,0,11,2,6,,,,,
CLEAR,"DARKNESS, LIGHTED ROAD",TURNING,FOUR WAY,,STRAIGHT AND LEVEL,DRY,NO DEFECTS,ON SCENE,INJURY AND / OR TOW DUE TO CRASH,Y,,,"OVER $1,500",06/11/2025 21:35,FAILING TO YIELD RIGHT-OF-WAY,FAILING TO YIELD RIGHT-OF-WAY,300,N,LARAMIE AVE,1523,,,,,,,2,NO INDICATION OF INJURY,0,0,0,0,0,3,0,21,4,6,,,,,
CLEAR,"DARKNESS, LIGHTED ROAD",PEDALCYCLIST,FOUR WAY,,STRAIGHT AND LEVEL,DRY,NO DEFECTS,ON SCENE,NO INJURY / DRIVE AWAY,Y,,,"$501 - $1,500",06/11/2025 20:42,UNABLE TO DETERMINE,NOT APPLICABLE,3501,N,BROADWAY,1925,,,,,,,2,NO INDICATION OF INJURY,0,0,0,0,0,2,0,20,4,6,,,,,
SNOW,"DARKNESS, LIGHTED ROAD",REAR END,RAMP,,STRAIGHT AND LEVEL,WET,NO DEFECTS,,INJURY AND / OR TOW DUE TO CRASH,Y,,Y,"OVER $1,500",12/19/2024 23:00,FAILING TO REDUCE SPEED TO AVOID CRASH,FOLLOWING TOO CLOSELY,5558,N,AVONDALE AVE,1622,,,,,,,2,NONINCAPACITATING INJURY,1,0,0,1,0,1,0,22,5,12,,,,,
CLEAR,DAYLIGHT,SIDESWIPE SAME DIRECTION,ONE-WAY,,STRAIGHT AND LEVEL,DRY,NO DEFECTS,NOT ON SCENE (DESK REPORT),NO INJURY / DRIVE AWAY,,,,"OVER $1,500",03/21/2025 8:20,UNABLE TO DETERMINE,UNABLE TO DETERMINE,3524,N,MARSHFIELD AVE,1922,,,,,,,2,NO INDICATION OF INJURY,0,0,0,0,0,2,0,8,6,3,,,,,
CLEAR,DAYLIGHT,PEDALCYCLIST,NOT DIVIDED,,STRAIGHT AND LEVEL,DRY,NO DEFECTS,NOT ON SCENE (DESK REPORT),INJURY AND / OR TOW DUE TO CRASH,,,,"OVER $1,500",03/21/2025 14:19,NOT APPLICABLE,NOT APPLICABLE,2665,N,HALSTED ST,1935,,,,,,,2,"REPORTED, NOT EVIDENT",1,0,0,0,1,1,0,13,6,3,,,,,
RAIN,DAYLIGHT,FIXED OBJECT,ONE-WAY,,STRAIGHT AND LEVEL,WET,NO DEFECTS,ON SCENE,INJURY AND / OR TOW DUE TO CRASH,,,Y,"OVER $1,500",01/31/2025 11:17,UNABLE TO DETERMINE,UNABLE TO DETERMINE,5700,S,NATOMA AVE,811,,,,,,,1,NO INDICATION OF INJURY,0,0,0,0,0,1,0,11,6,1,,,,,
CLEAR,DARKNESS,PARKED MOTOR VEHICLE,PARKING LOT,,STRAIGHT AND LEVEL,UNKNOWN,UNKNOWN,NOT ON SCENE (DESK REPORT),NO INJURY / DRIVE AWAY,,,,"OVER $1,500",02/01/2025 18:30,UNABLE TO DETERMINE,UNABLE TO DETERMINE,1326,W,MORSE AVE,2431,,,,,,,2,NO INDICATION OF INJURY,0,0,0,0,0,1,0,17,7,2,,,,,
CLEAR,"DARKNESS, LIGHTED ROAD",PEDESTRIAN,ALLEY,,STRAIGHT AND LEVEL,DRY,NO DEFECTS,NOT ON SCENE (DESK REPORT),INJURY AND / OR TOW DUE TO CRASH,,,,"OVER $1,500",02/01/2025 17:32,DISTRACTION - FROM OUTSIDE VEHICLE,DISTRACTION - FROM OUTSIDE VEHICLE,4041,W,58TH ST,813,,,,,,,2,INCAPACITATING INJURY,1,0,1,0,0,1,0,17,7,2,,,,,
RAIN,DAYLIGHT,ANGLE,NOT DIVIDED,,STRAIGHT AND LEVEL,WET,NO DEFECTS,,NO INJURY / DRIVE AWAY,Y,,,"OVER $1,500",04/02/2025 11:09,WEATHER,UNABLE TO DETERMINE,5900,N,NINA AVE,1612,,,,,,,2,NO INDICATION OF INJURY,0,0,0,0,0,2,0,11,4,4,,,,,
CLEAR,DAYLIGHT,REAR END,DIVIDED - W/MEDIAN BARRIER,,STRAIGHT AND LEVEL,UNKNOWN,NO DEFECTS,NOT ON SCENE (DESK REPORT),NO INJURY / DRIVE AWAY,,,,"$501 - $1,500",03/21/2025 14:30,NOT APPLICABLE,NOT APPLICABLE,9400,S,STONY ISLAND AVE,413,,,,,,,2,NO INDICATION OF INJURY,0,0,0,0,0,2,0,14,6,3,,,,,
RAIN,"DARKNESS, LIGHTED ROAD",SIDESWIPE SAME DIRECTION,OTHER,,STRAIGHT AND LEVEL,WET,NO DEFECTS,ON SCENE,INJURY AND / OR TOW DUE TO CRASH,,,,"$501 - $1,500",10/14/2023 21:45,IMPROPER BACKING,FAILING TO YIELD RIGHT-OF-WAY,2,W,TERMINAL ST,1652,,,,,,,2,NONINCAPACITATING INJURY,1,0,0,1,0,1,0,21,7,10,,,,,
CLEAR,DAYLIGHT,REAR END,NOT DIVIDED,,STRAIGHT AND LEVEL,DRY,NO DEFECTS,NOT ON SCENE (DESK REPORT),NO INJURY / DRIVE AWAY,,,,"OVER $1,500",06/11/2025 18:00,FOLLOWING TOO CLOSELY,UNABLE TO DETERMINE,7021,W,BELMONT AVE,2511,,,,,,,2,NO INDICATION OF INJURY,0,0,0,0,0,3,0,14,4,6,,,,,
CLEAR,"DARKNESS, LIGHTED ROAD",TURNING,FOUR WAY,,STRAIGHT AND LEVEL,DRY,NO DEFECTS,ON SCENE,INJURY AND / OR TOW DUE TO CRASH,Y,,,"OVER $1,500",06/12/2025 1:05,IMPROPER TURNING/NO SIGNAL,NOT APPLICABLE,900,E,76TH ST,624,,,,,,,2,NO INDICATION OF INJURY,0,0,0,0,0,2,0,1,5,6,,,,,
UNKNOWN,DARKNESS,FIXED OBJECT,T-INTERSECTION,,STRAIGHT AND LEVEL,DRY,NO DEFECTS,ON SCENE,NO INJURY / DRIVE AWAY,Y,Y,Y,"OVER $1,500",03/21/2025 6:50,"OPERATING VEHICLE IN ERRATIC, RECKLESS, CARELESS, NEGLIGENT OR AGGRESSIVE MANNER",UNABLE TO DETERMINE,1959,W,34TH PL,912,,,,,,,1,NO INDICATION OF INJURY,0,0,0,0,0,1,0,5,6,3,,,,,
CLEAR,DAYLIGHT,SIDESWIPE SAME DIRECTION,NOT DIVIDED,,STRAIGHT AND LEVEL,DRY,NO DEFECTS,NOT ON SCENE (DESK REPORT),INJURY AND / OR TOW DUE TO CRASH,,,,"OVER $1,500",07/16/2025 10:30,FAILING TO YIELD RIGHT-OF-WAY,UNABLE TO DETERMINE,4348,W,WASHINGTON BLVD,1114,,,,,,,2,"REPORTED, NOT EVIDENT",1,0,0,0,1,1,0,17,3,7,,,,,
CLEAR,DAYLIGHT,PARKED MOTOR VEHICLE,DIVIDED - W/MEDIAN BARRIER,,STRAIGHT AND LEVEL,DRY,UNKNOWN,ON SCENE,NO INJURY / DRIVE AWAY,Y,,,"OVER $1,500",08/05/2025 19:00,DISTRACTION - FROM OUTSIDE VEHICLE,NOT APPLICABLE,3163,W,OGDEN AVE,1022,Y,,,,,,2,,,,,,,,,18,3,8,,,,,
CLEAR,DUSK,TURNING,PARKING LOT,,STRAIGHT AND LEVEL,DRY,NO DEFECTS,NOT ON SCENE (DESK REPORT),NO INJURY / DRIVE AWAY,,,,"OVER $1,500",02/01/2025 14:30,UNABLE TO DETERMINE,UNABLE TO DETERMINE,3132,N,HARLEM AVE,2511,,,,,,,2,NO INDICATION OF INJURY,0,0,0,0,0,2,0,18,5,1,,,,,
CLEAR,DAYLIGHT,FIXED OBJECT,ALLEY,,STRAIGHT AND LEVEL,DRY,NO DEFECTS,ON SCENE,NO INJURY / DRIVE AWAY,,,Y,"OVER $1,500",01/31/2025 13:36,UNABLE TO DETERMINE,UNABLE TO DETERMINE,2401,S,SAWYER AVE,1024,,,,,,,1,NO INDICATION OF INJURY,0,0,0,0,0,1,0,17,5,1,,,,,
CLEAR,DAYLIGHT,ANGLE,PARKING LOT,,STRAIGHT AND LEVEL,DRY,NO DEFECTS,NOT ON SCENE (DESK REPORT),NO INJURY / DRIVE AWAY,,Y,,"OVER $1,500",01/31/2025 16:10,FAILING TO YIELD RIGHT-OF-WAY,UNABLE TO DETERMINE,4830,N,PULASKI RD,1712,,,,,,,2,NO INDICATION OF INJURY,0,0,0,0,0,3,0,15,6,1,,,,,
CLEAR,DAYLIGHT,PARKED MOTOR VEHICLE,NOT DIVIDED,,STRAIGHT AND LEVEL,DRY,NO DEFECTS,NOT ON SCENE (DESK REPORT),NO INJURY / DRIVE AWAY,,,Y,"$501 - $1,500",02/01/2025 16:50,UNABLE TO DETERMINE,UNABLE TO DETERMINE,9029,S,COMMERCIAL AVE,424,,,,,,,2,NO INDICATION OF INJURY,0,0,0,0,0,1,0,15,7,2,,,,,
CLEAR,DAYLIGHT,REAR END,NOT DIVIDED,,STRAIGHT AND LEVEL,DRY,NO DEFECTS,NOT ON SCENE (DESK REPORT),INJURY AND / OR TOW DUE TO CRASH,,,Y,"OVER $1,500",02/01/2025 16:04,FOLLOWING TOO CLOSELY,NOT APPLICABLE,2400,W,63RD ST,825,,,,,,,3,NONINCAPACITATING INJURY,2,0,0,2,0,3,0,15,7,2,,,,,
UNKNOWN,UNKNOWN,REAR END,NOT DIVIDED,,STRAIGHT AND LEVEL,UNKNOWN,UNKNOWN,NOT ON SCENE (DESK REPORT),INJURY AND / OR TOW DUE TO CRASH,,,N,"$501 - $1,500",02/01/2025 10:33,UNABLE TO DETERMINE,NOT APPLICABLE,2860,S,ASHLAND AVE,912,,,,,,,2,"REPORTED, NOT EVIDENT",1,0,0,0,1,1,0,1,7,2,,,,,
CLOUDY/OVERCAST,DAYLIGHT,TURNING,DIVIDED - W/MEDIAN (NOT RAISED),,STRAIGHT AND LEVEL,DRY,UNKNOWN,ON SCENE,INJURY AND / OR TOW DUE TO CRASH,,,,"OVER $1,500",04/10/2025 18:35,FAILING TO YIELD RIGHT-OF-WAY,UNABLE TO DETERMINE,1807,N,CICERO AVE,2533,,,,,,,2,"REPORTED, NOT EVIDENT",2,0,0,0,2,0,0,18,5,4,,,,,
CLEAR,DAYLIGHT,TURNING,NOT DIVIDED,,STRAIGHT AND LEVEL,DRY,NO DEFECTS,ON SCENE,INJURY AND / OR TOW DUE TO CRASH,,,,"OVER $1,500",06/10/2025 13:00,FAILING TO YIELD RIGHT-OF-WAY,FAILING TO YIELD RIGHT-OF-WAY,3099,S,MICHIGAN AVE,133,,,,,,,2,NONINCAPACITATING INJURY,1,0,0,1,0,2,0,12,3,6,,,,,
CLEAR,"DARKNESS, LIGHTED ROAD",ANGLE,FOUR WAY,,STRAIGHT AND LEVEL,DRY,NO DEFECTS,ON SCENE,INJURY AND / OR TOW DUE TO CRASH,Y,,,"OVER $1,500",06/11/2025 21:12,UNDER THE INFLUENCE OF ALCOHOL/DRUGS (USE WHEN ARREST IS EFFECTED),DISREGARDING TRAFFIC SIGNALS,7100,S,WENTWORTH AVE,731,,,,,,,2,NONINCAPACITATING INJURY,2,0,0,1,1,1,0,21,4,6,,,,,
UNKNOWN,"DARKNESS, LIGHTED ROAD",PARKED MOTOR VEHICLE,UNKNOWN,,STRAIGHT AND LEVEL,UNKNOWN,UNKNOWN,NOT ON SCENE (DESK REPORT),NO INJURY / DRIVE AWAY,,,Y,"$501 - $1,500",03/22/2025 15:50,NOT APPLICABLE,NOT APPLICABLE,3535,E,118TH ST,433,,,,,,,2,NO INDICATION OF INJURY,0,0,0,0,0,1,0,19,6,3,,,,,
CLEAR,DAYLIGHT,REAR END,NOT DIVIDED,,STRAIGHT AND LEVEL,DRY,NO DEFECTS,,NO INJURY / DRIVE AWAY,,,,"OVER $1,500",04/19/2025 12:58,UNABLE TO DETERMINE,UNABLE TO DETERMINE,8259,S,PULASKI RD,834,,,,,,,2,NO INDICATION OF INJURY,0,0,0,0,0,2,0,12,7,4,,,,,
CLEAR,DAYLIGHT,PARKED MOTOR VEHICLE,DIVIDED - W/MEDIAN (NOT RAISED),,STRAIGHT AND LEVEL,UNKNOWN,UNKNOWN,NOT ON SCENE (DESK REPORT),NO INJURY / DRIVE AWAY,,,Y,"OVER $1,500",02/01/2025 13:40,UNABLE TO DETERMINE,UNABLE TO DETERMINE,4718,W,SCHUBERT AVE,2521,,,,,,,2,NO INDICATION OF INJURY,0,0,0,0,0,1,0,11,5,1,,,,,
CLEAR,DAYLIGHT,TURNING,FOUR WAY,,STRAIGHT AND LEVEL,WET,NO DEFECTS,ON SCENE,INJURY AND / OR TOW DUE TO CRASH,Y,,,"OVER $1,500",01/31/2025 14:25,NOT APPLICABLE,NOT APPLICABLE,8401,W,HIGGINS RD,1614,,,,,,,2,"REPORTED, NOT EVIDENT",2,0,0,0,2,0,0,14,6,1,,,,,
CLEAR,"DARKNESS, LIGHTED ROAD",TURNING,FOUR WAY,,STRAIGHT AND LEVEL,DRY,NO DEFECTS,NOT ON SCENE (DESK REPORT),NO INJURY / DRIVE AWAY,Y,,Y,"OVER $1,500",01/31/2025 19:20,FAILING TO YIELD RIGHT-OF-WAY,NOT APPLICABLE,4400,N,ELSTON AVE,1722,,,,,,,2,NO INDICATION OF INJURY,0,0,0,0,0,2,0,18,6,1,,,,,
CLEAR,DAYLIGHT,TURNING,FOUR WAY,,STRAIGHT AND LEVEL,DRY,NO DEFECTS,ON SCENE,INJURY AND / OR TOW DUE TO CRASH,Y,,Y,"OVER $1,500",02/01/2025 10:45,FAILING TO YIELD RIGHT-OF-WAY,NOT APPLICABLE,1200,S,INDEPENDENCE BLVD,1011,,,,,,,2,NO INDICATION OF INJURY,0,0,0,0,0,2,0,10,7,2,,,,,
CLEAR,DAYLIGHT,REAR END,NOT DIVIDED,,STRAIGHT AND LEVEL,DRY,NO DEFECTS,NOT ON SCENE (DESK REPORT),INJURY AND / OR TOW DUE TO CRASH,,,,"$501 - $1,500",02/01/2025 13:14,FOLLOWING TOO CLOSELY,NOT APPLICABLE,2600,W,55TH ST,923,,,,,,,2,NONINCAPACITATING INJURY,1,0,0,1,0,1,0,12,7,2,,,,,
CLEAR,"DARKNESS, LIGHTED ROAD",PEDESTRIAN,NOT DIVIDED,,STRAIGHT AND LEVEL,DRY,NO DEFECTS,ON SCENE,INJURY AND / OR TOW DUE TO CRASH,,,,"$501 - $1,500",02/01/2025 17:52,FAILING TO YIELD RIGHT-OF-WAY,UNABLE TO DETERMINE,2015,S,MARSHALL BLVD,1023,,,,,,,2,NONINCAPACITATING INJURY,1,0,0,1,0,1,0,17,7,2,,,,,
CLEAR,"DARKNESS, LIGHTED ROAD",PARKED MOTOR VEHICLE,NOT DIVIDED,,STRAIGHT AND LEVEL,DRY,NO DEFECTS,ON SCENE,NO INJURY / DRIVE AWAY,,,,$500 OR LESS,02/01/2025 22:59,UNABLE TO DETERMINE,UNABLE TO DETERMINE,2009,N,WESTERN AVE,1432,,Y,,,,,2,NO INDICATION OF INJURY,0,0,0,0,0,1,0,22,7,2,,,,,
CLEAR,DAYLIGHT,SIDESWIPE SAME DIRECTION,NOT DIVIDED,,STRAIGHT AND LEVEL,DRY,NO DEFECTS,NOT ON SCENE (DESK REPORT),NO INJURY / DRIVE AWAY,,,Y,$500 OR LESS,03/21/2025 9:45,IMPROPER LANE USAGE,IMPROPER OVERTAKING/PASSING,403,E,63RD ST,312,,,,,,,2,NO INDICATION OF INJURY,0,0,0,0,0,2,0,9,6,3,,,,,
CLEAR,DAYLIGHT,ANGLE,FOUR WAY,,STRAIGHT AND LEVEL,UNKNOWN,UNKNOWN,NOT ON SCENE (DESK REPORT),NO INJURY / DRIVE AWAY,,,,"OVER $1,500",03/21/2025 14:15,UNABLE TO DETERMINE,UNABLE TO DETERMINE,900,N,STATE ST,1832,,,,,,,2,NO INDICATION OF INJURY,0,0,0,0,0,2,0,13,6,3,,,,,
CLEAR,DAYLIGHT,ANGLE,NOT DIVIDED,,STRAIGHT AND LEVEL,DRY,NO DEFECTS,ON SCENE,INJURY AND / OR TOW DUE TO CRASH,,,,"OVER $1,500",03/21/2025 9:51,UNABLE TO DETERMINE,NOT APPLICABLE,400,E,41ST ST,214,,,,,,,2,"REPORTED, NOT EVIDENT",1,0,0,0,1,1,0,9,6,3,,,,,
CLEAR,DAYLIGHT,PARKED MOTOR VEHICLE,DIVIDED - W/MEDIAN (NOT RAISED),,STRAIGHT AND LEVEL,DRY,NO DEFECTS,ON SCENE,NO INJURY / DRIVE AWAY,,,,$500 OR LESS,10/05/2025 16:22,PHYSICAL CONDITION OF DRIVER,UNABLE TO DETERMINE,4101,N,LINCOLN AVE,1911,,,,,,,2,NO INDICATION OF INJURY,0,0,0,0,0,1,0,16,1,10,,,,,
CLEAR,"DARKNESS, LIGHTED ROAD",FIXED OBJECT,NOT DIVIDED,,STRAIGHT AND LEVEL,OTHER,NO DEFECTS,ON SCENE,INJURY AND / OR TOW DUE TO CRASH,,,,"OVER $1,500",03/21/2025 4:42,UNABLE TO DETERMINE,UNABLE TO DETERMINE,52,W,KINZIE ST,1831,,,,,,,1,NO INDICATION OF INJURY,0,0,0,0,0,1,0,3,6,3,,,,,
CLEAR,DAYLIGHT,REAR END,NOT DIVIDED,,STRAIGHT AND LEVEL,DRY,NO DEFECTS,NOT ON SCENE (DESK REPORT),NO INJURY / DRIVE AWAY,,,,"$501 - $1,500",08/28/2025 20:30,UNABLE TO DETERMINE,NOT APPLICABLE,5601,N,NAGLE AVE,1622,,,,,,,2,NO INDICATION OF INJURY,0,0,0,0,0,2,0,20,5,8,,,,,
CLEAR,DAYLIGHT,PARKED MOTOR VEHICLE,NOT DIVIDED,,STRAIGHT AND LEVEL,DRY,WORN SURFACE,ON SCENE,NO INJURY / DRIVE AWAY,,Y,,"OVER $1,500",07/15/2025 17:47,DRIVING SKILLS/KNOWLEDGE/EXPERIENCE,NOT APPLICABLE,4550,S,PACKERS AVE,924,,,,,,,2,NO INDICATION OF INJURY,0,0,0,0,0,1,0,17,3,7,,,,,
CLEAR,DAYLIGHT,ANGLE,PARKING LOT,,STRAIGHT AND LEVEL,DRY,NO DEFECTS,ON SCENE,NO INJURY / DRIVE AWAY,,,,"OVER $1,500",03/21/2025 17:26,NOT APPLICABLE,NOT APPLICABLE,1040,W,HOLLYWOOD AVE,2022,,,,,,,2,NO INDICATION OF INJURY,0,0,0,0,0,2,0,15,6,3,,,,,
CLOUDY/OVERCAST,DAYLIGHT,PEDESTRIAN,NOT DIVIDED,,STRAIGHT AND LEVEL,DRY,NO DEFECTS,,INJURY AND / OR TOW DUE TO CRASH,,,,"OVER $1,500",03/21/2025 17:28,UNABLE TO DETERMINE,UNABLE TO DETERMINE,3958,W,FERDINAND ST,1122,,,,,,,2,INCAPACITATING INJURY,1,0,1,0,0,1,0,17,6,3,,,,,
CLEAR,DAYLIGHT,PARKED MOTOR VEHICLE,ALLEY,,STRAIGHT AND LEVEL,DRY,NO DEFECTS,NOT ON SCENE (DESK REPORT),NO INJURY / DRIVE AWAY,,,,$500 OR LESS,03/21/2025 17:10,NOT APPLICABLE,NOT APPLICABLE,1159,E,52ND ST,233,Y,,,,,,2,NO INDICATION OF INJURY,0,0,0,0,0,2,0,17,6,3,,,,,
CLEAR,DAYLIGHT,REAR TO FRONT,DIVIDED - W/MEDIAN (NOT RAISED),,STRAIGHT AND LEVEL,DRY,NO DEFECTS,NOT ON SCENE (DESK REPORT),NO INJURY / DRIVE AWAY,,,,"OVER $1,500",03/21/2025 14:10,IMPROPER BACKING,IMPROPER BACKING,2701,N,WESTERN AVE,1432,,,,,,,2,NO INDICATION OF INJURY,0,0,0,0,0,2,0,12,6,3,,,,,
CLEAR,"DARKNESS, LIGHTED ROAD",TURNING,FOUR WAY,,STRAIGHT AND LEVEL,DRY,NO DEFECTS,ON SCENE,NO INJURY / DRIVE AWAY,Y,,,"OVER $1,500",10/27/2025 19:46,UNABLE TO DETERMINE,NOT APPLICABLE,1,W,DIVISION ST,1824,,,,,,,2,NO INDICATION OF INJURY,0,0,0,0,0,2,0,19,2,10,,,,,
CLEAR,DAYLIGHT,FIXED OBJECT,ONE-WAY,,STRAIGHT AND LEVEL,DRY,UNKNOWN,ON SCENE,INJURY AND / OR TOW DUE TO CRASH,,,,$500 OR LESS,06/10/2025 10:45,"OPERATING VEHICLE IN ERRATIC, RECKLESS, CARELESS, NEGLIGENT OR AGGRESSIVE MANNER",NOT APPLICABLE,7041,S,UNION AVE,732,,,,,,,1,NONINCAPACITATING INJURY,2,0,0,2,0,1,0,10,3,6,,,,,
CLEAR,DAYLIGHT,PEDALCYCLIST,FOUR WAY,,STRAIGHT AND LEVEL,DRY,NO DEFECTS,ON SCENE,INJURY AND / OR TOW DUE TO CRASH,Y,,,"$501 - $1,500",06/11/2025 16:23,UNABLE TO DETERMINE,UNABLE TO DETERMINE,4699,N,MARINE DR,1914,,,,,,,2,NONINCAPACITATING INJURY,1,0,0,1,0,1,0,16,4,6,,,,,
CLEAR,DAYLIGHT,TURNING,FOUR WAY,,STRAIGHT AND LEVEL,DRY,UNKNOWN,ON SCENE,INJURY AND / OR TOW DUE TO CRASH,Y,,,"OVER $1,500",06/11/2025 8:34,FAILING TO YIELD RIGHT-OF-WAY,FAILING TO REDUCE SPEED TO AVOID CRASH,300,S,OAKLEY BLVD,1225,,,,,,,2,NONINCAPACITATING INJURY,1,0,0,1,0,3,0,8,4,6,,,,,
CLEAR,DARKNESS,FIXED OBJECT,DIVIDED - W/MEDIAN (NOT RAISED),,STRAIGHT AND LEVEL,DRY,NO DEFECTS,ON SCENE,INJURY AND / OR TOW DUE TO CRASH,,,,"OVER $1,500",06/24/2025 1:49,DISTRACTION - FROM INSIDE VEHICLE,NOT APPLICABLE,319,E,103RD ST,512,,,,,,,1,NONINCAPACITATING INJURY,2,0,0,2,0,0,0,1,3,6,,,,,
CLEAR,DAYLIGHT,SIDESWIPE SAME DIRECTION,T-INTERSECTION,,STRAIGHT AND LEVEL,DRY,NO DEFECTS,ON SCENE,NO INJURY / DRIVE AWAY,,,,"OVER $1,500",10/27/2025 13:17,DISTRACTION - FROM OUTSIDE VEHICLE,DISTRACTION - FROM OUTSIDE VEHICLE,798,E,49TH ST,223,,,,,,,3,NO INDICATION OF INJURY,0,0,0,0,0,2,0,13,2,10,,,,,
UNKNOWN,DAYLIGHT,PARKED MOTOR VEHICLE,NOT DIVIDED,,STRAIGHT AND LEVEL,UNKNOWN,UNKNOWN,NOT ON SCENE (DESK REPORT),NO INJURY / DRIVE AWAY,,,Y,"OVER $1,500",03/30/2025 16:00,UNABLE TO DETERMINE,UNABLE TO DETERMINE,3000,N,KEARSARGE AVE,2523,,,,,,,2,NO INDICATION OF INJURY,0,0,0,0,0,1,0,7,6,3,,,,,
CLEAR,DAYLIGHT,PARKED MOTOR VEHICLE,DIVIDED - W/MEDIAN BARRIER,,STRAIGHT AND LEVEL,DRY,NO DEFECTS,ON SCENE,NO INJURY / DRIVE AWAY,,,,"OVER $1,500",07/15/2025 10:54,UNABLE TO DETERMINE,UNABLE TO DETERMINE,8637,S,ASHLAND AVE,614,,,,,,,2,NO INDICATION OF INJURY,0,0,0,0,0,3,0,10,3,7,,,,,
CLEAR,DAYLIGHT,SIDESWIPE SAME DIRECTION,DIVIDED - W/MEDIAN (NOT RAISED),,STRAIGHT AND LEVEL,DRY,NO DEFECTS,NOT ON SCENE (DESK REPORT),NO INJURY / DRIVE AWAY,,,,"$501 - $1,500",03/21/2025 11:45,IMPROPER OVERTAKING/PASSING,IMPROPER OVERTAKING/PASSING,6400,S,CICERO AVE,813,,,,,,,2,NO INDICATION OF INJURY,0,0,0,0,0,2,0,11,6,3,,,,,
CLEAR,DAYLIGHT,PARKED MOTOR VEHICLE,NOT DIVIDED,,STRAIGHT AND LEVEL,UNKNOWN,UNKNOWN,NOT ON SCENE (DESK REPORT),NO INJURY / DRIVE AWAY,,,Y,"OVER $1,500",06/24/2025 14:20,UNABLE TO DETERMINE,NOT APPLICABLE,4,W,DIVISION ST,1824,,,,,,,2,NO INDICATION OF INJURY,0,0,0,0,0,1,0,13,3,6,,,,,
CLEAR,DAYLIGHT,SIDESWIPE SAME DIRECTION,NOT DIVIDED,,STRAIGHT AND LEVEL,DRY,NO DEFECTS,,NO INJURY / DRIVE AWAY,,,Y,"OVER $1,500",03/21/2025 16:30,IMPROPER OVERTAKING/PASSING,NOT APPLICABLE,123,N,WACKER DR,122,,,,,,,2,NO INDICATION OF INJURY,0,0,0,0,0,2,0,16,6,3,,,,,
CLEAR,DAYLIGHT,REAR END,DIVIDED - W/MEDIAN (NOT RAISED),,STRAIGHT AND LEVEL,DRY,NO DEFECTS,ON SCENE,INJURY AND / OR TOW DUE TO CRASH,,,,"$501 - $1,500",04/10/2025 14:53,FOLLOWING TOO CLOSELY,UNABLE TO DETERMINE,1698,N,CALIFORNIA AVE,1421,,,,,,,2,"REPORTED, NOT EVIDENT",1,0,0,0,1,1,0,14,5,4,,,,,
CLEAR,DAYLIGHT,SIDESWIPE SAME DIRECTION,DIVIDED - W/MEDIAN (NOT RAISED),,STRAIGHT AND LEVEL,DRY,NO DEFECTS,NOT ON SCENE (DESK REPORT),NO INJURY / DRIVE AWAY,,,Y,"OVER $1,500",06/11/2025 20:00,IMPROPER OVERTAKING/PASSING,NOT APPLICABLE,225,E,CHICAGO AVE,1833,,,,,,,2,NO INDICATION OF INJURY,0,0,0,0,0,2,0,17,4,6,,,,,