WEATHER_CONDITION,LIGHTING_CONDITION,FIRST_CRASH_TYPE,TRAFFICWAY_TYPE,LANE_CNT,ALIGNMENT,ROADWAY_SURFACE_COND,ROAD_DEFECT,REPORT_TYPE,CRASH_TYPE,INTERSECTION_RELATED_I,NOT_RIGHT_OF_WAY_I,HIT_AND_RUN_I,DAMAGE,DATE_POLICE_NOTIFIED,PRIM_CONTRIBUTORY_CAUSE,SEC_CONTRIBUTORY_CAUSE,STREET_NO,STREET_DIRECTION,STREET_NAME,BEAT_OF_OCCURRENCE,PHOTOS_TAKEN_I,STATEMENTS_TAKEN_I,DOORING_I,WORK_ZONE_I,WORK_ZONE_TYPE,WORKERS_PRESENT_I,NUM_UNITS,MOST_SEVERE_INJURY,INJURIES_TOTAL,INJURIES_FATAL,INJURIES_INCAPACITATING,INJURIES_NON_INCAPACITATING,INJURIES_REPORTED_NOT_EVIDENT,INJURIES_NO_INDICATION,INJURIES_UNKNOWN,CRASH_HOUR,CRASH_DAY_OF_WEEK,CRASH_MONTH,INJURIES_NO_INDICATION,INJURIES_UNKNOWN,CRASH_HOUR,CRASH_DAY_OF_WEEK,CRASH_MONTH
CLEAR,DAYLIGHT,REAR END,NOT DIVIDED,,STRAIGHT AND LEVEL,DRY,NO DEFECTS,NOT ON SCENE (DESK REPORT),NO INJURY / DRIVE AWAY,,,Y,$500 OR LESS,06/11/2025 16:21,IMPROPER BACKING,UNABLE TO DETERMINE,2563,S,KARLOV AVE,1013,,,,,,,2,NO INDICATION OF INJURY,0,0,0,0,0,2,0,15,4,6,,,,,
CLEAR,DAYLIGHT,SIDESWIPE SAME DIRECTION,NOT DIVIDED,,STRAIGHT AND LEVEL,DRY,NO DEFECTS,NOT ON SCENE (DESK REPORT),NO INJURY / DRIVE AWAY,,,,"OVER $1,500",08/28/2025 19:40,UNABLE TO DETERMINE,UNABLE TO DETERMINE,6440,S,CICERO AVE,813,,,,,,,2,NO INDICATION OF INJURY,0,0,0,0,0,2,0,17,5,8,,,,,
CLEAR,DAYLIGHT,TURNING,DIVIDED - W/MEDIAN (NOT RAISED),,STRAIGHT AND LEVEL,DRY,NO DEFECTS,,NO INJURY / DRIVE AWAY,,,,"OVER $1,500",01/18/2025 14:20,FAILING TO YIELD RIGHT-OF-WAY,UNABLE TO DETERMINE,4818,N,PULASKI RD,1712,,,,,,,2,NO INDICATION OF INJURY,0,0,0,0,0,3,0,14,7,1,,,,,
CLEAR,DUSK,REAR END,NOT DIVIDED,,STRAIGHT AND LEVEL,DRY,NO DEFECTS,NOT ON SCENE (DESK REPORT),NO INJURY / DRIVE AWAY,Y,,,"$501 - $1,500",03/21/2025 22:30,IMPROPER LANE USAGE,UNABLE TO DETERMINE,6832,S,ANTHONY AVE,322,,,,,,,2,NO INDICATION OF INJURY,0,0,0,0,0,2,0,22,6,3,,,,,
UNKNOWN,UNKNOWN,PARKED MOTOR VEHICLE,PARKING LOT,,STRAIGHT AND LEVEL,UNKNOWN,UNKNOWN,NOT ON SCENE (DESK REPORT),NO INJURY / DRIVE AWAY,,,Y,"OVER $1,500",07/15/2025 15:40,IMPROPER OVERTAKING/PASSING,IMPROPER OVERTAKING/PASSING,6623,N,DAMEN AVE,2412,,,,,,,2,NO INDICATION OF INJURY,0,0,0,0,0,1,0,13,3,7,,,,,
CLEAR,"DARKNESS, LIGHTED ROAD",FIXED OBJECT,DIVIDED - W/MEDIAN BARRIER,,STRAIGHT AND LEVEL,DRY,NO DEFECTS,ON SCENE,INJURY AND / OR TOW DUE TO CRASH,,,,"OVER $1,500",10/05/2025 2:26,UNABLE TO DETERMINE,UNABLE TO DETERMINE,10118,S,HALSTED ST,2232,,,,,,,1,NO INDICATION OF INJURY,0,0,0,0,0,2,0,2,1,10,,,,,
CLEAR,DAYLIGHT,FIXED OBJECT,FOUR WAY,,STRAIGHT AND LEVEL,DRY,NO DEFECTS,ON SCENE,NO INJURY / DRIVE AWAY,,,,"OVER $1,500",10/27/2025 11:10,NOT APPLICABLE,NOT APPLICABLE,13799,S,INDIANA AVE,533,,,,,,,2,NO INDICATION OF INJURY,0,0,0,0,0,6,0,10,2,10,,,,,
UNKNOWN,UNKNOWN,SIDESWIPE SAME DIRECTION,NOT DIVIDED,,STRAIGHT AND LEVEL,UNKNOWN,UNKNOWN,NOT ON SCENE (DESK REPORT),NO INJURY / DRIVE AWAY,,,,$500 OR LESS,08/28/2025 9:45,UNABLE TO DETERMINE,NOT APPLICABLE,150,N,STATE ST,111,,,,,,,2,NO INDICATION OF INJURY,0,0,0,0,0,2,0,9,5,8,,,,,
CLEAR,DAYLIGHT,SIDESWIPE SAME DIRECTION,NOT DIVIDED,,STRAIGHT AND LEVEL,DRY,UNKNOWN,NOT ON SCENE (DESK REPORT),NO INJURY / DRIVE AWAY,,,Y,"$501 - $1,500",01/18/2025 8:35,UNABLE TO DETERMINE,UNABLE TO DETERMINE,2142,W,95TH ST,2221,,,,,,,2,NO INDICATION OF INJURY,0,0,0,0,0,2,0,8,7,1,,,,,
CLEAR,DAYLIGHT,SIDESWIPE OPPOSITE DIRECTION,DIVIDED - W/MEDIAN (NOT RAISED),,STRAIGHT AND LEVEL,DRY,NO DEFECTS,ON SCENE,NO INJURY / DRIVE AWAY,,,,"OVER $1,500",10/27/2025 5:42,DRIVING ON WRONG SIDE/WRONG WAY,DRIVING SKILLS/KNOWLEDGE/EXPERIENCE,4710,S,WESTERN AVE,922,,,,,,,3,NO INDICATION OF INJURY,0,0,0,0,0,3,0,5,2,10,,,,,
RAIN,UNKNOWN,REAR END,NOT DIVIDED,,STRAIGHT AND LEVEL,WET,UNKNOWN,,INJURY AND / OR TOW DUE TO CRASH,,,Y,"$501 - $1,500",08/17/2025 11:33,UNABLE TO DETERMINE,NOT APPLICABLE,3101,W,47TH ST,922,,,,,,,2,"REPORTED, NOT EVIDENT",1,0,0,0,1,1,0,3,1,8,,,,,
CLEAR,"DARKNESS, LIGHTED ROAD",ANGLE,PARKING LOT,,STRAIGHT AND LEVEL,UNKNOWN,UNKNOWN,ON SCENE,NO INJURY / DRIVE AWAY,,,,"$501 - $1,500",06/10/2025 20:55,FOLLOWING TOO CLOSELY,UNABLE TO DETERMINE,2922,E,79TH ST,421,,,,,,,2,NO INDICATION OF INJURY,0,0,0,0,0,3,0,20,3,6,,,,,
CLEAR,DAYLIGHT,PARKED MOTOR VEHICLE,ONE-WAY,,STRAIGHT AND LEVEL,DRY,NO DEFECTS,ON SCENE,NO INJURY / DRIVE AWAY,,,N,"$501 - $1,500",06/11/2025 17:43,UNABLE TO DETERMINE,UNABLE TO DETERMINE,10208,S,PERRY AVE,511,,,,,,,2,NO INDICATION OF INJURY,0,0,0,0,0,1,0,17,4,6,,,,,
CLEAR,DAYLIGHT,SIDESWIPE SAME DIRECTION,NOT DIVIDED,,STRAIGHT AND LEVEL,DRY,UNKNOWN,ON SCENE,NO INJURY / DRIVE AWAY,Y,,Y,"$501 - $1,500",06/24/2025 19:40,IMPROPER OVERTAKING/PASSING,IMPROPER OVERTAKING/PASSING,3598,W,MADISON ST,1123,,,,,,,2,NO INDICATION OF INJURY,0,0,0,0,0,2,0,19,3,6,,,,,
CLEAR,DAYLIGHT,REAR TO SIDE,PARKING LOT,,STRAIGHT AND LEVEL,DRY,NO DEFECTS,ON SCENE,NO INJURY / DRIVE AWAY,,,,"OVER $1,500",10/05/2025 15:40,FAILING TO YIELD RIGHT-OF-WAY,DRIVING SKILLS/KNOWLEDGE/EXPERIENCE,3005,N,CLARK ST,1934,,,,,,,2,NO INDICATION OF INJURY,0,0,0,0,0,2,0,15,1,10,,,,,
CLEAR,DAYLIGHT,PEDALCYCLIST,DIVIDED - W/MEDIAN (NOT RAISED),,STRAIGHT AND LEVEL,DRY,NO DEFECTS,ON SCENE,INJURY AND / OR TOW DUE TO CRASH,,,,"OVER $1,500",08/28/2025 19:27,FAILING TO YIELD RIGHT-OF-WAY,NOT APPLICABLE,2302,N,MILWAUKEE AVE,1414,,,,,,,2,NONINCAPACITATING INJURY,1,0,0,1,0,1,0,18,5,8,,,,,
CLEAR,DAYLIGHT,PARKED MOTOR VEHICLE,NOT DIVIDED,,STRAIGHT AND LEVEL,DRY,UNKNOWN,ON SCENE,INJURY AND / OR TOW DUE TO CRASH,,,,"OVER $1,500",10/05/2025 13:20,UNABLE TO DETERMINE,UNABLE TO DETERMINE,8300,S,KEDZIE AVE,834,,,,,,,2,NO INDICATION OF INJURY,0,0,0,0,0,2,0,13,1,10,,,,,
CLEAR,DAYLIGHT,TURNING,PARKING LOT,,STRAIGHT AND LEVEL,DRY,UNKNOWN,NOT ON SCENE (DESK REPORT),NO INJURY / DRIVE AWAY,,,,"$501 - $1,500",03/21/2025 14:00,FOLLOWING TOO CLOSELY,NOT APPLICABLE,1300,S,CLINTON ST,124,,,,,,,2,NO INDICATION OF INJURY,0,0,0,0,0,3,0,13,6,3,,,,,
CLEAR,DAYLIGHT,REAR TO FRONT,PARKING LOT,,STRAIGHT AND LEVEL,DRY,UNKNOWN,ON SCENE,NO INJURY / DRIVE AWAY,,Y,,"$501 - $1,500",08/28/2025 12:47,UNABLE TO DETERMINE,UNABLE TO DETERMINE,4301,W,ARMITAGE AVE,2534,,,,,,,2,NO INDICATION OF INJURY,0,0,0,0,0,3,0,12,5,8,,,,,
UNKNOWN,DAYLIGHT,SIDESWIPE SAME DIRECTION,OTHER,,STRAIGHT AND LEVEL,UNKNOWN,UNKNOWN,NOT ON SCENE (DESK REPORT),NO INJURY / DRIVE AWAY,,,Y,"$501 - $1,500",04/11/2025 16:15,UNABLE TO DETERMINE,NOT APPLICABLE,1730,W,95TH ST,2221,,,,,,,2,NO INDICATION OF INJURY,0,0,0,0,0,2,0,15,5,4,,,,,
CLEAR,"DARKNESS, LIGHTED ROAD",PEDESTRIAN,DIVIDED - W/MEDIAN (NOT RAISED),,STRAIGHT AND LEVEL,DRY,UNKNOWN,ON SCENE,INJURY AND / OR TOW DUE TO CRASH,,,,$500 OR LESS,03/21/2025 22:52,IMPROPER OVERTAKING/PASSING,UNABLE TO DETERMINE,2327,N,MILWAUKEE AVE,1414,,,,,,,2,INCAPACITATING INJURY,1,0,1,0,0,1,0,22,6,3,,,,,
CLEAR,DAYLIGHT,TURNING,DIVIDED - W/MEDIAN (NOT RAISED),,STRAIGHT AND LEVEL,DRY,UNKNOWN,NOT ON SCENE (DESK REPORT),NO INJURY / DRIVE AWAY,,,,"OVER $1,500",01/18/2025 13:30,UNABLE TO DETERMINE,NOT APPLICABLE,2800,N,CICERO AVE,2521,,,,,,,2,NO INDICATION OF INJURY,0,0,0,0,0,3,0,13,7,1,,,,,
CLEAR,DAYLIGHT,ANGLE,FOUR WAY,,STRAIGHT AND LEVEL,DRY,NO DEFECTS,NOT ON SCENE (DESK REPORT),NO INJURY / DRIVE AWAY,,,,$500 OR LESS,06/11/2025 9:00,FAILING TO YIELD RIGHT-OF-WAY,FAILING TO REDUCE SPEED TO AVOID CRASH,1501,N,KOSTNER AVE,2534,,,,,,,2,NO INDICATION OF INJURY,0,0,0,0,0,2,0,8,4,6,,,,,
UNKNOWN,UNKNOWN,ANGLE,FOUR WAY,,STRAIGHT AND LEVEL,UNKNOWN,UNKNOWN,NOT ON SCENE (DESK REPORT),NO INJURY / DRIVE AWAY,Y,,Y,"OVER $1,500",06/11/2025 19:00,UNABLE TO DETERMINE,NOT APPLICABLE,1000,N,HOMAN AVE,1121,,,,,,,2,NO INDICATION OF INJURY,0,0,0,0,0,2,0,17,4,6,,,,,
UNKNOWN,DAYLIGHT,SIDESWIPE SAME DIRECTION,DIVIDED - W/MEDIAN (NOT RAISED),,STRAIGHT AND LEVEL,UNKNOWN,UNKNOWN,NOT ON SCENE (DESK REPORT),NO INJURY / DRIVE AWAY,,,,"OVER $1,500",10/05/2025 16:34,UNABLE TO DETERMINE,NOT APPLICABLE,5401,W,LAKE ST,1523,,,,,,,2,NO INDICATION OF INJURY,0,0,0,0,0,4,0,15,1,10,,,,,
CLEAR,DAYLIGHT,PARKED MOTOR VEHICLE,NOT DIVIDED,,STRAIGHT AND LEVEL,DRY,NO DEFECTS,NOT ON SCENE (DESK REPORT),NO INJURY / DRIVE AWAY,,,,$500 OR LESS,07/15/2025 13:32,DRIVING SKILLS/KNOWLEDGE/EXPERIENCE,NOT APPLICABLE,728,N,MORGAN ST,1214,,,,,,,2,NO INDICATION OF INJURY,0,0,0,0,0,1,0,11,3,7,,,,,
CLEAR,DUSK,PARKED MOTOR VEHICLE,PARKING LOT,,STRAIGHT AND LEVEL,DRY,NO DEFECTS,NOT ON SCENE (DESK REPORT),NO INJURY / DRIVE AWAY,,N,,"$501 - $1,500",03/21/2025 21:00,DRIVING SKILLS/KNOWLEDGE/EXPERIENCE,UNABLE TO DETERMINE,2133,S,WENTWORTH AVE,914,,,,,,,2,NO INDICATION OF INJURY,0,0,0,0,0,5,0,18,6,3,,,,,
CLEAR,DAYLIGHT,PARKED MOTOR VEHICLE,NOT DIVIDED,,STRAIGHT AND LEVEL,DRY,NO DEFECTS,NOT ON SCENE (DESK REPORT),NO INJURY / DRIVE AWAY,,,Y,"$501 - $1,500",06/24/2025 20:30,UNABLE TO DETERMINE,NOT APPLICABLE,6336,W,GUNNISON ST,1622,,,,,,,2,NO INDICATION OF INJURY,0,0,0,0,0,1,0,18,3,6,,,,,
CLEAR,"DARKNESS, LIGHTED ROAD",PARKED MOTOR VEHICLE,NOT DIVIDED,,STRAIGHT AND LEVEL,DRY,NO DEFECTS,,INJURY AND / OR TOW DUE TO CRASH,,,Y,"OVER $1,500",01/18/2025 23:49,UNABLE TO DETERMINE,UNABLE TO DETERMINE,4771,W,SHAKESPEARE AVE,2522,,,,,,,2,NO INDICATION OF INJURY,0,0,0,0,0,1,0,22,7,1,,,,,
CLEAR,DAYLIGHT,REAR END,NOT DIVIDED,,STRAIGHT AND LEVEL,DRY,NO DEFECTS,NOT ON SCENE (DESK REPORT),NO INJURY / DRIVE AWAY,,,,"$501 - $1,500",08/05/2025 19:00,FOLLOWING TOO CLOSELY,NOT APPLICABLE,833,W,LAWRENCE AVE,1914,,,,,,,2,NO INDICATION OF INJURY,0,0,0,0,0,2,0,18,3,8,,,,,
CLEAR,DAYLIGHT,TURNING,NOT DIVIDED,,STRAIGHT AND LEVEL,DRY,NO DEFECTS,NOT ON SCENE (DESK REPORT),NO INJURY / DRIVE AWAY,,,,"OVER $1,500",01/18/2025 18:20,FAILING TO YIELD RIGHT-OF-WAY,NOT APPLICABLE,870,W,NORTH AVE,1813,Y,Y,,,,,2,NO INDICATION OF INJURY,0,0,0,0,0,2,0,14,7,1,,,,,
CLEAR,DAYLIGHT,HEAD ON,NOT DIVIDED,,STRAIGHT AND LEVEL,DRY,NO DEFECTS,NOT ON SCENE (DESK REPORT),NO INJURY / DRIVE AWAY,,,,"$501 - $1,500",01/19/2025 8:00,IMPROPER LANE USAGE,NOT APPLICABLE,435,W,GRAND AVE,1831,,,,,,,2,NO INDICATION OF INJURY,0,0,0,0,0,2,0,11,7,1,,,,,
CLEAR,DAYLIGHT,SIDESWIPE SAME DIRECTION,DIVIDED - W/MEDIAN BARRIER,,STRAIGHT AND LEVEL,DRY,NO DEFECTS,ON SCENE,NO INJURY / DRIVE AWAY,,,Y,"OVER $1,500",06/11/2025 11:00,"OPERATING VEHICLE IN ERRATIC, RECKLESS, CARELESS, NEGLIGENT OR AGGRESSIVE MANNER",DRIVING SKILLS/KNOWLEDGE/EXPERIENCE,1600,E,79TH ST,411,,,,,,,2,NO INDICATION OF INJURY,0,0,0,0,0,2,0,10,4,6,,,,,
CLEAR,DAYLIGHT,REAR END,NOT DIVIDED,,STRAIGHT AND LEVEL,DRY,NO DEFECTS,NOT ON SCENE (DESK REPORT),NO INJURY / DRIVE AWAY,,,,"OVER $1,500",06/11/2025 15:15,FOLLOWING TOO CLOSELY,NOT APPLICABLE,1864,S,PULASKI RD,1012,,,,,,,3,NO INDICATION OF INJURY,0,0,0,0,0,3,0,14,4,6,,,,,
CLEAR,DAYLIGHT,PARKED MOTOR VEHICLE,UNKNOWN,,STRAIGHT AND LEVEL,UNKNOWN,UNKNOWN,NOT ON SCENE (DESK REPORT),NO INJURY / DRIVE AWAY,,,Y,"OVER $1,500",07/15/2025 13:32,UNABLE TO DETERMINE,NOT APPLICABLE,5319,N,BELL AVE,2012,,,,,,,2,NO INDICATION OF INJURY,0,0,0,0,0,2,0,12,3,7,,,,,
CLEAR,DAYLIGHT,TURNING,T-INTERSECTION,,STRAIGHT AND LEVEL,DRY,NO DEFECTS,,NO INJURY / DRIVE AWAY,Y,,,"OVER $1,500",03/21/2025 12:30,UNABLE TO DETERMINE,UNABLE TO DETERMINE,6725,W,BELMONT AVE,2511,,,,,,,2,NO INDICATION OF INJURY,0,0,0,0,0,2,0,12,6,3,,,,,
CLEAR,DAYLIGHT,TURNING,NOT DIVIDED,,STRAIGHT AND LEVEL,DRY,NO DEFECTS,ON SCENE,INJURY AND / OR TOW DUE TO CRASH,,,Y,"OVER $1,500",06/24/2025 17:38,DRIVING ON WRONG SIDE/WRONG WAY,UNABLE TO DETERMINE,2816,S,KEDZIE AVE,1032,,,,,,,2,INCAPACITATING INJURY,1,0,1,0,0,1,0,17,3,6,,,,,
CLEAR,DUSK,REAR END,NOT DIVIDED,,STRAIGHT AND LEVEL,DRY,SHOULDER DEFECT,ON SCENE,INJURY AND / OR TOW DUE TO CRASH,,,Y,"$501 - $1,500",03/21/2025 18:14,FOLLOWING TOO CLOSELY,FOLLOWING TOO CLOSELY,6389,N,LEHIGH AVE,1621,,,,,,,2,"REPORTED, NOT EVIDENT",1,0,0,0,1,2,0,18,6,3,,,,,
CLEAR,DAYLIGHT,SIDESWIPE SAME DIRECTION,NOT DIVIDED,,STRAIGHT AND LEVEL,DRY,NO DEFECTS,ON SCENE,NO INJURY / DRIVE AWAY,,,,"OVER $1,500",03/21/2025 13:07,IMPROPER OVERTAKING/PASSING,UNABLE TO DETERMINE,5000,S,KEDZIE AVE,821,,,,,,,3,NO INDICATION OF INJURY,0,0,0,0,0,3,0,13,6,3,,,,,
CLEAR,DAYLIGHT,REAR TO SIDE,PARKING LOT,,STRAIGHT AND LEVEL,DRY,NO DEFECTS,NOT ON SCENE (DESK REPORT),NO INJURY / DRIVE AWAY,,Y,,"OVER $1,500",01/18/2025 14:20,UNABLE TO DETERMINE,NOT APPLICABLE,1300,E,47TH ST,222,,,,,,,2,NO INDICATION OF INJURY,0,0,0,0,0,2,0,14,7,1,,,,,
UNKNOWN,UNKNOWN,PARKED MOTOR VEHICLE,ONE-WAY,,STRAIGHT AND LEVEL,UNKNOWN,NO DEFECTS,ON SCENE,NO INJURY / DRIVE AWAY,,,Y,"OVER $1,500",03/22/2025 9:48,UNABLE TO DETERMINE,UNABLE TO DETERMINE,1417,W,100TH PL,2213,,,,,,,2,NO INDICATION OF INJURY,0,0,0,0,0,1,0,23,6,3,,,,,
CLEAR,DAYLIGHT,PARKED MOTOR VEHICLE,PARKING LOT,,STRAIGHT AND LEVEL,DRY,NO DEFECTS,ON SCENE,NO INJURY / DRIVE AWAY,,,Y,"$501 - $1,500",03/21/2025 10:44,UNABLE TO DETERMINE,UNABLE TO DETERMINE,2533,W,CERMAK RD,1034,,,,,,,2,NO INDICATION OF INJURY,0,0,0,0,0,1,0,10,6,3,,,,,
CLEAR,"DARKNESS, LIGHTED ROAD",ANGLE,NOT DIVIDED,,STRAIGHT AND LEVEL,DRY,NO DEFECTS,NOT ON SCENE (DESK REPORT),NO INJURY / DRIVE AWAY,,,,"$501 - $1,500",06/11/2025 9:45,NOT APPLICABLE,NOT APPLICABLE,1000,W,IRVING PARK RD,1915,,,,,,,2,NO INDICATION OF INJURY,0,0,0,0,0,2,0,19,3,6,,,,,
CLEAR,DAYLIGHT,SIDESWIPE OPPOSITE DIRECTION,PARKING LOT,,STRAIGHT AND LEVEL,DRY,NO DEFECTS,ON SCENE,NO INJURY / DRIVE AWAY,,,Y,"$501 - $1,500",06/11/2025 11:45,IMPROPER BACKING,DRIVING SKILLS/KNOWLEDGE/EXPERIENCE,1250,W,119TH ST,524,,N,,,,,2,NO INDICATION OF INJURY,0,0,0,0,0,3,0,11,4,6,,,,,
CLEAR,DAYLIGHT,ANGLE,NOT DIVIDED,,STRAIGHT AND LEVEL,DRY,NO DEFECTS,ON SCENE,NO INJURY / DRIVE AWAY,Y,,,"OVER $1,500",06/11/2025 19:10,UNABLE TO DETERMINE,NOT APPLICABLE,2400,W,47TH ST,922,,,,,,,2,NO INDICATION OF INJURY,0,0,0,0,0,2,0,19,4,6,,,,,
CLEAR,DAYLIGHT,PARKED MOTOR VEHICLE,NOT DIVIDED,,STRAIGHT AND LEVEL,DRY,NO DEFECTS,ON SCENE,INJURY AND / OR TOW DUE TO CRASH,,,,"OVER $1,500",03/21/2025 8:17,DISTRACTION - FROM INSIDE VEHICLE,NOT APPLICABLE,7600,S,EGGLESTON AVE,621,,,,,,,2,NO INDICATION OF INJURY,0,0,0,0,0,1,0,8,6,3,,,,,
CLEAR,DARKNESS,FIXED OBJECT,FOUR WAY,,STRAIGHT AND LEVEL,DRY,NO DEFECTS,NOT ON SCENE (DESK REPORT),NO INJURY / DRIVE AWAY,,,,"OVER $1,500",07/16/2025 14:10,IMPROPER TURNING/NO SIGNAL,NOT APPLICABLE,1505,W,SHERWIN AVE,2423,,,,,,,1,NO INDICATION OF INJURY,0,0,0,0,0,1,0,21,3,7,,,,,
CLOUDY/OVERCAST,DAYLIGHT,FIXED OBJECT,ALLEY,,STRAIGHT AND LEVEL,DRY,NO DEFECTS,ON SCENE,NO INJURY / DRIVE AWAY,,Y,Y,"OVER $1,500",02/07/2024 11:15,UNABLE TO DETERMINE,NOT APPLICABLE,2859,S,THROOP ST,913,,,,,,,1,NO INDICATION OF INJURY,0,0,0,0,0,1,0,9,4,2,,,,,
CLEAR,DAYLIGHT,PEDESTRIAN,NOT DIVIDED,,STRAIGHT AND LEVEL,DRY,NO DEFECTS,NOT ON SCENE (DESK REPORT),INJURY AND / OR TOW DUE TO CRASH,,,,"OVER $1,500",08/28/2025 15:30,UNABLE TO DETERMINE,NOT APPLICABLE,1798,W,18TH ST,1234,,,,,,,2,"REPORTED, NOT EVIDENT",1,0,0,0,1,1,0,12,5,8,,,,,
CLEAR,"DARKNESS, LIGHTED ROAD",REAR END,DIVIDED - W/MEDIAN (NOT RAISED),,STRAIGHT AND LEVEL,DRY,NO DEFECTS,NOT ON SCENE (DESK REPORT),NO INJURY / DRIVE AWAY,,,,"OVER $1,500",04/10/2025 23:00,FOLLOWING TOO CLOSELY,UNABLE TO DETERMINE,955,N,WESTERN AVE,1212,,,,,,,2,NO INDICATION OF INJURY,0,0,0,0,0,2,0,21,5,4,,,,,
CLEAR,DAYLIGHT,SIDESWIPE SAME DIRECTION,DIVIDED - W/MEDIAN BARRIER,,STRAIGHT AND LEVEL,DRY,NO DEFECTS,NOT ON SCENE (DESK REPORT),NO INJURY / DRIVE AWAY,,,,"OVER $1,500",08/28/2025 16:45,UNABLE TO DETERMINE,UNABLE TO DETERMINE,4620,S,ASHLAND AVE,924,,,,,,,2,NO INDICATION OF INJURY,0,0,0,0,0,2,0,16,5,8,,,,,
CLEAR,DAYLIGHT,REAR END,"FIVE POINT, OR MORE",,STRAIGHT AND LEVEL,DRY,NO DEFECTS,ON SCENE,INJURY AND / OR TOW DUE TO CRASH,,,,"OVER $1,500",08/05/2025 12:36,UNABLE TO DETERMINE,FOLLOWING TOO CLOSELY,7901,S,STONY ISLAND AVE,411,,,,,,,3,NONINCAPACITATING INJURY,5,0,0,3,2,0,0,12,3,8,,,,,
CLEAR,DAYLIGHT,SIDESWIPE SAME DIRECTION,DIVIDED - W/MEDIAN (NOT RAISED),,STRAIGHT AND LEVEL,DRY,NO DEFECTS,NOT ON SCENE (DESK REPORT),NO INJURY / DRIVE AWAY,,,,"OVER $1,500",01/18/2025 12:20,IMPROPER OVERTAKING/PASSING,UNABLE TO DETERMINE,6108,N,WESTERN AVE,2413,,,,,,,2,NO INDICATION OF INJURY,0,0,0,0,0,2,0,12,7,1,,,,,
CLEAR,DAYLIGHT,REAR END,NOT DIVIDED,,STRAIGHT AND LEVEL,DRY,NO DEFECTS,ON SCENE,NO INJURY / DRIVE AWAY,Y,,Y,"OVER $1,500",03/21/2025 7:40,UNABLE TO DETERMINE,UNABLE TO DETERMINE,1250,N,HUMBOLDT DR,1423,,,,,,,3,NO INDICATION OF INJURY,0,0,0,0,0,4,0,7,6,3,,,,,
CLEAR,DAYLIGHT,PARKED MOTOR VEHICLE,PARKING LOT,,STRAIGHT AND LEVEL,DRY,NO DEFECTS,NOT ON SCENE (DESK REPORT),NO INJURY / DRIVE AWAY,,Y,Y,"OVER $1,500",04/10/2025 17:30,UNABLE TO DETERMINE,UNABLE TO DETERMINE,6866,S,ST LAWRENCE AVE,321,,,,,,,2,NO INDICATION OF INJURY,0,0,0,0,0,2,0,17,5,4,,,,,
CLEAR,DAYLIGHT,REAR END,DIVIDED - W/MEDIAN (NOT RAISED),,STRAIGHT AND LEVEL,DRY,NO DEFECTS,ON SCENE,INJURY AND / OR TOW DUE TO CRASH,,,,"OVER $1,500",06/11/2025 18:19,UNABLE TO DETERMINE,UNABLE TO DETERMINE,765,W,69TH ST,732,,,,,,,3,"REPORTED, NOT EVIDENT",1,0,0,0,1,2,0,18,4,6,,,,,
CLEAR,DAYLIGHT,PEDALCYCLIST,FOUR WAY,,STRAIGHT AND LEVEL,DRY,NO DEFECTS,NOT ON SCENE (DESK REPORT),INJURY AND / OR TOW DUE TO CRASH,Y,,,$500 OR LESS,03/21/2025 16:41,UNABLE TO DETERMINE,UNABLE TO DETERMINE,700,N,FAIRBANKS CT,1834,Y,,,,,,2,"REPORTED, NOT EVIDENT",1,0,0,0,1,1,0,7,6,3,,,,,
CLEAR,DUSK,REAR END,DIVIDED - W/MEDIAN (NOT RAISED),,STRAIGHT AND LEVEL,DRY,NO DEFECTS,ON SCENE,INJURY AND / OR TOW DUE TO CRASH,,,,"OVER $1,500",08/05/2025 19:42,FAILING TO REDUCE SPEED TO AVOID CRASH,UNABLE TO DETERMINE,6244,S,CICERO AVE,813,,,,,,,2,NONINCAPACITATING INJURY,1,0,0,1,0,2,0,19,3,8,,,,,
UNKNOWN,UNKNOWN,SIDESWIPE SAME DIRECTION,FOUR WAY,,STRAIGHT AND LEVEL,UNKNOWN,UNKNOWN,NOT ON SCENE (DESK REPORT),NO INJURY / DRIVE AWAY,,,,"OVER $1,500",03/21/2025 15:33,DRIVING SKILLS/KNOWLEDGE/EXPERIENCE,DRIVING SKILLS/KNOWLEDGE/EXPERIENCE,6403,W,GREGORY ST,1613,,,,,,,2,NO INDICATION OF INJURY,0,0,0,0,0,2,0,5,6,3,,,,,
CLOUDY/OVERCAST,DAYLIGHT,REAR END,DIVIDED - W/MEDIAN (NOT RAISED),,STRAIGHT AND LEVEL,DRY,NO DEFECTS,NOT ON SCENE (DESK REPORT),INJURY AND / OR TOW DUE TO CRASH,,,,"OVER $1,500",06/24/2025 16:00,FAILING TO REDUCE SPEED TO AVOID CRASH,FOLLOWING TOO CLOSELY,3301,W,LAWRENCE AVE,1713,,,,,,,2,"REPORTED, NOT EVIDENT",1,0,0,0,1,2,0,15,3,6,,,,,