WEATHER_CONDITION,LIGHTING_CONDITION,FIRST_CRASH_TYPE,TRAFFICWAY_TYPE,LANE_CNT,ALIGNMENT,ROADWAY_SURFACE_COND,ROAD_DEFECT,REPORT_TYPE,CRASH_TYPE,INTERSECTION_RELATED_I,NOT_RIGHT_OF_WAY_I,HIT_AND_RUN_I,DAMAGE,DATE_POLICE_NOTIFIED,PRIM_CONTRIBUTORY_CAUSE,SEC_CONTRIBUTORY_CAUSE,STREET_NO,STREET_DIRECTION,STREET_NAME,BEAT_OF_OCCURRENCE,PHOTOS_TAKEN_I,STATEMENTS_TAKEN_I,DOORING_I,WORK_ZONE_I,WORK_ZONE_TYPE,WORKERS_PRESENT_I,NUM_UNITS,MOST_SEVERE_INJURY,INJURIES_TOTAL,INJURIES_FATAL,INJURIES_INCAPACITATING,INJURIES_NON_INCAPACITATING,INJURIES_REPORTED_NOT_EVIDENT,INJURIES_NO_INDICATION,INJURIES_UNKNOWN,CRASH_HOUR,CRASH_DAY_OF_WEEK,CRASH_MONTH,INJURIES_NO_INDICATION,INJURIES_UNKNOWN,CRASH_HOUR,CRASH_DAY_OF_WEEK,CRASH_MONTH
CLEAR,DARKNESS,FIXED OBJECT,PARKING LOT,,STRAIGHT AND LEVEL,UNKNOWN,NO DEFECTS,NOT ON SCENE (DESK REPORT),NO INJURY / DRIVE AWAY,,Y,Y,$500 OR LESS,01/18/2025 9:41,IMPROPER BACKING,NOT APPLICABLE,1457,N,HALSTED ST,1822,,,,,,,1,NO INDICATION OF INJURY,0,0,0,0,0,1,0,2,7,1,,,,,
UNKNOWN,DARKNESS,PARKED MOTOR VEHICLE,ONE-WAY,,STRAIGHT AND LEVEL,UNKNOWN,UNKNOWN,ON SCENE,NO INJURY / DRIVE AWAY,,,Y,"$501 - $1,500",04/10/2025 8:18,UNABLE TO DETERMINE,NOT APPLICABLE,6020,S,VERNON AVE,313,,,,,,,2,NO INDICATION OF INJURY,0,0,0,0,0,1,0,7,5,4,,,,,
CLEAR,DAYLIGHT,REAR END,ONE-WAY,,STRAIGHT AND LEVEL,DRY,NO DEFECTS,ON SCENE,INJURY AND / OR TOW DUE TO CRASH,,,,"OVER $1,500",08/28/2025 17:08,UNABLE TO DETERMINE,NOT APPLICABLE,7058,S,CLYDE AVE,331,,,,,,,2,"REPORTED, NOT EVIDENT",1,0,0,0,1,2,0,17,5,8,,,,,
CLEAR,"DARKNESS, LIGHTED ROAD",HEAD ON,UNKNOWN,,STRAIGHT AND LEVEL,DRY,NO DEFECTS,NOT ON SCENE (DESK REPORT),NO INJURY / DRIVE AWAY,,,,"OVER $1,500",06/11/2025 11:30,UNABLE TO DETERMINE,UNABLE TO DETERMINE,356,E,83RD ST,631,,,,,,,2,NO INDICATION OF INJURY,0,0,0,0,0,2,0,20,2,6,,,,,
CLEAR,DAYLIGHT,REAR END,NOT DIVIDED,,STRAIGHT AND LEVEL,DRY,NO DEFECTS,NOT ON SCENE (DESK REPORT),NO INJURY / DRIVE AWAY,,,,"OVER $1,500",06/11/2025 19:48,FOLLOWING TOO CLOSELY,NOT APPLICABLE,2107,N,CICERO AVE,2522,,,,,,,2,NO INDICATION OF INJURY,0,0,0,0,0,2,0,16,3,6,,,,,
CLEAR,DAYLIGHT,TURNING,NOT DIVIDED,,STRAIGHT AND LEVEL,DRY,NO DEFECTS,ON SCENE,NO INJURY / DRIVE AWAY,,,,"OVER $1,500",06/11/2025 8:44,UNABLE TO DETERMINE,UNABLE TO DETERMINE,4038,W,31ST ST,1031,,Y,,,,,2,NO INDICATION OF INJURY,0,0,0,0,0,2,0,8,4,6,,,,,
CLEAR,DAYLIGHT,PEDALCYCLIST,NOT DIVIDED,,STRAIGHT AND LEVEL,DRY,NO DEFECTS,,INJURY AND / OR TOW DUE TO CRASH,,,Y,"OVER $1,500",07/20/2023 18:07,UNABLE TO DETERMINE,UNABLE TO DETERMINE,1114,W,CATALPA AVE,2023,,,,,,,2,NONINCAPACITATING INJURY,1,0,0,1,0,0,0,17,6,7,,,,,
CLEAR,DAYLIGHT,SIDESWIPE SAME DIRECTION,NOT DIVIDED,,STRAIGHT AND LEVEL,DRY,NO DEFECTS,NOT ON SCENE (DESK REPORT),NO INJURY / DRIVE AWAY,,,Y,"OVER $1,500",03/21/2025 17:00,"OPERATING VEHICLE IN ERRATIC, RECKLESS, CARELESS, NEGLIGENT OR AGGRESSIVE MANNER",NOT APPLICABLE,5900,S,PULASKI RD,813,,,,,,,2,NO INDICATION OF INJURY,0,0,0,0,0,2,0,16,6,3,,,,,
CLEAR,DAYLIGHT,REAR END,NOT DIVIDED,,STRAIGHT AND LEVEL,DRY,NO DEFECTS,ON SCENE,NO INJURY / DRIVE AWAY,,,,"OVER $1,500",08/28/2025 8:40,FAILING TO REDUCE SPEED TO AVOID CRASH,FAILING TO REDUCE SPEED TO AVOID CRASH,5706,N,CLARK ST,2012,,,,,,,3,NO INDICATION OF INJURY,0,0,0,0,0,3,0,8,5,8,,,,,
CLEAR,DAYLIGHT,TURNING,PARKING LOT,,STRAIGHT AND LEVEL,DRY,NO DEFECTS,ON SCENE,NO INJURY / DRIVE AWAY,,,Y,"OVER $1,500",03/21/2025 16:36,IMPROPER BACKING,NOT APPLICABLE,336,E,95TH ST,633,,,,,,,2,NO INDICATION OF INJURY,0,0,0,0,0,2,0,16,6,3,,,,,
CLEAR,DAYLIGHT,PARKED MOTOR VEHICLE,PARKING LOT,,STRAIGHT AND LEVEL,DRY,NO DEFECTS,ON SCENE,NO INJURY / DRIVE AWAY,,N,Y,"OVER $1,500",01/18/2025 10:46,FAILING TO REDUCE SPEED TO AVOID CRASH,NOT APPLICABLE,410,E,BOWEN AVE,214,,,,,,,2,NO INDICATION OF INJURY,0,0,0,0,0,1,0,10,7,1,,,,,
CLEAR,DAYLIGHT,TURNING,FOUR WAY,,STRAIGHT AND LEVEL,DRY,NO DEFECTS,ON SCENE,NO INJURY / DRIVE AWAY,,,,"OVER $1,500",04/10/2025 14:43,UNABLE TO DETERMINE,UNABLE TO DETERMINE,5201,W,GRAND AVE,2515,,,,,,,2,NO INDICATION OF INJURY,0,0,0,0,0,10,0,14,5,4,,,,,
CLEAR,DAYLIGHT,TURNING,FOUR WAY,,STRAIGHT AND LEVEL,DRY,NO DEFECTS,ON SCENE,INJURY AND / OR TOW DUE TO CRASH,Y,,,"OVER $1,500",06/24/2025 14:59,FAILING TO YIELD RIGHT-OF-WAY,NOT APPLICABLE,4300,W,ROOSEVELT RD,1131,,,,,,,2,INCAPACITATING INJURY,2,0,1,0,1,0,0,14,3,6,,,,,
CLEAR,DARKNESS,PEDESTRIAN,FOUR WAY,,STRAIGHT AND LEVEL,DRY,NO DEFECTS,ON SCENE,INJURY AND / OR TOW DUE TO CRASH,Y,,Y,$500 OR LESS,01/18/2025 17:25,FAILING TO YIELD RIGHT-OF-WAY,NOT APPLICABLE,300,W,ERIE ST,1831,,,,,,,2,NONINCAPACITATING INJURY,1,0,0,1,0,1,0,17,7,1,,,,,
UNKNOWN,UNKNOWN,PEDALCYCLIST,FOUR WAY,,STRAIGHT AND LEVEL,UNKNOWN,UNKNOWN,NOT ON SCENE (DESK REPORT),INJURY AND / OR TOW DUE TO CRASH,Y,,,$500 OR LESS,06/09/2025 16:20,UNABLE TO DETERMINE,UNABLE TO DETERMINE,602,N,MILWAUKEE AVE,1214,,,,,,,2,NONINCAPACITATING INJURY,1,0,0,1,0,1,0,8,2,6,,,,,
CLEAR,DAYLIGHT,SIDESWIPE SAME DIRECTION,NOT DIVIDED,,STRAIGHT AND LEVEL,DRY,NO DEFECTS,NOT ON SCENE (DESK REPORT),NO INJURY / DRIVE AWAY,,,,"OVER $1,500",06/10/2025 11:15,UNABLE TO DETERMINE,NOT APPLICABLE,1720,W,81ST ST,611,,,,,,,2,NO INDICATION OF INJURY,0,0,0,0,0,2,0,10,3,6,,,,,
UNKNOWN,UNKNOWN,REAR END,UNKNOWN INTERSECTION TYPE,,STRAIGHT AND LEVEL,UNKNOWN,UNKNOWN,NOT ON SCENE (DESK REPORT),NO INJURY / DRIVE AWAY,Y,,,"$501 - $1,500",06/11/2025 11:40,UNABLE TO DETERMINE,NOT APPLICABLE,9500,S,STONY ISLAND AVE,511,,,,,,,2,NO INDICATION OF INJURY,0,0,0,0,0,2,0,0,4,6,,,,,
CLEAR,DAYLIGHT,REAR END,NOT DIVIDED,,STRAIGHT AND LEVEL,DRY,NO DEFECTS,NOT ON SCENE (DESK REPORT),NO INJURY / DRIVE AWAY,Y,,,"OVER $1,500",03/21/2025 15:55,IMPROPER OVERTAKING/PASSING,NOT APPLICABLE,2099,W,DIVERSEY PKWY,1931,,,,,,,2,NO INDICATION OF INJURY,0,0,0,0,0,2,0,15,6,3,,,,,
CLEAR,DAYLIGHT,TURNING,T-INTERSECTION,,STRAIGHT AND LEVEL,DRY,NO DEFECTS,ON SCENE,INJURY AND / OR TOW DUE TO CRASH,Y,,,"OVER $1,500",06/24/2025 16:15,IMPROPER TURNING/NO SIGNAL,NOT APPLICABLE,3298,S,LOWE AVE,915,,,,,,,2,NO INDICATION OF INJURY,0,0,0,0,0,2,0,16,3,6,,,,,
CLEAR,DARKNESS,PEDESTRIAN,FOUR WAY,,STRAIGHT AND LEVEL,DRY,UNKNOWN,ON SCENE,INJURY AND / OR TOW DUE TO CRASH,Y,,Y,"OVER $1,500",08/28/2025 20:07,UNABLE TO DETERMINE,UNABLE TO DETERMINE,7358,S,HALSTED ST,733,,,,,,,2,NONINCAPACITATING INJURY,1,0,0,1,0,1,0,20,5,8,,,,,
CLEAR,DAYLIGHT,REAR END,NOT DIVIDED,,STRAIGHT AND LEVEL,DRY,NO DEFECTS,ON SCENE,INJURY AND / OR TOW DUE TO CRASH,,,,"OVER $1,500",01/18/2025 13:32,FOLLOWING TOO CLOSELY,NOT APPLICABLE,248,E,130TH ST,533,,,,,,,2,NO INDICATION OF INJURY,0,0,0,0,0,2,0,13,7,1,,,,,
CLEAR,DARKNESS,REAR END,NOT DIVIDED,,STRAIGHT AND LEVEL,DRY,NO DEFECTS,NOT ON SCENE (DESK REPORT),NO INJURY / DRIVE AWAY,,,Y,"OVER $1,500",03/21/2025 4:24,NOT APPLICABLE,NOT APPLICABLE,900,N,MICHIGAN AVE,1833,,,,,,,2,NO INDICATION OF INJURY,0,0,0,0,0,2,0,3,6,3,,,,,
CLEAR,DAYLIGHT,PARKED MOTOR VEHICLE,NOT DIVIDED,,STRAIGHT AND LEVEL,DRY,NO DEFECTS,NOT ON SCENE (DESK REPORT),NO INJURY / DRIVE AWAY,,,Y,"$501 - $1,500",01/18/2025 21:20,NOT APPLICABLE,NOT APPLICABLE,4244,W,WRIGHTWOOD AVE,2524,,,,,,,2,NO INDICATION OF INJURY,0,0,0,0,0,1,0,17,7,1,,,,,
CLEAR,UNKNOWN,PARKED MOTOR VEHICLE,ONE-WAY,,STRAIGHT AND LEVEL,DRY,UNKNOWN,NOT ON SCENE (DESK REPORT),NO INJURY / DRIVE AWAY,,,Y,$500 OR LESS,04/11/2025 11:55,UNABLE TO DETERMINE,NOT APPLICABLE,3316,N,RIDGEWAY AVE,1732,,,,,,,2,NO INDICATION OF INJURY,0,0,0,0,0,1,0,21,5,4,,,,,
CLEAR,DAYLIGHT,SIDESWIPE SAME DIRECTION,NOT DIVIDED,,STRAIGHT AND LEVEL,DRY,NO DEFECTS,ON SCENE,NO INJURY / DRIVE AWAY,,,Y,"$501 - $1,500",03/21/2025 14:57,RELATED TO BUS STOP,IMPROPER OVERTAKING/PASSING,7700,S,SOUTH SHORE DR,421,,,,,,,2,NO INDICATION OF INJURY,0,0,0,0,0,2,0,14,6,3,,,,,
CLEAR,DAYLIGHT,ANGLE,DIVIDED - W/MEDIAN (NOT RAISED),,STRAIGHT AND LEVEL,DRY,NO DEFECTS,NOT ON SCENE (DESK REPORT),NO INJURY / DRIVE AWAY,Y,,,"OVER $1,500",03/21/2025 13:20,FAILING TO YIELD RIGHT-OF-WAY,FAILING TO YIELD RIGHT-OF-WAY,1700,N,NARRAGANSETT AVE,2513,,,,,,,2,NO INDICATION OF INJURY,0,0,0,0,0,2,0,12,6,3,,,,,
CLEAR,DAYLIGHT,PARKED MOTOR VEHICLE,ONE-WAY,,STRAIGHT AND LEVEL,DRY,NO DEFECTS,ON SCENE,NO INJURY / DRIVE AWAY,,,,"OVER $1,500",03/21/2025 14:48,IMPROPER BACKING,UNABLE TO DETERMINE,4916,W,ADAMS ST,1533,,,,,,,2,NO INDICATION OF INJURY,0,0,0,0,0,1,0,14,6,3,,,,,
CLEAR,DARKNESS,PEDALCYCLIST,ONE-WAY,,STRAIGHT AND LEVEL,DRY,UNKNOWN,NOT ON SCENE (DESK REPORT),NO INJURY / DRIVE AWAY,,,,"OVER $1,500",06/11/2025 22:00,UNABLE TO DETERMINE,NOT APPLICABLE,661,N,CLARK ST,1832,,,,,,,2,NO INDICATION OF INJURY,0,0,0,0,0,2,0,22,3,6,,,,,
CLEAR,DAYLIGHT,PARKED MOTOR VEHICLE,DIVIDED - W/MEDIAN (NOT RAISED),,STRAIGHT AND LEVEL,DRY,NO DEFECTS,NOT ON SCENE (DESK REPORT),NO INJURY / DRIVE AWAY,,,,"OVER $1,500",06/11/2025 11:00,UNABLE TO DETERMINE,NOT APPLICABLE,3317,W,CERMAK RD,1024,,,,,,,2,NO INDICATION OF INJURY,0,0,0,0,0,1,0,8,4,6,,,,,
CLEAR,"DARKNESS, LIGHTED ROAD",SIDESWIPE SAME DIRECTION,NOT DIVIDED,,STRAIGHT AND LEVEL,DRY,NO DEFECTS,ON SCENE,INJURY AND / OR TOW DUE TO CRASH,,,,"OVER $1,500",10/27/2025 20:41,UNABLE TO DETERMINE,UNABLE TO DETERMINE,5436,S,KEDZIE AVE,822,,,,,,,3,NO INDICATION OF INJURY,0,0,0,0,0,2,0,20,2,10,,,,,
CLEAR,DAYLIGHT,SIDESWIPE SAME DIRECTION,NOT DIVIDED,,STRAIGHT AND LEVEL,DRY,NO DEFECTS,NOT ON SCENE (DESK REPORT),NO INJURY / DRIVE AWAY,,,Y,"OVER $1,500",08/28/2025 18:15,UNABLE TO DETERMINE,NOT APPLICABLE,800,W,95TH ST,2223,,,,,,,2,NO INDICATION OF INJURY,0,0,0,0,0,3,0,17,5,8,,,,,
CLEAR,UNKNOWN,PARKED MOTOR VEHICLE,OTHER,,STRAIGHT AND LEVEL,UNKNOWN,WORN SURFACE,ON SCENE,NO INJURY / DRIVE AWAY,,,Y,"OVER $1,500",01/19/2025 10:06,UNABLE TO DETERMINE,UNABLE TO DETERMINE,725,N,RACINE AVE,1215,,,,,,,3,NO INDICATION OF INJURY,0,0,0,0,0,1,0,6,7,1,,,,,
CLEAR,DAYLIGHT,PARKED MOTOR VEHICLE,PARKING LOT,,STRAIGHT AND LEVEL,DRY,NO DEFECTS,NOT ON SCENE (DESK REPORT),NO INJURY / DRIVE AWAY,,,,$500 OR LESS,03/21/2025 15:00,DISREGARDING YIELD SIGN,DISREGARDING YIELD SIGN,87,W,87TH ST,634,,,,,,,2,NO INDICATION OF INJURY,0,0,0,0,0,2,0,13,6,3,,,,,
CLEAR,DAYLIGHT,REAR END,NOT DIVIDED,,STRAIGHT AND LEVEL,DRY,NO DEFECTS,NOT ON SCENE (DESK REPORT),NO INJURY / DRIVE AWAY,,,,"OVER $1,500",03/21/2025 16:30,UNABLE TO DETERMINE,UNABLE TO DETERMINE,1400,S,LAKE SHORE DR NB,132,,,,,,,2,NO INDICATION OF INJURY,0,0,0,0,0,2,0,15,6,3,,,,,
CLEAR,DAYLIGHT,REAR TO SIDE,FOUR WAY,,STRAIGHT AND LEVEL,DRY,NO DEFECTS,,NO INJURY / DRIVE AWAY,,,,"OVER $1,500",04/22/2025 8:55,IMPROPER BACKING,DRIVING SKILLS/KNOWLEDGE/EXPERIENCE,8029,S,RIDGELAND AVE,414,,,,,,,2,NO INDICATION OF INJURY,0,0,0,0,0,2,0,8,3,4,,,,,
CLEAR,DAWN,TURNING,NOT DIVIDED,,STRAIGHT AND LEVEL,DRY,NO DEFECTS,NOT ON SCENE (DESK REPORT),NO INJURY / DRIVE AWAY,,,,"OVER $1,500",08/28/2025 16:23,UNABLE TO DETERMINE,NOT APPLICABLE,1625,W,18TH ST,1234,,,,,,,2,NO INDICATION OF INJURY,0,0,0,0,0,2,0,14,5,8,,,,,
CLEAR,DARKNESS,TURNING,PARKING LOT,,STRAIGHT AND LEVEL,DRY,NO DEFECTS,NOT ON SCENE (DESK REPORT),NO INJURY / DRIVE AWAY,,,,"OVER $1,500",03/21/2025 20:10,FAILING TO YIELD RIGHT-OF-WAY,NOT APPLICABLE,714,S,DAMEN AVE,1225,,,,,,,2,NO INDICATION OF INJURY,0,0,0,0,0,3,0,20,6,3,,,,,
CLEAR,DARKNESS,PARKED MOTOR VEHICLE,NOT DIVIDED,,STRAIGHT AND LEVEL,DRY,NO DEFECTS,NOT ON SCENE (DESK REPORT),NO INJURY / DRIVE AWAY,,,,"OVER $1,500",01/21/2025 18:28,UNABLE TO DETERMINE,UNABLE TO DETERMINE,3229,S,BELL AVE,912,,,,,,,2,NO INDICATION OF INJURY,0,0,0,0,0,1,0,22,7,1,,,,,
CLEAR,"DARKNESS, LIGHTED ROAD",TURNING,DIVIDED - W/MEDIAN (NOT RAISED),,STRAIGHT AND LEVEL,DRY,UNKNOWN,ON SCENE,NO INJURY / DRIVE AWAY,,,Y,"OVER $1,500",03/21/2025 19:20,FAILING TO YIELD RIGHT-OF-WAY,NOT APPLICABLE,2928,N,CALIFORNIA AVE,1411,,,,,,,2,NO INDICATION OF INJURY,0,0,0,0,0,3,0,19,6,3,,,,,
CLEAR,DAYLIGHT,FIXED OBJECT,ALLEY,,STRAIGHT AND LEVEL,DRY,NO DEFECTS,NOT ON SCENE (DESK REPORT),NO INJURY / DRIVE AWAY,,Y,,"$501 - $1,500",06/11/2025 9:30,UNABLE TO DETERMINE,UNABLE TO DETERMINE,7914,S,MAY ST,612,,,,,,,1,NO INDICATION OF INJURY,0,0,0,0,0,1,0,5,4,6,,,,,
CLEAR,DAWN,PARKED MOTOR VEHICLE,ONE-WAY,,STRAIGHT AND LEVEL,UNKNOWN,UNKNOWN,NOT ON SCENE (DESK REPORT),NO INJURY / DRIVE AWAY,,,Y,"$501 - $1,500",08/28/2025 22:51,NOT APPLICABLE,NOT APPLICABLE,5015,S,BLACKSTONE AVE,222,,,,,,,2,NO INDICATION OF INJURY,0,0,0,0,0,1,0,19,5,8,,,,,
CLEAR,DAYLIGHT,REAR TO FRONT,NOT DIVIDED,,STRAIGHT AND LEVEL,DRY,NO DEFECTS,,NO INJURY / DRIVE AWAY,,,,"OVER $1,500",01/18/2025 19:30,FOLLOWING TOO CLOSELY,NOT APPLICABLE,1025,W,BELMONT AVE,1933,,,,,,,2,NO INDICATION OF INJURY,0,0,0,0,0,2,0,19,7,1,,,,,
RAIN,DAYLIGHT,FIXED OBJECT,ONE-WAY,,STRAIGHT AND LEVEL,WET,NO DEFECTS,NOT ON SCENE (DESK REPORT),NO INJURY / DRIVE AWAY,N,,,"OVER $1,500",04/10/2025 12:15,WEATHER,DRIVING SKILLS/KNOWLEDGE/EXPERIENCE,200,E,107TH ST,512,Y,,,,,,1,NO INDICATION OF INJURY,0,0,0,0,0,1,0,11,5,4,,,,,
CLEAR,"DARKNESS, LIGHTED ROAD",TURNING,NOT DIVIDED,,STRAIGHT AND LEVEL,DRY,UNKNOWN,NOT ON SCENE (DESK REPORT),NO INJURY / DRIVE AWAY,,,,"$501 - $1,500",04/10/2025 21:15,UNABLE TO DETERMINE,UNABLE TO DETERMINE,857,W,ARGYLE ST,2024,,,,,,,2,NO INDICATION OF INJURY,0,0,0,0,0,3,0,20,5,4,,,,,
CLEAR,DAYLIGHT,SIDESWIPE SAME DIRECTION,T-INTERSECTION,,STRAIGHT AND LEVEL,DRY,NO DEFECTS,NOT ON SCENE (DESK REPORT),NO INJURY / DRIVE AWAY,Y,,,"OVER $1,500",03/21/2025 8:25,UNABLE TO DETERMINE,UNABLE TO DETERMINE,6757,W,DIVERSEY AVE,2512,,,,,,,2,NO INDICATION OF INJURY,0,0,0,0,0,2,0,7,6,3,,,,,
CLEAR,DARKNESS,TURNING,NOT DIVIDED,,STRAIGHT AND LEVEL,DRY,NO DEFECTS,NOT ON SCENE (DESK REPORT),NO INJURY / DRIVE AWAY,,,Y,"OVER $1,500",01/20/2025 14:20,UNABLE TO DETERMINE,NOT APPLICABLE,4363,S,ARCHER AVE,922,,,,,,,2,NO INDICATION OF INJURY,0,0,0,0,0,2,0,22,7,1,,,,,
CLEAR,DAYLIGHT,PARKED MOTOR VEHICLE,PARKING LOT,,STRAIGHT AND LEVEL,DRY,NO DEFECTS,ON SCENE,NO INJURY / DRIVE AWAY,,,,"OVER $1,500",10/27/2025 16:51,DRIVING SKILLS/KNOWLEDGE/EXPERIENCE,NOT APPLICABLE,824,W,DIVERSEY PKWY,1933,,,,,,,2,NO INDICATION OF INJURY,0,0,0,0,0,1,0,16,2,10,,,,,
CLEAR,"DARKNESS, LIGHTED ROAD",PARKED MOTOR VEHICLE,PARKING LOT,,STRAIGHT AND LEVEL,DRY,NO DEFECTS,NOT ON SCENE (DESK REPORT),NO INJURY / DRIVE AWAY,,,Y,$500 OR LESS,01/19/2025 0:53,UNABLE TO DETERMINE,UNABLE TO DETERMINE,210,W,103RD ST,511,,,,,,,2,NO INDICATION OF INJURY,0,0,0,0,0,1,0,17,7,1,,,,,
CLEAR,DAYLIGHT,REAR END,DIVIDED - W/MEDIAN (NOT RAISED),,STRAIGHT AND LEVEL,DRY,NO DEFECTS,ON SCENE,INJURY AND / OR TOW DUE TO CRASH,,,,$500 OR LESS,03/21/2025 18:49,FAILING TO REDUCE SPEED TO AVOID CRASH,FOLLOWING TOO CLOSELY,802,W,115TH ST,2234,Y,,,,,,2,"REPORTED, NOT EVIDENT",2,0,0,0,2,3,0,18,6,3,,,,,
CLEAR,DAYLIGHT,ANGLE,NOT DIVIDED,,STRAIGHT AND LEVEL,DRY,NO DEFECTS,NOT ON SCENE (DESK REPORT),NO INJURY / DRIVE AWAY,Y,,,"OVER $1,500",01/21/2025 15:00,FAILING TO YIELD RIGHT-OF-WAY,NOT APPLICABLE,4500,S,EVANS AVE,221,,,,,,,2,NO INDICATION OF INJURY,0,0,0,0,0,2,0,15,7,1,,,,,
CLEAR,DAYLIGHT,SIDESWIPE OPPOSITE DIRECTION,DIVIDED - W/MEDIAN BARRIER,,STRAIGHT AND LEVEL,DRY,NO DEFECTS,NOT ON SCENE (DESK REPORT),NO INJURY / DRIVE AWAY,,,,"$501 - $1,500",06/11/2025 17:25,UNABLE TO DETERMINE,UNABLE TO DETERMINE,4300,W,LAKE ST,1114,,,,,,,2,NO INDICATION OF INJURY,0,0,0,0,0,2,0,17,4,6,,,,,
CLEAR,DAYLIGHT,PARKED MOTOR VEHICLE,ONE-WAY,,STRAIGHT AND LEVEL,DRY,UNKNOWN,NOT ON SCENE (DESK REPORT),NO INJURY / DRIVE AWAY,,,,$500 OR LESS,03/21/2025 11:00,UNABLE TO DETERMINE,UNABLE TO DETERMINE,1008,W,GLENLAKE AVE,2433,,,,,,,2,NO INDICATION OF INJURY,0,0,0,0,0,1,0,8,6,3,,,,,
CLEAR,DAYLIGHT,PEDALCYCLIST,DIVIDED - W/MEDIAN (NOT RAISED),,STRAIGHT AND LEVEL,DRY,UNKNOWN,ON SCENE,NO INJURY / DRIVE AWAY,,,,"OVER $1,500",03/21/2025 15:20,UNABLE TO DETERMINE,NOT APPLICABLE,1425,W,18TH ST,1233,,,,,,,2,NO INDICATION OF INJURY,0,0,0,0,0,1,0,15,6,3,,,,,
RAIN,DUSK,SIDESWIPE SAME DIRECTION,NOT DIVIDED,,STRAIGHT AND LEVEL,WET,NO DEFECTS,ON SCENE,NO INJURY / DRIVE AWAY,,,Y,"OVER $1,500",06/24/2025 21:53,IMPROPER OVERTAKING/PASSING,UNABLE TO DETERMINE,120,E,RANDOLPH ST,114,,,,,,,2,NO INDICATION OF INJURY,0,0,0,0,0,3,0,21,3,6,,,,,
UNKNOWN,UNKNOWN,PARKED MOTOR VEHICLE,DIVIDED - W/MEDIAN (NOT RAISED),,STRAIGHT AND LEVEL,DRY,NO DEFECTS,ON SCENE,INJURY AND / OR TOW DUE TO CRASH,,,Y,"OVER $1,500",01/18/2025 8:08,FAILING TO REDUCE SPEED TO AVOID CRASH,UNABLE TO DETERMINE,5491,W,LAKE ST,1523,,,,,,,3,NO INDICATION OF INJURY,0,0,0,0,0,1,0,0,7,1,,,,,
CLEAR,DAYLIGHT,ANGLE,FOUR WAY,,STRAIGHT AND LEVEL,DRY,UNKNOWN,ON SCENE,INJURY AND / OR TOW DUE TO CRASH,Y,,,"OVER $1,500",03/21/2025 15:04,FAILING TO YIELD RIGHT-OF-WAY,UNABLE TO DETERMINE,2357,W,LOGAN BLVD,1432,,,,,,,2,NO INDICATION OF INJURY,0,0,0,0,0,3,0,15,6,3,,,,,
UNKNOWN,UNKNOWN,REAR TO FRONT,OTHER,,STRAIGHT AND LEVEL,UNKNOWN,UNKNOWN,NOT ON SCENE (DESK REPORT),NO INJURY / DRIVE AWAY,,Y,,"OVER $1,500",04/12/2025 14:20,UNABLE TO DETERMINE,NOT APPLICABLE,2350,N,CENTRAL AVE,2515,,,,,,,2,NO INDICATION OF INJURY,0,0,0,0,0,3,0,20,5,4,,,,,
CLEAR,DAYLIGHT,TURNING,NOT DIVIDED,,STRAIGHT AND LEVEL,DRY,NO DEFECTS,NOT ON SCENE (DESK REPORT),NO INJURY / DRIVE AWAY,Y,,,"OVER $1,500",04/10/2025 18:00,UNABLE TO DETERMINE,UNABLE TO DETERMINE,2200,S,TRUMBULL AVE,1024,,,,,,,2,NO INDICATION OF INJURY,0,0,0,0,0,2,0,17,5,4,,,,,
CLEAR,DAYLIGHT,PARKED MOTOR VEHICLE,PARKING LOT,,STRAIGHT AND LEVEL,DRY,NO DEFECTS,ON SCENE,NO INJURY / DRIVE AWAY,,Y,,"OVER $1,500",03/21/2025 14:45,UNABLE TO DETERMINE,UNABLE TO DETERMINE,4798,N,CUMBERLAND AVE,1614,,,,,,,2,NO INDICATION OF INJURY,0,0,0,0,0,1,0,10,6,3,,,,,
CLEAR,DAYLIGHT,PARKED MOTOR VEHICLE,OTHER,,STRAIGHT AND LEVEL,DRY,UNKNOWN,NOT ON SCENE (DESK REPORT),NO INJURY / DRIVE AWAY,,,,"OVER $1,500",06/11/2025 10:37,UNABLE TO DETERMINE,UNABLE TO DETERMINE,1971,W,OGDEN AVE,1231,,,,,,,2,NO INDICATION OF INJURY,0,0,0,0,0,1,0,17,3,6,,,,,
UNKNOWN,DAYLIGHT,REAR END,NOT DIVIDED,,STRAIGHT AND LEVEL,UNKNOWN,UNKNOWN,NOT ON SCENE (DESK REPORT),NO INJURY / DRIVE AWAY,,,,"OVER $1,500",06/11/2025 14:55,UNABLE TO DETERMINE,NOT APPLICABLE,3541,N,ELSTON AVE,1733,,,,,,,2,NO INDICATION OF INJURY,0,0,0,0,0,2,0,14,4,6,,,,,
CLEAR,DAYLIGHT,OTHER NONCOLLISION,T-INTERSECTION,,STRAIGHT AND LEVEL,DRY,NO DEFECTS,ON SCENE,INJURY AND / OR TOW DUE TO CRASH,Y,,,$500 OR LESS,06/11/2025 14:42,"EVASIVE ACTION DUE TO ANIMAL, OBJECT, NONMOTORIST",UNABLE TO DETERMINE,5859,W,LAWRENCE AVE,1622,,,,,,,1,NONINCAPACITATING INJURY,1,0,0,1,0,0,0,14,4,6,,,,,