WEATHER_CONDITION,LIGHTING_CONDITION,FIRST_CRASH_TYPE,TRAFFICWAY_TYPE,LANE_CNT,ALIGNMENT,ROADWAY_SURFACE_COND,ROAD_DEFECT,REPORT_TYPE,CRASH_TYPE,INTERSECTION_RELATED_I,NOT_RIGHT_OF_WAY_I,HIT_AND_RUN_I,DAMAGE,DATE_POLICE_NOTIFIED,PRIM_CONTRIBUTORY_CAUSE,SEC_CONTRIBUTORY_CAUSE,STREET_NO,STREET_DIRECTION,STREET_NAME,BEAT_OF_OCCURRENCE,PHOTOS_TAKEN_I,STATEMENTS_TAKEN_I,DOORING_I,WORK_ZONE_I,WORK_ZONE_TYPE,WORKERS_PRESENT_I,NUM_UNITS,MOST_SEVERE_INJURY,INJURIES_TOTAL,INJURIES_FATAL,INJURIES_INCAPACITATING,INJURIES_NON_INCAPACITATING,INJURIES_REPORTED_NOT_EVIDENT,INJURIES_NO_INDICATION,INJURIES_UNKNOWN,CRASH_HOUR,CRASH_DAY_OF_WEEK,CRASH_MONTH,INJURIES_NO_INDICATION,INJURIES_UNKNOWN,CRASH_HOUR,CRASH_DAY_OF_WEEK,CRASH_MONTH
CLEAR,DAYLIGHT,SIDESWIPE SAME DIRECTION,NOT DIVIDED,,STRAIGHT AND LEVEL,DRY,NO DEFECTS,NOT ON SCENE (DESK REPORT),NO INJURY / DRIVE AWAY,,,,"OVER $1,500",03/21/2025 13:50,UNABLE TO DETERMINE,NOT APPLICABLE,500,S,COLUMBUS DR,114,,,,,,,2,NO INDICATION OF INJURY,0,0,0,0,0,2,0,12,6,3,,,,,
CLEAR,"DARKNESS, LIGHTED ROAD",FIXED OBJECT,ALLEY,,"CURVE, LEVEL",DRY,UNKNOWN,ON SCENE,INJURY AND / OR TOW DUE TO CRASH,,,,"OVER $1,500",10/27/2025 0:12,UNABLE TO DETERMINE,UNABLE TO DETERMINE,1200,S,WASHTENAW AVE,1023,,,,,,,1,NO INDICATION OF INJURY,0,0,0,0,0,1,0,0,2,10,,,,,
CLEAR,DAYLIGHT,REAR END,NOT DIVIDED,,STRAIGHT AND LEVEL,DRY,NO DEFECTS,NOT ON SCENE (DESK REPORT),NO INJURY / DRIVE AWAY,,,,$500 OR LESS,03/22/2025 14:30,UNABLE TO DETERMINE,NOT APPLICABLE,4900,N,WESTERN AVE,2031,,,,,,,2,NO INDICATION OF INJURY,0,0,0,0,0,2,0,21,6,3,,,,,
CLEAR,DAYLIGHT,TURNING,NOT DIVIDED,,STRAIGHT AND LEVEL,DRY,NO DEFECTS,NOT ON SCENE (DESK REPORT),NO INJURY / DRIVE AWAY,Y,,,"OVER $1,500",03/21/2025 11:45,IMPROPER LANE USAGE,NOT APPLICABLE,299,E,ROOSEVELT RD,132,,,,,,,2,NO INDICATION OF INJURY,0,0,0,0,0,3,0,11,6,3,,,,,
CLEAR,DAYLIGHT,PARKED MOTOR VEHICLE,NOT DIVIDED,,STRAIGHT AND LEVEL,UNKNOWN,UNKNOWN,NOT ON SCENE (DESK REPORT),NO INJURY / DRIVE AWAY,,,,"OVER $1,500",03/21/2025 13:50,UNABLE TO DETERMINE,UNABLE TO DETERMINE,1520,N,DAYTON ST,1822,,,,,,,2,NO INDICATION OF INJURY,0,0,0,0,0,1,0,12,6,3,,,,,
CLEAR,DAYLIGHT,PEDESTRIAN,FOUR WAY,,STRAIGHT AND LEVEL,DRY,UNKNOWN,ON SCENE,INJURY AND / OR TOW DUE TO CRASH,Y,,,$500 OR LESS,08/28/2025 17:14,UNABLE TO DETERMINE,UNABLE TO DETERMINE,2355,N,MANGO AVE,2515,,,,,,,2,INCAPACITATING INJURY,1,0,1,0,0,3,0,17,5,8,,,,,
CLOUDY/OVERCAST,DAYLIGHT,PEDALCYCLIST,NOT DIVIDED,,STRAIGHT AND LEVEL,DRY,UNKNOWN,ON SCENE,INJURY AND / OR TOW DUE TO CRASH,,,,$500 OR LESS,03/21/2025 19:10,DISREGARDING ROAD MARKINGS,NOT APPLICABLE,1555,N,WELLS ST,1821,,,,,,,2,"REPORTED, NOT EVIDENT",1,0,0,0,1,1,0,19,6,3,,,,,
UNKNOWN,DAYLIGHT,TURNING,DIVIDED - W/MEDIAN (NOT RAISED),,STRAIGHT AND LEVEL,DRY,NO DEFECTS,NOT ON SCENE (DESK REPORT),NO INJURY / DRIVE AWAY,,,Y,"OVER $1,500",06/24/2025 15:35,UNABLE TO DETERMINE,UNABLE TO DETERMINE,1600,E,73RD ST,324,,,,,,,2,NO INDICATION OF INJURY,0,0,0,0,0,2,0,14,3,6,,,,,
CLEAR,DARKNESS,TURNING,FOUR WAY,,STRAIGHT AND LEVEL,DRY,NO DEFECTS,NOT ON SCENE (DESK REPORT),NO INJURY / DRIVE AWAY,Y,,,"OVER $1,500",06/25/2025 0:00,UNABLE TO DETERMINE,NOT APPLICABLE,3203,N,WESTERN AVE,1921,,,,,,,2,NO INDICATION OF INJURY,0,0,0,0,0,3,0,22,3,6,,,,,
CLEAR,DAYLIGHT,REAR END,NOT DIVIDED,,STRAIGHT AND LEVEL,DRY,NO DEFECTS,NOT ON SCENE (DESK REPORT),NO INJURY / DRIVE AWAY,Y,,,"OVER $1,500",06/11/2025 13:20,FOLLOWING TOO CLOSELY,NOT APPLICABLE,4372,S,ARCHER AVE,821,,,,,,,2,NO INDICATION OF INJURY,0,0,0,0,0,2,0,12,4,6,,,,,
UNKNOWN,UNKNOWN,PARKED MOTOR VEHICLE,ONE-WAY,,STRAIGHT AND LEVEL,UNKNOWN,UNKNOWN,NOT ON SCENE (DESK REPORT),NO INJURY / DRIVE AWAY,,,Y,"OVER $1,500",04/02/2025 13:35,UNABLE TO DETERMINE,NOT APPLICABLE,635,N,LAMON AVE,1532,,,,,,,2,NO INDICATION OF INJURY,0,0,0,0,0,1,0,3,6,3,,,,,
CLEAR,DAYLIGHT,TURNING,NOT DIVIDED,,STRAIGHT AND LEVEL,DRY,NO DEFECTS,,NO INJURY / DRIVE AWAY,,,,"OVER $1,500",03/21/2025 8:00,IMPROPER TURNING/NO SIGNAL,IMPROPER LANE USAGE,6746,S,JEFFERY BLVD,332,,,,,,,2,NO INDICATION OF INJURY,0,0,0,0,0,2,0,7,6,3,,,,,
CLEAR,DAYLIGHT,REAR TO REAR,UNKNOWN INTERSECTION TYPE,,STRAIGHT AND LEVEL,DRY,NO DEFECTS,NOT ON SCENE (DESK REPORT),NO INJURY / DRIVE AWAY,,,Y,$500 OR LESS,10/27/2025 13:55,FOLLOWING TOO CLOSELY,UNABLE TO DETERMINE,1130,S,HALSTED ST,1232,,,,,,,2,NO INDICATION OF INJURY,0,0,0,0,0,2,0,13,2,10,,,,,
CLEAR,DAYLIGHT,PARKED MOTOR VEHICLE,NOT DIVIDED,,STRAIGHT AND LEVEL,DRY,NO DEFECTS,ON SCENE,NO INJURY / DRIVE AWAY,,,,"OVER $1,500",02/27/2025 12:10,IMPROPER OVERTAKING/PASSING,NOT APPLICABLE,3,S,AUSTIN BLVD,1513,,,,,,,2,NO INDICATION OF INJURY,0,0,0,0,0,2,0,12,5,2,,,,,
CLEAR,DAYLIGHT,REAR END,FOUR WAY,,STRAIGHT AND LEVEL,DRY,NO DEFECTS,NOT ON SCENE (DESK REPORT),NO INJURY / DRIVE AWAY,Y,,,"OVER $1,500",02/27/2025 9:30,UNABLE TO DETERMINE,NOT APPLICABLE,2305,W,OGDEN AVE,1233,,,,,,,2,NO INDICATION OF INJURY,0,0,0,0,0,3,0,9,5,2,,,,,
CLEAR,DAYLIGHT,PARKED MOTOR VEHICLE,NOT DIVIDED,,STRAIGHT AND LEVEL,DRY,NO DEFECTS,ON SCENE,NO INJURY / DRIVE AWAY,,,Y,"OVER $1,500",03/21/2025 13:55,UNABLE TO DETERMINE,UNABLE TO DETERMINE,6728,S,NORMAL BLVD,722,,,,,,,2,NO INDICATION OF INJURY,0,0,0,0,0,1,0,13,6,3,,,,,
UNKNOWN,UNKNOWN,REAR TO REAR,UNKNOWN,,STRAIGHT AND LEVEL,UNKNOWN,UNKNOWN,NOT ON SCENE (DESK REPORT),NO INJURY / DRIVE AWAY,,,,"OVER $1,500",03/21/2025 13:15,UNABLE TO DETERMINE,UNABLE TO DETERMINE,6700,S,CALIFORNIA AVE,831,,,,,,,3,NO INDICATION OF INJURY,0,0,0,0,0,3,0,12,6,3,,,,,
CLEAR,DAYLIGHT,PEDESTRIAN,NOT DIVIDED,,STRAIGHT AND LEVEL,DRY,NO DEFECTS,ON SCENE,INJURY AND / OR TOW DUE TO CRASH,,,Y,$500 OR LESS,04/10/2025 12:16,NOT APPLICABLE,NOT APPLICABLE,698,E,75TH ST,323,,Y,,,,,2,"REPORTED, NOT EVIDENT",1,0,0,0,1,1,0,12,5,4,,,,,
CLEAR,"DARKNESS, LIGHTED ROAD",SIDESWIPE SAME DIRECTION,NOT DIVIDED,,STRAIGHT AND LEVEL,DRY,NO DEFECTS,ON SCENE,INJURY AND / OR TOW DUE TO CRASH,,,Y,"OVER $1,500",04/10/2025 20:01,UNABLE TO DETERMINE,UNABLE TO DETERMINE,1451,W,44TH ST,924,,,,,,,2,NONINCAPACITATING INJURY,2,0,0,2,0,4,0,19,5,4,,,,,
CLEAR,DAYLIGHT,TURNING,NOT DIVIDED,,STRAIGHT AND LEVEL,DRY,NO DEFECTS,ON SCENE,INJURY AND / OR TOW DUE TO CRASH,Y,,,"OVER $1,500",04/10/2025 8:05,UNABLE TO DETERMINE,NOT APPLICABLE,7029,N,CALIFORNIA AVE,2411,,,,,,,2,NONINCAPACITATING INJURY,1,0,0,1,0,1,0,8,5,4,,,,,
CLEAR,DAYLIGHT,REAR END,DIVIDED - W/MEDIAN (NOT RAISED),,STRAIGHT AND LEVEL,DRY,NO DEFECTS,NOT ON SCENE (DESK REPORT),NO INJURY / DRIVE AWAY,,,Y,$500 OR LESS,06/11/2025 17:40,FOLLOWING TOO CLOSELY,NOT APPLICABLE,87,W,87TH ST,634,,,,,,,2,NO INDICATION OF INJURY,0,0,0,0,0,2,0,17,4,6,,,,,
CLEAR,"DARKNESS, LIGHTED ROAD",TURNING,ONE-WAY,,STRAIGHT AND LEVEL,DRY,NO DEFECTS,ON SCENE,INJURY AND / OR TOW DUE TO CRASH,Y,,,"OVER $1,500",03/21/2025 2:09,IMPROPER TURNING/NO SIGNAL,IMPROPER TURNING/NO SIGNAL,140,W,OHIO ST,1832,,,,,,,2,NO INDICATION OF INJURY,0,0,0,0,0,6,0,2,6,3,,,,,
CLEAR,DAYLIGHT,ANGLE,DIVIDED - W/MEDIAN (NOT RAISED),,STRAIGHT AND LEVEL,DRY,NO DEFECTS,ON SCENE,NO INJURY / DRIVE AWAY,,,,"OVER $1,500",06/02/2025 20:05,NOT APPLICABLE,NOT APPLICABLE,1400,N,KEDZIE AVE,1422,,,,,,,2,NO INDICATION OF INJURY,0,0,0,0,0,2,0,20,2,6,,,,,
CLEAR,DAYLIGHT,TURNING,NOT DIVIDED,,STRAIGHT AND LEVEL,DRY,NO DEFECTS,NOT ON SCENE (DESK REPORT),INJURY AND / OR TOW DUE TO CRASH,,,Y,"$501 - $1,500",01/18/2025 17:21,IMPROPER TURNING/NO SIGNAL,NOT APPLICABLE,4098,S,CALIFORNIA AVE,921,,,,,,,3,NONINCAPACITATING INJURY,2,0,0,2,0,3,0,14,7,1,,,,,
CLEAR,DAYLIGHT,PARKED MOTOR VEHICLE,ONE-WAY,,STRAIGHT AND LEVEL,DRY,NO DEFECTS,ON SCENE,NO INJURY / DRIVE AWAY,,,Y,"OVER $1,500",01/18/2025 13:30,UNABLE TO DETERMINE,UNABLE TO DETERMINE,4039,W,64TH ST,813,,,,,,,2,NO INDICATION OF INJURY,0,0,0,0,0,1,0,11,7,1,,,,,
CLEAR,"DARKNESS, LIGHTED ROAD",PEDALCYCLIST,FOUR WAY,,STRAIGHT AND LEVEL,DRY,NO DEFECTS,ON SCENE,INJURY AND / OR TOW DUE TO CRASH,,,,"$501 - $1,500",10/15/2025 21:49,DISREGARDING TRAFFIC SIGNALS,NOT APPLICABLE,5000,N,KEDZIE AVE,1713,,,,,,,3,NONINCAPACITATING INJURY,1,0,0,1,0,2,0,21,4,10,,,,,
UNKNOWN,DARKNESS,PARKED MOTOR VEHICLE,NOT DIVIDED,,STRAIGHT AND LEVEL,UNKNOWN,UNKNOWN,ON SCENE,NO INJURY / DRIVE AWAY,,,Y,"OVER $1,500",10/15/2025 17:30,UNABLE TO DETERMINE,NOT APPLICABLE,5000,W,HURON ST,1531,,,,,,,2,NO INDICATION OF INJURY,0,0,0,0,0,1,0,1,4,10,,,,,
CLEAR,DAYLIGHT,TURNING,NOT DIVIDED,,STRAIGHT AND LEVEL,DRY,NO DEFECTS,NOT ON SCENE (DESK REPORT),NO INJURY / DRIVE AWAY,,,Y,"OVER $1,500",03/21/2025 12:36,UNABLE TO DETERMINE,NOT APPLICABLE,1020,N,HOMAN AVE,1121,,,,,,,2,NO INDICATION OF INJURY,0,0,0,0,0,2,0,11,6,3,,,,,
CLEAR,DAYLIGHT,REAR END,FOUR WAY,,STRAIGHT AND LEVEL,DRY,NO DEFECTS,NOT ON SCENE (DESK REPORT),INJURY AND / OR TOW DUE TO CRASH,,,,"OVER $1,500",03/21/2025 15:45,UNABLE TO DETERMINE,UNABLE TO DETERMINE,4266,W,GRAND AVE,2534,,,,,,,2,NO INDICATION OF INJURY,0,0,0,0,0,3,0,13,6,3,,,,,
UNKNOWN,UNKNOWN,PARKED MOTOR VEHICLE,UNKNOWN,,STRAIGHT AND LEVEL,DRY,UNKNOWN,NOT ON SCENE (DESK REPORT),NO INJURY / DRIVE AWAY,,,N,"$501 - $1,500",06/11/2025 9:45,UNABLE TO DETERMINE,UNABLE TO DETERMINE,2301,S,DR MARTIN LUTHER KING JR DR,132,Y,,,,,,2,NO INDICATION OF INJURY,0,0,0,0,0,1,0,22,6,6,,,,,
CLEAR,DAWN,TURNING,ONE-WAY,,STRAIGHT AND LEVEL,DRY,NO DEFECTS,NOT ON SCENE (DESK REPORT),NO INJURY / DRIVE AWAY,,,Y,"OVER $1,500",06/10/2025 22:00,FAILING TO REDUCE SPEED TO AVOID CRASH,NOT APPLICABLE,3600,W,30TH ST,1032,,,,,,,2,NO INDICATION OF INJURY,0,0,0,0,0,4,0,20,3,6,,,,,
CLEAR,DAYLIGHT,SIDESWIPE SAME DIRECTION,DIVIDED - W/MEDIAN (NOT RAISED),,STRAIGHT AND LEVEL,UNKNOWN,UNKNOWN,,NO INJURY / DRIVE AWAY,,,,"OVER $1,500",06/11/2025 8:30,UNABLE TO DETERMINE,UNABLE TO DETERMINE,344,W,BELMONT AVE,1925,,,,,,,2,NO INDICATION OF INJURY,0,0,0,0,0,2,0,7,4,6,,,,,
CLEAR,DAYLIGHT,TURNING,NOT DIVIDED,,STRAIGHT AND LEVEL,DRY,NO DEFECTS,NOT ON SCENE (DESK REPORT),NO INJURY / DRIVE AWAY,,,,"$501 - $1,500",03/21/2025 13:15,NOT APPLICABLE,NOT APPLICABLE,852,W,63RD ST,712,,,,,,,2,NO INDICATION OF INJURY,0,0,0,0,0,6,0,13,6,3,,,,,
CLEAR,"DARKNESS, LIGHTED ROAD",PARKED MOTOR VEHICLE,NOT DIVIDED,,STRAIGHT AND LEVEL,DRY,NO DEFECTS,NOT ON SCENE (DESK REPORT),NO INJURY / DRIVE AWAY,,,,$500 OR LESS,04/10/2025 9:10,FOLLOWING TOO CLOSELY,NOT APPLICABLE,2550,N,LARAMIE AVE,2515,,,,,,,2,NO INDICATION OF INJURY,0,0,0,0,0,1,0,6,5,4,,,,,
CLEAR,DAYLIGHT,SIDESWIPE SAME DIRECTION,ONE-WAY,,STRAIGHT AND LEVEL,DRY,UNKNOWN,ON SCENE,NO INJURY / DRIVE AWAY,,,,"OVER $1,500",03/21/2025 17:17,FAILING TO YIELD RIGHT-OF-WAY,UNABLE TO DETERMINE,426,W,RANDOLPH ST,121,,,,,,,2,NO INDICATION OF INJURY,0,0,0,0,0,2,0,17,6,3,,,,,
CLEAR,"DARKNESS, LIGHTED ROAD",PEDALCYCLIST,NOT DIVIDED,,STRAIGHT AND LEVEL,DRY,NO DEFECTS,ON SCENE,INJURY AND / OR TOW DUE TO CRASH,,,Y,"OVER $1,500",08/20/2025 20:29,"OPERATING VEHICLE IN ERRATIC, RECKLESS, CARELESS, NEGLIGENT OR AGGRESSIVE MANNER",NOT APPLICABLE,3001,E,100TH ST,431,,,Y,,,,2,"REPORTED, NOT EVIDENT",1,0,0,0,1,1,0,20,4,8,,,,,
CLEAR,DAYLIGHT,SIDESWIPE SAME DIRECTION,NOT DIVIDED,,STRAIGHT AND LEVEL,DRY,NO DEFECTS,NOT ON SCENE (DESK REPORT),NO INJURY / DRIVE AWAY,,,,"OVER $1,500",06/10/2025 18:00,UNABLE TO DETERMINE,NOT APPLICABLE,3552,W,CARMEN AVE,1712,,,,,,,2,NO INDICATION OF INJURY,0,0,0,0,0,2,0,17,3,6,,,,,
CLEAR,DAYLIGHT,SIDESWIPE SAME DIRECTION,NOT DIVIDED,,STRAIGHT AND LEVEL,DRY,NO DEFECTS,NOT ON SCENE (DESK REPORT),NO INJURY / DRIVE AWAY,,,,"$501 - $1,500",06/11/2025 16:28,IMPROPER OVERTAKING/PASSING,NOT APPLICABLE,3241,W,47TH ST,821,,,,,,,2,NO INDICATION OF INJURY,0,0,0,0,0,3,0,15,4,6,,,,,
CLEAR,DAYLIGHT,TURNING,T-INTERSECTION,,STRAIGHT AND LEVEL,DRY,NO DEFECTS,,NO INJURY / DRIVE AWAY,,,N,"OVER $1,500",06/11/2025 18:47,FAILING TO YIELD RIGHT-OF-WAY,NOT APPLICABLE,4701,S,LAWNDALE AVE,821,,,,,,,2,NO INDICATION OF INJURY,0,0,0,0,0,2,0,17,4,6,,,,,
RAIN,"DARKNESS, LIGHTED ROAD",REAR END,NOT DIVIDED,,STRAIGHT AND LEVEL,WET,UNKNOWN,NOT ON SCENE (DESK REPORT),NO INJURY / DRIVE AWAY,,,,"OVER $1,500",07/30/2025 23:45,UNABLE TO DETERMINE,UNABLE TO DETERMINE,431,W,74TH ST,732,,,,,,,2,NO INDICATION OF INJURY,0,0,0,0,0,2,0,22,4,7,,,,,
CLEAR,DAYLIGHT,SIDESWIPE SAME DIRECTION,NOT DIVIDED,,STRAIGHT AND LEVEL,DRY,NO DEFECTS,NOT ON SCENE (DESK REPORT),NO INJURY / DRIVE AWAY,,,Y,"OVER $1,500",04/10/2025 13:30,IMPROPER OVERTAKING/PASSING,UNABLE TO DETERMINE,15,N,AUSTIN BLVD,1513,,,,,,,2,NO INDICATION OF INJURY,0,0,0,0,0,2,0,13,5,4,,,,,
CLEAR,"DARKNESS, LIGHTED ROAD",ANGLE,DIVIDED - W/MEDIAN (NOT RAISED),,STRAIGHT AND LEVEL,DRY,NO DEFECTS,ON SCENE,INJURY AND / OR TOW DUE TO CRASH,,,Y,"OVER $1,500",01/18/2025 19:57,FAILING TO YIELD RIGHT-OF-WAY,NOT APPLICABLE,2499,N,KIMBALL AVE,1413,,,,,,,2,"REPORTED, NOT EVIDENT",1,0,0,0,1,2,0,19,7,1,,,,,
CLEAR,DAYLIGHT,REAR END,FOUR WAY,,STRAIGHT AND LEVEL,DRY,NO DEFECTS,NOT ON SCENE (DESK REPORT),INJURY AND / OR TOW DUE TO CRASH,Y,,,"OVER $1,500",06/24/2025 16:00,UNABLE TO DETERMINE,UNABLE TO DETERMINE,800,S,HOMAN AVE,1133,,,,,,,2,"REPORTED, NOT EVIDENT",2,0,0,0,2,3,0,14,3,6,,,,,
CLEAR,DAYLIGHT,ANGLE,FOUR WAY,,STRAIGHT AND LEVEL,DRY,NO DEFECTS,ON SCENE,INJURY AND / OR TOW DUE TO CRASH,Y,,,"OVER $1,500",08/28/2025 8:44,UNABLE TO DETERMINE,UNABLE TO DETERMINE,2301,W,ARMITAGE AVE,1434,,,,,,,2,NO INDICATION OF INJURY,0,0,0,0,0,2,0,8,5,8,,,,,
CLEAR,DAWN,SIDESWIPE SAME DIRECTION,NOT DIVIDED,,STRAIGHT AND LEVEL,DRY,NO DEFECTS,NOT ON SCENE (DESK REPORT),NO INJURY / DRIVE AWAY,Y,,,"$501 - $1,500",03/21/2025 19:30,UNABLE TO DETERMINE,UNABLE TO DETERMINE,6345,N,RIDGE AVE,2433,,,,,,,2,NO INDICATION OF INJURY,0,0,0,0,0,2,0,19,6,3,,,,,
CLEAR,DAYLIGHT,SIDESWIPE SAME DIRECTION,NOT DIVIDED,,STRAIGHT AND LEVEL,DRY,NO DEFECTS,NOT ON SCENE (DESK REPORT),NO INJURY / DRIVE AWAY,,,,"OVER $1,500",03/21/2025 15:09,UNABLE TO DETERMINE,UNABLE TO DETERMINE,2907,W,CHICAGO AVE,1221,,,,,,,2,NO INDICATION OF INJURY,0,0,0,0,0,4,0,15,6,3,,,,,
CLEAR,DUSK,PARKED MOTOR VEHICLE,PARKING LOT,,STRAIGHT AND LEVEL,DRY,NO DEFECTS,NOT ON SCENE (DESK REPORT),NO INJURY / DRIVE AWAY,,Y,,"$501 - $1,500",06/11/2025 8:50,IMPROPER BACKING,IMPROPER BACKING,1103,W,31ST ST,913,,,,,,,2,NO INDICATION OF INJURY,0,0,0,0,0,2,0,20,1,6,,,,,
CLEAR,DAYLIGHT,SIDESWIPE SAME DIRECTION,NOT DIVIDED,,STRAIGHT AND LEVEL,DRY,NO DEFECTS,NOT ON SCENE (DESK REPORT),NO INJURY / DRIVE AWAY,,,,"OVER $1,500",06/11/2025 18:47,UNABLE TO DETERMINE,UNABLE TO DETERMINE,1650,E,95TH ST,413,,,,,,,2,NO INDICATION OF INJURY,0,0,0,0,0,2,0,14,4,6,,,,,
CLEAR,DAYLIGHT,REAR END,NOT DIVIDED,,STRAIGHT AND LEVEL,DRY,NO DEFECTS,NOT ON SCENE (DESK REPORT),NO INJURY / DRIVE AWAY,,,,"OVER $1,500",08/28/2025 15:00,UNABLE TO DETERMINE,UNABLE TO DETERMINE,2201,S,ASHLAND AVE,1235,,,,,,,2,NO INDICATION OF INJURY,0,0,0,0,0,2,0,15,5,8,,,,,
CLEAR,"DARKNESS, LIGHTED ROAD",ANGLE,FOUR WAY,,STRAIGHT AND LEVEL,DRY,NO DEFECTS,ON SCENE,INJURY AND / OR TOW DUE TO CRASH,Y,,,"OVER $1,500",01/18/2025 19:32,DISREGARDING TRAFFIC SIGNALS,"OPERATING VEHICLE IN ERRATIC, RECKLESS, CARELESS, NEGLIGENT OR AGGRESSIVE MANNER",4400,W,FULLERTON AVE,2524,,Y,,,,,2,NONINCAPACITATING INJURY,1,0,0,1,0,2,0,19,7,1,,,,,
CLEAR,DAYLIGHT,PARKED MOTOR VEHICLE,ONE-WAY,,STRAIGHT AND LEVEL,DRY,NO DEFECTS,ON SCENE,NO INJURY / DRIVE AWAY,,,,$500 OR LESS,03/21/2025 14:08,IMPROPER BACKING,NOT APPLICABLE,6909,W,63RD PL,812,,,,,,,2,NO INDICATION OF INJURY,0,0,0,0,0,1,0,14,6,3,,,,,
CLEAR,DAYLIGHT,PARKED MOTOR VEHICLE,PARKING LOT,,STRAIGHT AND LEVEL,DRY,NO DEFECTS,NOT ON SCENE (DESK REPORT),NO INJURY / DRIVE AWAY,,,,"OVER $1,500",03/21/2025 14:38,FAILING TO YIELD RIGHT-OF-WAY,NOT APPLICABLE,4703,W,FOSTER AVE,1712,,,,,,,2,NO INDICATION OF INJURY,0,0,0,0,0,2,0,13,6,3,,,,,
CLEAR,DAYLIGHT,REAR END,ONE-WAY,,STRAIGHT AND LEVEL,DRY,NO DEFECTS,ON SCENE,INJURY AND / OR TOW DUE TO CRASH,,,,"OVER $1,500",03/21/2025 11:14,EQUIPMENT - VEHICLE CONDITION,EQUIPMENT - VEHICLE CONDITION,2200,W,59TH ST,824,,,,,,,4,NO INDICATION OF INJURY,0,0,0,0,0,6,0,11,6,3,,,,,
CLEAR,DAYLIGHT,REAR TO FRONT,PARKING LOT,,STRAIGHT AND LEVEL,DRY,NO DEFECTS,NOT ON SCENE (DESK REPORT),NO INJURY / DRIVE AWAY,,Y,Y,"OVER $1,500",03/21/2025 12:34,IMPROPER OVERTAKING/PASSING,NOT APPLICABLE,1130,S,CANAL ST,124,,,,,,,2,NO INDICATION OF INJURY,0,0,0,0,0,2,0,11,6,3,,,,,
CLEAR,DAYLIGHT,SIDESWIPE SAME DIRECTION,FOUR WAY,,STRAIGHT AND LEVEL,DRY,NO DEFECTS,NOT ON SCENE (DESK REPORT),NO INJURY / DRIVE AWAY,Y,,,"$501 - $1,500",04/10/2025 10:00,IMPROPER OVERTAKING/PASSING,NOT APPLICABLE,29,W,79TH ST,623,,,,,,,2,NO INDICATION OF INJURY,0,0,0,0,0,3,0,10,5,4,,,,,
CLEAR,DAYLIGHT,PARKED MOTOR VEHICLE,DIVIDED - W/MEDIAN (NOT RAISED),,STRAIGHT AND LEVEL,DRY,NO DEFECTS,NOT ON SCENE (DESK REPORT),NO INJURY / DRIVE AWAY,,,,"OVER $1,500",04/10/2025 15:35,UNABLE TO DETERMINE,UNABLE TO DETERMINE,2711,N,PAULINA ST,1931,,,,,,,2,NO INDICATION OF INJURY,0,0,0,0,0,1,0,13,5,4,,,,,
RAIN,DAYLIGHT,SIDESWIPE SAME DIRECTION,NOT DIVIDED,,STRAIGHT AND LEVEL,WET,NO DEFECTS,ON SCENE,NO INJURY / DRIVE AWAY,,,,"$501 - $1,500",04/10/2025 10:42,FAILING TO YIELD RIGHT-OF-WAY,NOT APPLICABLE,1150,W,DIVERSEY PKWY,1933,,,,,,,2,NO INDICATION OF INJURY,0,0,0,0,0,2,0,10,5,4,,,,,
CLEAR,DAYLIGHT,PEDALCYCLIST,FOUR WAY,,STRAIGHT AND LEVEL,DRY,NO DEFECTS,NOT ON SCENE (DESK REPORT),INJURY AND / OR TOW DUE TO CRASH,Y,,Y,$500 OR LESS,06/11/2025 13:02,FAILING TO YIELD RIGHT-OF-WAY,FAILING TO YIELD RIGHT-OF-WAY,2,W,109TH ST,513,,,,,,,2,INCAPACITATING INJURY,1,0,1,0,0,1,0,13,4,6,,,,,
CLEAR,DAYLIGHT,ANGLE,NOT DIVIDED,,STRAIGHT AND LEVEL,UNKNOWN,UNKNOWN,NOT ON SCENE (DESK REPORT),NO INJURY / DRIVE AWAY,,,,"$501 - $1,500",04/10/2025 14:00,"VISION OBSCURED (SIGNS, TREE LIMBS, BUILDINGS, ETC.)",NOT APPLICABLE,2412,W,59TH ST,824,,,,,,,2,NO INDICATION OF INJURY,0,0,0,0,0,2,0,13,5,4,,,,,
CLEAR,DAYLIGHT,REAR END,NOT DIVIDED,,STRAIGHT AND LEVEL,UNKNOWN,UNKNOWN,NOT ON SCENE (DESK REPORT),INJURY AND / OR TOW DUE TO CRASH,,,,"OVER $1,500",03/21/2025 14:05,FOLLOWING TOO CLOSELY,UNABLE TO DETERMINE,4329,N,LARAMIE AVE,1624,,,,,,,2,"REPORTED, NOT EVIDENT",1,0,0,0,1,2,0,13,6,3,,,,,
CLOUDY/OVERCAST,DAYLIGHT,PARKED MOTOR VEHICLE,ONE-WAY,,STRAIGHT AND LEVEL,UNKNOWN,UNKNOWN,NOT ON SCENE (DESK REPORT),NO INJURY / DRIVE AWAY,,,Y,"OVER $1,500",04/10/2025 20:45,UNABLE TO DETERMINE,NOT APPLICABLE,2155,N,KILBOURN AVE,2522,,,,,,,2,NO INDICATION OF INJURY,0,0,0,0,0,1,0,14,5,4,,,,,