WEATHER_CONDITION,LIGHTING_CONDITION,FIRST_CRASH_TYPE,TRAFFICWAY_TYPE,LANE_CNT,ALIGNMENT,ROADWAY_SURFACE_COND,ROAD_DEFECT,REPORT_TYPE,CRASH_TYPE,INTERSECTION_RELATED_I,NOT_RIGHT_OF_WAY_I,HIT_AND_RUN_I,DAMAGE,DATE_POLICE_NOTIFIED,PRIM_CONTRIBUTORY_CAUSE,SEC_CONTRIBUTORY_CAUSE,STREET_NO,STREET_DIRECTION,STREET_NAME,BEAT_OF_OCCURRENCE,PHOTOS_TAKEN_I,STATEMENTS_TAKEN_I,DOORING_I,WORK_ZONE_I,WORK_ZONE_TYPE,WORKERS_PRESENT_I,NUM_UNITS,MOST_SEVERE_INJURY,INJURIES_TOTAL,INJURIES_FATAL,INJURIES_INCAPACITATING,INJURIES_NON_INCAPACITATING,INJURIES_REPORTED_NOT_EVIDENT,INJURIES_NO_INDICATION,INJURIES_UNKNOWN,CRASH_HOUR,CRASH_DAY_OF_WEEK,CRASH_MONTH,INJURIES_NO_INDICATION,INJURIES_UNKNOWN,CRASH_HOUR,CRASH_DAY_OF_WEEK,CRASH_MONTH
UNKNOWN,DAYLIGHT,REAR TO FRONT,PARKING LOT,,STRAIGHT AND LEVEL,UNKNOWN,NO DEFECTS,NOT ON SCENE (DESK REPORT),INJURY AND / OR TOW DUE TO CRASH,,Y,Y,"OVER $1,500",04/01/2025 18:45,IMPROPER BACKING,UNABLE TO DETERMINE,4667,S,LAKE PARK AVE,222,,,,,,,2,NONINCAPACITATING INJURY,1,0,0,1,0,3,0,14,6,3,,,,,
CLEAR,UNKNOWN,PARKED MOTOR VEHICLE,NOT DIVIDED,,STRAIGHT AND LEVEL,DRY,NO DEFECTS,NOT ON SCENE (DESK REPORT),NO INJURY / DRIVE AWAY,,,Y,"OVER $1,500",06/11/2025 6:15,UNABLE TO DETERMINE,NOT APPLICABLE,208,N,JUSTINE ST,1215,,,,,,,2,NO INDICATION OF INJURY,0,0,0,0,0,1,0,16,3,6,,,,,
CLEAR,DAYLIGHT,TURNING,NOT DIVIDED,,STRAIGHT AND LEVEL,UNKNOWN,UNKNOWN,NOT ON SCENE (DESK REPORT),NO INJURY / DRIVE AWAY,,,,"OVER $1,500",06/11/2025 17:10,FAILING TO REDUCE SPEED TO AVOID CRASH,DRIVING SKILLS/KNOWLEDGE/EXPERIENCE,13794,S,BRAINARD AVE,433,,,,,,,2,NO INDICATION OF INJURY,0,0,0,0,0,2,0,16,4,6,,,,,
CLEAR,DAYLIGHT,TURNING,ALLEY,,STRAIGHT AND LEVEL,DRY,UNKNOWN,ON SCENE,INJURY AND / OR TOW DUE TO CRASH,N,,Y,"$501 - $1,500",08/28/2025 16:15,FAILING TO REDUCE SPEED TO AVOID CRASH,NOT APPLICABLE,2760,N,KOSTNER AVE,2524,,,,,,,2,"REPORTED, NOT EVIDENT",2,0,0,0,2,2,0,16,5,8,,,,,
CLEAR,DAYLIGHT,REAR END,NOT DIVIDED,,STRAIGHT AND LEVEL,DRY,NO DEFECTS,NOT ON SCENE (DESK REPORT),NO INJURY / DRIVE AWAY,,,,"OVER $1,500",11/03/2025 20:00,FOLLOWING TOO CLOSELY,UNABLE TO DETERMINE,1111,W,DIVISION ST,1822,,,,,,,2,NO INDICATION OF INJURY,0,0,0,0,0,2,0,16,2,10,,,,,
CLEAR,DAYLIGHT,TURNING,DIVIDED - W/MEDIAN (NOT RAISED),,STRAIGHT AND LEVEL,DRY,UNKNOWN,NOT ON SCENE (DESK REPORT),NO INJURY / DRIVE AWAY,,,,"OVER $1,500",01/18/2025 15:45,UNABLE TO DETERMINE,NOT APPLICABLE,3119,N,LARAMIE AVE,2521,,,,,,,2,NO INDICATION OF INJURY,0,0,0,0,0,3,0,14,7,1,,,,,
CLEAR,DAYLIGHT,SIDESWIPE SAME DIRECTION,NOT DIVIDED,,STRAIGHT AND LEVEL,DRY,NO DEFECTS,NOT ON SCENE (DESK REPORT),NO INJURY / DRIVE AWAY,,,Y,$500 OR LESS,08/28/2025 17:25,UNABLE TO DETERMINE,UNABLE TO DETERMINE,2,N,HALSTED ST,1224,,,,,,,2,NO INDICATION OF INJURY,0,0,0,0,0,2,0,17,5,8,,,,,
CLEAR,DAYLIGHT,SIDESWIPE SAME DIRECTION,DIVIDED - W/MEDIAN BARRIER,,STRAIGHT AND LEVEL,DRY,UNKNOWN,NOT ON SCENE (DESK REPORT),NO INJURY / DRIVE AWAY,,,,"OVER $1,500",10/05/2025 14:40,FAILING TO YIELD RIGHT-OF-WAY,NOT APPLICABLE,2600,N,ASHLAND AVE,1931,,,,,,,2,NO INDICATION OF INJURY,0,0,0,0,0,2,0,14,1,10,,,,,
CLEAR,"DARKNESS, LIGHTED ROAD",PARKED MOTOR VEHICLE,ONE-WAY,,STRAIGHT AND LEVEL,DRY,NO DEFECTS,ON SCENE,NO INJURY / DRIVE AWAY,,,Y,"OVER $1,500",01/18/2025 1:39,FAILING TO REDUCE SPEED TO AVOID CRASH,UNABLE TO DETERMINE,2106,N,MILWAUKEE AVE,1431,,,,,,,3,NO INDICATION OF INJURY,0,0,0,0,0,2,0,1,7,1,,,,,
CLEAR,DAYLIGHT,REAR TO FRONT,PARKING LOT,,STRAIGHT AND LEVEL,DRY,NO DEFECTS,NOT ON SCENE (DESK REPORT),NO INJURY / DRIVE AWAY,,,,"OVER $1,500",03/21/2025 16:00,FAILING TO YIELD RIGHT-OF-WAY,NOT APPLICABLE,1800,W,LAWRENCE AVE,2032,,,,,,,2,NO INDICATION OF INJURY,0,0,0,0,0,2,0,15,6,3,,,,,
CLEAR,"DARKNESS, LIGHTED ROAD",FIXED OBJECT,NOT DIVIDED,,STRAIGHT AND LEVEL,DRY,UNKNOWN,ON SCENE,INJURY AND / OR TOW DUE TO CRASH,,,,"OVER $1,500",06/11/2025 23:55,UNABLE TO DETERMINE,NOT APPLICABLE,8027,S,CICERO AVE,834,,,,,,,1,NONINCAPACITATING INJURY,2,0,0,2,0,0,0,23,4,6,,,,,
CLEAR,DAYLIGHT,SIDESWIPE SAME DIRECTION,NOT DIVIDED,,STRAIGHT AND LEVEL,DRY,NO DEFECTS,ON SCENE,INJURY AND / OR TOW DUE TO CRASH,,,,"OVER $1,500",06/11/2025 12:10,FAILING TO YIELD RIGHT-OF-WAY,FAILING TO YIELD RIGHT-OF-WAY,3143,W,55TH ST,824,,,,,,,2,NO INDICATION OF INJURY,0,0,0,0,0,2,0,12,4,6,,,,,
CLEAR,DAYLIGHT,REAR END,NOT DIVIDED,,STRAIGHT AND LEVEL,DRY,UNKNOWN,NOT ON SCENE (DESK REPORT),NO INJURY / DRIVE AWAY,,,,"OVER $1,500",08/28/2025 18:30,FOLLOWING TOO CLOSELY,NOT APPLICABLE,636,N,ORLEANS ST,1831,,,,,,,2,NO INDICATION OF INJURY,0,0,0,0,0,2,0,6,5,8,,,,,
CLEAR,DAYLIGHT,SIDESWIPE SAME DIRECTION,DIVIDED - W/MEDIAN (NOT RAISED),,STRAIGHT AND LEVEL,DRY,NO DEFECTS,NOT ON SCENE (DESK REPORT),NO INJURY / DRIVE AWAY,,,,"$501 - $1,500",10/27/2025 16:00,IMPROPER OVERTAKING/PASSING,FAILING TO YIELD RIGHT-OF-WAY,3947,N,HARLEM AVE,1632,,,,,,,2,NO INDICATION OF INJURY,0,0,0,0,0,2,0,15,2,10,,,,,
CLEAR,"DARKNESS, LIGHTED ROAD",PARKED MOTOR VEHICLE,NOT DIVIDED,,STRAIGHT AND LEVEL,UNKNOWN,UNKNOWN,NOT ON SCENE (DESK REPORT),NO INJURY / DRIVE AWAY,,,Y,"OVER $1,500",03/21/2025 19:25,UNABLE TO DETERMINE,UNABLE TO DETERMINE,5517,W,WINDSOR AVE,1623,,,,,,,2,NO INDICATION OF INJURY,0,0,0,0,0,1,0,18,6,3,,,,,
CLEAR,UNKNOWN,OTHER OBJECT,OTHER,,STRAIGHT AND LEVEL,DRY,UNKNOWN,NOT ON SCENE (DESK REPORT),NO INJURY / DRIVE AWAY,,Y,Y,"OVER $1,500",10/06/2025 13:25,UNABLE TO DETERMINE,NOT APPLICABLE,6200,W,BLOOMINGDALE AVE,2513,,,,,,,1,NO INDICATION OF INJURY,0,0,0,0,0,1,0,10,1,10,,,,,
CLEAR,"DARKNESS, LIGHTED ROAD",HEAD ON,"FIVE POINT, OR MORE",,STRAIGHT AND LEVEL,DRY,NO DEFECTS,ON SCENE,NO INJURY / DRIVE AWAY,,,,"OVER $1,500",10/05/2025 0:58,DISTRACTION - FROM INSIDE VEHICLE,NOT APPLICABLE,801,W,FULLERTON AVE,1812,,,,,,,2,NO INDICATION OF INJURY,0,0,0,0,0,2,0,0,1,10,,,,,
CLEAR,DAYLIGHT,SIDESWIPE SAME DIRECTION,NOT DIVIDED,,STRAIGHT AND LEVEL,UNKNOWN,UNKNOWN,NOT ON SCENE (DESK REPORT),NO INJURY / DRIVE AWAY,,,,"OVER $1,500",03/21/2025 16:40,UNABLE TO DETERMINE,UNABLE TO DETERMINE,800,N,SANGAMON ST,1213,,,,,,,2,NO INDICATION OF INJURY,0,0,0,0,0,2,0,15,6,3,,,,,
CLEAR,DAYLIGHT,REAR END,NOT DIVIDED,,STRAIGHT AND LEVEL,UNKNOWN,UNKNOWN,NOT ON SCENE (DESK REPORT),NO INJURY / DRIVE AWAY,,,,"OVER $1,500",06/11/2025 10:20,UNABLE TO DETERMINE,UNABLE TO DETERMINE,2759,N,NORMANDY AVE,2512,,,,,,,2,NO INDICATION OF INJURY,0,0,0,0,0,4,0,10,2,6,,,,,
CLEAR,DAYLIGHT,PARKED MOTOR VEHICLE,ONE-WAY,,STRAIGHT AND LEVEL,DRY,NO DEFECTS,ON SCENE,NO INJURY / DRIVE AWAY,,,,"OVER $1,500",06/10/2025 12:01,UNABLE TO DETERMINE,NOT APPLICABLE,2343,N,TALMAN AVE,1431,,,,,,,2,NO INDICATION OF INJURY,0,0,0,0,0,1,0,11,3,6,,,,,
CLEAR,DAYLIGHT,REAR TO SIDE,UNKNOWN INTERSECTION TYPE,,STRAIGHT AND LEVEL,DRY,NO DEFECTS,ON SCENE,NO INJURY / DRIVE AWAY,Y,,Y,"OVER $1,500",06/11/2025 19:47,DISREGARDING TRAFFIC SIGNALS,NOT APPLICABLE,7560,S,LAFAYETTE AVE,623,,,,,,,2,NO INDICATION OF INJURY,0,0,0,0,0,4,0,19,4,6,,,,,
CLEAR,DAYLIGHT,ANGLE,PARKING LOT,,STRAIGHT AND LEVEL,DRY,NO DEFECTS,NOT ON SCENE (DESK REPORT),NO INJURY / DRIVE AWAY,,,,"$501 - $1,500",06/11/2025 18:45,FOLLOWING TOO CLOSELY,NOT APPLICABLE,601,W,MONTROSE DR,1915,,,,,,,2,NO INDICATION OF INJURY,0,0,0,0,0,2,0,15,4,6,,,,,
CLEAR,"DARKNESS, LIGHTED ROAD",PARKED MOTOR VEHICLE,NOT DIVIDED,,STRAIGHT AND LEVEL,DRY,NO DEFECTS,ON SCENE,NO INJURY / DRIVE AWAY,,,Y,"OVER $1,500",06/12/2025 0:33,DRIVING SKILLS/KNOWLEDGE/EXPERIENCE,UNABLE TO DETERMINE,8138,S,WENTWORTH AVE,622,,,,,,,3,NO INDICATION OF INJURY,0,0,0,0,0,2,0,0,5,6,,,,,
CLEAR,DAYLIGHT,TURNING,NOT DIVIDED,,STRAIGHT AND LEVEL,DRY,UNKNOWN,NOT ON SCENE (DESK REPORT),INJURY AND / OR TOW DUE TO CRASH,Y,,,"OVER $1,500",06/24/2025 6:18,UNABLE TO DETERMINE,UNABLE TO DETERMINE,2000,W,87TH ST,614,,,,,,,2,NONINCAPACITATING INJURY,1,0,0,1,0,2,0,6,3,6,,,,,
CLEAR,DAYLIGHT,REAR TO SIDE,PARKING LOT,,STRAIGHT AND LEVEL,DRY,UNKNOWN,ON SCENE,NO INJURY / DRIVE AWAY,,,,$500 OR LESS,03/21/2025 11:04,UNABLE TO DETERMINE,UNABLE TO DETERMINE,4801,W,DIVERSEY AVE,2521,,,,,,,2,NO INDICATION OF INJURY,0,0,0,0,0,2,0,11,6,3,,,,,
CLEAR,DAYLIGHT,TURNING,FOUR WAY,,STRAIGHT AND LEVEL,DRY,UNKNOWN,NOT ON SCENE (DESK REPORT),NO INJURY / DRIVE AWAY,Y,,,"OVER $1,500",04/10/2025 12:30,IMPROPER TURNING/NO SIGNAL,UNABLE TO DETERMINE,1600,N,LA SALLE DR,1814,,,,,,,2,NO INDICATION OF INJURY,0,0,0,0,0,2,0,11,5,4,,,,,
CLEAR,DARKNESS,PARKED MOTOR VEHICLE,NOT DIVIDED,,STRAIGHT AND LEVEL,DRY,UNKNOWN,ON SCENE,INJURY AND / OR TOW DUE TO CRASH,,,Y,"OVER $1,500",01/18/2025 20:48,DRIVING SKILLS/KNOWLEDGE/EXPERIENCE,NOT APPLICABLE,4230,W,56TH ST,813,,,,,,,3,NO INDICATION OF INJURY,0,0,0,0,0,1,0,20,7,1,,,,,
UNKNOWN,"DARKNESS, LIGHTED ROAD",TURNING,NOT DIVIDED,,STRAIGHT AND LEVEL,UNKNOWN,UNKNOWN,NOT ON SCENE (DESK REPORT),NO INJURY / DRIVE AWAY,,,,"OVER $1,500",06/11/2025 16:15,UNABLE TO DETERMINE,NOT APPLICABLE,3958,N,ELSTON AVE,1732,,,,,,,2,NO INDICATION OF INJURY,0,0,0,0,0,2,0,22,1,6,,,,,
CLEAR,DAYLIGHT,REAR END,DIVIDED - W/MEDIAN (NOT RAISED),,STRAIGHT AND LEVEL,DRY,NO DEFECTS,NOT ON SCENE (DESK REPORT),NO INJURY / DRIVE AWAY,,,,$500 OR LESS,06/11/2025 14:00,FOLLOWING TOO CLOSELY,NOT APPLICABLE,3145,S,ASHLAND AVE,912,,,,,,,2,NO INDICATION OF INJURY,0,0,0,0,0,2,0,12,2,6,,,,,
CLEAR,DAYLIGHT,TURNING,PARKING LOT,,STRAIGHT AND LEVEL,DRY,NO DEFECTS,NOT ON SCENE (DESK REPORT),NO INJURY / DRIVE AWAY,,Y,,"OVER $1,500",06/11/2025 14:00,IMPROPER TURNING/NO SIGNAL,NOT APPLICABLE,7300,S,KEDZIE AVE,835,,,,,,,2,NO INDICATION OF INJURY,0,0,0,0,0,2,0,17,3,6,,,,,
CLEAR,DAYLIGHT,TURNING,NOT DIVIDED,,STRAIGHT AND LEVEL,DRY,NO DEFECTS,ON SCENE,NO INJURY / DRIVE AWAY,Y,,Y,"OVER $1,500",06/11/2025 16:03,UNABLE TO DETERMINE,UNABLE TO DETERMINE,4667,W,WASHINGTON BLVD,1113,,,,,,,2,NO INDICATION OF INJURY,0,0,0,0,0,3,0,16,4,6,,,,,
CLEAR,DAYLIGHT,REAR END,NOT DIVIDED,,STRAIGHT AND LEVEL,UNKNOWN,UNKNOWN,NOT ON SCENE (DESK REPORT),NO INJURY / DRIVE AWAY,,,,"OVER $1,500",06/11/2025 18:40,FOLLOWING TOO CLOSELY,NOT APPLICABLE,3186,W,83RD ST,835,,,,,,,2,NO INDICATION OF INJURY,0,0,0,0,0,3,0,18,4,6,,,,,
CLEAR,DAYLIGHT,FIXED OBJECT,FOUR WAY,,STRAIGHT AND LEVEL,DRY,NO DEFECTS,ON SCENE,INJURY AND / OR TOW DUE TO CRASH,,,,"OVER $1,500",06/11/2025 8:03,UNABLE TO DETERMINE,NOT APPLICABLE,5331,W,CHICAGO AVE,1524,,,,,,,1,NO INDICATION OF INJURY,0,0,0,0,0,4,0,8,4,6,,,,,
CLEAR,DAYLIGHT,PARKED MOTOR VEHICLE,NOT DIVIDED,,STRAIGHT AND LEVEL,DRY,NO DEFECTS,ON SCENE,NO INJURY / DRIVE AWAY,,,,"OVER $1,500",01/18/2025 11:22,IMPROPER OVERTAKING/PASSING,NOT APPLICABLE,821,E,48TH ST,223,,,,,,,2,NO INDICATION OF INJURY,0,0,0,0,0,3,0,11,7,1,,,,,
CLEAR,DAYLIGHT,TURNING,NOT DIVIDED,,STRAIGHT AND LEVEL,DRY,UNKNOWN,ON SCENE,NO INJURY / DRIVE AWAY,,,,"$501 - $1,500",03/21/2025 7:50,FAILING TO YIELD RIGHT-OF-WAY,FAILING TO YIELD RIGHT-OF-WAY,4501,N,NARRAGANSETT AVE,1622,,,,,,,2,NO INDICATION OF INJURY,0,0,0,0,0,3,0,7,6,3,,,,,
CLEAR,DAYLIGHT,REAR END,DIVIDED - W/MEDIAN (NOT RAISED),,STRAIGHT AND LEVEL,DRY,NO DEFECTS,NOT ON SCENE (DESK REPORT),NO INJURY / DRIVE AWAY,,,,"OVER $1,500",04/10/2025 18:18,UNABLE TO DETERMINE,NOT APPLICABLE,4715,S,ASHLAND AVE,933,,,,,,,2,NO INDICATION OF INJURY,0,0,0,0,0,3,0,17,5,4,,,,,
CLEAR,DAYLIGHT,REAR TO FRONT,PARKING LOT,,STRAIGHT AND LEVEL,DRY,NO DEFECTS,NOT ON SCENE (DESK REPORT),NO INJURY / DRIVE AWAY,,,,"OVER $1,500",04/10/2025 17:30,UNABLE TO DETERMINE,UNABLE TO DETERMINE,2333,W,MADISON ST,1223,,,,,,,2,NO INDICATION OF INJURY,0,0,0,0,0,2,0,16,5,4,,,,,
CLEAR,DAYLIGHT,SIDESWIPE SAME DIRECTION,NOT DIVIDED,,STRAIGHT AND LEVEL,DRY,NO DEFECTS,NOT ON SCENE (DESK REPORT),NO INJURY / DRIVE AWAY,,,,"$501 - $1,500",01/18/2025 19:04,NOT APPLICABLE,NOT APPLICABLE,5401,S,HARLEM AVE,811,,,,,,,2,NO INDICATION OF INJURY,0,0,0,0,0,2,0,15,7,1,,,,,
CLEAR,DAYLIGHT,REAR TO SIDE,ONE-WAY,,STRAIGHT AND LEVEL,DRY,UNKNOWN,NOT ON SCENE (DESK REPORT),NO INJURY / DRIVE AWAY,,,,"$501 - $1,500",01/18/2025 10:54,IMPROPER BACKING,UNABLE TO DETERMINE,4538,N,KARLOV AVE,1722,,,,,,,2,NO INDICATION OF INJURY,0,0,0,0,0,2,0,10,7,1,,,,,
CLEAR,DAYLIGHT,PARKED MOTOR VEHICLE,ONE-WAY,,STRAIGHT AND LEVEL,DRY,NO DEFECTS,ON SCENE,NO INJURY / DRIVE AWAY,,,,"OVER $1,500",03/21/2025 8:10,UNABLE TO DETERMINE,UNABLE TO DETERMINE,4417,N,CLIFTON AVE,1913,,,,,,,2,NO INDICATION OF INJURY,0,0,0,0,0,1,0,8,6,3,,,,,
CLEAR,DARKNESS,REAR END,NOT DIVIDED,,STRAIGHT AND LEVEL,DRY,UNKNOWN,NOT ON SCENE (DESK REPORT),NO INJURY / DRIVE AWAY,Y,,N,"OVER $1,500",06/11/2025 14:00,FAILING TO YIELD RIGHT-OF-WAY,FAILING TO YIELD RIGHT-OF-WAY,698,S,ASHLAND AVE,1231,,,,,,,2,NO INDICATION OF INJURY,0,0,0,0,0,2,0,12,7,6,,,,,
CLEAR,DAYLIGHT,SIDESWIPE SAME DIRECTION,NOT DIVIDED,,STRAIGHT AND LEVEL,DRY,NO DEFECTS,ON SCENE,NO INJURY / DRIVE AWAY,Y,,,"OVER $1,500",06/10/2025 12:51,IMPROPER LANE USAGE,UNABLE TO DETERMINE,6201,N,NAGLE AVE,1611,,,,,,,3,NO INDICATION OF INJURY,0,0,0,0,0,3,0,12,3,6,,,,,
CLEAR,"DARKNESS, LIGHTED ROAD",PARKED MOTOR VEHICLE,PARKING LOT,,STRAIGHT AND LEVEL,DRY,NO DEFECTS,NOT ON SCENE (DESK REPORT),NO INJURY / DRIVE AWAY,,,Y,"OVER $1,500",06/11/2025 17:40,UNABLE TO DETERMINE,UNABLE TO DETERMINE,5324,S,PULASKI RD,815,,,,,,,2,NO INDICATION OF INJURY,0,0,0,0,0,1,0,20,3,6,,,,,
CLEAR,DAYLIGHT,PARKED MOTOR VEHICLE,ONE-WAY,,STRAIGHT AND LEVEL,DRY,NO DEFECTS,NOT ON SCENE (DESK REPORT),NO INJURY / DRIVE AWAY,,,Y,"OVER $1,500",06/11/2025 16:50,UNABLE TO DETERMINE,UNABLE TO DETERMINE,421,S,HOMAN AVE,1134,,,,,,,2,NO INDICATION OF INJURY,0,0,0,0,0,1,0,12,4,6,,,,,
CLEAR,DAYLIGHT,REAR END,NOT DIVIDED,,STRAIGHT AND LEVEL,DRY,NO DEFECTS,ON SCENE,INJURY AND / OR TOW DUE TO CRASH,,,,"OVER $1,500",01/18/2025 8:12,FAILING TO REDUCE SPEED TO AVOID CRASH,DRIVING SKILLS/KNOWLEDGE/EXPERIENCE,10624,S,EWING AVE,432,,,,,,,2,NO INDICATION OF INJURY,0,0,0,0,0,3,0,8,7,1,,,,,
CLEAR,DAYLIGHT,PEDESTRIAN,NOT DIVIDED,,STRAIGHT AND LEVEL,DRY,NO DEFECTS,ON SCENE,INJURY AND / OR TOW DUE TO CRASH,,,Y,"OVER $1,500",03/21/2025 17:30,FAILING TO YIELD RIGHT-OF-WAY,FAILING TO YIELD RIGHT-OF-WAY,200,N,GREEN ST,1214,,,,,,,2,"REPORTED, NOT EVIDENT",1,0,0,0,1,1,0,17,6,3,,,,,
CLEAR,DARKNESS,PARKED MOTOR VEHICLE,NOT DIVIDED,,STRAIGHT AND LEVEL,DRY,UNKNOWN,NOT ON SCENE (DESK REPORT),NO INJURY / DRIVE AWAY,,,Y,"OVER $1,500",03/22/2025 9:40,UNABLE TO DETERMINE,NOT APPLICABLE,7401,S,SOUTH CHICAGO AVE,324,,,,,,,2,NO INDICATION OF INJURY,0,0,0,0,0,1,0,22,6,3,,,,,
CLEAR,DAYLIGHT,PARKED MOTOR VEHICLE,PARKING LOT,,STRAIGHT AND LEVEL,DRY,NO DEFECTS,NOT ON SCENE (DESK REPORT),NO INJURY / DRIVE AWAY,,Y,Y,"OVER $1,500",03/21/2025 15:35,UNABLE TO DETERMINE,NOT APPLICABLE,2349,E,93RD ST,413,,,,,,,2,NO INDICATION OF INJURY,0,0,0,0,0,1,0,13,6,3,,,,,
CLEAR,"DARKNESS, LIGHTED ROAD",ANGLE,DIVIDED - W/MEDIAN (NOT RAISED),,STRAIGHT AND LEVEL,DRY,NO DEFECTS,ON SCENE,NO INJURY / DRIVE AWAY,Y,,,"OVER $1,500",01/18/2025 0:10,UNABLE TO DETERMINE,UNABLE TO DETERMINE,300,S,MICHIGAN AVE,113,,N,,,,,2,NO INDICATION OF INJURY,0,0,0,0,0,3,0,0,7,1,,,,,
CLEAR,DAYLIGHT,ANGLE,FOUR WAY,,STRAIGHT AND LEVEL,DRY,NO DEFECTS,ON SCENE,INJURY AND / OR TOW DUE TO CRASH,Y,,,"OVER $1,500",01/18/2025 14:43,FAILING TO REDUCE SPEED TO AVOID CRASH,UNABLE TO DETERMINE,2,N,FRANKLIN ST,122,,,,,,,2,NO INDICATION OF INJURY,0,0,0,0,0,2,0,13,7,1,,,,,
CLEAR,DAYLIGHT,REAR END,OTHER,,STRAIGHT AND LEVEL,DRY,NO DEFECTS,NOT ON SCENE (DESK REPORT),NO INJURY / DRIVE AWAY,,,,$500 OR LESS,06/09/2025 15:25,UNABLE TO DETERMINE,NOT APPLICABLE,2635,N,CLARK ST,1935,,Y,,,,,2,NO INDICATION OF INJURY,0,0,0,0,0,2,0,13,2,6,,,,,
CLOUDY/OVERCAST,DAYLIGHT,ANGLE,PARKING LOT,,STRAIGHT AND LEVEL,DRY,NO DEFECTS,NOT ON SCENE (DESK REPORT),NO INJURY / DRIVE AWAY,,Y,,"$501 - $1,500",06/11/2025 18:20,UNABLE TO DETERMINE,UNABLE TO DETERMINE,6300,S,COAST GUARD DR,331,,,,,,,2,NO INDICATION OF INJURY,0,0,0,0,0,3,0,16,4,6,,,,,
CLEAR,DAYLIGHT,SIDESWIPE SAME DIRECTION,NOT DIVIDED,,STRAIGHT AND LEVEL,DRY,NO DEFECTS,NOT ON SCENE (DESK REPORT),NO INJURY / DRIVE AWAY,Y,,,"$501 - $1,500",10/27/2025 9:00,IMPROPER OVERTAKING/PASSING,NOT APPLICABLE,100,E,IDA B WELLS DR,114,,,,,,,2,NO INDICATION OF INJURY,0,0,0,0,0,2,0,7,2,10,,,,,
CLEAR,DAYLIGHT,REAR END,NOT DIVIDED,,STRAIGHT AND LEVEL,DRY,NO DEFECTS,NOT ON SCENE (DESK REPORT),NO INJURY / DRIVE AWAY,,,,"$501 - $1,500",04/10/2025 12:12,DRIVING SKILLS/KNOWLEDGE/EXPERIENCE,NOT APPLICABLE,200,W,NORTH AVE,1814,,,,,,,2,NO INDICATION OF INJURY,0,0,0,0,0,2,0,11,5,4,,,,,
CLEAR,"DARKNESS, LIGHTED ROAD",SIDESWIPE SAME DIRECTION,ONE-WAY,,STRAIGHT AND LEVEL,DRY,"RUT, HOLES",ON SCENE,NO INJURY / DRIVE AWAY,,,,"OVER $1,500",01/18/2025 21:34,UNABLE TO DETERMINE,NOT APPLICABLE,8630,W,SUMMERDALE AVE,1614,,,,,,,2,NO INDICATION OF INJURY,0,0,0,0,0,3,0,21,7,1,,,,,
CLEAR,DAYLIGHT,TURNING,DIVIDED - W/MEDIAN (NOT RAISED),,STRAIGHT AND LEVEL,DRY,NO DEFECTS,ON SCENE,INJURY AND / OR TOW DUE TO CRASH,,,,"OVER $1,500",04/10/2025 19:19,NOT APPLICABLE,NOT APPLICABLE,2853,N,MILWAUKEE AVE,1412,,,,,,,2,NO INDICATION OF INJURY,0,0,0,0,0,2,0,19,5,4,,,,,
CLEAR,"DARKNESS, LIGHTED ROAD",PARKED MOTOR VEHICLE,DIVIDED - W/MEDIAN (NOT RAISED),,STRAIGHT AND LEVEL,WET,WORN SURFACE,ON SCENE,NO INJURY / DRIVE AWAY,,,,"OVER $1,500",01/18/2025 1:40,DISTRACTION - FROM OUTSIDE VEHICLE,DISTRACTION - FROM OUTSIDE VEHICLE,1901,S,WENTWORTH AVE,914,,,,,,,2,NO INDICATION OF INJURY,0,0,0,0,0,1,0,0,7,1,,,,,
CLEAR,DAYLIGHT,TURNING,OTHER,,STRAIGHT AND LEVEL,DRY,NO DEFECTS,ON SCENE,NO INJURY / DRIVE AWAY,,,Y,"OVER $1,500",06/11/2025 18:22,UNABLE TO DETERMINE,UNABLE TO DETERMINE,5200,W,JACKSON BLVD,1522,,,,,,,2,NO INDICATION OF INJURY,0,0,0,0,0,2,0,18,4,6,,,,,
CLEAR,DAYLIGHT,TURNING,NOT DIVIDED,,STRAIGHT AND LEVEL,DRY,UNKNOWN,ON SCENE,NO INJURY / DRIVE AWAY,,,,"OVER $1,500",06/11/2025 7:45,UNABLE TO DETERMINE,UNABLE TO DETERMINE,5507,N,ROCKWELL ST,2011,,,,,,,2,NO INDICATION OF INJURY,0,0,0,0,0,2,0,7,4,6,,,,,
CLEAR,DAYLIGHT,REAR END,NOT DIVIDED,,STRAIGHT AND LEVEL,DRY,NO DEFECTS,ON SCENE,INJURY AND / OR TOW DUE TO CRASH,,,,"$501 - $1,500",07/30/2025 8:29,UNABLE TO DETERMINE,NOT APPLICABLE,1158,S,CENTRAL AVE,1513,,,,,,,2,"REPORTED, NOT EVIDENT",1,0,0,0,1,2,0,8,4,7,,,,,
CLEAR,DAYLIGHT,SIDESWIPE SAME DIRECTION,ONE-WAY,,STRAIGHT AND LEVEL,DRY,NO DEFECTS,NOT ON SCENE (DESK REPORT),NO INJURY / DRIVE AWAY,,,,"$501 - $1,500",08/20/2025 15:00,IMPROPER OVERTAKING/PASSING,IMPROPER OVERTAKING/PASSING,444,W,JACKSON BLVD,121,,,,,,,2,NO INDICATION OF INJURY,0,0,0,0,0,2,0,14,4,8,,,,,