WEATHER_CONDITION,LIGHTING_CONDITION,FIRST_CRASH_TYPE,TRAFFICWAY_TYPE,LANE_CNT,ALIGNMENT,ROADWAY_SURFACE_COND,ROAD_DEFECT,REPORT_TYPE,CRASH_TYPE,INTERSECTION_RELATED_I,NOT_RIGHT_OF_WAY_I,HIT_AND_RUN_I,DAMAGE,DATE_POLICE_NOTIFIED,PRIM_CONTRIBUTORY_CAUSE,SEC_CONTRIBUTORY_CAUSE,STREET_NO,STREET_DIRECTION,STREET_NAME,BEAT_OF_OCCURRENCE,PHOTOS_TAKEN_I,STATEMENTS_TAKEN_I,DOORING_I,WORK_ZONE_I,WORK_ZONE_TYPE,WORKERS_PRESENT_I,NUM_UNITS,MOST_SEVERE_INJURY,INJURIES_TOTAL,INJURIES_FATAL,INJURIES_INCAPACITATING,INJURIES_NON_INCAPACITATING,INJURIES_REPORTED_NOT_EVIDENT,INJURIES_NO_INDICATION,INJURIES_UNKNOWN,CRASH_HOUR,CRASH_DAY_OF_WEEK,CRASH_MONTH,INJURIES_NO_INDICATION,INJURIES_UNKNOWN,CRASH_HOUR,CRASH_DAY_OF_WEEK,CRASH_MONTH
RAIN,DAYLIGHT,REAR END,FOUR WAY,,STRAIGHT AND LEVEL,WET,UNKNOWN,NOT ON SCENE (DESK REPORT),NO INJURY / DRIVE AWAY,Y,,,"OVER $1,500",05/28/2025 7:30,FOLLOWING TOO CLOSELY,DISTRACTION - FROM INSIDE VEHICLE,6700,S,ASHLAND AVE,725,,,,,,,2,NO INDICATION OF INJURY,0,0,0,0,0,2,0,7,4,5,,,,,
CLEAR,"DARKNESS, LIGHTED ROAD",PARKED MOTOR VEHICLE,ONE-WAY,,STRAIGHT AND LEVEL,DRY,NO DEFECTS,ON SCENE,NO INJURY / DRIVE AWAY,,,Y,"OVER $1,500",01/18/2025 7:02,UNABLE TO DETERMINE,UNABLE TO DETERMINE,1702,E,78TH ST,414,,,,,,,2,NO INDICATION OF INJURY,0,0,0,0,0,1,0,5,7,1,,,,,
CLEAR,DAYLIGHT,TURNING,ONE-WAY,,STRAIGHT AND LEVEL,DRY,NO DEFECTS,NOT ON SCENE (DESK REPORT),NO INJURY / DRIVE AWAY,,,,"OVER $1,500",04/10/2025 10:30,IMPROPER OVERTAKING/PASSING,FAILING TO YIELD RIGHT-OF-WAY,11700,S,HARVARD AVE,522,,,,,,,2,NO INDICATION OF INJURY,0,0,0,0,0,2,0,9,5,4,,,,,
RAIN,DAYLIGHT,REAR END,FOUR WAY,,STRAIGHT AND LEVEL,WET,NO DEFECTS,ON SCENE,NO INJURY / DRIVE AWAY,,,Y,"OVER $1,500",05/28/2025 10:00,IMPROPER LANE USAGE,IMPROPER LANE USAGE,7101,S,ASHLAND AVE,734,,,,,,,2,NO INDICATION OF INJURY,0,0,0,0,0,2,0,10,4,5,,,,,
CLEAR,DAYLIGHT,REAR END,NOT DIVIDED,,STRAIGHT AND LEVEL,DRY,NO DEFECTS,NOT ON SCENE (DESK REPORT),NO INJURY / DRIVE AWAY,Y,,,"OVER $1,500",01/18/2025 16:20,FOLLOWING TOO CLOSELY,FOLLOWING TOO CLOSELY,3900,S,VINCENNES AVE,214,,,,,,,2,NO INDICATION OF INJURY,0,0,0,0,0,3,0,15,7,1,,,,,
CLEAR,DAYLIGHT,SIDESWIPE SAME DIRECTION,NOT DIVIDED,,STRAIGHT AND LEVEL,DRY,NO DEFECTS,NOT ON SCENE (DESK REPORT),NO INJURY / DRIVE AWAY,,,,"$501 - $1,500",05/28/2025 14:00,FAILING TO YIELD RIGHT-OF-WAY,NOT APPLICABLE,6800,N,WESTERN AVE,2411,,,,,,,2,NO INDICATION OF INJURY,0,0,0,0,0,3,0,12,4,5,,,,,
CLEAR,DAYLIGHT,SIDESWIPE SAME DIRECTION,NOT DIVIDED,,STRAIGHT AND LEVEL,DRY,NO DEFECTS,NOT ON SCENE (DESK REPORT),NO INJURY / DRIVE AWAY,,,,"$501 - $1,500",04/10/2025 13:10,UNABLE TO DETERMINE,UNABLE TO DETERMINE,2919,S,WESTERN AVE,1034,,,,,,,2,NO INDICATION OF INJURY,0,0,0,0,0,2,0,12,5,4,,,,,
CLEAR,"DARKNESS, LIGHTED ROAD",SIDESWIPE SAME DIRECTION,NOT DIVIDED,,STRAIGHT AND LEVEL,DRY,NO DEFECTS,NOT ON SCENE (DESK REPORT),NO INJURY / DRIVE AWAY,Y,,Y,"OVER $1,500",10/27/2025 14:05,UNABLE TO DETERMINE,UNABLE TO DETERMINE,3500,S,WESTERN BLVD,911,,,,,,,2,NO INDICATION OF INJURY,0,0,0,0,0,2,0,2,2,10,,,,,
CLEAR,DAYLIGHT,PEDALCYCLIST,NOT DIVIDED,,STRAIGHT AND LEVEL,DRY,NO DEFECTS,ON SCENE,INJURY AND / OR TOW DUE TO CRASH,,,,"$501 - $1,500",08/18/2023 18:01,FAILING TO REDUCE SPEED TO AVOID CRASH,UNABLE TO DETERMINE,3422,N,LONG AVE,1633,,,,,,,2,NONINCAPACITATING INJURY,1,0,0,1,0,1,0,17,6,8,,,,,
CLEAR,"DARKNESS, LIGHTED ROAD",REAR TO FRONT,ONE-WAY,,STRAIGHT AND LEVEL,DRY,NO DEFECTS,NOT ON SCENE (DESK REPORT),NO INJURY / DRIVE AWAY,,,Y,"OVER $1,500",05/28/2025 22:34,UNABLE TO DETERMINE,UNABLE TO DETERMINE,243,E,ONTARIO ST,1834,,,,,,,2,NO INDICATION OF INJURY,0,0,0,0,0,2,0,22,4,5,,,,,
CLEAR,DAYLIGHT,TURNING,NOT DIVIDED,,STRAIGHT AND LEVEL,DRY,UNKNOWN,ON SCENE,INJURY AND / OR TOW DUE TO CRASH,Y,,,"OVER $1,500",01/18/2025 13:35,DISREGARDING TRAFFIC SIGNALS,FAILING TO YIELD RIGHT-OF-WAY,4800,W,65TH ST,813,,,,,,,2,NO INDICATION OF INJURY,0,0,0,0,0,2,0,13,7,1,,,,,
CLOUDY/OVERCAST,DAYLIGHT,REAR END,NOT DIVIDED,,STRAIGHT AND LEVEL,UNKNOWN,UNKNOWN,NOT ON SCENE (DESK REPORT),NO INJURY / DRIVE AWAY,,,,"OVER $1,500",05/28/2025 14:45,UNABLE TO DETERMINE,UNABLE TO DETERMINE,225,E,CHICAGO AVE,1833,,,,,,,2,NO INDICATION OF INJURY,0,0,0,0,0,2,0,13,4,5,,,,,
CLEAR,DAYLIGHT,FIXED OBJECT,PARKING LOT,,STRAIGHT AND LEVEL,DRY,UNKNOWN,NOT ON SCENE (DESK REPORT),NO INJURY / DRIVE AWAY,,,,"OVER $1,500",04/10/2025 14:50,NOT APPLICABLE,NOT APPLICABLE,1100,S,HAMILTON AVE,1225,,,,,,,1,NO INDICATION OF INJURY,0,0,0,0,0,1,0,6,5,4,,,,,
CLEAR,DAYLIGHT,SIDESWIPE SAME DIRECTION,NOT DIVIDED,,STRAIGHT AND LEVEL,DRY,UNKNOWN,NOT ON SCENE (DESK REPORT),NO INJURY / DRIVE AWAY,,,,"$501 - $1,500",04/10/2025 15:00,IMPROPER OVERTAKING/PASSING,NOT APPLICABLE,131,S,STATE ST,112,,,,,,,2,NO INDICATION OF INJURY,0,0,0,0,0,2,0,14,5,4,,,,,
CLEAR,DAYLIGHT,ANGLE,PARKING LOT,,STRAIGHT AND LEVEL,DRY,NO DEFECTS,ON SCENE,INJURY AND / OR TOW DUE TO CRASH,,,,"OVER $1,500",04/10/2025 16:08,FAILING TO REDUCE SPEED TO AVOID CRASH,NOT APPLICABLE,3250,W,87TH ST,834,,,,,,,2,NO INDICATION OF INJURY,0,0,0,0,0,2,0,15,5,4,,,,,
CLEAR,DAYLIGHT,ANGLE,NOT DIVIDED,,STRAIGHT AND LEVEL,DRY,UNKNOWN,ON SCENE,INJURY AND / OR TOW DUE TO CRASH,,,,"OVER $1,500",04/10/2025 16:07,FAILING TO YIELD RIGHT-OF-WAY,IMPROPER OVERTAKING/PASSING,757,N,AUSTIN BLVD,1511,,,,,,,2,NO INDICATION OF INJURY,0,0,0,0,0,2,0,16,5,4,,,,,
CLEAR,DAYLIGHT,ANGLE,NOT DIVIDED,,STRAIGHT AND LEVEL,DRY,NO DEFECTS,ON SCENE,INJURY AND / OR TOW DUE TO CRASH,Y,,,"OVER $1,500",04/10/2025 7:18,UNABLE TO DETERMINE,UNABLE TO DETERMINE,1101,N,PULASKI RD,1112,,,,,,,2,NO INDICATION OF INJURY,0,0,0,0,0,2,0,7,5,4,,,,,
CLEAR,DAYLIGHT,PARKED MOTOR VEHICLE,DIVIDED - W/MEDIAN (NOT RAISED),,STRAIGHT AND LEVEL,DRY,UNKNOWN,,NO INJURY / DRIVE AWAY,,,,"OVER $1,500",04/10/2025 19:30,UNABLE TO DETERMINE,UNABLE TO DETERMINE,540,N,STATE ST,1831,,,,,,,2,NO INDICATION OF INJURY,0,0,0,0,0,1,0,15,5,4,,,,,
CLEAR,DAYLIGHT,TURNING,FOUR WAY,,STRAIGHT AND LEVEL,WET,NO DEFECTS,,INJURY AND / OR TOW DUE TO CRASH,Y,,,"$501 - $1,500",04/19/2025 7:38,UNABLE TO DETERMINE,UNABLE TO DETERMINE,6900,S,STONY ISLAND AVE,332,,,,,,,2,"REPORTED, NOT EVIDENT",2,0,0,0,2,1,0,6,7,4,,,,,
RAIN,DAYLIGHT,PARKED MOTOR VEHICLE,ALLEY,,STRAIGHT AND LEVEL,WET,UNKNOWN,NOT ON SCENE (DESK REPORT),NO INJURY / DRIVE AWAY,,,,"OVER $1,500",05/28/2025 9:26,IMPROPER BACKING,IMPROPER BACKING,4513,N,WOLCOTT AVE,1912,,,,,,,2,NO INDICATION OF INJURY,0,0,0,0,0,2,0,8,4,5,,,,,
CLEAR,DAYLIGHT,REAR END,DIVIDED - W/MEDIAN (NOT RAISED),,STRAIGHT AND LEVEL,DRY,UNKNOWN,NOT ON SCENE (DESK REPORT),NO INJURY / DRIVE AWAY,Y,,,"OVER $1,500",05/28/2025 19:50,UNABLE TO DETERMINE,UNABLE TO DETERMINE,507,S,KOSTNER AVE,1131,,,,,,,2,NO INDICATION OF INJURY,0,0,0,0,0,2,0,19,4,5,,,,,
RAIN,DAYLIGHT,TURNING,DIVIDED - W/MEDIAN (NOT RAISED),,STRAIGHT AND LEVEL,WET,NO DEFECTS,ON SCENE,NO INJURY / DRIVE AWAY,Y,,,"OVER $1,500",05/28/2025 10:21,FAILING TO YIELD RIGHT-OF-WAY,FAILING TO YIELD RIGHT-OF-WAY,7100,S,ASHLAND AVE,735,,,,,,,2,NO INDICATION OF INJURY,0,0,0,0,0,3,0,10,4,5,,,,,
CLEAR,DAYLIGHT,TURNING,DIVIDED - W/MEDIAN (NOT RAISED),,STRAIGHT AND LEVEL,DRY,NO DEFECTS,NOT ON SCENE (DESK REPORT),NO INJURY / DRIVE AWAY,,,,"$501 - $1,500",05/28/2025 18:20,FAILING TO YIELD RIGHT-OF-WAY,UNABLE TO DETERMINE,10455,S,PULASKI RD,2211,,,,,,,2,NO INDICATION OF INJURY,0,0,0,0,0,2,0,17,4,5,,,,,
CLOUDY/OVERCAST,DAYLIGHT,TURNING,NOT DIVIDED,,STRAIGHT AND LEVEL,WET,NO DEFECTS,ON SCENE,NO INJURY / DRIVE AWAY,Y,,,"$501 - $1,500",05/28/2025 12:40,FAILING TO YIELD RIGHT-OF-WAY,FAILING TO YIELD RIGHT-OF-WAY,4259,N,PULASKI RD,1723,,,,,,,2,NO INDICATION OF INJURY,0,0,0,0,0,6,0,12,4,5,,,,,
RAIN,DAYLIGHT,REAR END,DIVIDED - W/MEDIAN BARRIER,,STRAIGHT AND LEVEL,WET,NO DEFECTS,ON SCENE,NO INJURY / DRIVE AWAY,Y,,Y,$500 OR LESS,05/28/2025 8:20,FOLLOWING TOO CLOSELY,NOT APPLICABLE,9501,S,ASHLAND AVE,2213,,,,,,,2,NO INDICATION OF INJURY,0,0,0,0,0,2,0,8,4,5,,,,,
UNKNOWN,UNKNOWN,PARKED MOTOR VEHICLE,NOT DIVIDED,,STRAIGHT AND LEVEL,DRY,UNKNOWN,ON SCENE,NO INJURY / DRIVE AWAY,,,Y,"$501 - $1,500",01/19/2025 10:14,UNABLE TO DETERMINE,UNABLE TO DETERMINE,5203,S,UNIVERSITY AVE,233,,,,,,,3,NO INDICATION OF INJURY,0,0,0,0,0,1,0,18,7,1,,,,,
CLEAR,DARKNESS,HEAD ON,FOUR WAY,,STRAIGHT AND LEVEL,DRY,NO DEFECTS,,INJURY AND / OR TOW DUE TO CRASH,,,,"OVER $1,500",01/17/2025 10:18,IMPROPER LANE USAGE,IMPROPER OVERTAKING/PASSING,4826,W,PETERSON AVE,1621,,,,,,,3,"REPORTED, NOT EVIDENT",1,0,0,0,1,3,0,9,6,1,,,,,
CLEAR,DAYLIGHT,REAR END,NOT DIVIDED,,STRAIGHT AND LEVEL,DRY,NO DEFECTS,ON SCENE,NO INJURY / DRIVE AWAY,,,,"OVER $1,500",01/18/2025 12:24,FAILING TO REDUCE SPEED TO AVOID CRASH,NOT APPLICABLE,7130,W,DIVERSEY AVE,2511,,,,,,,3,NO INDICATION OF INJURY,0,0,0,0,0,5,0,12,7,1,,,,,
CLEAR,"DARKNESS, LIGHTED ROAD",PARKED MOTOR VEHICLE,NOT DIVIDED,,STRAIGHT AND LEVEL,DRY,NO DEFECTS,NOT ON SCENE (DESK REPORT),INJURY AND / OR TOW DUE TO CRASH,,,,"OVER $1,500",05/28/2025 22:32,UNDER THE INFLUENCE OF ALCOHOL/DRUGS (USE WHEN ARREST IS EFFECTED),UNABLE TO DETERMINE,821,W,WILSON AVE,1914,,,,,,,3,NO INDICATION OF INJURY,0,0,0,0,0,1,0,22,4,5,,,,,
CLEAR,"DARKNESS, LIGHTED ROAD",REAR END,NOT DIVIDED,,STRAIGHT AND LEVEL,DRY,UNKNOWN,ON SCENE,INJURY AND / OR TOW DUE TO CRASH,Y,,,"OVER $1,500",08/17/2023 0:31,FAILING TO REDUCE SPEED TO AVOID CRASH,UNABLE TO DETERMINE,2424,E,71ST ST,334,,,,,,,2,NO INDICATION OF INJURY,0,0,0,0,0,2,0,23,4,8,,,,,
CLEAR,DAYLIGHT,TURNING,T-INTERSECTION,,STRAIGHT AND LEVEL,DRY,NO DEFECTS,ON SCENE,NO INJURY / DRIVE AWAY,Y,,,"OVER $1,500",04/10/2025 9:45,UNABLE TO DETERMINE,NOT APPLICABLE,2198,S,CLARK ST,131,,,,,,,2,NO INDICATION OF INJURY,0,0,0,0,0,2,0,9,5,4,,,,,
UNKNOWN,UNKNOWN,SIDESWIPE SAME DIRECTION,NOT DIVIDED,,STRAIGHT AND LEVEL,UNKNOWN,UNKNOWN,NOT ON SCENE (DESK REPORT),NO INJURY / DRIVE AWAY,,,,"OVER $1,500",01/18/2025 16:25,UNABLE TO DETERMINE,NOT APPLICABLE,4604,W,FULLERTON AVE,2521,,,,,,,2,NO INDICATION OF INJURY,0,0,0,0,0,5,0,15,7,1,,,,,
UNKNOWN,UNKNOWN,OTHER OBJECT,NOT DIVIDED,,STRAIGHT AND LEVEL,UNKNOWN,UNKNOWN,NOT ON SCENE (DESK REPORT),INJURY AND / OR TOW DUE TO CRASH,,,Y,"OVER $1,500",04/10/2025 16:00,UNABLE TO DETERMINE,UNABLE TO DETERMINE,1234,S,MICHIGAN AVE,131,,,,,,,2,NONINCAPACITATING INJURY,1,0,0,1,0,0,0,15,5,4,,,,,
CLEAR,DAYLIGHT,TURNING,NOT DIVIDED,,STRAIGHT AND LEVEL,DRY,NO DEFECTS,NOT ON SCENE (DESK REPORT),NO INJURY / DRIVE AWAY,,,,"$501 - $1,500",01/18/2025 14:15,NOT APPLICABLE,NOT APPLICABLE,6214,S,CENTRAL AVE,812,,,,,,,2,NO INDICATION OF INJURY,0,0,0,0,0,2,0,13,7,1,,,,,
CLEAR,DAYLIGHT,PARKED MOTOR VEHICLE,ONE-WAY,,STRAIGHT AND LEVEL,UNKNOWN,UNKNOWN,NOT ON SCENE (DESK REPORT),NO INJURY / DRIVE AWAY,,,Y,"$501 - $1,500",01/08/2024 21:30,UNABLE TO DETERMINE,UNABLE TO DETERMINE,4300,S,MOZART ST,922,,,,,,,2,NO INDICATION OF INJURY,0,0,0,0,0,1,0,8,2,1,,,,,
UNKNOWN,UNKNOWN,PARKED MOTOR VEHICLE,UNKNOWN,,STRAIGHT AND LEVEL,UNKNOWN,UNKNOWN,NOT ON SCENE (DESK REPORT),NO INJURY / DRIVE AWAY,,,Y,"$501 - $1,500",01/20/2025 15:51,UNABLE TO DETERMINE,UNABLE TO DETERMINE,6102,S,ARCHER AVE,811,,,,,,,2,NO INDICATION OF INJURY,0,0,0,0,0,1,0,14,7,1,,,,,
CLEAR,"DARKNESS, LIGHTED ROAD",FIXED OBJECT,ALLEY,,STRAIGHT AND LEVEL,DRY,NO DEFECTS,ON SCENE,NO INJURY / DRIVE AWAY,,Y,Y,"OVER $1,500",04/14/2025 18:08,IMPROPER LANE USAGE,NOT APPLICABLE,523,W,46TH PL,925,,,,,,,1,NO INDICATION OF INJURY,0,0,0,0,0,1,0,21,5,4,,,,,
UNKNOWN,DAYLIGHT,PARKED MOTOR VEHICLE,DIVIDED - W/MEDIAN (NOT RAISED),,STRAIGHT AND LEVEL,UNKNOWN,UNKNOWN,NOT ON SCENE (DESK REPORT),NO INJURY / DRIVE AWAY,,,Y,"OVER $1,500",01/19/2025 9:45,UNABLE TO DETERMINE,UNABLE TO DETERMINE,1456,S,KOSTNER AVE,1011,,,,,,,2,NO INDICATION OF INJURY,0,0,0,0,0,1,0,8,7,1,,,,,
RAIN,DAYLIGHT,SIDESWIPE SAME DIRECTION,NOT DIVIDED,,STRAIGHT AND LEVEL,WET,NO DEFECTS,ON SCENE,NO INJURY / DRIVE AWAY,,,,"OVER $1,500",05/28/2025 10:53,IMPROPER OVERTAKING/PASSING,IMPROPER LANE USAGE,3944,W,16TH ST,1014,,,,,,,2,NO INDICATION OF INJURY,0,0,0,0,0,2,0,10,4,5,,,,,
UNKNOWN,"DARKNESS, LIGHTED ROAD",SIDESWIPE SAME DIRECTION,ONE-WAY,,STRAIGHT AND LEVEL,UNKNOWN,UNKNOWN,NOT ON SCENE (DESK REPORT),NO INJURY / DRIVE AWAY,,,,"OVER $1,500",11/08/2023 23:30,DRIVING SKILLS/KNOWLEDGE/EXPERIENCE,NOT APPLICABLE,10000,W,BALMORAL AVE,1650,,,,,,,2,NO INDICATION OF INJURY,0,0,0,0,0,2,0,20,4,11,,,,,
CLEAR,"DARKNESS, LIGHTED ROAD",PARKED MOTOR VEHICLE,ONE-WAY,,STRAIGHT AND LEVEL,DRY,NO DEFECTS,ON SCENE,INJURY AND / OR TOW DUE TO CRASH,,,,"OVER $1,500",01/18/2025 22:25,UNDER THE INFLUENCE OF ALCOHOL/DRUGS (USE WHEN ARREST IS EFFECTED),DRIVING ON WRONG SIDE/WRONG WAY,3030,S,TRIPP AVE,1031,,,,,,,2,NO INDICATION OF INJURY,0,0,0,0,0,1,0,22,7,1,,,,,
CLOUDY/OVERCAST,DAYLIGHT,SIDESWIPE SAME DIRECTION,NOT DIVIDED,,STRAIGHT AND LEVEL,UNKNOWN,UNKNOWN,,INJURY AND / OR TOW DUE TO CRASH,,,,"OVER $1,500",04/10/2025 18:30,UNABLE TO DETERMINE,UNABLE TO DETERMINE,600,N,ORLEANS ST,1831,,,,,,,2,"REPORTED, NOT EVIDENT",2,0,0,0,2,1,0,17,5,4,,,,,
CLEAR,DAYLIGHT,PEDESTRIAN,NOT DIVIDED,,STRAIGHT AND LEVEL,DRY,NO DEFECTS,ON SCENE,INJURY AND / OR TOW DUE TO CRASH,,,,"OVER $1,500",08/05/2025 16:56,FAILING TO REDUCE SPEED TO AVOID CRASH,UNABLE TO DETERMINE,1510,W,GRAND AVE,1215,,,,,,,2,NONINCAPACITATING INJURY,1,0,0,1,0,1,0,16,3,8,,,,,
CLEAR,DAYLIGHT,PEDALCYCLIST,FOUR WAY,,STRAIGHT AND LEVEL,DRY,NO DEFECTS,ON SCENE,INJURY AND / OR TOW DUE TO CRASH,Y,,,"$501 - $1,500",04/10/2025 17:25,NOT APPLICABLE,NOT APPLICABLE,7200,N,ASHLAND BLVD,2423,,,,,,,2,NONINCAPACITATING INJURY,1,0,0,1,0,1,0,17,5,4,,,,,
CLEAR,DUSK,SIDESWIPE SAME DIRECTION,PARKING LOT,,STRAIGHT AND LEVEL,UNKNOWN,UNKNOWN,NOT ON SCENE (DESK REPORT),NO INJURY / DRIVE AWAY,,,,"OVER $1,500",04/10/2025 20:45,FOLLOWING TOO CLOSELY,NOT APPLICABLE,10020,W,BALMORAL AVE,1654,,,,,,,2,NO INDICATION OF INJURY,0,0,0,0,0,2,0,19,5,4,,,,,
CLEAR,"DARKNESS, LIGHTED ROAD",SIDESWIPE SAME DIRECTION,FOUR WAY,,STRAIGHT AND LEVEL,DRY,NO DEFECTS,NOT ON SCENE (DESK REPORT),NO INJURY / DRIVE AWAY,Y,,,"OVER $1,500",04/10/2025 21:30,CELL PHONE USE OTHER THAN TEXTING,IMPROPER TURNING/NO SIGNAL,7900,S,ST LAWRENCE AVE,624,,,,,,,2,NO INDICATION OF INJURY,0,0,0,0,0,2,0,20,5,4,,,,,
CLEAR,"DARKNESS, LIGHTED ROAD",REAR END,DIVIDED - W/MEDIAN (NOT RAISED),,STRAIGHT AND LEVEL,DRY,NO DEFECTS,ON SCENE,NO INJURY / DRIVE AWAY,,,,"OVER $1,500",04/10/2025 20:17,DRIVING SKILLS/KNOWLEDGE/EXPERIENCE,DRIVING SKILLS/KNOWLEDGE/EXPERIENCE,4888,S,ARCHER AVE,821,,,,,,,2,NO INDICATION OF INJURY,0,0,0,0,0,2,0,20,5,4,,,,,
CLOUDY/OVERCAST,DAYLIGHT,REAR END,NOT DIVIDED,,STRAIGHT AND LEVEL,DRY,NO DEFECTS,ON SCENE,INJURY AND / OR TOW DUE TO CRASH,,,,"OVER $1,500",04/10/2025 9:07,FAILING TO REDUCE SPEED TO AVOID CRASH,"OPERATING VEHICLE IN ERRATIC, RECKLESS, CARELESS, NEGLIGENT OR AGGRESSIVE MANNER",2753,W,31ST ST,1034,,,,,,,2,NONINCAPACITATING INJURY,2,0,0,2,0,0,0,9,5,4,,,,,
CLEAR,DUSK,REAR END,NOT DIVIDED,,STRAIGHT AND LEVEL,DRY,UNKNOWN,NOT ON SCENE (DESK REPORT),NO INJURY / DRIVE AWAY,,,,"$501 - $1,500",05/28/2025 22:00,UNABLE TO DETERMINE,UNABLE TO DETERMINE,4748,W,NORTH AVE,2533,,,,,,,2,NO INDICATION OF INJURY,0,0,0,0,0,2,0,13,4,5,,,,,
CLEAR,DAYLIGHT,TURNING,ONE-WAY,,STRAIGHT AND LEVEL,DRY,NO DEFECTS,ON SCENE,INJURY AND / OR TOW DUE TO CRASH,Y,,Y,"OVER $1,500",04/10/2025 12:34,DISREGARDING TRAFFIC SIGNALS,NOT APPLICABLE,4200,W,CONGRESS PKWY,1132,,,,,,,2,NONINCAPACITATING INJURY,4,0,0,4,0,1,0,12,5,4,,,,,
CLEAR,DAYLIGHT,PARKED MOTOR VEHICLE,ONE-WAY,,STRAIGHT AND LEVEL,UNKNOWN,UNKNOWN,NOT ON SCENE (DESK REPORT),NO INJURY / DRIVE AWAY,,,,"OVER $1,500",04/10/2025 17:00,EQUIPMENT - VEHICLE CONDITION,NOT APPLICABLE,2006,N,KEDVALE AVE,2525,,,,,,,2,NO INDICATION OF INJURY,0,0,0,0,0,1,0,14,5,4,,,,,
UNKNOWN,UNKNOWN,FIXED OBJECT,RAMP,,CURVE ON GRADE,UNKNOWN,UNKNOWN,NOT ON SCENE (DESK REPORT),NO INJURY / DRIVE AWAY,,,,"OVER $1,500",04/10/2025 21:30,NOT APPLICABLE,NOT APPLICABLE,2138,S,INDIANA AVE,132,,,,,,,1,NO INDICATION OF INJURY,0,0,0,0,0,2,0,20,5,4,,,,,
CLEAR,DAYLIGHT,PARKED MOTOR VEHICLE,PARKING LOT,,STRAIGHT AND LEVEL,DRY,NO DEFECTS,NOT ON SCENE (DESK REPORT),NO INJURY / DRIVE AWAY,,,Y,"$501 - $1,500",04/10/2025 17:30,UNABLE TO DETERMINE,UNABLE TO DETERMINE,9452,S,COTTAGE GROVE AVE,633,,,,,,,2,NO INDICATION OF INJURY,0,0,0,0,0,2,0,14,5,4,,,,,
RAIN,DAYLIGHT,ANGLE,NOT DIVIDED,,STRAIGHT AND LEVEL,WET,NO DEFECTS,ON SCENE,NO INJURY / DRIVE AWAY,,,Y,"OVER $1,500",05/28/2025 8:28,UNABLE TO DETERMINE,UNABLE TO DETERMINE,801,N,KEDZIE AVE,1211,,Y,,,,,2,NO INDICATION OF INJURY,0,0,0,0,0,3,0,8,4,5,,,,,
CLEAR,DAYLIGHT,PARKED MOTOR VEHICLE,NOT DIVIDED,,STRAIGHT AND LEVEL,DRY,NO DEFECTS,ON SCENE,NO INJURY / DRIVE AWAY,,,,"OVER $1,500",04/10/2025 11:15,DRIVING SKILLS/KNOWLEDGE/EXPERIENCE,NOT APPLICABLE,2033,N,WESTERN AVE,1432,,,,,,,2,NO INDICATION OF INJURY,0,0,0,0,0,2,0,11,5,4,,,,,
CLEAR,"DARKNESS, LIGHTED ROAD",PEDALCYCLIST,DIVIDED - W/MEDIAN (NOT RAISED),,STRAIGHT AND LEVEL,DRY,NO DEFECTS,NOT ON SCENE (DESK REPORT),INJURY AND / OR TOW DUE TO CRASH,,,Y,"OVER $1,500",02/23/2025 16:00,UNABLE TO DETERMINE,NOT APPLICABLE,6801,W,BELMONT AVE,2511,,,,,,,2,INCAPACITATING INJURY,1,0,1,0,0,1,0,21,7,2,,,,,
RAIN,DAYLIGHT,TURNING,FOUR WAY,,STRAIGHT ON GRADE,WET,NO DEFECTS,NOT ON SCENE (DESK REPORT),NO INJURY / DRIVE AWAY,Y,,,"OVER $1,500",05/28/2025 13:45,FAILING TO YIELD RIGHT-OF-WAY,IMPROPER OVERTAKING/PASSING,798,W,98TH PL,2223,,,,,,,2,NO INDICATION OF INJURY,0,0,0,0,0,2,0,8,4,5,,,,,
UNKNOWN,UNKNOWN,PARKED MOTOR VEHICLE,DIVIDED - W/MEDIAN (NOT RAISED),,STRAIGHT AND LEVEL,UNKNOWN,UNKNOWN,NOT ON SCENE (DESK REPORT),NO INJURY / DRIVE AWAY,,,Y,"OVER $1,500",06/06/2025 13:00,UNABLE TO DETERMINE,UNABLE TO DETERMINE,5140,N,DRAKE AVE,1712,,,,,,,2,NO INDICATION OF INJURY,0,0,0,0,0,1,0,18,4,5,,,,,
CLEAR,DAYLIGHT,TURNING,NOT DIVIDED,,STRAIGHT AND LEVEL,DRY,NO DEFECTS,NOT ON SCENE (DESK REPORT),NO INJURY / DRIVE AWAY,,,,"OVER $1,500",04/10/2025 14:20,UNABLE TO DETERMINE,NOT APPLICABLE,3001,W,WARREN BLVD,1222,,,,,,,2,NO INDICATION OF INJURY,0,0,0,0,0,2,0,12,5,4,,,,,
CLEAR,"DARKNESS, LIGHTED ROAD",TURNING,DIVIDED - W/MEDIAN (NOT RAISED),,STRAIGHT AND LEVEL,DRY,NO DEFECTS,ON SCENE,INJURY AND / OR TOW DUE TO CRASH,Y,,,"OVER $1,500",02/26/2025 21:24,FAILING TO YIELD RIGHT-OF-WAY,NOT APPLICABLE,5200,W,IRVING PARK RD,1624,,,,,,,6,NO INDICATION OF INJURY,0,0,0,0,0,3,0,21,3,2,,,,,