WEATHER_CONDITION,LIGHTING_CONDITION,FIRST_CRASH_TYPE,TRAFFICWAY_TYPE,LANE_CNT,ALIGNMENT,ROADWAY_SURFACE_COND,ROAD_DEFECT,REPORT_TYPE,CRASH_TYPE,INTERSECTION_RELATED_I,NOT_RIGHT_OF_WAY_I,HIT_AND_RUN_I,DAMAGE,DATE_POLICE_NOTIFIED,PRIM_CONTRIBUTORY_CAUSE,SEC_CONTRIBUTORY_CAUSE,STREET_NO,STREET_DIRECTION,STREET_NAME,BEAT_OF_OCCURRENCE,PHOTOS_TAKEN_I,STATEMENTS_TAKEN_I,DOORING_I,WORK_ZONE_I,WORK_ZONE_TYPE,WORKERS_PRESENT_I,NUM_UNITS,MOST_SEVERE_INJURY,INJURIES_TOTAL,INJURIES_FATAL,INJURIES_INCAPACITATING,INJURIES_NON_INCAPACITATING,INJURIES_REPORTED_NOT_EVIDENT,INJURIES_NO_INDICATION,INJURIES_UNKNOWN,CRASH_HOUR,CRASH_DAY_OF_WEEK,CRASH_MONTH,INJURIES_NO_INDICATION,INJURIES_UNKNOWN,CRASH_HOUR,CRASH_DAY_OF_WEEK,CRASH_MONTH
CLEAR,DAYLIGHT,SIDESWIPE SAME DIRECTION,DIVIDED - W/MEDIAN (NOT RAISED),,STRAIGHT AND LEVEL,DRY,NO DEFECTS,ON SCENE,INJURY AND / OR TOW DUE TO CRASH,,,,"OVER $1,500",02/26/2025 10:00,IMPROPER LANE USAGE,NOT APPLICABLE,3906,W,ROOSEVELT RD,1132,,,,,,,2,NO INDICATION OF INJURY,0,0,0,0,0,3,0,10,4,2,,,,,
CLEAR,DAYLIGHT,TURNING,NOT DIVIDED,,STRAIGHT AND LEVEL,DRY,NO DEFECTS,ON SCENE,NO INJURY / DRIVE AWAY,,,,"OVER $1,500",02/27/2025 8:00,FAILING TO YIELD RIGHT-OF-WAY,NOT APPLICABLE,7130,N,SACRAMENTO AVE,2411,,,,,,,2,NO INDICATION OF INJURY,0,0,0,0,0,5,0,7,5,2,,,,,
CLEAR,DAYLIGHT,REAR END,ONE-WAY,,STRAIGHT AND LEVEL,DRY,NO DEFECTS,ON SCENE,INJURY AND / OR TOW DUE TO CRASH,,,Y,"OVER $1,500",02/27/2025 8:03,FAILING TO REDUCE SPEED TO AVOID CRASH,FOLLOWING TOO CLOSELY,7059,S,STATE ST,322,,,,,,,2,"REPORTED, NOT EVIDENT",1,0,0,0,1,4,0,8,5,2,,,,,
CLEAR,"DARKNESS, LIGHTED ROAD",PARKED MOTOR VEHICLE,DIVIDED - W/MEDIAN (NOT RAISED),,STRAIGHT AND LEVEL,DRY,UNKNOWN,ON SCENE,INJURY AND / OR TOW DUE TO CRASH,,,,"OVER $1,500",01/18/2025 23:30,UNABLE TO DETERMINE,NOT APPLICABLE,9926,S,STATE ST,511,,,,,,,3,NO INDICATION OF INJURY,0,0,0,0,0,1,0,23,7,1,,,,,
CLEAR,"DARKNESS, LIGHTED ROAD",TURNING,DIVIDED - W/MEDIAN (NOT RAISED),,STRAIGHT AND LEVEL,DRY,NO DEFECTS,NOT ON SCENE (DESK REPORT),NO INJURY / DRIVE AWAY,,,,"OVER $1,500",05/28/2025 23:30,IMPROPER TURNING/NO SIGNAL,NOT APPLICABLE,6101,S,HARLEM AVE,812,,,,,,,2,NO INDICATION OF INJURY,0,0,0,0,0,3,0,22,4,5,,,,,
CLEAR,"DARKNESS, LIGHTED ROAD",REAR END,DIVIDED - W/MEDIAN (NOT RAISED),,STRAIGHT AND LEVEL,DRY,NO DEFECTS,ON SCENE,INJURY AND / OR TOW DUE TO CRASH,,,Y,$500 OR LESS,05/28/2025 20:45,UNABLE TO DETERMINE,UNABLE TO DETERMINE,2749,N,CICERO AVE,2521,,,,,,,2,NO INDICATION OF INJURY,0,0,0,0,0,4,0,20,4,5,,,,,
CLEAR,DAYLIGHT,PARKED MOTOR VEHICLE,PARKING LOT,,STRAIGHT AND LEVEL,DRY,UNKNOWN,ON SCENE,NO INJURY / DRIVE AWAY,,Y,,"OVER $1,500",01/18/2025 16:19,IMPROPER BACKING,DRIVING SKILLS/KNOWLEDGE/EXPERIENCE,5025,N,HARLEM AVE,1613,,,,,,,2,NO INDICATION OF INJURY,0,0,0,0,0,1,0,16,7,1,,,,,
RAIN,DAYLIGHT,REAR END,DIVIDED - W/MEDIAN BARRIER,,STRAIGHT AND LEVEL,WET,NO DEFECTS,ON SCENE,INJURY AND / OR TOW DUE TO CRASH,,,,"OVER $1,500",05/28/2025 8:20,UNABLE TO DETERMINE,UNABLE TO DETERMINE,6301,S,COAST GUARD DR,331,,,,,,,2,"REPORTED, NOT EVIDENT",1,0,0,0,1,3,0,8,4,5,,,,,
CLEAR,DAYLIGHT,REAR END,NOT DIVIDED,,STRAIGHT AND LEVEL,DRY,NO DEFECTS,NOT ON SCENE (DESK REPORT),NO INJURY / DRIVE AWAY,Y,,,"OVER $1,500",02/27/2025 13:40,FOLLOWING TOO CLOSELY,NOT APPLICABLE,4600,S,WESTERN AVE,922,,,,,,,2,NO INDICATION OF INJURY,0,0,0,0,0,2,0,14,4,2,,,,,
CLEAR,DAYLIGHT,TURNING,FOUR WAY,,STRAIGHT AND LEVEL,WET,NO DEFECTS,ON SCENE,NO INJURY / DRIVE AWAY,Y,,,"$501 - $1,500",02/27/2025 7:39,IMPROPER LANE USAGE,NOT APPLICABLE,5200,N,SHERIDAN RD,2023,,,,,,,2,NO INDICATION OF INJURY,0,0,0,0,0,2,0,7,5,2,,,,,
CLEAR,DAYLIGHT,REAR END,NOT DIVIDED,,STRAIGHT AND LEVEL,WET,NO DEFECTS,ON SCENE,NO INJURY / DRIVE AWAY,,,,"OVER $1,500",02/27/2025 6:48,UNABLE TO DETERMINE,UNABLE TO DETERMINE,3200,E,95TH ST,424,,,,,,,2,NO INDICATION OF INJURY,0,0,0,0,0,2,0,6,5,2,,,,,
CLEAR,DAYLIGHT,REAR END,DIVIDED - W/MEDIAN BARRIER,,"CURVE, LEVEL",WET,NO DEFECTS,ON SCENE,NO INJURY / DRIVE AWAY,,,,"OVER $1,500",05/28/2025 11:57,FOLLOWING TOO CLOSELY,NOT APPLICABLE,1001,N,LAKE SHORE DR NB,1824,,,,,,,2,NO INDICATION OF INJURY,0,0,0,0,0,2,0,11,4,5,,,,,
CLEAR,DARKNESS,PARKED MOTOR VEHICLE,ONE-WAY,,STRAIGHT AND LEVEL,DRY,NO DEFECTS,NOT ON SCENE (DESK REPORT),NO INJURY / DRIVE AWAY,,,Y,"OVER $1,500",01/20/2025 11:14,UNABLE TO DETERMINE,NOT APPLICABLE,8148,S,EVANS AVE,631,,,,,,,2,NO INDICATION OF INJURY,0,0,0,0,0,1,0,18,7,1,,,,,
CLEAR,DAYLIGHT,SIDESWIPE SAME DIRECTION,DIVIDED - W/MEDIAN BARRIER,,STRAIGHT AND LEVEL,DRY,UNKNOWN,NOT ON SCENE (DESK REPORT),NO INJURY / DRIVE AWAY,,,,"OVER $1,500",01/19/2025 15:42,UNABLE TO DETERMINE,UNABLE TO DETERMINE,4700,S,LAKE SHORE DR NB,222,,,,,,,2,NO INDICATION OF INJURY,0,0,0,0,0,2,0,14,7,1,,,,,
CLEAR,DAYLIGHT,PEDESTRIAN,NOT DIVIDED,,STRAIGHT AND LEVEL,DRY,NO DEFECTS,ON SCENE,INJURY AND / OR TOW DUE TO CRASH,,,,"OVER $1,500",01/18/2025 8:57,FAILING TO YIELD RIGHT-OF-WAY,NOT APPLICABLE,1930,W,BYRON ST,1922,,,,,,,2,"REPORTED, NOT EVIDENT",2,0,0,0,2,0,0,8,7,1,,,,,
CLEAR,DAYLIGHT,PARKED MOTOR VEHICLE,PARKING LOT,,STRAIGHT AND LEVEL,DRY,NO DEFECTS,NOT ON SCENE (DESK REPORT),NO INJURY / DRIVE AWAY,,Y,Y,"OVER $1,500",05/29/2025 14:30,UNABLE TO DETERMINE,NOT APPLICABLE,19,E,110TH PL,513,,,,,,,2,NO INDICATION OF INJURY,0,0,0,0,0,1,0,17,4,5,,,,,
RAIN,DAYLIGHT,ANGLE,T-INTERSECTION,,STRAIGHT AND LEVEL,WET,NO DEFECTS,ON SCENE,INJURY AND / OR TOW DUE TO CRASH,,,,$500 OR LESS,05/28/2025 9:49,FAILING TO YIELD RIGHT-OF-WAY,UNABLE TO DETERMINE,5228,W,WABANSIA AVE,2532,,,,,,,2,NONINCAPACITATING INJURY,4,0,0,1,3,1,0,9,4,5,,,,,
CLEAR,DAYLIGHT,PARKED MOTOR VEHICLE,NOT DIVIDED,,STRAIGHT AND LEVEL,DRY,NO DEFECTS,ON SCENE,NO INJURY / DRIVE AWAY,,,,$500 OR LESS,05/28/2025 18:27,UNABLE TO DETERMINE,UNABLE TO DETERMINE,6099,S,WOODLAWN AVE,235,,Y,,,,,2,NO INDICATION OF INJURY,0,0,0,0,0,1,0,18,4,5,,,,,
CLEAR,DAYLIGHT,TURNING,NOT DIVIDED,,STRAIGHT AND LEVEL,DRY,NO DEFECTS,ON SCENE,NO INJURY / DRIVE AWAY,,,,"OVER $1,500",02/27/2025 13:00,NOT APPLICABLE,NOT APPLICABLE,305,N,CICERO AVE,1113,,,,,,,2,NO INDICATION OF INJURY,0,0,0,0,0,2,0,8,7,2,,,,,
CLEAR,DAYLIGHT,REAR END,ONE-WAY,,STRAIGHT AND LEVEL,DRY,UNKNOWN,NOT ON SCENE (DESK REPORT),NO INJURY / DRIVE AWAY,,,,$500 OR LESS,02/27/2025 18:30,DISREGARDING TRAFFIC SIGNALS,NOT APPLICABLE,448,N,STATE ST,1831,,,,,,,2,NO INDICATION OF INJURY,0,0,0,0,0,3,0,14,5,2,,,,,
UNKNOWN,UNKNOWN,PARKED MOTOR VEHICLE,NOT DIVIDED,,STRAIGHT AND LEVEL,UNKNOWN,UNKNOWN,ON SCENE,NO INJURY / DRIVE AWAY,,,Y,"OVER $1,500",02/27/2025 8:00,UNABLE TO DETERMINE,UNABLE TO DETERMINE,8861,S,YALE AVE,634,,,,,,,2,NO INDICATION OF INJURY,0,0,0,0,0,1,0,8,5,2,,,,,
CLEAR,DAYLIGHT,ANGLE,FOUR WAY,,STRAIGHT AND LEVEL,DRY,UNKNOWN,ON SCENE,INJURY AND / OR TOW DUE TO CRASH,Y,,,"OVER $1,500",01/18/2025 9:53,DISREGARDING TRAFFIC SIGNALS,NOT APPLICABLE,299,S,MICHIGAN AVE,114,,,,,,,2,NO INDICATION OF INJURY,0,0,0,0,0,2,0,9,7,1,,,,,
CLEAR,DAYLIGHT,TURNING,"FIVE POINT, OR MORE",,STRAIGHT AND LEVEL,DRY,NO DEFECTS,NOT ON SCENE (DESK REPORT),NO INJURY / DRIVE AWAY,,,,"OVER $1,500",05/28/2025 12:30,UNABLE TO DETERMINE,NOT APPLICABLE,3805,N,BROADWAY,1925,,,,,,,2,NO INDICATION OF INJURY,0,0,0,0,0,2,0,4,4,5,,,,,
CLEAR,DAYLIGHT,PARKED MOTOR VEHICLE,NOT DIVIDED,,STRAIGHT AND LEVEL,DRY,NO DEFECTS,ON SCENE,INJURY AND / OR TOW DUE TO CRASH,,,,"OVER $1,500",01/18/2025 11:43,"DISTRACTION - OTHER ELECTRONIC DEVICE (NAVIGATION DEVICE, DVD PLAYER, ETC.)",DRIVING SKILLS/KNOWLEDGE/EXPERIENCE,9217,S,WENTWORTH AVE,634,,,,,,,3,NONINCAPACITATING INJURY,1,0,0,1,0,0,0,11,7,1,,,,,
CLEAR,DAYLIGHT,REAR END,DIVIDED - W/MEDIAN (NOT RAISED),,STRAIGHT AND LEVEL,DRY,NO DEFECTS,NOT ON SCENE (DESK REPORT),NO INJURY / DRIVE AWAY,Y,,,"OVER $1,500",02/27/2025 17:30,FOLLOWING TOO CLOSELY,UNABLE TO DETERMINE,6300,S,STATE ST,312,,,,,,,2,NO INDICATION OF INJURY,0,0,0,0,0,2,0,16,7,2,,,,,
CLOUDY/OVERCAST,DAYLIGHT,REAR END,DIVIDED - W/MEDIAN (NOT RAISED),,STRAIGHT AND LEVEL,DRY,NO DEFECTS,ON SCENE,NO INJURY / DRIVE AWAY,,,,"$501 - $1,500",02/26/2025 14:09,FAILING TO REDUCE SPEED TO AVOID CRASH,FAILING TO REDUCE SPEED TO AVOID CRASH,3637,N,ELSTON AVE,1733,Y,,,,,,2,NO INDICATION OF INJURY,0,0,0,0,0,2,0,14,4,2,,,,,
CLEAR,DAYLIGHT,ANGLE,FOUR WAY,,STRAIGHT AND LEVEL,DRY,NO DEFECTS,NOT ON SCENE (DESK REPORT),NO INJURY / DRIVE AWAY,Y,,,"OVER $1,500",02/27/2025 10:25,UNABLE TO DETERMINE,NOT APPLICABLE,1800,S,DESPLAINES ST,1235,,,,,,,2,NO INDICATION OF INJURY,0,0,0,0,0,3,0,8,5,2,,,,,
CLEAR,DAYLIGHT,PEDESTRIAN,NOT DIVIDED,,STRAIGHT AND LEVEL,DRY,NO DEFECTS,,INJURY AND / OR TOW DUE TO CRASH,Y,,,$500 OR LESS,02/27/2025 8:40,FAILING TO YIELD RIGHT-OF-WAY,UNABLE TO DETERMINE,799,N,NOBLE ST,1215,,,,,,,2,NONINCAPACITATING INJURY,1,0,0,1,0,3,0,8,5,2,,,,,
CLEAR,DAYLIGHT,REAR END,DIVIDED - W/MEDIAN (NOT RAISED),,STRAIGHT AND LEVEL,DRY,NO DEFECTS,NOT ON SCENE (DESK REPORT),NO INJURY / DRIVE AWAY,,,,"OVER $1,500",02/27/2025 13:40,FOLLOWING TOO CLOSELY,UNABLE TO DETERMINE,5900,S,ASHLAND AVE,714,,,,,,,2,NO INDICATION OF INJURY,0,0,0,0,0,2,0,12,5,2,,,,,
CLEAR,UNKNOWN,REAR END,OTHER,,STRAIGHT AND LEVEL,UNKNOWN,UNKNOWN,NOT ON SCENE (DESK REPORT),NO INJURY / DRIVE AWAY,,,,"OVER $1,500",01/18/2025 20:00,UNABLE TO DETERMINE,UNABLE TO DETERMINE,7068,S,SOUTH CHICAGO AVE,322,,,,,,,3,NO INDICATION OF INJURY,0,0,0,0,0,3,0,19,7,1,,,,,
CLEAR,DAYLIGHT,PARKED MOTOR VEHICLE,PARKING LOT,,STRAIGHT AND LEVEL,DRY,NO DEFECTS,ON SCENE,NO INJURY / DRIVE AWAY,,,,"OVER $1,500",05/28/2025 14:00,IMPROPER BACKING,NOT APPLICABLE,6360,S,ARCHER AVE,811,,,,,,,2,NO INDICATION OF INJURY,0,0,0,0,0,1,0,14,4,5,,,,,
CLEAR,DAYLIGHT,TURNING,DIVIDED - W/MEDIAN (NOT RAISED),,STRAIGHT AND LEVEL,DRY,NO DEFECTS,ON SCENE,INJURY AND / OR TOW DUE TO CRASH,,,,"OVER $1,500",08/06/2025 12:43,UNABLE TO DETERMINE,UNABLE TO DETERMINE,2424,W,MADISON ST,1222,,,,,,,2,NO INDICATION OF INJURY,0,0,0,0,0,2,0,12,4,8,,,,,
CLEAR,DUSK,PARKED MOTOR VEHICLE,NOT DIVIDED,,STRAIGHT AND LEVEL,DRY,NO DEFECTS,NOT ON SCENE (DESK REPORT),NO INJURY / DRIVE AWAY,,,Y,$500 OR LESS,02/27/2025 19:45,DRIVING ON WRONG SIDE/WRONG WAY,DRIVING SKILLS/KNOWLEDGE/EXPERIENCE,1739,W,CERMAK RD,1034,,,,,,,2,NO INDICATION OF INJURY,0,0,0,0,0,1,0,19,4,2,,,,,
CLEAR,DAYLIGHT,SIDESWIPE SAME DIRECTION,NOT DIVIDED,,STRAIGHT AND LEVEL,DRY,NO DEFECTS,NOT ON SCENE (DESK REPORT),NO INJURY / DRIVE AWAY,,,Y,"$501 - $1,500",02/27/2025 15:20,FOLLOWING TOO CLOSELY,NOT APPLICABLE,6610,N,CLARK ST,2432,,,,,,,2,NO INDICATION OF INJURY,0,0,0,0,0,2,0,10,5,2,,,,,
CLEAR,DAYLIGHT,SIDESWIPE OPPOSITE DIRECTION,NOT DIVIDED,,STRAIGHT AND LEVEL,DRY,NO DEFECTS,ON SCENE,NO INJURY / DRIVE AWAY,,,,$500 OR LESS,02/27/2025 9:51,UNABLE TO DETERMINE,NOT APPLICABLE,1450,W,ARGYLE ST,2033,,,,,,,2,NO INDICATION OF INJURY,0,0,0,0,0,3,0,9,5,2,,,,,
CLEAR,DAYLIGHT,TURNING,NOT DIVIDED,,STRAIGHT AND LEVEL,DRY,NO DEFECTS,NOT ON SCENE (DESK REPORT),NO INJURY / DRIVE AWAY,,,,"OVER $1,500",02/27/2025 18:00,FAILING TO YIELD RIGHT-OF-WAY,UNABLE TO DETERMINE,1929,N,ELSTON AVE,1433,,,,,,,2,NO INDICATION OF INJURY,0,0,0,0,0,2,0,17,5,2,,,,,
CLEAR,"DARKNESS, LIGHTED ROAD",ANGLE,FOUR WAY,,STRAIGHT AND LEVEL,UNKNOWN,UNKNOWN,ON SCENE,INJURY AND / OR TOW DUE TO CRASH,Y,,,"OVER $1,500",01/18/2025 21:17,UNABLE TO DETERMINE,NOT APPLICABLE,6768,W,GRAND AVE,2512,,,,,,,4,NO INDICATION OF INJURY,0,0,0,0,0,4,0,21,7,1,,,,,
CLEAR,"DARKNESS, LIGHTED ROAD",SIDESWIPE SAME DIRECTION,ONE-WAY,,STRAIGHT AND LEVEL,DRY,NO DEFECTS,NOT ON SCENE (DESK REPORT),NO INJURY / DRIVE AWAY,,,Y,"OVER $1,500",01/18/2025 20:30,"OPERATING VEHICLE IN ERRATIC, RECKLESS, CARELESS, NEGLIGENT OR AGGRESSIVE MANNER",NOT APPLICABLE,4960,S,WENTWORTH AVE,224,,,,,,,2,NO INDICATION OF INJURY,0,0,0,0,0,2,0,20,7,1,,,,,
CLEAR,DAYLIGHT,TURNING,NOT DIVIDED,,STRAIGHT AND LEVEL,UNKNOWN,NO DEFECTS,ON SCENE,INJURY AND / OR TOW DUE TO CRASH,Y,,,"OVER $1,500",02/26/2025 10:33,FAILING TO YIELD RIGHT-OF-WAY,UNABLE TO DETERMINE,4700,S,COTTAGE GROVE AVE,223,,,,,,,3,NONINCAPACITATING INJURY,2,0,0,2,0,3,0,10,4,2,,,,,
RAIN,"DARKNESS, LIGHTED ROAD",PARKED MOTOR VEHICLE,NOT DIVIDED,,STRAIGHT AND LEVEL,WET,UNKNOWN,ON SCENE,NO INJURY / DRIVE AWAY,,,,"OVER $1,500",02/26/2025 23:53,FAILING TO REDUCE SPEED TO AVOID CRASH,WEATHER,4524,S,WESTERN AVE,922,,,,,,,2,NO INDICATION OF INJURY,0,0,0,0,0,1,0,23,4,2,,,,,
CLEAR,DAYLIGHT,SIDESWIPE SAME DIRECTION,ONE-WAY,,STRAIGHT AND LEVEL,DRY,NO DEFECTS,NOT ON SCENE (DESK REPORT),NO INJURY / DRIVE AWAY,,,Y,"$501 - $1,500",02/27/2025 9:45,DRIVING SKILLS/KNOWLEDGE/EXPERIENCE,UNABLE TO DETERMINE,3630,N,FREMONT ST,1923,,,,,,,2,NO INDICATION OF INJURY,0,0,0,0,0,2,0,7,5,2,,,,,
CLEAR,DAWN,TURNING,UNKNOWN,,STRAIGHT AND LEVEL,DRY,UNKNOWN,,NO INJURY / DRIVE AWAY,,,,"OVER $1,500",05/28/2025 19:29,FOLLOWING TOO CLOSELY,NOT APPLICABLE,112,E,LOWER WACKER DR,114,,,,,,,2,NO INDICATION OF INJURY,0,0,0,0,0,2,0,17,4,5,,,,,
CLEAR,DARKNESS,PARKED MOTOR VEHICLE,PARKING LOT,,STRAIGHT AND LEVEL,DRY,NO DEFECTS,NOT ON SCENE (DESK REPORT),NO INJURY / DRIVE AWAY,,Y,,"$501 - $1,500",01/20/2025 10:30,UNABLE TO DETERMINE,NOT APPLICABLE,2106,S,JEFFERSON ST,1235,,,,,,,2,NO INDICATION OF INJURY,0,0,0,0,0,1,0,18,7,1,,,,,
CLEAR,DAWN,FIXED OBJECT,OTHER,,STRAIGHT AND LEVEL,DRY,NO DEFECTS,NOT ON SCENE (DESK REPORT),NO INJURY / DRIVE AWAY,,,,"OVER $1,500",01/18/2025 7:21,IMPROPER TURNING/NO SIGNAL,NOT APPLICABLE,6520,S,DR MARTIN LUTHER KING JR DR,312,,,,,,,1,NO INDICATION OF INJURY,0,0,0,0,0,2,0,6,7,1,,,,,
RAIN,DAYLIGHT,REAR END,DIVIDED - W/MEDIAN (NOT RAISED),,STRAIGHT AND LEVEL,WET,UNKNOWN,NOT ON SCENE (DESK REPORT),NO INJURY / DRIVE AWAY,,,,"OVER $1,500",05/28/2025 8:20,UNABLE TO DETERMINE,UNABLE TO DETERMINE,4052,W,PETERSON AVE,1711,,,,,,,2,NO INDICATION OF INJURY,0,0,0,0,0,2,0,6,4,5,,,,,
CLEAR,DAYLIGHT,SIDESWIPE SAME DIRECTION,ONE-WAY,,STRAIGHT AND LEVEL,DRY,NO DEFECTS,NOT ON SCENE (DESK REPORT),NO INJURY / DRIVE AWAY,,,,"$501 - $1,500",01/21/2025 17:30,IMPROPER OVERTAKING/PASSING,IMPROPER OVERTAKING/PASSING,111,N,STATE ST,111,,,,,,,2,NO INDICATION OF INJURY,0,0,0,0,0,2,0,13,7,1,,,,,
UNKNOWN,DAYLIGHT,SIDESWIPE SAME DIRECTION,NOT DIVIDED,,STRAIGHT AND LEVEL,UNKNOWN,UNKNOWN,NOT ON SCENE (DESK REPORT),NO INJURY / DRIVE AWAY,,,,"OVER $1,500",05/28/2025 15:45,UNABLE TO DETERMINE,NOT APPLICABLE,1725,N,HARLEM AVE,2513,,,,,,,2,NO INDICATION OF INJURY,0,0,0,0,0,3,0,13,4,5,,,,,
CLEAR,DAYLIGHT,SIDESWIPE OPPOSITE DIRECTION,NOT DIVIDED,,STRAIGHT AND LEVEL,DRY,NO DEFECTS,NOT ON SCENE (DESK REPORT),NO INJURY / DRIVE AWAY,N,,,"$501 - $1,500",05/28/2025 16:10,UNABLE TO DETERMINE,UNABLE TO DETERMINE,10823,S,LANGLEY AVE,513,,,,,,,2,NO INDICATION OF INJURY,0,0,0,0,0,2,0,15,4,5,,,,,
RAIN,DAYLIGHT,ANGLE,NOT DIVIDED,,STRAIGHT AND LEVEL,WET,NO DEFECTS,NOT ON SCENE (DESK REPORT),NO INJURY / DRIVE AWAY,,,,"OVER $1,500",05/28/2025 12:00,IMPROPER TURNING/NO SIGNAL,NOT APPLICABLE,3731,W,DIVISION ST,1112,,,,,,,2,NO INDICATION OF INJURY,0,0,0,0,0,2,0,10,4,5,,,,,
CLEAR,"DARKNESS, LIGHTED ROAD",HEAD ON,NOT DIVIDED,,STRAIGHT AND LEVEL,DRY,NO DEFECTS,,INJURY AND / OR TOW DUE TO CRASH,,,,"OVER $1,500",01/18/2025 16:19,CELL PHONE USE OTHER THAN TEXTING,DRIVING SKILLS/KNOWLEDGE/EXPERIENCE,782,W,113TH ST,2233,,,,,,,2,NO INDICATION OF INJURY,0,0,0,0,0,2,0,16,7,1,,,,,
RAIN,DAYLIGHT,SIDESWIPE SAME DIRECTION,NOT DIVIDED,,STRAIGHT AND LEVEL,WET,NO DEFECTS,NOT ON SCENE (DESK REPORT),NO INJURY / DRIVE AWAY,,,,$500 OR LESS,05/29/2025 8:45,FAILING TO YIELD RIGHT-OF-WAY,FAILING TO YIELD RIGHT-OF-WAY,182,W,LAKE ST,122,,,,,,,2,NO INDICATION OF INJURY,0,0,0,0,0,2,0,9,4,5,,,,,
CLEAR,DAYLIGHT,OTHER OBJECT,NOT DIVIDED,,STRAIGHT AND LEVEL,UNKNOWN,UNKNOWN,NOT ON SCENE (DESK REPORT),NO INJURY / DRIVE AWAY,,,,"OVER $1,500",01/18/2025 14:55,DRIVING SKILLS/KNOWLEDGE/EXPERIENCE,NOT APPLICABLE,5656,S,ST LOUIS AVE,822,,,,,,,1,NO INDICATION OF INJURY,0,0,0,0,0,6,0,14,7,1,,,,,
CLEAR,"DARKNESS, LIGHTED ROAD",FIXED OBJECT,NOT DIVIDED,,STRAIGHT AND LEVEL,DRY,NO DEFECTS,ON SCENE,NO INJURY / DRIVE AWAY,,,,"OVER $1,500",05/28/2025 3:49,UNABLE TO DETERMINE,NOT APPLICABLE,2698,W,POLK ST,1135,,,,,,,1,NO INDICATION OF INJURY,0,0,0,0,0,1,0,3,4,5,,,,,
UNKNOWN,DAYLIGHT,OTHER OBJECT,UNKNOWN,,STRAIGHT AND LEVEL,UNKNOWN,UNKNOWN,NOT ON SCENE (DESK REPORT),NO INJURY / DRIVE AWAY,,,,"$501 - $1,500",01/21/2025 16:12,UNABLE TO DETERMINE,NOT APPLICABLE,6043,S,KEDZIE AVE,823,,,,,,,1,NO INDICATION OF INJURY,0,0,0,0,0,1,0,10,7,1,,,,,
CLEAR,DAYLIGHT,TURNING,FOUR WAY,,STRAIGHT AND LEVEL,DRY,UNKNOWN,,INJURY AND / OR TOW DUE TO CRASH,,,,"OVER $1,500",02/22/2025 14:30,FAILING TO YIELD RIGHT-OF-WAY,NOT APPLICABLE,4000,N,KEELER AVE,1722,,,,,,,2,NONINCAPACITATING INJURY,4,0,0,1,3,4,0,14,7,2,,,,,
CLEAR,DAYLIGHT,ANGLE,OTHER,,STRAIGHT AND LEVEL,WET,UNKNOWN,,INJURY AND / OR TOW DUE TO CRASH,Y,,,"OVER $1,500",03/25/2024 15:20,UNABLE TO DETERMINE,NOT APPLICABLE,2200,S,STATE ST,131,,,,,,,4,"REPORTED, NOT EVIDENT",1,0,0,0,1,6,0,15,2,3,,,,,
CLEAR,DAYLIGHT,REAR END,DIVIDED - W/MEDIAN (NOT RAISED),,STRAIGHT AND LEVEL,DRY,UNKNOWN,NOT ON SCENE (DESK REPORT),NO INJURY / DRIVE AWAY,,,,"OVER $1,500",05/29/2025 11:07,FOLLOWING TOO CLOSELY,UNABLE TO DETERMINE,3307,W,63RD ST,823,,,,,,,2,NO INDICATION OF INJURY,0,0,0,0,0,2,0,18,4,5,,,,,
CLEAR,"DARKNESS, LIGHTED ROAD",REAR END,ONE-WAY,,STRAIGHT AND LEVEL,DRY,NO DEFECTS,ON SCENE,NO INJURY / DRIVE AWAY,,,Y,$500 OR LESS,01/07/2020 17:00,UNABLE TO DETERMINE,NOT APPLICABLE,3,W,TERMINAL ST,1653,,,,,,,2,NO INDICATION OF INJURY,0,0,0,0,0,3,0,16,3,1,,,,,
CLOUDY/OVERCAST,DAYLIGHT,REAR END,FOUR WAY,,STRAIGHT AND LEVEL,DRY,NO DEFECTS,ON SCENE,NO INJURY / DRIVE AWAY,Y,,Y,"$501 - $1,500",01/18/2025 10:34,FOLLOWING TOO CLOSELY,UNABLE TO DETERMINE,653,W,18TH ST,1235,,,,,,,2,NO INDICATION OF INJURY,0,0,0,0,0,4,0,10,7,1,,,,,
CLEAR,DAYLIGHT,SIDESWIPE SAME DIRECTION,NOT DIVIDED,,STRAIGHT AND LEVEL,DRY,NO DEFECTS,ON SCENE,NO INJURY / DRIVE AWAY,,,,"OVER $1,500",01/18/2025 12:25,FOLLOWING TOO CLOSELY,IMPROPER OVERTAKING/PASSING,2036,W,GRAND AVE,1221,,,,,,,2,NO INDICATION OF INJURY,0,0,0,0,0,3,0,11,7,1,,,,,
CLEAR,DAYLIGHT,PARKED MOTOR VEHICLE,FOUR WAY,,STRAIGHT AND LEVEL,DRY,UNKNOWN,ON SCENE,INJURY AND / OR TOW DUE TO CRASH,,,,"OVER $1,500",05/28/2025 19:00,FAILING TO REDUCE SPEED TO AVOID CRASH,DRIVING SKILLS/KNOWLEDGE/EXPERIENCE,1554,E,82ND ST,411,,,,,,,3,NO INDICATION OF INJURY,0,0,0,0,0,1,0,19,4,5,,,,,