WEATHER_CONDITION,LIGHTING_CONDITION,FIRST_CRASH_TYPE,TRAFFICWAY_TYPE,LANE_CNT,ALIGNMENT,ROADWAY_SURFACE_COND,ROAD_DEFECT,REPORT_TYPE,CRASH_TYPE,INTERSECTION_RELATED_I,NOT_RIGHT_OF_WAY_I,HIT_AND_RUN_I,DAMAGE,DATE_POLICE_NOTIFIED,PRIM_CONTRIBUTORY_CAUSE,SEC_CONTRIBUTORY_CAUSE,STREET_NO,STREET_DIRECTION,STREET_NAME,BEAT_OF_OCCURRENCE,PHOTOS_TAKEN_I,STATEMENTS_TAKEN_I,DOORING_I,WORK_ZONE_I,WORK_ZONE_TYPE,WORKERS_PRESENT_I,NUM_UNITS,MOST_SEVERE_INJURY,INJURIES_TOTAL,INJURIES_FATAL,INJURIES_INCAPACITATING,INJURIES_NON_INCAPACITATING,INJURIES_REPORTED_NOT_EVIDENT,INJURIES_NO_INDICATION,INJURIES_UNKNOWN,CRASH_HOUR,CRASH_DAY_OF_WEEK,CRASH_MONTH,INJURIES_NO_INDICATION,INJURIES_UNKNOWN,CRASH_HOUR,CRASH_DAY_OF_WEEK,CRASH_MONTH
CLEAR,DAYLIGHT,ANGLE,FOUR WAY,,STRAIGHT AND LEVEL,DRY,NO DEFECTS,ON SCENE,INJURY AND / OR TOW DUE TO CRASH,Y,,,"OVER $1,500",01/18/2025 13:42,UNABLE TO DETERMINE,NOT APPLICABLE,729,W,41ST ST,925,,,,,,,2,NO INDICATION OF INJURY,0,0,0,0,0,2,0,13,7,1,,,,,
CLEAR,DAYLIGHT,PARKED MOTOR VEHICLE,ONE-WAY,,STRAIGHT AND LEVEL,DRY,NO DEFECTS,NOT ON SCENE (DESK REPORT),NO INJURY / DRIVE AWAY,,,Y,"$501 - $1,500",05/28/2025 14:31,UNABLE TO DETERMINE,NOT APPLICABLE,5330,S,INGLESIDE AVE,233,,,,,,,2,NO INDICATION OF INJURY,0,0,0,0,0,1,0,14,4,5,,,,,
CLEAR,"DARKNESS, LIGHTED ROAD",REAR END,OTHER,,STRAIGHT AND LEVEL,SNOW OR SLUSH,NO DEFECTS,NOT ON SCENE (DESK REPORT),INJURY AND / OR TOW DUE TO CRASH,Y,,,"OVER $1,500",02/13/2025 18:22,UNABLE TO DETERMINE,NOT APPLICABLE,8700,S,VINCENNES AVE,2222,,,,,,,2,NO INDICATION OF INJURY,0,0,0,0,0,2,0,17,5,2,,,,,
CLEAR,DAYLIGHT,SIDESWIPE SAME DIRECTION,NOT DIVIDED,,STRAIGHT AND LEVEL,DRY,NO DEFECTS,ON SCENE,NO INJURY / DRIVE AWAY,,,Y,"OVER $1,500",05/28/2025 15:39,UNABLE TO DETERMINE,UNABLE TO DETERMINE,7498,S,SOUTH SHORE DR,334,,Y,,,,,2,NO INDICATION OF INJURY,0,0,0,0,0,2,0,15,4,5,,,,,
CLEAR,DAYLIGHT,SIDESWIPE SAME DIRECTION,DIVIDED - W/MEDIAN BARRIER,,STRAIGHT AND LEVEL,DRY,NO DEFECTS,NOT ON SCENE (DESK REPORT),NO INJURY / DRIVE AWAY,,,,"OVER $1,500",01/18/2025 16:15,UNABLE TO DETERMINE,UNABLE TO DETERMINE,100,W,CONGRESS PKWY,122,,,,,,,2,NO INDICATION OF INJURY,0,0,0,0,0,5,0,15,7,1,,,,,
CLOUDY/OVERCAST,DAYLIGHT,SIDESWIPE SAME DIRECTION,NOT DIVIDED,,STRAIGHT AND LEVEL,DRY,NO DEFECTS,NOT ON SCENE (DESK REPORT),NO INJURY / DRIVE AWAY,,,,"OVER $1,500",01/18/2025 13:15,FAILING TO YIELD RIGHT-OF-WAY,FAILING TO YIELD RIGHT-OF-WAY,1046,W,MADISON ST,1224,Y,,,,,,2,NO INDICATION OF INJURY,0,0,0,0,0,2,0,11,7,1,,,,,
CLEAR,DAYLIGHT,ANGLE,NOT DIVIDED,,STRAIGHT AND LEVEL,DRY,UNKNOWN,NOT ON SCENE (DESK REPORT),NO INJURY / DRIVE AWAY,,,,"OVER $1,500",05/28/2025 19:00,UNABLE TO DETERMINE,NOT APPLICABLE,2434,W,71ST ST,832,,,,,,,2,NO INDICATION OF INJURY,0,0,0,0,0,2,0,15,4,5,,,,,
CLEAR,DAYLIGHT,SIDESWIPE SAME DIRECTION,FOUR WAY,,STRAIGHT AND LEVEL,DRY,NO DEFECTS,ON SCENE,INJURY AND / OR TOW DUE TO CRASH,Y,,,"OVER $1,500",05/28/2025 16:04,FAILING TO REDUCE SPEED TO AVOID CRASH,NOT APPLICABLE,7302,W,DEVON AVE,1612,,,,,,,3,NO INDICATION OF INJURY,0,0,0,0,0,3,0,15,4,5,,,,,
UNKNOWN,DAYLIGHT,PARKED MOTOR VEHICLE,ONE-WAY,,STRAIGHT AND LEVEL,UNKNOWN,UNKNOWN,NOT ON SCENE (DESK REPORT),NO INJURY / DRIVE AWAY,,,,$500 OR LESS,05/28/2025 14:30,UNABLE TO DETERMINE,NOT APPLICABLE,251,E,HURON ST,1834,,,,,,,2,NO INDICATION OF INJURY,0,0,0,0,0,3,0,11,4,5,,,,,
CLEAR,DAYLIGHT,TURNING,FOUR WAY,,STRAIGHT AND LEVEL,UNKNOWN,NO DEFECTS,NOT ON SCENE (DESK REPORT),NO INJURY / DRIVE AWAY,Y,,,"$501 - $1,500",01/18/2025 14:06,DRIVING SKILLS/KNOWLEDGE/EXPERIENCE,NOT APPLICABLE,1599,N,KINGSBURY ST,1822,Y,,,,,,2,NO INDICATION OF INJURY,0,0,0,0,0,2,0,13,7,1,,,,,
CLEAR,DAYLIGHT,PARKED MOTOR VEHICLE,NOT DIVIDED,,STRAIGHT AND LEVEL,DRY,NO DEFECTS,ON SCENE,NO INJURY / DRIVE AWAY,,,Y,"OVER $1,500",05/28/2025 16:35,UNABLE TO DETERMINE,NOT APPLICABLE,10640,S,EMERALD AVE,2233,,,,,,,2,NO INDICATION OF INJURY,0,0,0,0,0,1,0,16,4,5,,,,,
CLOUDY/OVERCAST,DAYLIGHT,TURNING,FOUR WAY,,STRAIGHT AND LEVEL,DRY,NO DEFECTS,ON SCENE,NO INJURY / DRIVE AWAY,Y,,,"OVER $1,500",05/28/2025 14:37,FAILING TO YIELD RIGHT-OF-WAY,FAILING TO REDUCE SPEED TO AVOID CRASH,5400,N,LUDLAM AVE,1623,,,,,,,2,NO INDICATION OF INJURY,0,0,0,0,0,2,0,14,4,5,,,,,
CLEAR,DAYLIGHT,TURNING,DIVIDED - W/MEDIAN (NOT RAISED),,STRAIGHT AND LEVEL,DRY,NO DEFECTS,ON SCENE,INJURY AND / OR TOW DUE TO CRASH,,,,"OVER $1,500",05/28/2025 15:55,UNABLE TO DETERMINE,NOT APPLICABLE,3947,N,OAK PARK AVE,1632,,,,,,,2,NO INDICATION OF INJURY,0,0,0,0,0,2,0,14,4,5,,,,,
CLEAR,DAYLIGHT,REAR END,NOT DIVIDED,,STRAIGHT AND LEVEL,DRY,NO DEFECTS,NOT ON SCENE (DESK REPORT),INJURY AND / OR TOW DUE TO CRASH,,,,"OVER $1,500",05/28/2025 16:08,FOLLOWING TOO CLOSELY,UNABLE TO DETERMINE,2506,W,59TH ST,824,,,,,,,2,NONINCAPACITATING INJURY,1,0,0,1,0,3,0,15,4,5,,,,,
UNKNOWN,UNKNOWN,PARKED MOTOR VEHICLE,DIVIDED - W/MEDIAN BARRIER,,STRAIGHT AND LEVEL,UNKNOWN,NO DEFECTS,NOT ON SCENE (DESK REPORT),NO INJURY / DRIVE AWAY,,,Y,"OVER $1,500",01/23/2025 21:25,UNABLE TO DETERMINE,UNABLE TO DETERMINE,1720,S,MICHIGAN AVE,131,,,,,,,2,NO INDICATION OF INJURY,0,0,0,0,0,1,0,5,7,1,,,,,
CLEAR,DAYLIGHT,PEDALCYCLIST,NOT DIVIDED,,STRAIGHT AND LEVEL,DRY,NO DEFECTS,ON SCENE,INJURY AND / OR TOW DUE TO CRASH,Y,,,$500 OR LESS,01/18/2025 10:58,UNABLE TO DETERMINE,UNABLE TO DETERMINE,3302,S,WENTWORTH AVE,915,,,,,,,2,NONINCAPACITATING INJURY,1,0,0,1,0,1,0,10,7,1,,,,,
CLEAR,UNKNOWN,PARKED MOTOR VEHICLE,DIVIDED - W/MEDIAN (NOT RAISED),,STRAIGHT AND LEVEL,DRY,NO DEFECTS,ON SCENE,INJURY AND / OR TOW DUE TO CRASH,,,Y,"OVER $1,500",01/18/2025 8:29,NOT APPLICABLE,NOT APPLICABLE,1401,W,CARMEN AVE,2033,,,,,,,2,NO INDICATION OF INJURY,0,0,0,0,0,1,0,5,7,1,,,,,
CLEAR,DAYLIGHT,REAR END,NOT DIVIDED,,STRAIGHT AND LEVEL,DRY,NO DEFECTS,NOT ON SCENE (DESK REPORT),NO INJURY / DRIVE AWAY,Y,,,"OVER $1,500",02/13/2025 17:08,FOLLOWING TOO CLOSELY,DRIVING SKILLS/KNOWLEDGE/EXPERIENCE,112,N,SACRAMENTO BLVD,1222,,,,,,,2,NO INDICATION OF INJURY,0,0,0,0,0,3,0,16,5,2,,,,,
RAIN,DAYLIGHT,TURNING,DIVIDED - W/MEDIAN (NOT RAISED),,STRAIGHT AND LEVEL,WET,NO DEFECTS,ON SCENE,INJURY AND / OR TOW DUE TO CRASH,Y,,,"$501 - $1,500",05/28/2025 9:30,DRIVING SKILLS/KNOWLEDGE/EXPERIENCE,NOT APPLICABLE,5616,N,CUMBERLAND AVE,1614,,,,,,,2,NONINCAPACITATING INJURY,1,0,0,1,0,1,0,9,4,5,,,,,
CLEAR,DAYLIGHT,REAR END,DIVIDED - W/MEDIAN (NOT RAISED),,STRAIGHT AND LEVEL,DRY,NO DEFECTS,ON SCENE,NO INJURY / DRIVE AWAY,Y,,,"OVER $1,500",01/18/2025 13:17,FOLLOWING TOO CLOSELY,NOT APPLICABLE,6000,W,BELMONT AVE,1633,,,,,,,2,NO INDICATION OF INJURY,0,0,0,0,0,2,0,13,7,1,,,,,
CLEAR,"DARKNESS, LIGHTED ROAD",SIDESWIPE SAME DIRECTION,DIVIDED - W/MEDIAN (NOT RAISED),,STRAIGHT AND LEVEL,DRY,NO DEFECTS,ON SCENE,NO INJURY / DRIVE AWAY,Y,,Y,"$501 - $1,500",05/28/2025 20:45,IMPROPER OVERTAKING/PASSING,UNABLE TO DETERMINE,7432,W,BELMONT AVE,1631,,,,,,,2,NO INDICATION OF INJURY,0,0,0,0,0,2,0,20,4,5,,,,,
CLEAR,"DARKNESS, LIGHTED ROAD",PARKED MOTOR VEHICLE,NOT DIVIDED,,STRAIGHT AND LEVEL,DRY,NO DEFECTS,NOT ON SCENE (DESK REPORT),NO INJURY / DRIVE AWAY,,,Y,"OVER $1,500",05/28/2025 9:38,UNABLE TO DETERMINE,NOT APPLICABLE,5616,W,WELLINGTON AVE,2514,,,,,,,2,NO INDICATION OF INJURY,0,0,0,0,0,1,0,0,4,5,,,,,
CLEAR,"DARKNESS, LIGHTED ROAD",FIXED OBJECT,ALLEY,,STRAIGHT AND LEVEL,DRY,NO DEFECTS,ON SCENE,NO INJURY / DRIVE AWAY,,,,"OVER $1,500",01/18/2025 2:35,UNABLE TO DETERMINE,NOT APPLICABLE,19,W,GOETHE ST,1824,,,,,,,1,NO INDICATION OF INJURY,0,0,0,0,0,1,0,2,7,1,,,,,
CLEAR,DAYLIGHT,TURNING,NOT DIVIDED,,STRAIGHT AND LEVEL,DRY,NO DEFECTS,NOT ON SCENE (DESK REPORT),NO INJURY / DRIVE AWAY,,,Y,"OVER $1,500",08/05/2023 9:50,UNABLE TO DETERMINE,UNABLE TO DETERMINE,8300,S,STONY ISLAND AVE,412,,,,,,,2,NO INDICATION OF INJURY,0,0,0,0,0,2,0,18,6,8,,,,,
RAIN,DAYLIGHT,SIDESWIPE SAME DIRECTION,NOT DIVIDED,,STRAIGHT AND LEVEL,UNKNOWN,UNKNOWN,NOT ON SCENE (DESK REPORT),NO INJURY / DRIVE AWAY,,,,"OVER $1,500",05/28/2025 8:10,UNABLE TO DETERMINE,UNABLE TO DETERMINE,7225,W,TOUHY AVE,1611,,,,,,,2,NO INDICATION OF INJURY,0,0,0,0,0,2,0,7,4,5,,,,,
CLEAR,DAYLIGHT,REAR END,NOT DIVIDED,,STRAIGHT AND LEVEL,DRY,NO DEFECTS,NOT ON SCENE (DESK REPORT),NO INJURY / DRIVE AWAY,,,,"$501 - $1,500",07/15/2025 10:00,FOLLOWING TOO CLOSELY,IMPROPER LANE USAGE,2452,W,BELMONT AVE,1921,,,,,,,2,NO INDICATION OF INJURY,0,0,0,0,0,2,0,9,3,7,,,,,
RAIN,"DARKNESS, LIGHTED ROAD",SIDESWIPE SAME DIRECTION,NOT DIVIDED,,STRAIGHT AND LEVEL,WET,NO DEFECTS,NOT ON SCENE (DESK REPORT),NO INJURY / DRIVE AWAY,,,,"OVER $1,500",05/28/2025 14:35,IMPROPER OVERTAKING/PASSING,NOT APPLICABLE,4656,W,63RD ST,813,,,,,,,2,NO INDICATION OF INJURY,0,0,0,0,0,2,0,9,4,5,,,,,
CLEAR,DAYLIGHT,REAR END,DIVIDED - W/MEDIAN (NOT RAISED),,STRAIGHT AND LEVEL,DRY,NO DEFECTS,NOT ON SCENE (DESK REPORT),NO INJURY / DRIVE AWAY,,,Y,"$501 - $1,500",01/18/2025 14:00,FOLLOWING TOO CLOSELY,UNABLE TO DETERMINE,1010,W,ROOSEVELT RD,1232,,,,,,,2,NO INDICATION OF INJURY,0,0,0,0,0,2,0,13,7,1,,,,,
CLEAR,DAYLIGHT,PARKED MOTOR VEHICLE,T-INTERSECTION,,STRAIGHT AND LEVEL,DRY,NO DEFECTS,ON SCENE,NO INJURY / DRIVE AWAY,,,,"OVER $1,500",01/18/2025 14:30,UNABLE TO DETERMINE,UNABLE TO DETERMINE,357,W,119TH ST,522,,,,,,,2,NO INDICATION OF INJURY,0,0,0,0,0,2,0,14,7,1,,,,,
CLEAR,"DARKNESS, LIGHTED ROAD",TURNING,FOUR WAY,,STRAIGHT AND LEVEL,DRY,NO DEFECTS,,INJURY AND / OR TOW DUE TO CRASH,Y,,Y,"OVER $1,500",06/11/2025 23:01,UNABLE TO DETERMINE,NOT APPLICABLE,5900,S,CICERO AVE,813,,,,,,,2,"REPORTED, NOT EVIDENT",1,0,0,0,1,1,0,21,4,6,,,,,
CLEAR,"DARKNESS, LIGHTED ROAD",FIXED OBJECT,DIVIDED - W/MEDIAN (NOT RAISED),,STRAIGHT AND LEVEL,DRY,NO DEFECTS,ON SCENE,INJURY AND / OR TOW DUE TO CRASH,,,Y,"OVER $1,500",01/18/2025 2:19,UNABLE TO DETERMINE,DRIVING SKILLS/KNOWLEDGE/EXPERIENCE,3737,S,WESTERN AVE,911,,,,,,,1,NONINCAPACITATING INJURY,1,0,0,1,0,2,0,2,7,1,,,,,
RAIN,DAYLIGHT,TURNING,FOUR WAY,,STRAIGHT AND LEVEL,WET,NO DEFECTS,ON SCENE,NO INJURY / DRIVE AWAY,,,,"OVER $1,500",05/28/2025 8:40,IMPROPER OVERTAKING/PASSING,UNABLE TO DETERMINE,901,N,KEDZIE AVE,1211,,,,,,,2,NO INDICATION OF INJURY,0,0,0,0,0,5,0,7,4,5,,,,,
CLEAR,DAYLIGHT,REAR END,NOT DIVIDED,,STRAIGHT AND LEVEL,DRY,NO DEFECTS,NOT ON SCENE (DESK REPORT),NO INJURY / DRIVE AWAY,,,,"OVER $1,500",05/28/2025 8:00,FAILING TO REDUCE SPEED TO AVOID CRASH,NOT APPLICABLE,6000,W,NORTH AVE,2531,,,,,,,2,NO INDICATION OF INJURY,0,0,0,0,0,3,0,6,4,5,,,,,
CLEAR,DAYLIGHT,SIDESWIPE SAME DIRECTION,FOUR WAY,,STRAIGHT AND LEVEL,DRY,NO DEFECTS,NOT ON SCENE (DESK REPORT),NO INJURY / DRIVE AWAY,,,,$500 OR LESS,02/13/2025 17:59,IMPROPER OVERTAKING/PASSING,FAILING TO YIELD RIGHT-OF-WAY,1214,E,103RD ST,511,,,,,,,2,NO INDICATION OF INJURY,0,0,0,0,0,3,0,16,5,2,,,,,
UNKNOWN,UNKNOWN,PARKED MOTOR VEHICLE,OTHER,,STRAIGHT AND LEVEL,UNKNOWN,UNKNOWN,NOT ON SCENE (DESK REPORT),NO INJURY / DRIVE AWAY,,,Y,"$501 - $1,500",05/28/2025 21:00,UNABLE TO DETERMINE,NOT APPLICABLE,1950,W,HOOD AVE,2413,,,,,,,2,NO INDICATION OF INJURY,0,0,0,0,0,1,0,10,4,5,,,,,
CLEAR,DAYLIGHT,TURNING,DIVIDED - W/MEDIAN (NOT RAISED),,STRAIGHT AND LEVEL,DRY,NO DEFECTS,NOT ON SCENE (DESK REPORT),NO INJURY / DRIVE AWAY,Y,,,"OVER $1,500",05/28/2025 15:00,UNABLE TO DETERMINE,NOT APPLICABLE,4359,N,PULASKI RD,1723,,,,,,,2,NO INDICATION OF INJURY,0,0,0,0,0,2,0,13,4,5,,,,,
CLEAR,DAYLIGHT,REAR END,DIVIDED - W/MEDIAN (NOT RAISED),,STRAIGHT AND LEVEL,UNKNOWN,UNKNOWN,ON SCENE,INJURY AND / OR TOW DUE TO CRASH,,,,"$501 - $1,500",05/28/2025 14:20,FOLLOWING TOO CLOSELY,FOLLOWING TOO CLOSELY,7740,S,SOUTH CHICAGO AVE,411,,,,,,,2,NONINCAPACITATING INJURY,3,0,0,1,2,0,0,14,4,5,,,,,
RAIN,DAYLIGHT,SIDESWIPE SAME DIRECTION,NOT DIVIDED,,STRAIGHT AND LEVEL,WET,UNKNOWN,ON SCENE,NO INJURY / DRIVE AWAY,,,,"OVER $1,500",05/28/2025 7:47,IMPROPER OVERTAKING/PASSING,NOT APPLICABLE,4219,W,CULLOM AVE,1722,,,,,,,2,NO INDICATION OF INJURY,0,0,0,0,0,2,0,7,4,5,,,,,
CLEAR,"DARKNESS, LIGHTED ROAD",REAR END,NOT DIVIDED,,STRAIGHT AND LEVEL,DRY,NO DEFECTS,NOT ON SCENE (DESK REPORT),NO INJURY / DRIVE AWAY,,,,"OVER $1,500",05/28/2025 23:28,UNABLE TO DETERMINE,NOT APPLICABLE,4060,S,PULASKI RD,815,,,,,,,2,NO INDICATION OF INJURY,0,0,0,0,0,2,0,22,4,5,,,,,
RAIN,DAYLIGHT,TURNING,NOT DIVIDED,,STRAIGHT AND LEVEL,WET,UNKNOWN,ON SCENE,INJURY AND / OR TOW DUE TO CRASH,Y,,,"OVER $1,500",05/28/2025 10:42,UNABLE TO DETERMINE,NOT APPLICABLE,5000,W,LAWRENCE AVE,1623,,,,,,,2,NO INDICATION OF INJURY,0,0,0,0,0,2,0,10,4,5,,,,,
CLEAR,DAYLIGHT,TURNING,FOUR WAY,,STRAIGHT AND LEVEL,DRY,NO DEFECTS,ON SCENE,NO INJURY / DRIVE AWAY,Y,,,"OVER $1,500",05/28/2025 18:15,UNABLE TO DETERMINE,UNABLE TO DETERMINE,4700,W,MADISON ST,1113,,,,,,,2,NO INDICATION OF INJURY,0,0,0,0,0,3,0,18,4,5,,,,,
CLEAR,DAYLIGHT,TURNING,DIVIDED - W/MEDIAN (NOT RAISED),,STRAIGHT AND LEVEL,DRY,NO DEFECTS,ON SCENE,INJURY AND / OR TOW DUE TO CRASH,,,,"OVER $1,500",05/28/2025 16:30,FAILING TO YIELD RIGHT-OF-WAY,IMPROPER TURNING/NO SIGNAL,3110,W,TOUHY AVE,2411,,,,,,,2,NONINCAPACITATING INJURY,1,0,0,1,0,3,0,16,4,5,,,,,
CLEAR,DAYLIGHT,PARKED MOTOR VEHICLE,ONE-WAY,,STRAIGHT AND LEVEL,WET,NO DEFECTS,NOT ON SCENE (DESK REPORT),NO INJURY / DRIVE AWAY,,,,$500 OR LESS,02/13/2025 9:47,DRIVING SKILLS/KNOWLEDGE/EXPERIENCE,NOT APPLICABLE,227,E,ONTARIO ST,1834,,,,,,,2,NO INDICATION OF INJURY,0,0,0,0,0,2,0,9,5,2,,,,,
CLEAR,DAYLIGHT,REAR END,DIVIDED - W/MEDIAN BARRIER,,STRAIGHT AND LEVEL,SNOW OR SLUSH,NO DEFECTS,ON SCENE,NO INJURY / DRIVE AWAY,,,,"OVER $1,500",02/13/2025 12:03,FOLLOWING TOO CLOSELY,NOT APPLICABLE,5436,S,ASHLAND AVE,932,,,,,,,2,NO INDICATION OF INJURY,0,0,0,0,0,3,0,11,5,2,,,,,
UNKNOWN,"DARKNESS, LIGHTED ROAD",PARKED MOTOR VEHICLE,NOT DIVIDED,,STRAIGHT AND LEVEL,UNKNOWN,NO DEFECTS,ON SCENE,NO INJURY / DRIVE AWAY,,,Y,"$501 - $1,500",01/19/2025 12:13,UNABLE TO DETERMINE,UNABLE TO DETERMINE,8111,S,FAIRFIELD AVE,835,,,,,,,2,NO INDICATION OF INJURY,0,0,0,0,0,1,0,0,1,1,,,,,
CLEAR,DAYLIGHT,OTHER OBJECT,ONE-WAY,,STRAIGHT AND LEVEL,UNKNOWN,UNKNOWN,,NO INJURY / DRIVE AWAY,,,,"OVER $1,500",05/30/2025 18:05,DRIVING SKILLS/KNOWLEDGE/EXPERIENCE,NOT APPLICABLE,5319,S,NOTTINGHAM AVE,811,,,,,,,2,NO INDICATION OF INJURY,0,0,0,0,0,2,0,16,4,5,,,,,
UNKNOWN,DAYLIGHT,ANGLE,OTHER,,STRAIGHT AND LEVEL,UNKNOWN,UNKNOWN,NOT ON SCENE (DESK REPORT),NO INJURY / DRIVE AWAY,Y,,,"$501 - $1,500",01/18/2025 13:00,UNABLE TO DETERMINE,NOT APPLICABLE,2934,W,DEVON AVE,2412,,,,,,,2,NO INDICATION OF INJURY,0,0,0,0,0,2,0,12,7,1,,,,,
UNKNOWN,UNKNOWN,ANGLE,DIVIDED - W/MEDIAN (NOT RAISED),,STRAIGHT AND LEVEL,UNKNOWN,NO DEFECTS,NOT ON SCENE (DESK REPORT),NO INJURY / DRIVE AWAY,,,,"$501 - $1,500",01/23/2025 8:30,UNABLE TO DETERMINE,UNABLE TO DETERMINE,1927,W,NORTH AVE,1424,,,,,,,2,NO INDICATION OF INJURY,0,0,0,0,0,2,0,20,7,1,,,,,
CLEAR,DARKNESS,SIDESWIPE OPPOSITE DIRECTION,NOT DIVIDED,,STRAIGHT AND LEVEL,UNKNOWN,NO DEFECTS,NOT ON SCENE (DESK REPORT),NO INJURY / DRIVE AWAY,,,,"OVER $1,500",01/18/2025 21:45,DRIVING ON WRONG SIDE/WRONG WAY,UNDER THE INFLUENCE OF ALCOHOL/DRUGS (USE WHEN ARREST IS EFFECTED),8308,S,LOOMIS BLVD,614,,,,,,,2,NO INDICATION OF INJURY,0,0,0,0,0,2,0,21,7,1,,,,,
CLEAR,DAYLIGHT,PARKED MOTOR VEHICLE,DIVIDED - W/MEDIAN (NOT RAISED),,STRAIGHT AND LEVEL,DRY,NO DEFECTS,NOT ON SCENE (DESK REPORT),NO INJURY / DRIVE AWAY,,,Y,"OVER $1,500",05/28/2025 18:15,DRIVING SKILLS/KNOWLEDGE/EXPERIENCE,NOT APPLICABLE,2219,W,MONTROSE AVE,1911,,,,,,,2,NO INDICATION OF INJURY,0,0,0,0,0,1,0,16,4,5,,,,,
CLEAR,DAYLIGHT,TURNING,L-INTERSECTION,,STRAIGHT AND LEVEL,DRY,NO DEFECTS,ON SCENE,INJURY AND / OR TOW DUE TO CRASH,Y,,,"OVER $1,500",05/28/2025 12:03,FAILING TO YIELD RIGHT-OF-WAY,FAILING TO REDUCE SPEED TO AVOID CRASH,1640,S,PRAIRIE AVE,132,,,,,,,2,NO INDICATION OF INJURY,0,0,0,0,0,2,0,12,4,5,,,,,
CLOUDY/OVERCAST,DAYLIGHT,TURNING,NOT DIVIDED,,STRAIGHT AND LEVEL,UNKNOWN,UNKNOWN,ON SCENE,NO INJURY / DRIVE AWAY,Y,,,"OVER $1,500",05/28/2025 15:29,FAILING TO REDUCE SPEED TO AVOID CRASH,UNABLE TO DETERMINE,671,W,ROOSEVELT RD,1232,,,,,,,2,NO INDICATION OF INJURY,0,0,0,0,0,4,0,14,4,5,,,,,
RAIN,DAYLIGHT,REAR END,NOT DIVIDED,,STRAIGHT AND LEVEL,WET,UNKNOWN,ON SCENE,NO INJURY / DRIVE AWAY,Y,,,"OVER $1,500",05/28/2025 8:48,FOLLOWING TOO CLOSELY,UNABLE TO DETERMINE,3011,S,LOCK ST,913,,,,,,,2,NO INDICATION OF INJURY,0,0,0,0,0,2,0,8,4,5,,,,,
RAIN,DAYLIGHT,PARKED MOTOR VEHICLE,PARKING LOT,,STRAIGHT AND LEVEL,WET,NO DEFECTS,NOT ON SCENE (DESK REPORT),NO INJURY / DRIVE AWAY,,Y,,"$501 - $1,500",05/28/2025 10:15,IMPROPER BACKING,NOT APPLICABLE,5037,W,LAWRENCE AVE,1623,,,,,,,2,NO INDICATION OF INJURY,0,0,0,0,0,2,0,9,4,5,,,,,
CLEAR,DAYLIGHT,SIDESWIPE SAME DIRECTION,ONE-WAY,,STRAIGHT AND LEVEL,DRY,UNKNOWN,NOT ON SCENE (DESK REPORT),NO INJURY / DRIVE AWAY,,,,"OVER $1,500",01/18/2025 13:20,FAILING TO YIELD RIGHT-OF-WAY,NOT APPLICABLE,2537,N,KEDZIE BLVD,1414,,,,,,,2,NO INDICATION OF INJURY,0,0,0,0,0,3,0,8,7,1,,,,,
SNOW,DAYLIGHT,SIDESWIPE SAME DIRECTION,NOT DIVIDED,,STRAIGHT AND LEVEL,WET,NO DEFECTS,ON SCENE,NO INJURY / DRIVE AWAY,,,,"OVER $1,500",02/13/2025 15:25,IMPROPER OVERTAKING/PASSING,UNABLE TO DETERMINE,4700,S,RACINE AVE,933,,,,,,,2,NO INDICATION OF INJURY,0,0,0,0,0,2,0,15,5,2,,,,,
CLEAR,DAYLIGHT,PARKED MOTOR VEHICLE,PARKING LOT,,STRAIGHT AND LEVEL,DRY,UNKNOWN,NOT ON SCENE (DESK REPORT),NO INJURY / DRIVE AWAY,,,Y,"OVER $1,500",05/28/2025 17:45,DRIVING SKILLS/KNOWLEDGE/EXPERIENCE,UNABLE TO DETERMINE,1804,W,LAWRENCE AVE,2032,,,,,,,2,NO INDICATION OF INJURY,0,0,0,0,0,1,0,15,4,5,,,,,
CLEAR,"DARKNESS, LIGHTED ROAD",SIDESWIPE OPPOSITE DIRECTION,NOT DIVIDED,,STRAIGHT AND LEVEL,DRY,NO DEFECTS,ON SCENE,INJURY AND / OR TOW DUE TO CRASH,,,Y,"OVER $1,500",01/18/2025 23:09,DRIVING ON WRONG SIDE/WRONG WAY,DISREGARDING STOP SIGN,2060,W,MARQUETTE RD,726,,,,,,,3,"REPORTED, NOT EVIDENT",6,0,0,0,6,1,0,22,7,1,,,,,
CLEAR,DAYLIGHT,PARKED MOTOR VEHICLE,ONE-WAY,,STRAIGHT AND LEVEL,DRY,NO DEFECTS,ON SCENE,INJURY AND / OR TOW DUE TO CRASH,,,Y,"OVER $1,500",05/28/2025 17:59,UNABLE TO DETERMINE,UNABLE TO DETERMINE,5044,W,OHIO ST,1532,,N,,,,,2,NO INDICATION OF INJURY,0,0,0,0,0,1,0,17,4,5,,,,,
RAIN,DAYLIGHT,PEDALCYCLIST,FOUR WAY,,STRAIGHT AND LEVEL,WET,NO DEFECTS,NOT ON SCENE (DESK REPORT),INJURY AND / OR TOW DUE TO CRASH,Y,,,"OVER $1,500",05/31/2025 8:00,UNABLE TO DETERMINE,UNABLE TO DETERMINE,3701,W,25TH ST,1013,,,,,,,2,NONINCAPACITATING INJURY,1,0,0,1,0,1,0,7,4,5,,,,,