WEATHER_CONDITION,LIGHTING_CONDITION,FIRST_CRASH_TYPE,TRAFFICWAY_TYPE,LANE_CNT,ALIGNMENT,ROADWAY_SURFACE_COND,ROAD_DEFECT,REPORT_TYPE,CRASH_TYPE,INTERSECTION_RELATED_I,NOT_RIGHT_OF_WAY_I,HIT_AND_RUN_I,DAMAGE,DATE_POLICE_NOTIFIED,PRIM_CONTRIBUTORY_CAUSE,SEC_CONTRIBUTORY_CAUSE,STREET_NO,STREET_DIRECTION,STREET_NAME,BEAT_OF_OCCURRENCE,PHOTOS_TAKEN_I,STATEMENTS_TAKEN_I,DOORING_I,WORK_ZONE_I,WORK_ZONE_TYPE,WORKERS_PRESENT_I,NUM_UNITS,MOST_SEVERE_INJURY,INJURIES_TOTAL,INJURIES_FATAL,INJURIES_INCAPACITATING,INJURIES_NON_INCAPACITATING,INJURIES_REPORTED_NOT_EVIDENT,INJURIES_NO_INDICATION,INJURIES_UNKNOWN,CRASH_HOUR,CRASH_DAY_OF_WEEK,CRASH_MONTH,INJURIES_NO_INDICATION,INJURIES_UNKNOWN,CRASH_HOUR,CRASH_DAY_OF_WEEK,CRASH_MONTH
CLEAR,DAYLIGHT,REAR END,DIVIDED - W/MEDIAN (NOT RAISED),,STRAIGHT AND LEVEL,DRY,NO DEFECTS,ON SCENE,NO INJURY / DRIVE AWAY,,,,"$501 - $1,500",01/18/2025 11:11,FOLLOWING TOO CLOSELY,UNABLE TO DETERMINE,1027,W,ADDISON ST,1924,N,,,,,,2,NO INDICATION OF INJURY,0,0,0,0,0,2,0,11,7,1,,,,,
CLEAR,DAYLIGHT,REAR TO SIDE,PARKING LOT,,STRAIGHT AND LEVEL,DRY,NO DEFECTS,ON SCENE,NO INJURY / DRIVE AWAY,,,,"OVER $1,500",05/28/2025 11:58,FAILING TO YIELD RIGHT-OF-WAY,IMPROPER BACKING,2570,N,ELSTON AVE,1432,,,,,,,2,NO INDICATION OF INJURY,0,0,0,0,0,2,0,11,4,5,,,,,
CLEAR,"DARKNESS, LIGHTED ROAD",PARKED MOTOR VEHICLE,NOT DIVIDED,,STRAIGHT AND LEVEL,DRY,NO DEFECTS,ON SCENE,NO INJURY / DRIVE AWAY,,,,$500 OR LESS,05/28/2025 21:16,DRIVING SKILLS/KNOWLEDGE/EXPERIENCE,NOT APPLICABLE,3633,W,26TH ST,1032,,,,,,,2,NO INDICATION OF INJURY,0,0,0,0,0,1,0,21,4,5,,,,,
CLEAR,DAYLIGHT,PARKED MOTOR VEHICLE,PARKING LOT,,STRAIGHT AND LEVEL,DRY,UNKNOWN,NOT ON SCENE (DESK REPORT),NO INJURY / DRIVE AWAY,,,Y,"OVER $1,500",01/18/2025 15:00,UNABLE TO DETERMINE,NOT APPLICABLE,3001,W,BELMONT AVE,1411,,,,,,,2,NO INDICATION OF INJURY,0,0,0,0,0,1,0,14,7,1,,,,,
CLEAR,"DARKNESS, LIGHTED ROAD",REAR END,ONE-WAY,,STRAIGHT AND LEVEL,DRY,NO DEFECTS,ON SCENE,INJURY AND / OR TOW DUE TO CRASH,,,Y,"$501 - $1,500",05/28/2025 0:55,FAILING TO YIELD RIGHT-OF-WAY,FAILING TO REDUCE SPEED TO AVOID CRASH,5126,W,DRUMMOND PL,2521,N,N,,,,,2,NONINCAPACITATING INJURY,1,0,0,1,0,1,0,0,4,5,,,,,
CLEAR,DUSK,TURNING,NOT DIVIDED,,STRAIGHT AND LEVEL,DRY,NO DEFECTS,ON SCENE,INJURY AND / OR TOW DUE TO CRASH,Y,,Y,"OVER $1,500",05/28/2025 19:04,FAILING TO YIELD RIGHT-OF-WAY,FAILING TO YIELD RIGHT-OF-WAY,1900,N,ASHLAND AVE,1433,,,,,,,3,NONINCAPACITATING INJURY,2,0,0,1,1,2,0,19,4,5,,,,,
UNKNOWN,UNKNOWN,SIDESWIPE SAME DIRECTION,UNKNOWN,,STRAIGHT AND LEVEL,UNKNOWN,UNKNOWN,NOT ON SCENE (DESK REPORT),NO INJURY / DRIVE AWAY,,,Y,"OVER $1,500",02/13/2025 18:35,UNABLE TO DETERMINE,UNABLE TO DETERMINE,2600,S,PULASKI RD,1031,,,,,,,2,NO INDICATION OF INJURY,0,0,0,0,0,2,0,14,5,2,,,,,
CLEAR,"DARKNESS, LIGHTED ROAD",PARKED MOTOR VEHICLE,DIVIDED - W/MEDIAN (NOT RAISED),,STRAIGHT AND LEVEL,DRY,NO DEFECTS,ON SCENE,NO INJURY / DRIVE AWAY,,,,"OVER $1,500",05/28/2025 22:22,IMPROPER OVERTAKING/PASSING,IMPROPER OVERTAKING/PASSING,908,W,ADDISON ST,1923,,,,,,,2,NO INDICATION OF INJURY,0,0,0,0,0,1,0,22,4,5,,,,,
UNKNOWN,DAYLIGHT,SIDESWIPE SAME DIRECTION,NOT DIVIDED,,STRAIGHT AND LEVEL,UNKNOWN,UNKNOWN,NOT ON SCENE (DESK REPORT),NO INJURY / DRIVE AWAY,,,,"OVER $1,500",05/29/2025 4:30,"OPERATING VEHICLE IN ERRATIC, RECKLESS, CARELESS, NEGLIGENT OR AGGRESSIVE MANNER","OPERATING VEHICLE IN ERRATIC, RECKLESS, CARELESS, NEGLIGENT OR AGGRESSIVE MANNER",5101,W,LAWRENCE AVE,1623,,,,,,,2,NO INDICATION OF INJURY,0,0,0,0,0,2,0,15,4,5,,,,,
RAIN,DAYLIGHT,REAR END,NOT DIVIDED,,STRAIGHT AND LEVEL,WET,NO DEFECTS,ON SCENE,INJURY AND / OR TOW DUE TO CRASH,Y,,,"OVER $1,500",05/28/2025 7:53,FOLLOWING TOO CLOSELY,FAILING TO REDUCE SPEED TO AVOID CRASH,3023,W,MADISON ST,1124,,,,,,,2,"REPORTED, NOT EVIDENT",1,0,0,0,1,4,0,7,4,5,,,,,
RAIN,DAYLIGHT,SIDESWIPE SAME DIRECTION,NOT DIVIDED,,STRAIGHT AND LEVEL,WET,NO DEFECTS,ON SCENE,NO INJURY / DRIVE AWAY,,,,$500 OR LESS,05/28/2025 7:23,ROAD ENGINEERING/SURFACE/MARKING DEFECTS,IMPROPER TURNING/NO SIGNAL,5701,N,SHERIDAN RD,2022,,,,,,,2,NO INDICATION OF INJURY,0,0,0,0,0,2,0,7,4,5,,,,,
CLEAR,DAYLIGHT,TURNING,FOUR WAY,,STRAIGHT AND LEVEL,DRY,UNKNOWN,ON SCENE,INJURY AND / OR TOW DUE TO CRASH,Y,,,"OVER $1,500",01/18/2025 14:14,FAILING TO YIELD RIGHT-OF-WAY,UNABLE TO DETERMINE,700,S,LAKE SHORE DR SB,114,,,,,,,2,INCAPACITATING INJURY,5,0,2,3,0,0,0,14,7,1,,,,,
CLEAR,DAYLIGHT,PARKED MOTOR VEHICLE,PARKING LOT,,STRAIGHT AND LEVEL,DRY,NO DEFECTS,NOT ON SCENE (DESK REPORT),NO INJURY / DRIVE AWAY,,,Y,"$501 - $1,500",05/28/2025 18:10,UNABLE TO DETERMINE,UNABLE TO DETERMINE,11203,S,ELLIS AVE,531,,,,,,,2,NO INDICATION OF INJURY,0,0,0,0,0,1,0,17,4,5,,,,,
CLEAR,DAYLIGHT,TURNING,NOT DIVIDED,,STRAIGHT AND LEVEL,DRY,NO DEFECTS,NOT ON SCENE (DESK REPORT),NO INJURY / DRIVE AWAY,Y,,,$500 OR LESS,05/28/2025 17:20,UNABLE TO DETERMINE,UNABLE TO DETERMINE,2401,W,ROOSEVELT RD,1023,,,,,,,2,NO INDICATION OF INJURY,0,0,0,0,0,2,0,17,4,5,,,,,
CLEAR,DAYLIGHT,TURNING,NOT DIVIDED,,STRAIGHT AND LEVEL,DRY,NO DEFECTS,NOT ON SCENE (DESK REPORT),NO INJURY / DRIVE AWAY,Y,,,"OVER $1,500",05/28/2025 15:33,IMPROPER TURNING/NO SIGNAL,IMPROPER TURNING/NO SIGNAL,300,N,MICHIGAN AVE,111,,,,,,,2,NO INDICATION OF INJURY,0,0,0,0,0,2,0,13,4,5,,,,,
RAIN,DAYLIGHT,SIDESWIPE SAME DIRECTION,DIVIDED - W/MEDIAN (NOT RAISED),,STRAIGHT AND LEVEL,WET,NO DEFECTS,NOT ON SCENE (DESK REPORT),NO INJURY / DRIVE AWAY,,,,"OVER $1,500",05/28/2025 13:20,UNABLE TO DETERMINE,UNABLE TO DETERMINE,9905,S,VINCENNES AVE,2232,,,,,,,2,NO INDICATION OF INJURY,0,0,0,0,0,2,0,8,4,5,,,,,
CLEAR,DAYLIGHT,REAR END,FOUR WAY,,STRAIGHT AND LEVEL,DRY,NO DEFECTS,ON SCENE,INJURY AND / OR TOW DUE TO CRASH,Y,,,"OVER $1,500",01/18/2025 10:35,UNABLE TO DETERMINE,UNABLE TO DETERMINE,7600,S,EBERHART AVE,624,Y,Y,,,,,3,NONINCAPACITATING INJURY,1,0,0,1,0,2,0,10,7,1,,,,,
CLEAR,DAYLIGHT,PEDESTRIAN,FOUR WAY,,STRAIGHT AND LEVEL,DRY,NO DEFECTS,ON SCENE,INJURY AND / OR TOW DUE TO CRASH,Y,,,$500 OR LESS,01/18/2025 15:20,DISTRACTION - FROM OUTSIDE VEHICLE,FAILING TO YIELD RIGHT-OF-WAY,5600,N,ASHLAND AVE,2012,,,,,,,2,NONINCAPACITATING INJURY,1,0,0,1,0,1,0,15,7,1,,,,,
CLOUDY/OVERCAST,DAYLIGHT,PARKED MOTOR VEHICLE,NOT DIVIDED,,STRAIGHT AND LEVEL,DRY,NO DEFECTS,NOT ON SCENE (DESK REPORT),NO INJURY / DRIVE AWAY,,,,"OVER $1,500",05/28/2025 16:38,NOT APPLICABLE,NOT APPLICABLE,4058,W,57TH ST,813,,,,,,,2,NO INDICATION OF INJURY,0,0,0,0,0,3,0,16,4,5,,,,,
CLEAR,DAYLIGHT,TURNING,T-INTERSECTION,,STRAIGHT AND LEVEL,DRY,NO DEFECTS,NOT ON SCENE (DESK REPORT),NO INJURY / DRIVE AWAY,Y,,,"OVER $1,500",01/18/2025 17:45,UNABLE TO DETERMINE,UNABLE TO DETERMINE,650,N,RACINE AVE,1215,,,,,,,2,NO INDICATION OF INJURY,0,0,0,0,0,2,0,15,7,1,,,,,
RAIN,DAYLIGHT,ANGLE,NOT DIVIDED,,STRAIGHT AND LEVEL,WET,NO DEFECTS,ON SCENE,INJURY AND / OR TOW DUE TO CRASH,Y,,,"OVER $1,500",05/28/2025 8:45,DISREGARDING STOP SIGN,WEATHER,9200,S,COLFAX AVE,423,,,,,,,2,"REPORTED, NOT EVIDENT",1,0,0,0,1,1,0,8,4,5,,,,,
CLEAR,DAYLIGHT,SIDESWIPE SAME DIRECTION,NOT DIVIDED,,STRAIGHT AND LEVEL,DRY,NO DEFECTS,ON SCENE,NO INJURY / DRIVE AWAY,,,Y,"OVER $1,500",05/28/2025 15:12,TURNING RIGHT ON RED,UNABLE TO DETERMINE,118,S,CICERO AVE,1533,,,,,,,2,NO INDICATION OF INJURY,0,0,0,0,0,3,0,15,4,5,,,,,
CLEAR,DAYLIGHT,REAR END,OTHER,,STRAIGHT AND LEVEL,DRY,NO DEFECTS,NOT ON SCENE (DESK REPORT),NO INJURY / DRIVE AWAY,,,Y,"$501 - $1,500",05/28/2025 16:20,"OPERATING VEHICLE IN ERRATIC, RECKLESS, CARELESS, NEGLIGENT OR AGGRESSIVE MANNER",NOT APPLICABLE,654,N,LAKE SHORE DR NB,1834,,,,,,,2,NO INDICATION OF INJURY,0,0,0,0,0,2,0,16,4,5,,,,,
CLEAR,DAYLIGHT,PARKED MOTOR VEHICLE,NOT DIVIDED,,STRAIGHT AND LEVEL,DRY,NO DEFECTS,NOT ON SCENE (DESK REPORT),NO INJURY / DRIVE AWAY,,,,"OVER $1,500",05/28/2025 16:27,IMPROPER OVERTAKING/PASSING,DRIVING SKILLS/KNOWLEDGE/EXPERIENCE,2988,N,MILWAUKEE AVE,2523,,,,,,,2,NO INDICATION OF INJURY,0,0,0,0,0,1,0,14,4,5,,,,,
CLEAR,DAYLIGHT,SIDESWIPE SAME DIRECTION,NOT DIVIDED,,STRAIGHT AND LEVEL,DRY,NO DEFECTS,NOT ON SCENE (DESK REPORT),NO INJURY / DRIVE AWAY,,,Y,"OVER $1,500",02/13/2025 17:05,IMPROPER OVERTAKING/PASSING,NOT APPLICABLE,4823,W,THOMAS ST,1531,,,,,,,2,NO INDICATION OF INJURY,0,0,0,0,0,4,0,15,5,2,,,,,
RAIN,DAYLIGHT,TURNING,DIVIDED - W/MEDIAN (NOT RAISED),,STRAIGHT AND LEVEL,WET,NO DEFECTS,ON SCENE,INJURY AND / OR TOW DUE TO CRASH,,,Y,"OVER $1,500",05/28/2025 11:05,IMPROPER OVERTAKING/PASSING,UNABLE TO DETERMINE,8500,S,VINCENNES AVE,622,,,,,,,3,NO INDICATION OF INJURY,0,0,0,0,0,3,0,10,4,5,,,,,
CLEAR,"DARKNESS, LIGHTED ROAD",TURNING,DIVIDED - W/MEDIAN (NOT RAISED),,STRAIGHT AND LEVEL,DRY,NO DEFECTS,ON SCENE,NO INJURY / DRIVE AWAY,,,Y,"OVER $1,500",05/28/2025 2:17,UNABLE TO DETERMINE,UNABLE TO DETERMINE,5925,W,LAKE ST,1512,,,,,,,2,NO INDICATION OF INJURY,0,0,0,0,0,2,0,2,4,5,,,,,
UNKNOWN,UNKNOWN,PARKED MOTOR VEHICLE,ONE-WAY,,STRAIGHT AND LEVEL,UNKNOWN,NO DEFECTS,NOT ON SCENE (DESK REPORT),NO INJURY / DRIVE AWAY,,,Y,"$501 - $1,500",05/29/2025 13:35,UNABLE TO DETERMINE,NOT APPLICABLE,1048,N,LEAVITT ST,1212,,,,,,,2,NO INDICATION OF INJURY,0,0,0,0,0,1,0,7,4,5,,,,,
CLEAR,DAYLIGHT,PARKED MOTOR VEHICLE,DIVIDED - W/MEDIAN (NOT RAISED),,STRAIGHT AND LEVEL,DRY,NO DEFECTS,NOT ON SCENE (DESK REPORT),NO INJURY / DRIVE AWAY,,,,"OVER $1,500",02/13/2025 15:14,IMPROPER BACKING,NOT APPLICABLE,6054,W,FULLERTON AVE,2512,,,,,,,2,NO INDICATION OF INJURY,0,0,0,0,0,1,0,13,5,2,,,,,
CLEAR,DAYLIGHT,FIXED OBJECT,OTHER,,STRAIGHT AND LEVEL,UNKNOWN,UNKNOWN,NOT ON SCENE (DESK REPORT),NO INJURY / DRIVE AWAY,,,,"$501 - $1,500",04/02/2025 15:09,UNABLE TO DETERMINE,NOT APPLICABLE,5540,N,CICERO AVE,1621,,,,,,,1,NO INDICATION OF INJURY,0,0,0,0,0,1,0,18,3,4,,,,,
CLEAR,DAYLIGHT,PARKED MOTOR VEHICLE,ONE-WAY,,STRAIGHT AND LEVEL,UNKNOWN,UNKNOWN,ON SCENE,NO INJURY / DRIVE AWAY,,,,"OVER $1,500",04/01/2025 18:19,FAILING TO YIELD RIGHT-OF-WAY,NOT APPLICABLE,1035,N,KARLOV AVE,1111,,,,,,,2,NO INDICATION OF INJURY,0,0,0,0,0,3,0,18,3,4,,,,,
CLEAR,DAYLIGHT,SIDESWIPE SAME DIRECTION,NOT DIVIDED,,STRAIGHT AND LEVEL,DRY,NO DEFECTS,NOT ON SCENE (DESK REPORT),NO INJURY / DRIVE AWAY,,,,"OVER $1,500",04/05/2025 15:09,UNABLE TO DETERMINE,NOT APPLICABLE,1599,W,MONROE ST,1224,,,,,,,2,NO INDICATION OF INJURY,0,0,0,0,0,3,0,14,7,4,,,,,
UNKNOWN,UNKNOWN,PEDESTRIAN,PARKING LOT,,STRAIGHT AND LEVEL,UNKNOWN,UNKNOWN,NOT ON SCENE (DESK REPORT),INJURY AND / OR TOW DUE TO CRASH,,Y,Y,"OVER $1,500",01/20/2025 14:20,UNABLE TO DETERMINE,NOT APPLICABLE,9560,S,HALSTED ST,2223,,,,,,,2,NONINCAPACITATING INJURY,1,0,0,1,0,1,0,15,7,1,,,,,
UNKNOWN,UNKNOWN,REAR END,NOT DIVIDED,,STRAIGHT AND LEVEL,UNKNOWN,UNKNOWN,ON SCENE,NO INJURY / DRIVE AWAY,,,,"OVER $1,500",04/05/2025 16:59,UNABLE TO DETERMINE,NOT APPLICABLE,6704,W,NORTH AVE,2513,,,,,,,2,NO INDICATION OF INJURY,0,0,0,0,0,5,0,16,7,4,,,,,
OTHER,DAWN,ANGLE,T-INTERSECTION,,STRAIGHT AND LEVEL,UNKNOWN,NO DEFECTS,ON SCENE,INJURY AND / OR TOW DUE TO CRASH,N,,N,"OVER $1,500",05/28/2025 6:03,DISREGARDING STOP SIGN,UNABLE TO DETERMINE,12698,S,INDIANA AVE,532,,,,,,,2,NO INDICATION OF INJURY,0,0,0,0,0,2,0,6,4,5,,,,,
CLEAR,DAYLIGHT,REAR END,NOT DIVIDED,,STRAIGHT AND LEVEL,DRY,NO DEFECTS,ON SCENE,INJURY AND / OR TOW DUE TO CRASH,Y,,,"OVER $1,500",04/04/2025 12:45,UNABLE TO DETERMINE,NOT APPLICABLE,2155,S,CHINA PL,914,,,,,,,2,NO INDICATION OF INJURY,0,0,0,0,0,2,0,12,6,4,,,,,
RAIN,"DARKNESS, LIGHTED ROAD",REAR TO SIDE,FOUR WAY,,STRAIGHT AND LEVEL,WET,NO DEFECTS,ON SCENE,NO INJURY / DRIVE AWAY,Y,,Y,"OVER $1,500",04/04/2025 23:59,DISREGARDING STOP SIGN,NOT APPLICABLE,7200,S,GREEN ST,733,,,,,,,2,NO INDICATION OF INJURY,0,0,0,0,0,2,0,23,6,4,,,,,
RAIN,"DARKNESS, LIGHTED ROAD",PARKED MOTOR VEHICLE,NOT DIVIDED,,STRAIGHT AND LEVEL,WET,UNKNOWN,NOT ON SCENE (DESK REPORT),NO INJURY / DRIVE AWAY,,,Y,"$501 - $1,500",04/05/2025 4:00,IMPROPER OVERTAKING/PASSING,IMPROPER LANE USAGE,4810,N,BROADWAY,2033,,,,,,,2,NO INDICATION OF INJURY,0,0,0,0,0,1,0,3,7,4,,,,,
CLEAR,"DARKNESS, LIGHTED ROAD",REAR END,NOT DIVIDED,,STRAIGHT AND LEVEL,DRY,NO DEFECTS,NOT ON SCENE (DESK REPORT),NO INJURY / DRIVE AWAY,,,,"$501 - $1,500",04/05/2025 22:10,FOLLOWING TOO CLOSELY,UNABLE TO DETERMINE,8301,S,JEFFERY BLVD,414,,,,,,,2,NO INDICATION OF INJURY,0,0,0,0,0,2,0,21,7,4,,,,,
CLEAR,DAYLIGHT,SIDESWIPE OPPOSITE DIRECTION,NOT DIVIDED,,STRAIGHT AND LEVEL,DRY,NO DEFECTS,ON SCENE,NO INJURY / DRIVE AWAY,,,Y,"OVER $1,500",04/05/2025 17:29,IMPROPER LANE USAGE,NOT APPLICABLE,542,E,47TH ST,221,,,,,,,2,NO INDICATION OF INJURY,0,0,0,0,0,2,0,17,7,4,,,,,
CLEAR,DAYLIGHT,SIDESWIPE SAME DIRECTION,NOT DIVIDED,,STRAIGHT AND LEVEL,DRY,NO DEFECTS,NOT ON SCENE (DESK REPORT),NO INJURY / DRIVE AWAY,,,,"OVER $1,500",01/18/2025 14:52,IMPROPER LANE USAGE,NOT APPLICABLE,4378,W,OGDEN AVE,1013,,,,,,,2,NO INDICATION OF INJURY,0,0,0,0,0,2,0,13,7,1,,,,,
UNKNOWN,UNKNOWN,REAR END,NOT DIVIDED,,STRAIGHT AND LEVEL,UNKNOWN,UNKNOWN,,NO INJURY / DRIVE AWAY,,,,$500 OR LESS,04/23/2025 18:53,UNABLE TO DETERMINE,UNABLE TO DETERMINE,2328,W,PRATT BLVD,2411,,,,,,,2,NO INDICATION OF INJURY,0,0,0,0,0,2,0,17,4,4,,,,,
CLEAR,DAYLIGHT,ANGLE,NOT DIVIDED,,STRAIGHT AND LEVEL,DRY,UNKNOWN,NOT ON SCENE (DESK REPORT),NO INJURY / DRIVE AWAY,,,,"OVER $1,500",04/25/2025 12:00,FAILING TO YIELD RIGHT-OF-WAY,UNABLE TO DETERMINE,5260,S,LARAMIE AVE,814,,,,,,,2,NO INDICATION OF INJURY,0,0,0,0,0,2,0,11,6,4,,,,,
CLEAR,"DARKNESS, LIGHTED ROAD",PARKED MOTOR VEHICLE,DIVIDED - W/MEDIAN (NOT RAISED),,STRAIGHT AND LEVEL,DRY,NO DEFECTS,ON SCENE,INJURY AND / OR TOW DUE TO CRASH,,,,"OVER $1,500",04/25/2025 20:32,UNABLE TO DETERMINE,UNABLE TO DETERMINE,6601,N,WESTERN AVE,2412,,,,,,,2,NO INDICATION OF INJURY,0,0,0,0,0,1,0,20,6,4,,,,,
CLEAR,"DARKNESS, LIGHTED ROAD",SIDESWIPE SAME DIRECTION,NOT DIVIDED,,STRAIGHT AND LEVEL,DRY,NO DEFECTS,ON SCENE,NO INJURY / DRIVE AWAY,,,,"OVER $1,500",04/05/2025 23:29,UNDER THE INFLUENCE OF ALCOHOL/DRUGS (USE WHEN ARREST IS EFFECTED),FAILING TO REDUCE SPEED TO AVOID CRASH,1163,W,18TH ST,1235,,,,,,,2,NO INDICATION OF INJURY,0,0,0,0,0,6,0,23,7,4,,,,,
CLEAR,DARKNESS,PEDESTRIAN,ONE-WAY,,STRAIGHT AND LEVEL,WET,UNKNOWN,ON SCENE,INJURY AND / OR TOW DUE TO CRASH,,,Y,$500 OR LESS,04/05/2025 19:52,UNABLE TO DETERMINE,NOT APPLICABLE,2700,S,CHRISTIANA AVE,1032,,,,,,,2,"REPORTED, NOT EVIDENT",1,0,0,0,1,1,0,19,7,4,,,,,
CLEAR,DAYLIGHT,TURNING,DIVIDED - W/MEDIAN (NOT RAISED),,STRAIGHT AND LEVEL,DRY,NO DEFECTS,ON SCENE,NO INJURY / DRIVE AWAY,Y,,Y,"OVER $1,500",05/28/2025 16:25,UNABLE TO DETERMINE,NOT APPLICABLE,5930,S,COTTAGE GROVE AVE,233,,,,,,,2,NO INDICATION OF INJURY,0,0,0,0,0,3,0,16,4,5,,,,,
UNKNOWN,DAYLIGHT,SIDESWIPE OPPOSITE DIRECTION,NOT DIVIDED,,STRAIGHT AND LEVEL,UNKNOWN,UNKNOWN,NOT ON SCENE (DESK REPORT),NO INJURY / DRIVE AWAY,,,,"OVER $1,500",05/30/2025 17:00,UNABLE TO DETERMINE,UNABLE TO DETERMINE,740,N,CICERO AVE,1531,,,,,,,2,NO INDICATION OF INJURY,0,0,0,0,0,2,0,12,4,5,,,,,
OTHER,UNKNOWN,SIDESWIPE SAME DIRECTION,OTHER,,STRAIGHT AND LEVEL,UNKNOWN,UNKNOWN,NOT ON SCENE (DESK REPORT),NO INJURY / DRIVE AWAY,,,,"OVER $1,500",04/05/2025 13:30,"OPERATING VEHICLE IN ERRATIC, RECKLESS, CARELESS, NEGLIGENT OR AGGRESSIVE MANNER",NOT APPLICABLE,10000,W,OHARE ST,1651,,Y,,,,,2,NO INDICATION OF INJURY,0,0,0,0,0,2,0,18,5,4,,,,,
CLEAR,DAYLIGHT,REAR END,NOT DIVIDED,,STRAIGHT AND LEVEL,DRY,NO DEFECTS,NOT ON SCENE (DESK REPORT),NO INJURY / DRIVE AWAY,,,,"OVER $1,500",04/05/2025 15:00,UNABLE TO DETERMINE,UNABLE TO DETERMINE,1860,W,OGDEN AVE,1225,,,,,,,2,NO INDICATION OF INJURY,0,0,0,0,0,2,0,18,6,4,,,,,
RAIN,DAYLIGHT,TURNING,DIVIDED - W/MEDIAN (NOT RAISED),,STRAIGHT AND LEVEL,WET,NO DEFECTS,ON SCENE,NO INJURY / DRIVE AWAY,,,,"OVER $1,500",05/28/2025 8:59,UNABLE TO DETERMINE,NOT APPLICABLE,5401,W,FULLERTON AVE,2515,,Y,,,,,2,NO INDICATION OF INJURY,0,0,0,0,0,6,0,8,4,5,,,,,
CLEAR,DAYLIGHT,SIDESWIPE SAME DIRECTION,DIVIDED - W/MEDIAN (NOT RAISED),,STRAIGHT AND LEVEL,DRY,NO DEFECTS,NOT ON SCENE (DESK REPORT),NO INJURY / DRIVE AWAY,,,Y,"OVER $1,500",02/13/2025 12:57,FAILING TO YIELD RIGHT-OF-WAY,DRIVING SKILLS/KNOWLEDGE/EXPERIENCE,2060,N,RACINE AVE,1811,,,,,,,2,NO INDICATION OF INJURY,0,0,0,0,0,2,0,9,5,2,,,,,
CLEAR,DAYLIGHT,PARKED MOTOR VEHICLE,PARKING LOT,,STRAIGHT AND LEVEL,DRY,NO DEFECTS,,NO INJURY / DRIVE AWAY,,,N,"$501 - $1,500",02/13/2025 16:20,UNABLE TO DETERMINE,UNABLE TO DETERMINE,1127,W,THORNDALE AVE,2022,,,,,,,2,NO INDICATION OF INJURY,0,0,0,0,0,1,0,15,5,2,,,,,
CLEAR,DAYLIGHT,SIDESWIPE SAME DIRECTION,NOT DIVIDED,,STRAIGHT AND LEVEL,DRY,UNKNOWN,NOT ON SCENE (DESK REPORT),NO INJURY / DRIVE AWAY,,,Y,"OVER $1,500",04/05/2025 15:10,FAILING TO YIELD RIGHT-OF-WAY,NOT APPLICABLE,5200,W,IRVING PARK RD,1624,,,,,,,2,NO INDICATION OF INJURY,0,0,0,0,0,2,0,15,7,4,,,,,
CLEAR,DAYLIGHT,TURNING,T-INTERSECTION,,STRAIGHT AND LEVEL,DRY,NO DEFECTS,,INJURY AND / OR TOW DUE TO CRASH,Y,,,"OVER $1,500",02/22/2025 17:05,TURNING RIGHT ON RED,NOT APPLICABLE,5700,S,LAKE SHORE DR,331,,,,,,,2,NO INDICATION OF INJURY,0,0,0,0,0,3,0,17,7,2,,,,,
CLOUDY/OVERCAST,DAYLIGHT,ANGLE,ONE-WAY,,STRAIGHT AND LEVEL,DRY,NO DEFECTS,ON SCENE,INJURY AND / OR TOW DUE TO CRASH,Y,,,"OVER $1,500",04/05/2025 15:19,FAILING TO YIELD RIGHT-OF-WAY,NOT APPLICABLE,2199,W,VAN BUREN ST,1225,,,,,,,2,"REPORTED, NOT EVIDENT",4,0,0,0,4,1,0,15,7,4,,,,,
CLEAR,DAYLIGHT,SIDESWIPE SAME DIRECTION,NOT DIVIDED,,STRAIGHT AND LEVEL,DRY,NO DEFECTS,NOT ON SCENE (DESK REPORT),NO INJURY / DRIVE AWAY,,,,"OVER $1,500",04/05/2025 13:00,UNABLE TO DETERMINE,UNABLE TO DETERMINE,4519,W,FILLMORE ST,1131,,,,,,,2,NO INDICATION OF INJURY,0,0,0,0,0,2,0,7,5,4,,,,,
SNOW,"DARKNESS, LIGHTED ROAD",FIXED OBJECT,T-INTERSECTION,,STRAIGHT AND LEVEL,SNOW OR SLUSH,UNKNOWN,ON SCENE,INJURY AND / OR TOW DUE TO CRASH,Y,,,"OVER $1,500",02/13/2025 2:56,UNABLE TO DETERMINE,NOT APPLICABLE,2522,W,LAWRENCE AVE,2031,,,,,,,1,NONINCAPACITATING INJURY,2,0,0,2,0,1,0,2,5,2,,,,,
CLEAR,DAYLIGHT,ANGLE,FOUR WAY,,STRAIGHT AND LEVEL,DRY,UNKNOWN,NOT ON SCENE (DESK REPORT),NO INJURY / DRIVE AWAY,Y,,,"OVER $1,500",04/04/2025 17:00,DISREGARDING STOP SIGN,DISREGARDING STOP SIGN,2199,N,NARRAGANSETT AVE,2512,,,,,,,2,NO INDICATION OF INJURY,0,0,0,0,0,2,0,15,6,4,,,,,
UNKNOWN,DAYLIGHT,PEDALCYCLIST,FOUR WAY,,STRAIGHT AND LEVEL,UNKNOWN,UNKNOWN,NOT ON SCENE (DESK REPORT),INJURY AND / OR TOW DUE TO CRASH,Y,,N,"OVER $1,500",04/05/2025 19:00,FAILING TO YIELD RIGHT-OF-WAY,FAILING TO REDUCE SPEED TO AVOID CRASH,340,W,ILLINOIS ST,1831,,,,,,,2,"REPORTED, NOT EVIDENT",1,0,0,0,1,1,0,7,6,4,,,,,