WEATHER_CONDITION,LIGHTING_CONDITION,FIRST_CRASH_TYPE,TRAFFICWAY_TYPE,LANE_CNT,ALIGNMENT,ROADWAY_SURFACE_COND,ROAD_DEFECT,REPORT_TYPE,CRASH_TYPE,INTERSECTION_RELATED_I,NOT_RIGHT_OF_WAY_I,HIT_AND_RUN_I,DAMAGE,DATE_POLICE_NOTIFIED,PRIM_CONTRIBUTORY_CAUSE,SEC_CONTRIBUTORY_CAUSE,STREET_NO,STREET_DIRECTION,STREET_NAME,BEAT_OF_OCCURRENCE,PHOTOS_TAKEN_I,STATEMENTS_TAKEN_I,DOORING_I,WORK_ZONE_I,WORK_ZONE_TYPE,WORKERS_PRESENT_I,NUM_UNITS,MOST_SEVERE_INJURY,INJURIES_TOTAL,INJURIES_FATAL,INJURIES_INCAPACITATING,INJURIES_NON_INCAPACITATING,INJURIES_REPORTED_NOT_EVIDENT,INJURIES_NO_INDICATION,INJURIES_UNKNOWN,CRASH_HOUR,CRASH_DAY_OF_WEEK,CRASH_MONTH,INJURIES_NO_INDICATION,INJURIES_UNKNOWN,CRASH_HOUR,CRASH_DAY_OF_WEEK,CRASH_MONTH
CLEAR,DAYLIGHT,REAR END,NOT DIVIDED,,STRAIGHT AND LEVEL,DRY,UNKNOWN,NOT ON SCENE (DESK REPORT),INJURY AND / OR TOW DUE TO CRASH,,,,"OVER $1,500",04/05/2025 15:20,IMPROPER OVERTAKING/PASSING,IMPROPER LANE USAGE,650,W,63RD ST,711,,,,,,,2,"REPORTED, NOT EVIDENT",2,0,0,0,2,0,0,14,7,4,,,,,
CLEAR,DAYLIGHT,ANGLE,ONE-WAY,,STRAIGHT AND LEVEL,DRY,NO DEFECTS,ON SCENE,INJURY AND / OR TOW DUE TO CRASH,,,,"OVER $1,500",04/05/2025 10:51,FAILING TO YIELD RIGHT-OF-WAY,FAILING TO YIELD RIGHT-OF-WAY,2813,N,RIDGEWAY AVE,2523,,,,,,,2,NO INDICATION OF INJURY,0,0,0,0,0,2,0,10,7,4,,,,,
CLEAR,DAYLIGHT,ANGLE,T-INTERSECTION,,STRAIGHT AND LEVEL,DRY,NO DEFECTS,ON SCENE,INJURY AND / OR TOW DUE TO CRASH,Y,,,"OVER $1,500",04/05/2025 18:11,FAILING TO YIELD RIGHT-OF-WAY,FAILING TO YIELD RIGHT-OF-WAY,5000,S,RACINE AVE,933,,,,,,,2,NO INDICATION OF INJURY,0,0,0,0,0,3,0,18,7,4,,,,,
SNOW,DAYLIGHT,FIXED OBJECT,ALLEY,,STRAIGHT AND LEVEL,SNOW OR SLUSH,NO DEFECTS,ON SCENE,NO INJURY / DRIVE AWAY,,Y,,"OVER $1,500",02/13/2025 9:50,UNABLE TO DETERMINE,UNABLE TO DETERMINE,1743,W,38TH ST,912,,,,,,,2,NO INDICATION OF INJURY,0,0,0,0,0,4,0,9,5,2,,,,,
CLEAR,DAYLIGHT,REAR END,FOUR WAY,,STRAIGHT AND LEVEL,DRY,UNKNOWN,ON SCENE,NO INJURY / DRIVE AWAY,Y,,,"OVER $1,500",04/05/2025 15:32,NOT APPLICABLE,NOT APPLICABLE,2200,W,95TH ST,2221,,,,,,,3,NO INDICATION OF INJURY,0,0,0,0,0,4,0,14,7,4,,,,,
RAIN,"DARKNESS, LIGHTED ROAD",ANGLE,NOT DIVIDED,,STRAIGHT AND LEVEL,WET,NO DEFECTS,ON SCENE,INJURY AND / OR TOW DUE TO CRASH,Y,,,"OVER $1,500",04/05/2025 0:40,UNABLE TO DETERMINE,NOT APPLICABLE,3300,S,WENTWORTH AVE,915,,,,,,,2,NO INDICATION OF INJURY,0,0,0,0,0,2,0,0,7,4,,,,,
CLEAR,DAYLIGHT,SIDESWIPE SAME DIRECTION,DIVIDED - W/MEDIAN (NOT RAISED),,STRAIGHT AND LEVEL,DRY,NO DEFECTS,NOT ON SCENE (DESK REPORT),NO INJURY / DRIVE AWAY,,,Y,"$501 - $1,500",04/05/2025 10:00,IMPROPER OVERTAKING/PASSING,NOT APPLICABLE,1001,W,SHERIDAN RD,2433,,,,,,,2,NO INDICATION OF INJURY,0,0,0,0,0,2,0,8,6,4,,,,,
CLEAR,DAYLIGHT,REAR END,NOT DIVIDED,,STRAIGHT AND LEVEL,DRY,NO DEFECTS,ON SCENE,NO INJURY / DRIVE AWAY,,,Y,"OVER $1,500",05/28/2025 19:49,UNABLE TO DETERMINE,NOT APPLICABLE,1127,E,55TH ST,235,,,,,,,2,NO INDICATION OF INJURY,0,0,0,0,0,5,0,18,4,5,,,,,
CLOUDY/OVERCAST,DAYLIGHT,TURNING,FOUR WAY,,STRAIGHT AND LEVEL,DRY,NO DEFECTS,ON SCENE,NO INJURY / DRIVE AWAY,Y,,,"OVER $1,500",05/28/2025 17:47,FAILING TO YIELD RIGHT-OF-WAY,FAILING TO REDUCE SPEED TO AVOID CRASH,5700,N,CENTRAL AVE,1622,,,,,,,2,NO INDICATION OF INJURY,0,0,0,0,0,4,0,17,4,5,,,,,
CLEAR,DAYLIGHT,REAR END,DIVIDED - W/MEDIAN (NOT RAISED),,STRAIGHT AND LEVEL,DRY,NO DEFECTS,NOT ON SCENE (DESK REPORT),NO INJURY / DRIVE AWAY,,,,"OVER $1,500",04/05/2025 11:50,UNABLE TO DETERMINE,UNABLE TO DETERMINE,3298,W,DIVISION ST,1422,,,,,,,2,NO INDICATION OF INJURY,0,0,0,0,0,2,0,11,7,4,,,,,
UNKNOWN,DAYLIGHT,REAR END,NOT DIVIDED,,STRAIGHT AND LEVEL,UNKNOWN,UNKNOWN,NOT ON SCENE (DESK REPORT),INJURY AND / OR TOW DUE TO CRASH,,,,"OVER $1,500",04/05/2025 19:20,UNABLE TO DETERMINE,NOT APPLICABLE,1240,E,75TH ST,324,,,,,,,2,"REPORTED, NOT EVIDENT",1,0,0,0,1,1,0,12,7,4,,,,,
CLEAR,DAYLIGHT,REAR END,ONE-WAY,,STRAIGHT AND LEVEL,UNKNOWN,UNKNOWN,NOT ON SCENE (DESK REPORT),NO INJURY / DRIVE AWAY,,,Y,"OVER $1,500",05/29/2025 13:15,FOLLOWING TOO CLOSELY,UNABLE TO DETERMINE,333,W,WASHINGTON ST,122,,,,,,,2,NO INDICATION OF INJURY,0,0,0,0,0,3,0,9,4,5,,,,,
CLEAR,DAYLIGHT,REAR END,NOT DIVIDED,,STRAIGHT AND LEVEL,DRY,NO DEFECTS,NOT ON SCENE (DESK REPORT),NO INJURY / DRIVE AWAY,,,,"OVER $1,500",04/05/2025 10:55,FOLLOWING TOO CLOSELY,FOLLOWING TOO CLOSELY,5343,N,CLARK ST,2013,,,,,,,2,NO INDICATION OF INJURY,0,0,0,0,0,2,0,10,7,4,,,,,
CLEAR,"DARKNESS, LIGHTED ROAD",PEDALCYCLIST,FOUR WAY,,STRAIGHT AND LEVEL,DRY,UNKNOWN,ON SCENE,INJURY AND / OR TOW DUE TO CRASH,Y,,Y,"OVER $1,500",05/28/2025 21:35,TURNING RIGHT ON RED,FAILING TO YIELD RIGHT-OF-WAY,1998,W,47TH ST,924,,,,,,,2,NONINCAPACITATING INJURY,1,0,0,1,0,1,0,21,4,5,,,,,
RAIN,"DARKNESS, LIGHTED ROAD",SIDESWIPE SAME DIRECTION,DIVIDED - W/MEDIAN (NOT RAISED),,STRAIGHT AND LEVEL,WET,NO DEFECTS,,NO INJURY / DRIVE AWAY,,,,"OVER $1,500",04/04/2025 20:20,UNABLE TO DETERMINE,UNABLE TO DETERMINE,10340,S,KEDZIE AVE,2211,,,,,,,2,NO INDICATION OF INJURY,0,0,0,0,0,2,0,20,6,4,,,,,
CLEAR,DAYLIGHT,ANGLE,FOUR WAY,,STRAIGHT AND LEVEL,DRY,NO DEFECTS,NOT ON SCENE (DESK REPORT),NO INJURY / DRIVE AWAY,,,,"OVER $1,500",05/28/2025 12:00,FAILING TO YIELD RIGHT-OF-WAY,NOT APPLICABLE,4800,S,MICHIGAN AVE,224,,,,,,,2,NO INDICATION OF INJURY,0,0,0,0,0,3,0,11,4,5,,,,,
CLEAR,DAYLIGHT,TURNING,NOT REPORTED,,STRAIGHT AND LEVEL,UNKNOWN,UNKNOWN,ON SCENE,INJURY AND / OR TOW DUE TO CRASH,,,,"OVER $1,500",05/28/2025 18:13,UNABLE TO DETERMINE,UNABLE TO DETERMINE,3300,S,INDIANA AVE,211,Y,Y,,,,,2,"REPORTED, NOT EVIDENT",1,0,0,0,1,2,0,18,4,5,,,,,
CLOUDY/OVERCAST,DAYLIGHT,SIDESWIPE SAME DIRECTION,NOT DIVIDED,,STRAIGHT AND LEVEL,DRY,UNKNOWN,NOT ON SCENE (DESK REPORT),NO INJURY / DRIVE AWAY,,,,"OVER $1,500",04/05/2025 18:20,UNABLE TO DETERMINE,UNABLE TO DETERMINE,2300,W,FULLERTON AVE,1432,,,,,,,2,NO INDICATION OF INJURY,0,0,0,0,0,3,0,12,7,4,,,,,
UNKNOWN,UNKNOWN,REAR END,UNKNOWN,,STRAIGHT AND LEVEL,UNKNOWN,UNKNOWN,NOT ON SCENE (DESK REPORT),NO INJURY / DRIVE AWAY,,,,"OVER $1,500",02/13/2025 17:00,UNABLE TO DETERMINE,UNABLE TO DETERMINE,4845,S,LAWNDALE AVE,821,,,,,,,2,NO INDICATION OF INJURY,0,0,0,0,0,2,0,15,5,2,,,,,
CLEAR,DAYLIGHT,PEDESTRIAN,UNKNOWN,,STRAIGHT AND LEVEL,UNKNOWN,UNKNOWN,NOT ON SCENE (DESK REPORT),INJURY AND / OR TOW DUE TO CRASH,,,Y,"$501 - $1,500",02/13/2025 18:00,UNABLE TO DETERMINE,UNABLE TO DETERMINE,6415,S,DR MARTIN LUTHER KING JR DR,312,,,,,,,2,"REPORTED, NOT EVIDENT",2,0,0,0,2,0,0,16,5,2,,,,,
RAIN,DAYLIGHT,TURNING,NOT DIVIDED,,STRAIGHT AND LEVEL,DRY,NO DEFECTS,NOT ON SCENE (DESK REPORT),NO INJURY / DRIVE AWAY,,,,"$501 - $1,500",05/28/2025 8:35,UNABLE TO DETERMINE,UNABLE TO DETERMINE,6155,N,JERSEY AVE,1711,,,,,,,2,NO INDICATION OF INJURY,0,0,0,0,0,2,0,7,4,5,,,,,
CLEAR,DAYLIGHT,TURNING,NOT DIVIDED,,STRAIGHT AND LEVEL,DRY,NO DEFECTS,NOT ON SCENE (DESK REPORT),NO INJURY / DRIVE AWAY,,,,"OVER $1,500",04/05/2025 11:35,UNABLE TO DETERMINE,UNABLE TO DETERMINE,1422,W,LELAND AVE,1913,,,,,,,2,NO INDICATION OF INJURY,0,0,0,0,0,2,0,18,3,4,,,,,
RAIN,"DARKNESS, LIGHTED ROAD",REAR END,DIVIDED - W/MEDIAN BARRIER,,STRAIGHT AND LEVEL,WET,NO DEFECTS,ON SCENE,NO INJURY / DRIVE AWAY,,,Y,"$501 - $1,500",04/03/2025 23:08,FOLLOWING TOO CLOSELY,UNABLE TO DETERMINE,1430,S,LAKE SHORE DR NB,132,,,,,,,2,NO INDICATION OF INJURY,0,0,0,0,0,2,0,23,5,4,,,,,
CLEAR,DAYLIGHT,PEDALCYCLIST,NOT DIVIDED,,STRAIGHT AND LEVEL,DRY,UNKNOWN,ON SCENE,INJURY AND / OR TOW DUE TO CRASH,,,,$500 OR LESS,04/04/2025 13:45,FAILING TO YIELD RIGHT-OF-WAY,IMPROPER TURNING/NO SIGNAL,2170,N,AUSTIN AVE,2512,,,,,,,2,NONINCAPACITATING INJURY,1,0,0,1,0,1,0,13,6,4,,,,,
CLOUDY/OVERCAST,DAYLIGHT,REAR END,NOT DIVIDED,,STRAIGHT AND LEVEL,DRY,NO DEFECTS,ON SCENE,NO INJURY / DRIVE AWAY,,,,"$501 - $1,500",04/05/2025 12:41,FOLLOWING TOO CLOSELY,FOLLOWING TOO CLOSELY,1040,N,HALSTED ST,1822,,,,,,,2,NO INDICATION OF INJURY,0,0,0,0,0,2,0,12,7,4,,,,,
CLEAR,DAYLIGHT,PARKED MOTOR VEHICLE,NOT DIVIDED,,STRAIGHT AND LEVEL,DRY,NO DEFECTS,ON SCENE,INJURY AND / OR TOW DUE TO CRASH,,,,"OVER $1,500",04/05/2025 17:22,PHYSICAL CONDITION OF DRIVER,NOT APPLICABLE,802,E,44TH ST,221,,,,,,,2,NONINCAPACITATING INJURY,1,0,0,1,0,2,0,17,7,4,,,,,
CLEAR,DAYLIGHT,PEDESTRIAN,PARKING LOT,,STRAIGHT AND LEVEL,SNOW OR SLUSH,UNKNOWN,,INJURY AND / OR TOW DUE TO CRASH,,,Y,"$501 - $1,500",02/13/2025 18:43,UNABLE TO DETERMINE,NOT APPLICABLE,5015,S,BLACKSTONE AVE,222,,Y,,,,,2,NONINCAPACITATING INJURY,1,0,0,1,0,1,0,18,5,2,,,,,
CLEAR,UNKNOWN,PARKED MOTOR VEHICLE,NOT DIVIDED,,STRAIGHT AND LEVEL,DRY,NO DEFECTS,NOT ON SCENE (DESK REPORT),NO INJURY / DRIVE AWAY,,,Y,"$501 - $1,500",03/18/2025 18:56,UNABLE TO DETERMINE,NOT APPLICABLE,6129,S,SEELEY AVE,714,,,,,,,2,NO INDICATION OF INJURY,0,0,0,0,0,1,0,17,3,3,,,,,
CLEAR,DAWN,PARKED MOTOR VEHICLE,ONE-WAY,,STRAIGHT AND LEVEL,DRY,UNKNOWN,NOT ON SCENE (DESK REPORT),NO INJURY / DRIVE AWAY,,,Y,"OVER $1,500",04/05/2025 9:45,NOT APPLICABLE,NOT APPLICABLE,6532,S,MINERVA AVE,321,,,,,,,2,NO INDICATION OF INJURY,0,0,0,0,0,1,0,9,1,3,,,,,
CLEAR,DAYLIGHT,PARKED MOTOR VEHICLE,ALLEY,,STRAIGHT AND LEVEL,DRY,NO DEFECTS,ON SCENE,INJURY AND / OR TOW DUE TO CRASH,,Y,,"OVER $1,500",04/01/2025 1:23,UNDER THE INFLUENCE OF ALCOHOL/DRUGS (USE WHEN ARREST IS EFFECTED),NOT APPLICABLE,18,N,PARKSIDE AVE,1513,,,,,,,4,NO INDICATION OF INJURY,0,0,0,0,0,1,0,1,3,4,,,,,
CLOUDY/OVERCAST,DAYLIGHT,REAR TO FRONT,UNKNOWN INTERSECTION TYPE,,STRAIGHT AND LEVEL,UNKNOWN,UNKNOWN,ON SCENE,NO INJURY / DRIVE AWAY,,Y,Y,"OVER $1,500",04/01/2025 16:04,IMPROPER OVERTAKING/PASSING,IMPROPER OVERTAKING/PASSING,332,E,CHICAGO AVE,1833,,,,,,,2,NO INDICATION OF INJURY,0,0,0,0,0,2,0,15,3,4,,,,,
CLOUDY/OVERCAST,DAYLIGHT,PEDALCYCLIST,NOT DIVIDED,,STRAIGHT AND LEVEL,UNKNOWN,UNKNOWN,ON SCENE,INJURY AND / OR TOW DUE TO CRASH,Y,,,"$501 - $1,500",05/28/2025 19:55,DISREGARDING TRAFFIC SIGNALS,FAILING TO REDUCE SPEED TO AVOID CRASH,500,W,ADAMS ST,121,N,,,,,,2,NONINCAPACITATING INJURY,1,0,0,1,0,1,0,17,4,5,,,,,
CLEAR,DAYLIGHT,ANGLE,NOT DIVIDED,,STRAIGHT AND LEVEL,DRY,NO DEFECTS,NOT ON SCENE (DESK REPORT),NO INJURY / DRIVE AWAY,,,Y,"OVER $1,500",04/05/2025 19:00,FAILING TO YIELD RIGHT-OF-WAY,NOT APPLICABLE,1723,W,ARMITAGE AVE,1433,,,,,,,2,NO INDICATION OF INJURY,0,0,0,0,0,2,0,17,7,4,,,,,
CLEAR,DARKNESS,SIDESWIPE SAME DIRECTION,ONE-WAY,,STRAIGHT AND LEVEL,DRY,NO DEFECTS,NOT ON SCENE (DESK REPORT),NO INJURY / DRIVE AWAY,Y,,,"OVER $1,500",05/29/2025 0:03,UNABLE TO DETERMINE,UNABLE TO DETERMINE,440,N,WELLS ST,1831,,,,,,,2,NO INDICATION OF INJURY,0,0,0,0,0,2,0,22,4,5,,,,,
CLOUDY/OVERCAST,DAYLIGHT,REAR TO FRONT,NOT DIVIDED,,STRAIGHT AND LEVEL,DRY,NO DEFECTS,ON SCENE,NO INJURY / DRIVE AWAY,,,,"OVER $1,500",04/05/2025 9:42,UNABLE TO DETERMINE,UNABLE TO DETERMINE,441,N,KILBOURN AVE,1111,,Y,,,,,2,NO INDICATION OF INJURY,0,0,0,0,0,3,0,9,7,4,,,,,
CLEAR,DAYLIGHT,ANGLE,NOT DIVIDED,,STRAIGHT AND LEVEL,DRY,NO DEFECTS,ON SCENE,INJURY AND / OR TOW DUE TO CRASH,,,,"OVER $1,500",04/05/2025 12:19,UNABLE TO DETERMINE,UNABLE TO DETERMINE,5111,S,PULASKI RD,822,,,,,,,2,NONINCAPACITATING INJURY,1,0,0,1,0,1,0,12,7,4,,,,,
CLEAR,DAYLIGHT,PEDESTRIAN,NOT DIVIDED,,STRAIGHT AND LEVEL,UNKNOWN,UNKNOWN,ON SCENE,INJURY AND / OR TOW DUE TO CRASH,Y,,,"OVER $1,500",02/13/2025 11:44,FAILING TO REDUCE SPEED TO AVOID CRASH,NOT APPLICABLE,434,N,HALSTED ST,1214,,,,,,,2,NONINCAPACITATING INJURY,1,0,0,1,0,1,0,11,5,2,,,,,
CLEAR,DAYLIGHT,TURNING,FOUR WAY,,STRAIGHT AND LEVEL,DRY,NO DEFECTS,ON SCENE,INJURY AND / OR TOW DUE TO CRASH,Y,,,"OVER $1,500",04/05/2025 17:14,FAILING TO YIELD RIGHT-OF-WAY,NOT APPLICABLE,8701,S,WESTERN AVE,2221,,,,,,,2,NO INDICATION OF INJURY,0,0,0,0,0,2,0,17,7,4,,,,,
CLEAR,DAYLIGHT,ANGLE,OTHER,,STRAIGHT AND LEVEL,UNKNOWN,UNKNOWN,NOT ON SCENE (DESK REPORT),NO INJURY / DRIVE AWAY,,,Y,"OVER $1,500",05/28/2025 14:30,FAILING TO YIELD RIGHT-OF-WAY,NOT APPLICABLE,515,S,CALIFORNIA AVE,1135,,,,,,,2,NO INDICATION OF INJURY,0,0,0,0,0,3,0,14,4,5,,,,,
UNKNOWN,DAYLIGHT,FIXED OBJECT,DIVIDED - W/MEDIAN (NOT RAISED),,STRAIGHT AND LEVEL,UNKNOWN,UNKNOWN,NOT ON SCENE (DESK REPORT),NO INJURY / DRIVE AWAY,,,Y,"OVER $1,500",04/03/2025 10:00,IMPROPER TURNING/NO SIGNAL,NOT APPLICABLE,10302,S,TORRENCE AVE,434,,,,,,,1,NO INDICATION OF INJURY,0,0,0,0,0,1,0,13,3,4,,,,,
CLEAR,DAYLIGHT,SIDESWIPE SAME DIRECTION,NOT DIVIDED,,STRAIGHT AND LEVEL,DRY,NO DEFECTS,NOT ON SCENE (DESK REPORT),NO INJURY / DRIVE AWAY,,,,"$501 - $1,500",04/04/2025 11:45,UNABLE TO DETERMINE,NOT APPLICABLE,3300,W,FULLERTON AVE,1413,,,,,,,2,NO INDICATION OF INJURY,0,0,0,0,0,2,0,11,6,4,,,,,
CLEAR,DAYLIGHT,ANGLE,FOUR WAY,,STRAIGHT AND LEVEL,DRY,NO DEFECTS,ON SCENE,NO INJURY / DRIVE AWAY,Y,,Y,"OVER $1,500",05/28/2025 17:15,FAILING TO YIELD RIGHT-OF-WAY,FAILING TO REDUCE SPEED TO AVOID CRASH,4601,S,PULASKI RD,821,,,,,,,2,NO INDICATION OF INJURY,0,0,0,0,0,2,0,17,4,5,,,,,
CLEAR,DAYLIGHT,REAR TO SIDE,PARKING LOT,,STRAIGHT AND LEVEL,UNKNOWN,UNKNOWN,NOT ON SCENE (DESK REPORT),NO INJURY / DRIVE AWAY,,,,"OVER $1,500",05/28/2025 13:29,DRIVING SKILLS/KNOWLEDGE/EXPERIENCE,NOT APPLICABLE,2701,W,68TH ST,831,,,,,,,2,NO INDICATION OF INJURY,0,0,0,0,0,3,0,12,4,5,,,,,
RAIN,DAYLIGHT,TURNING,NOT DIVIDED,,STRAIGHT AND LEVEL,WET,NO DEFECTS,ON SCENE,NO INJURY / DRIVE AWAY,Y,,Y,"OVER $1,500",05/28/2025 8:12,UNABLE TO DETERMINE,UNABLE TO DETERMINE,4103,S,KILDARE BLVD,815,,,,,,,2,NO INDICATION OF INJURY,0,0,0,0,0,2,0,7,4,5,,,,,
CLEAR,"DARKNESS, LIGHTED ROAD",ANGLE,FOUR WAY,,STRAIGHT AND LEVEL,DRY,NO DEFECTS,ON SCENE,INJURY AND / OR TOW DUE TO CRASH,Y,,,"OVER $1,500",02/13/2025 18:52,FAILING TO YIELD RIGHT-OF-WAY,UNABLE TO DETERMINE,400,N,HALSTED ST,1214,,,,,,,3,NO INDICATION OF INJURY,0,0,0,0,0,3,0,18,5,2,,,,,
CLOUDY/OVERCAST,DAYLIGHT,REAR END,NOT DIVIDED,,STRAIGHT AND LEVEL,DRY,NO DEFECTS,NOT ON SCENE (DESK REPORT),NO INJURY / DRIVE AWAY,,,,"OVER $1,500",04/05/2025 18:19,FOLLOWING TOO CLOSELY,NOT APPLICABLE,4031,W,MARQUETTE RD,833,,,,,,,2,NO INDICATION OF INJURY,0,0,0,0,0,2,0,18,7,4,,,,,
SNOW,DAYLIGHT,FIXED OBJECT,NOT DIVIDED,,STRAIGHT ON GRADE,SNOW OR SLUSH,NO DEFECTS,ON SCENE,INJURY AND / OR TOW DUE TO CRASH,,,,"OVER $1,500",02/13/2025 13:45,FAILING TO REDUCE SPEED TO AVOID CRASH,DRIVING SKILLS/KNOWLEDGE/EXPERIENCE,500,E,130TH ST,532,,,,,,,1,NO INDICATION OF INJURY,0,0,0,0,0,1,0,13,5,2,,,,,
CLEAR,DAYLIGHT,ANGLE,FOUR WAY,,STRAIGHT AND LEVEL,DRY,NO DEFECTS,ON SCENE,INJURY AND / OR TOW DUE TO CRASH,Y,,Y,"OVER $1,500",02/13/2025 16:52,DISREGARDING TRAFFIC SIGNALS,FAILING TO REDUCE SPEED TO AVOID CRASH,6900,S,LAFAYETTE AVE,731,,,,,,,2,NO INDICATION OF INJURY,0,0,0,0,0,2,0,16,5,2,,,,,
CLEAR,DAWN,SIDESWIPE SAME DIRECTION,NOT DIVIDED,,STRAIGHT AND LEVEL,WET,UNKNOWN,NOT ON SCENE (DESK REPORT),NO INJURY / DRIVE AWAY,,,,"OVER $1,500",02/13/2025 6:28,UNABLE TO DETERMINE,UNABLE TO DETERMINE,2334,W,111TH ST,2212,,,,,,,3,NO INDICATION OF INJURY,0,0,0,0,0,3,0,6,5,2,,,,,
CLEAR,DAYLIGHT,TURNING,DIVIDED - W/MEDIAN BARRIER,,STRAIGHT AND LEVEL,DRY,UNKNOWN,ON SCENE,INJURY AND / OR TOW DUE TO CRASH,,,,"$501 - $1,500",04/05/2025 17:30,UNABLE TO DETERMINE,UNABLE TO DETERMINE,1200,W,ROOSEVELT RD,1231,,,,,,,2,NO INDICATION OF INJURY,0,0,0,0,0,3,0,16,7,4,,,,,
CLEAR,DAYLIGHT,REAR TO SIDE,FOUR WAY,,STRAIGHT AND LEVEL,DRY,NO DEFECTS,ON SCENE,NO INJURY / DRIVE AWAY,,,,"OVER $1,500",04/05/2025 16:58,IMPROPER OVERTAKING/PASSING,NOT APPLICABLE,5601,N,PARKSIDE AVE,1622,,,,,,,2,NO INDICATION OF INJURY,0,0,0,0,0,2,0,16,7,4,,,,,
RAIN,"DARKNESS, LIGHTED ROAD",TURNING,NOT DIVIDED,,STRAIGHT AND LEVEL,WET,NO DEFECTS,ON SCENE,NO INJURY / DRIVE AWAY,,,Y,"OVER $1,500",04/04/2025 21:51,UNABLE TO DETERMINE,UNABLE TO DETERMINE,2425,W,DIVERSEY AVE,1411,,,,,,,2,NO INDICATION OF INJURY,0,0,0,0,0,2,0,21,6,4,,,,,
UNKNOWN,UNKNOWN,REAR END,NOT DIVIDED,,STRAIGHT AND LEVEL,UNKNOWN,UNKNOWN,ON SCENE,NO INJURY / DRIVE AWAY,,,Y,"OVER $1,500",04/04/2025 19:09,FOLLOWING TOO CLOSELY,NOT APPLICABLE,1651,W,ARMITAGE AVE,1433,,,,,,,3,NO INDICATION OF INJURY,0,0,0,0,0,3,0,19,6,4,,,,,
CLEAR,DAYLIGHT,TURNING,NOT DIVIDED,,STRAIGHT AND LEVEL,DRY,NO DEFECTS,ON SCENE,INJURY AND / OR TOW DUE TO CRASH,,,,"OVER $1,500",04/05/2025 18:05,UNABLE TO DETERMINE,UNABLE TO DETERMINE,1409,N,MILWAUKEE AVE,1424,,,,,,,2,NO INDICATION OF INJURY,0,0,0,0,0,2,0,18,7,4,,,,,
CLEAR,DAYLIGHT,SIDESWIPE SAME DIRECTION,DIVIDED - W/MEDIAN (NOT RAISED),,STRAIGHT AND LEVEL,DRY,NO DEFECTS,ON SCENE,NO INJURY / DRIVE AWAY,,,Y,"OVER $1,500",02/13/2025 16:17,UNABLE TO DETERMINE,UNABLE TO DETERMINE,2863,E,95TH ST,431,,,,,,,3,NO INDICATION OF INJURY,0,0,0,0,0,3,0,16,5,2,,,,,
CLEAR,"DARKNESS, LIGHTED ROAD",SIDESWIPE OPPOSITE DIRECTION,DIVIDED - W/MEDIAN (NOT RAISED),,STRAIGHT AND LEVEL,DRY,NO DEFECTS,ON SCENE,INJURY AND / OR TOW DUE TO CRASH,,,,"OVER $1,500",04/05/2025 20:52,IMPROPER LANE USAGE,IMPROPER LANE USAGE,4806,S,HALSTED ST,933,,,,,,,3,NONINCAPACITATING INJURY,2,0,0,1,1,1,0,20,7,4,,,,,
CLEAR,DAYLIGHT,TURNING,ONE-WAY,,STRAIGHT AND LEVEL,DRY,NO DEFECTS,ON SCENE,INJURY AND / OR TOW DUE TO CRASH,,,,"OVER $1,500",02/13/2025 13:36,UNABLE TO DETERMINE,UNABLE TO DETERMINE,3445,N,KIMBALL AVE,1733,,,,,,,2,"REPORTED, NOT EVIDENT",1,0,0,0,1,1,0,12,5,2,,,,,
CLEAR,DAYLIGHT,ANGLE,PARKING LOT,,STRAIGHT AND LEVEL,UNKNOWN,UNKNOWN,NOT ON SCENE (DESK REPORT),NO INJURY / DRIVE AWAY,,Y,,"OVER $1,500",02/13/2025 10:40,UNABLE TO DETERMINE,UNABLE TO DETERMINE,4650,W,NORTH AVE,2533,,,,,,,2,NO INDICATION OF INJURY,0,0,0,0,0,2,0,10,5,2,,,,,
CLEAR,"DARKNESS, LIGHTED ROAD",PARKED MOTOR VEHICLE,ONE-WAY,,STRAIGHT AND LEVEL,UNKNOWN,UNKNOWN,NOT ON SCENE (DESK REPORT),NO INJURY / DRIVE AWAY,,,,"OVER $1,500",04/05/2025 20:10,IMPROPER OVERTAKING/PASSING,FAILING TO REDUCE SPEED TO AVOID CRASH,650,N,DEARBORN ST,1832,,,,,,,2,NO INDICATION OF INJURY,0,0,0,0,0,1,0,18,7,4,,,,,
SNOW,DARKNESS,PARKED MOTOR VEHICLE,PARKING LOT,,STRAIGHT AND LEVEL,DRY,NO DEFECTS,ON SCENE,NO INJURY / DRIVE AWAY,,,,"$501 - $1,500",02/13/2025 20:30,IMPROPER BACKING,IMPROPER BACKING,555,N,TRIPP AVE,1111,,,,,,,2,NO INDICATION OF INJURY,0,0,0,0,0,1,0,20,5,2,,,,,
SNOW,DAYLIGHT,SIDESWIPE SAME DIRECTION,NOT DIVIDED,,STRAIGHT AND LEVEL,WET,NO DEFECTS,ON SCENE,NO INJURY / DRIVE AWAY,Y,,Y,$500 OR LESS,02/13/2025 8:26,DRIVING SKILLS/KNOWLEDGE/EXPERIENCE,UNABLE TO DETERMINE,6001,S,COTTAGE GROVE AVE,235,,,,,,,2,NO INDICATION OF INJURY,0,0,0,0,0,2,0,8,5,2,,,,,