WEATHER_CONDITION,LIGHTING_CONDITION,FIRST_CRASH_TYPE,TRAFFICWAY_TYPE,LANE_CNT,ALIGNMENT,ROADWAY_SURFACE_COND,ROAD_DEFECT,REPORT_TYPE,CRASH_TYPE,INTERSECTION_RELATED_I,NOT_RIGHT_OF_WAY_I,HIT_AND_RUN_I,DAMAGE,DATE_POLICE_NOTIFIED,PRIM_CONTRIBUTORY_CAUSE,SEC_CONTRIBUTORY_CAUSE,STREET_NO,STREET_DIRECTION,STREET_NAME,BEAT_OF_OCCURRENCE,PHOTOS_TAKEN_I,STATEMENTS_TAKEN_I,DOORING_I,WORK_ZONE_I,WORK_ZONE_TYPE,WORKERS_PRESENT_I,NUM_UNITS,MOST_SEVERE_INJURY,INJURIES_TOTAL,INJURIES_FATAL,INJURIES_INCAPACITATING,INJURIES_NON_INCAPACITATING,INJURIES_REPORTED_NOT_EVIDENT,INJURIES_NO_INDICATION,INJURIES_UNKNOWN,CRASH_HOUR,CRASH_DAY_OF_WEEK,CRASH_MONTH,INJURIES_NO_INDICATION,INJURIES_UNKNOWN,CRASH_HOUR,CRASH_DAY_OF_WEEK,CRASH_MONTH
CLEAR,DAYLIGHT,ANGLE,NOT DIVIDED,,STRAIGHT AND LEVEL,WET,NO DEFECTS,ON SCENE,INJURY AND / OR TOW DUE TO CRASH,Y,,,"OVER $1,500",02/13/2025 15:13,FAILING TO YIELD RIGHT-OF-WAY,UNABLE TO DETERMINE,1300,W,LAKE ST,1215,,,,,,,2,NONINCAPACITATING INJURY,1,0,0,1,0,1,0,15,5,2,,,,,
CLEAR,DAYLIGHT,REAR END,DIVIDED - W/MEDIAN BARRIER,,STRAIGHT AND LEVEL,DRY,NO DEFECTS,NOT ON SCENE (DESK REPORT),NO INJURY / DRIVE AWAY,Y,,,"OVER $1,500",04/05/2025 12:10,FOLLOWING TOO CLOSELY,NOT APPLICABLE,801,N,LAKE SHORE DR NB,1833,,,,,,,2,NO INDICATION OF INJURY,0,0,0,0,0,2,0,19,6,4,,,,,
CLEAR,DAYLIGHT,TURNING,NOT DIVIDED,,STRAIGHT AND LEVEL,WET,NO DEFECTS,ON SCENE,NO INJURY / DRIVE AWAY,Y,,,"OVER $1,500",04/05/2025 9:32,ROAD CONSTRUCTION/MAINTENANCE,NOT APPLICABLE,501,N,LA SALLE DR,1831,,,,,,,2,NO INDICATION OF INJURY,0,0,0,0,0,4,0,9,7,4,,,,,
CLEAR,DAYLIGHT,REAR END,ONE-WAY,,STRAIGHT AND LEVEL,DRY,NO DEFECTS,ON SCENE,NO INJURY / DRIVE AWAY,,,,"$501 - $1,500",08/22/2022 8:25,FOLLOWING TOO CLOSELY,UNABLE TO DETERMINE,100,N,BESSIE COLEMAN DR,1654,,,,,,,2,NO INDICATION OF INJURY,0,0,0,0,0,2,0,8,2,8,,,,,
CLEAR,DAYLIGHT,TURNING,FOUR WAY,,STRAIGHT AND LEVEL,DRY,NO DEFECTS,NOT ON SCENE (DESK REPORT),NO INJURY / DRIVE AWAY,,,,"$501 - $1,500",04/05/2025 18:00,IMPROPER OVERTAKING/PASSING,NOT APPLICABLE,1030,E,98TH ST,511,,,,,,,2,NO INDICATION OF INJURY,0,0,0,0,0,2,0,17,7,4,,,,,
CLEAR,DAYLIGHT,TURNING,NOT DIVIDED,,STRAIGHT AND LEVEL,DRY,NO DEFECTS,ON SCENE,NO INJURY / DRIVE AWAY,,,Y,"$501 - $1,500",04/03/2025 11:30,IMPROPER LANE USAGE,IMPROPER TURNING/NO SIGNAL,4027,W,IRVING PARK RD,1732,,,,,,,2,NO INDICATION OF INJURY,0,0,0,0,0,2,0,9,5,4,,,,,
CLEAR,DAYLIGHT,PARKED MOTOR VEHICLE,DIVIDED - W/MEDIAN (NOT RAISED),,STRAIGHT AND LEVEL,DRY,NO DEFECTS,ON SCENE,INJURY AND / OR TOW DUE TO CRASH,,,,"OVER $1,500",04/04/2025 11:37,IMPROPER LANE USAGE,NOT APPLICABLE,6240,W,IRVING PARK RD,1624,,,,,,,3,NO INDICATION OF INJURY,0,0,0,0,0,1,0,11,6,4,,,,,
RAIN,DAYLIGHT,FIXED OBJECT,OTHER,,STRAIGHT AND LEVEL,WET,NO DEFECTS,ON SCENE,INJURY AND / OR TOW DUE TO CRASH,,,,"OVER $1,500",04/04/2025 17:15,EQUIPMENT - VEHICLE CONDITION,UNABLE TO DETERMINE,10300,S,CHICAGO SKYWAY OB,432,,,,,,,1,NO INDICATION OF INJURY,0,0,0,0,0,1,0,17,6,4,,,,,
CLEAR,DAYLIGHT,PARKED MOTOR VEHICLE,ONE-WAY,,STRAIGHT AND LEVEL,DRY,NO DEFECTS,ON SCENE,NO INJURY / DRIVE AWAY,,,Y,"$501 - $1,500",04/05/2025 18:37,UNABLE TO DETERMINE,UNABLE TO DETERMINE,5032,S,ELIZABETH ST,933,,,,,,,2,NO INDICATION OF INJURY,0,0,0,0,0,1,0,18,7,4,,,,,
RAIN,DAYLIGHT,REAR END,DIVIDED - W/MEDIAN BARRIER,,STRAIGHT AND LEVEL,WET,NO DEFECTS,ON SCENE,INJURY AND / OR TOW DUE TO CRASH,,,,"OVER $1,500",04/05/2025 7:11,FAILING TO REDUCE SPEED TO AVOID CRASH,FOLLOWING TOO CLOSELY,840,N,LAKE SHORE DR SB,1833,,,,,,,2,INCAPACITATING INJURY,1,0,1,0,0,2,0,7,7,4,,,,,
CLEAR,DAYLIGHT,ANGLE,NOT DIVIDED,,STRAIGHT AND LEVEL,DRY,NO DEFECTS,ON SCENE,INJURY AND / OR TOW DUE TO CRASH,,,,"OVER $1,500",04/05/2025 20:00,UNABLE TO DETERMINE,NOT APPLICABLE,12700,S,HALSTED ST,523,,,,,,,2,"REPORTED, NOT EVIDENT",2,0,0,0,2,2,0,19,7,4,,,,,
CLEAR,"DARKNESS, LIGHTED ROAD",TURNING,T-INTERSECTION,,STRAIGHT AND LEVEL,DRY,NO DEFECTS,ON SCENE,INJURY AND / OR TOW DUE TO CRASH,Y,,,"OVER $1,500",04/05/2025 19:19,FAILING TO YIELD RIGHT-OF-WAY,NOT APPLICABLE,4700,S,KEDZIE AVE,821,,,,,,,3,"REPORTED, NOT EVIDENT",3,0,0,0,3,1,0,19,7,4,,,,,
RAIN,"DARKNESS, LIGHTED ROAD",REAR TO FRONT,UNKNOWN INTERSECTION TYPE,,STRAIGHT AND LEVEL,WET,NO DEFECTS,,NO INJURY / DRIVE AWAY,Y,,,"OVER $1,500",04/04/2025 22:45,UNABLE TO DETERMINE,UNABLE TO DETERMINE,1,E,HURON ST,1834,,,,,,,2,NO INDICATION OF INJURY,0,0,0,0,0,2,0,22,6,4,,,,,
CLEAR,"DARKNESS, LIGHTED ROAD",PEDESTRIAN,DIVIDED - W/MEDIAN (NOT RAISED),,STRAIGHT AND LEVEL,DRY,NO DEFECTS,ON SCENE,INJURY AND / OR TOW DUE TO CRASH,N,,Y,$500 OR LESS,04/06/2025 1:09,DISREGARDING OTHER TRAFFIC SIGNS,NOT APPLICABLE,3133,W,MONTROSE AVE,1724,,,,,,,2,"REPORTED, NOT EVIDENT",1,0,0,0,1,1,0,1,1,4,,,,,
CLEAR,DAYLIGHT,PARKED MOTOR VEHICLE,ONE-WAY,,STRAIGHT AND LEVEL,DRY,UNKNOWN,NOT ON SCENE (DESK REPORT),NO INJURY / DRIVE AWAY,,,Y,"OVER $1,500",04/05/2025 16:45,UNABLE TO DETERMINE,NOT APPLICABLE,2544,N,KILBOURN AVE,2521,,,,,,,2,NO INDICATION OF INJURY,0,0,0,0,0,1,0,15,7,4,,,,,
CLOUDY/OVERCAST,DAYLIGHT,TURNING,DIVIDED - W/MEDIAN (NOT RAISED),,STRAIGHT AND LEVEL,DRY,NO DEFECTS,NOT ON SCENE (DESK REPORT),INJURY AND / OR TOW DUE TO CRASH,Y,,Y,"OVER $1,500",02/13/2025 18:30,UNABLE TO DETERMINE,UNABLE TO DETERMINE,7400,S,WOODLAWN AVE,324,,,,,,,2,"REPORTED, NOT EVIDENT",1,0,0,0,1,2,0,17,5,2,,,,,
CLEAR,DUSK,REAR END,NOT DIVIDED,,STRAIGHT AND LEVEL,DRY,NO DEFECTS,ON SCENE,NO INJURY / DRIVE AWAY,,,,"OVER $1,500",02/13/2025 17:25,UNABLE TO DETERMINE,UNABLE TO DETERMINE,1738,W,MADISON ST,1224,,,,,,,2,NO INDICATION OF INJURY,0,0,0,0,0,2,0,17,5,2,,,,,
CLEAR,"DARKNESS, LIGHTED ROAD",SIDESWIPE SAME DIRECTION,NOT DIVIDED,,STRAIGHT AND LEVEL,WET,NO DEFECTS,ON SCENE,NO INJURY / DRIVE AWAY,,,,"OVER $1,500",02/13/2025 18:02,IMPROPER OVERTAKING/PASSING,NOT APPLICABLE,3101,W,FULLERTON AVE,1414,,,,,,,2,NO INDICATION OF INJURY,0,0,0,0,0,2,0,18,5,2,,,,,
CLEAR,DAYLIGHT,ANGLE,NOT DIVIDED,,STRAIGHT AND LEVEL,DRY,NO DEFECTS,NOT ON SCENE (DESK REPORT),NO INJURY / DRIVE AWAY,,,,"OVER $1,500",02/14/2025 8:45,FAILING TO YIELD RIGHT-OF-WAY,NOT APPLICABLE,4660,W,IRVING PARK RD,1722,,,,,,,2,NO INDICATION OF INJURY,0,0,0,0,0,3,0,20,5,2,,,,,
CLEAR,DAYLIGHT,TURNING,T-INTERSECTION,,STRAIGHT AND LEVEL,DRY,NO DEFECTS,NOT ON SCENE (DESK REPORT),NO INJURY / DRIVE AWAY,,,N,"$501 - $1,500",02/13/2025 6:45,OBSTRUCTED CROSSWALKS,NOT APPLICABLE,9500,S,VINCENNES AVE,2213,,,,,,,2,NO INDICATION OF INJURY,0,0,0,0,0,2,0,6,5,2,,,,,
CLEAR,DAYLIGHT,SIDESWIPE SAME DIRECTION,ONE-WAY,,STRAIGHT AND LEVEL,WET,NO DEFECTS,NOT ON SCENE (DESK REPORT),NO INJURY / DRIVE AWAY,,,,"OVER $1,500",02/13/2025 14:00,IMPROPER OVERTAKING/PASSING,NOT APPLICABLE,3,W,TERMINAL ST,1653,,,,,,,2,NO INDICATION OF INJURY,0,0,0,0,0,2,0,13,5,2,,,,,
CLEAR,DAYLIGHT,REAR END,NOT DIVIDED,,STRAIGHT AND LEVEL,SNOW OR SLUSH,NO DEFECTS,ON SCENE,INJURY AND / OR TOW DUE TO CRASH,,,,"OVER $1,500",02/13/2025 8:25,WEATHER,DRIVING SKILLS/KNOWLEDGE/EXPERIENCE,1328,E,76TH ST,411,,,,,,,3,NO INDICATION OF INJURY,0,0,0,0,0,3,0,8,5,2,,,,,
CLEAR,DAYLIGHT,SIDESWIPE SAME DIRECTION,NOT DIVIDED,,STRAIGHT AND LEVEL,DRY,NO DEFECTS,ON SCENE,NO INJURY / DRIVE AWAY,N,,,$500 OR LESS,04/05/2025 16:54,FAILING TO YIELD RIGHT-OF-WAY,RELATED TO BUS STOP,6700,S,HALSTED ST,723,,,,,,,2,NO INDICATION OF INJURY,0,0,0,0,0,3,0,16,7,4,,,,,
RAIN,"DARKNESS, LIGHTED ROAD",PARKED MOTOR VEHICLE,ONE-WAY,,STRAIGHT AND LEVEL,WET,NO DEFECTS,ON SCENE,INJURY AND / OR TOW DUE TO CRASH,,,Y,"OVER $1,500",04/05/2025 3:20,UNABLE TO DETERMINE,UNABLE TO DETERMINE,9923,S,YALE AVE,511,,,,,,,2,NO INDICATION OF INJURY,0,0,0,0,0,1,0,2,7,4,,,,,
CLEAR,"DARKNESS, LIGHTED ROAD",PARKED MOTOR VEHICLE,ONE-WAY,,STRAIGHT AND LEVEL,DRY,NO DEFECTS,ON SCENE,INJURY AND / OR TOW DUE TO CRASH,,,Y,$500 OR LESS,04/06/2025 0:50,UNABLE TO DETERMINE,UNABLE TO DETERMINE,2508,N,AVERS AVE,2524,,,,,,,2,NO INDICATION OF INJURY,0,0,0,0,0,1,0,0,1,4,,,,,
CLEAR,DAYLIGHT,PARKED MOTOR VEHICLE,NOT DIVIDED,,STRAIGHT AND LEVEL,DRY,NO DEFECTS,NOT ON SCENE (DESK REPORT),NO INJURY / DRIVE AWAY,,,Y,"OVER $1,500",04/04/2025 12:45,UNABLE TO DETERMINE,NOT APPLICABLE,2529,N,MILWAUKEE AVE,1414,,,,,,,2,NO INDICATION OF INJURY,0,0,0,0,0,1,0,10,6,4,,,,,
CLEAR,DAYLIGHT,REAR END,ONE-WAY,,STRAIGHT AND LEVEL,DRY,NO DEFECTS,NOT ON SCENE (DESK REPORT),NO INJURY / DRIVE AWAY,,,,"OVER $1,500",04/04/2025 12:00,FOLLOWING TOO CLOSELY,NOT APPLICABLE,1715,W,SCHOOL ST,1922,,,,,,,2,NO INDICATION OF INJURY,0,0,0,0,0,2,0,8,6,4,,,,,
CLEAR,DAYLIGHT,REAR TO SIDE,PARKING LOT,,STRAIGHT AND LEVEL,DRY,NO DEFECTS,NOT ON SCENE (DESK REPORT),NO INJURY / DRIVE AWAY,,,,"OVER $1,500",02/13/2025 14:00,UNABLE TO DETERMINE,NOT APPLICABLE,9341,S,ASHLAND AVE,2221,Y,,,,,,2,NO INDICATION OF INJURY,0,0,0,0,0,2,0,13,5,2,,,,,
CLEAR,DUSK,PARKED MOTOR VEHICLE,PARKING LOT,,STRAIGHT AND LEVEL,DRY,UNKNOWN,NOT ON SCENE (DESK REPORT),INJURY AND / OR TOW DUE TO CRASH,,,Y,"OVER $1,500",04/05/2025 19:00,UNABLE TO DETERMINE,UNABLE TO DETERMINE,2645,N,ELSTON AVE,1432,,,,,,,2,NO INDICATION OF INJURY,0,0,0,0,0,1,0,19,7,4,,,,,
CLEAR,DUSK,SIDESWIPE OPPOSITE DIRECTION,NOT DIVIDED,,STRAIGHT AND LEVEL,DRY,UNKNOWN,ON SCENE,NO INJURY / DRIVE AWAY,,,,"OVER $1,500",04/04/2025 12:20,IMPROPER LANE USAGE,IMPROPER LANE USAGE,6240,W,IRVING PARK RD,1624,,,,,,,2,NO INDICATION OF INJURY,0,0,0,0,0,2,0,11,6,4,,,,,
SNOW,DAYLIGHT,PARKED MOTOR VEHICLE,NOT DIVIDED,,STRAIGHT AND LEVEL,ICE,NO DEFECTS,NOT ON SCENE (DESK REPORT),NO INJURY / DRIVE AWAY,,,,"OVER $1,500",02/14/2025 14:11,WEATHER,NOT APPLICABLE,4900,S,KOSTNER AVE,815,,,,,,,2,NO INDICATION OF INJURY,0,0,0,0,0,1,0,7,5,2,,,,,
CLEAR,DAYLIGHT,REAR END,NOT DIVIDED,,STRAIGHT AND LEVEL,UNKNOWN,UNKNOWN,NOT ON SCENE (DESK REPORT),INJURY AND / OR TOW DUE TO CRASH,,,Y,"OVER $1,500",04/05/2025 15:00,DRIVING SKILLS/KNOWLEDGE/EXPERIENCE,NOT APPLICABLE,399,W,69TH ST,731,,,,,,,2,NONINCAPACITATING INJURY,1,0,0,1,0,3,0,17,6,3,,,,,
CLEAR,"DARKNESS, LIGHTED ROAD",FIXED OBJECT,T-INTERSECTION,,STRAIGHT AND LEVEL,DRY,NO DEFECTS,ON SCENE,NO INJURY / DRIVE AWAY,Y,Y,Y,"$501 - $1,500",02/13/2025 18:50,UNABLE TO DETERMINE,NOT APPLICABLE,12624,S,MICHIGAN AVE,532,,,,,,,1,NO INDICATION OF INJURY,0,0,0,0,0,1,0,17,5,2,,,,,
RAIN,"DARKNESS, LIGHTED ROAD",SIDESWIPE SAME DIRECTION,T-INTERSECTION,,STRAIGHT AND LEVEL,WET,UNKNOWN,ON SCENE,NO INJURY / DRIVE AWAY,Y,,Y,"OVER $1,500",04/05/2025 0:46,UNABLE TO DETERMINE,UNABLE TO DETERMINE,6100,S,WESTERN AVE,825,,,,,,,2,NO INDICATION OF INJURY,0,0,0,0,0,2,0,0,7,4,,,,,
RAIN,"DARKNESS, LIGHTED ROAD",PEDESTRIAN,FOUR WAY,,STRAIGHT AND LEVEL,WET,NO DEFECTS,ON SCENE,INJURY AND / OR TOW DUE TO CRASH,Y,,,$500 OR LESS,04/04/2025 22:16,UNABLE TO DETERMINE,NOT APPLICABLE,4799,N,WESTERN AVE,1911,,,,,,,2,NONINCAPACITATING INJURY,1,0,0,1,0,2,0,10,6,4,,,,,
CLEAR,DAYLIGHT,TURNING,NOT DIVIDED,,STRAIGHT AND LEVEL,WET,UNKNOWN,NOT ON SCENE (DESK REPORT),NO INJURY / DRIVE AWAY,,,,"OVER $1,500",02/13/2025 11:00,UNABLE TO DETERMINE,NOT APPLICABLE,2610,S,CALIFORNIA BLVD,1034,,,,,,,2,NO INDICATION OF INJURY,0,0,0,0,0,4,0,9,5,2,,,,,
UNKNOWN,DAYLIGHT,TURNING,DIVIDED - W/MEDIAN (NOT RAISED),,STRAIGHT AND LEVEL,UNKNOWN,UNKNOWN,NOT ON SCENE (DESK REPORT),NO INJURY / DRIVE AWAY,,,,"$501 - $1,500",02/13/2025 20:00,UNABLE TO DETERMINE,UNABLE TO DETERMINE,3801,W,BELMONT AVE,2523,,,,,,,2,NO INDICATION OF INJURY,0,0,0,0,0,2,0,7,5,2,,,,,
CLEAR,DAWN,REAR END,NOT DIVIDED,,STRAIGHT AND LEVEL,WET,NO DEFECTS,ON SCENE,INJURY AND / OR TOW DUE TO CRASH,Y,,,"OVER $1,500",02/13/2025 19:49,FAILING TO REDUCE SPEED TO AVOID CRASH,FOLLOWING TOO CLOSELY,9001,S,ASHLAND AVE,2221,,,,,,,2,NONINCAPACITATING INJURY,2,0,0,2,0,0,0,19,5,2,,,,,
CLEAR,DAYLIGHT,ANGLE,NOT DIVIDED,,STRAIGHT AND LEVEL,DRY,NO DEFECTS,NOT ON SCENE (DESK REPORT),NO INJURY / DRIVE AWAY,,,Y,"OVER $1,500",04/01/2025 15:35,UNABLE TO DETERMINE,NOT APPLICABLE,3115,W,ARMITAGE AVE,1421,,,,,,,2,NO INDICATION OF INJURY,0,0,0,0,0,2,0,15,3,4,,,,,
CLEAR,DAYLIGHT,TURNING,DIVIDED - W/MEDIAN BARRIER,,STRAIGHT AND LEVEL,DRY,NO DEFECTS,,INJURY AND / OR TOW DUE TO CRASH,Y,,,$500 OR LESS,04/01/2025 7:55,FAILING TO YIELD RIGHT-OF-WAY,DISREGARDING TRAFFIC SIGNALS,1999,W,PETERSON AVE,2012,,,,,,,2,NO INDICATION OF INJURY,0,0,0,0,0,3,0,7,3,4,,,,,
CLEAR,DAYLIGHT,SIDESWIPE SAME DIRECTION,NOT DIVIDED,,STRAIGHT AND LEVEL,DRY,NO DEFECTS,ON SCENE,NO INJURY / DRIVE AWAY,,,,"OVER $1,500",04/01/2025 18:21,FAILING TO YIELD RIGHT-OF-WAY,NOT APPLICABLE,4218,S,ARCHER AVE,921,,,,,,,2,NO INDICATION OF INJURY,0,0,0,0,0,2,0,18,3,4,,,,,
CLEAR,DAYLIGHT,TURNING,NOT DIVIDED,,STRAIGHT AND LEVEL,UNKNOWN,UNKNOWN,ON SCENE,NO INJURY / DRIVE AWAY,,,Y,"OVER $1,500",03/22/2025 13:50,DRIVING SKILLS/KNOWLEDGE/EXPERIENCE,NOT APPLICABLE,5801,S,KEDZIE AVE,824,,,,,,,2,NO INDICATION OF INJURY,0,0,0,0,0,2,0,13,7,3,,,,,
CLEAR,"DARKNESS, LIGHTED ROAD",SIDESWIPE OPPOSITE DIRECTION,NOT DIVIDED,,STRAIGHT AND LEVEL,DRY,UNKNOWN,ON SCENE,NO INJURY / DRIVE AWAY,,,Y,$500 OR LESS,10/27/2025 4:40,DRIVING ON WRONG SIDE/WRONG WAY,DRIVING ON WRONG SIDE/WRONG WAY,6001,N,RAVENSWOOD AVE,2433,,,,,,,2,NO INDICATION OF INJURY,0,0,0,0,0,2,0,4,2,10,,,,,
CLEAR,"DARKNESS, LIGHTED ROAD",TURNING,FOUR WAY,,STRAIGHT AND LEVEL,OTHER,UNKNOWN,NOT ON SCENE (DESK REPORT),NO INJURY / DRIVE AWAY,,,,"$501 - $1,500",02/13/2025 23:50,IMPROPER TURNING/NO SIGNAL,FAILING TO YIELD RIGHT-OF-WAY,2405,W,DIVISION ST,1212,,,,,,,2,NO INDICATION OF INJURY,0,0,0,0,0,2,0,22,5,2,,,,,
CLEAR,DAYLIGHT,PARKED MOTOR VEHICLE,NOT DIVIDED,,STRAIGHT AND LEVEL,SNOW OR SLUSH,NO DEFECTS,ON SCENE,NO INJURY / DRIVE AWAY,Y,,,"OVER $1,500",02/13/2025 13:37,IMPROPER TURNING/NO SIGNAL,NOT APPLICABLE,2399,W,DEVON AVE,2413,,,,,,,2,NO INDICATION OF INJURY,0,0,0,0,0,1,0,13,5,2,,,,,
CLEAR,DARKNESS,PARKED MOTOR VEHICLE,NOT DIVIDED,,STRAIGHT AND LEVEL,DRY,NO DEFECTS,ON SCENE,NO INJURY / DRIVE AWAY,,,,"$501 - $1,500",08/28/2025 19:50,IMPROPER BACKING,UNABLE TO DETERMINE,3400,W,71ST PL,831,,,,,,,2,NO INDICATION OF INJURY,0,0,0,0,0,2,0,19,5,8,,,,,
CLEAR,"DARKNESS, LIGHTED ROAD",PEDESTRIAN,FOUR WAY,,STRAIGHT AND LEVEL,WET,UNKNOWN,ON SCENE,INJURY AND / OR TOW DUE TO CRASH,Y,,,"$501 - $1,500",01/22/2025 18:21,FAILING TO YIELD RIGHT-OF-WAY,NOT APPLICABLE,2599,S,CALIFORNIA AVE,1034,,,,,,,2,NONINCAPACITATING INJURY,1,0,0,1,0,2,0,18,4,1,,,,,
CLOUDY/OVERCAST,DAYLIGHT,ANGLE,DIVIDED - W/MEDIAN (NOT RAISED),,STRAIGHT AND LEVEL,DRY,NO DEFECTS,NOT ON SCENE (DESK REPORT),NO INJURY / DRIVE AWAY,Y,,,"OVER $1,500",06/12/2025 15:30,FAILING TO YIELD RIGHT-OF-WAY,NOT APPLICABLE,3695,N,MILWAUKEE AVE,1731,,,,,,,2,NO INDICATION OF INJURY,0,0,0,0,0,2,0,15,5,6,,,,,
CLEAR,DAYLIGHT,ANGLE,FOUR WAY,,STRAIGHT AND LEVEL,UNKNOWN,UNKNOWN,NOT ON SCENE (DESK REPORT),NO INJURY / DRIVE AWAY,Y,,,"OVER $1,500",06/12/2025 7:55,UNABLE TO DETERMINE,UNABLE TO DETERMINE,1557,W,LAWRENCE AVE,1912,,,,,,,2,NO INDICATION OF INJURY,0,0,0,0,0,2,0,7,5,6,,,,,
CLEAR,DAYLIGHT,PEDESTRIAN,NOT DIVIDED,,STRAIGHT AND LEVEL,DRY,UNKNOWN,ON SCENE,INJURY AND / OR TOW DUE TO CRASH,Y,,Y,"OVER $1,500",08/05/2025 18:03,UNABLE TO DETERMINE,NOT APPLICABLE,798,E,93RD ST,633,,,,,,,2,NONINCAPACITATING INJURY,1,0,0,1,0,1,0,17,3,8,,,,,
SNOW,"DARKNESS, LIGHTED ROAD",ANGLE,FOUR WAY,,STRAIGHT AND LEVEL,WET,NO DEFECTS,ON SCENE,INJURY AND / OR TOW DUE TO CRASH,Y,,,"OVER $1,500",02/13/2025 20:10,DISREGARDING TRAFFIC SIGNALS,NOT APPLICABLE,1200,N,LARAMIE AVE,2532,,,,,,,2,NONINCAPACITATING INJURY,3,0,0,3,0,0,0,20,5,2,,,,,
SNOW,DAYLIGHT,SIDESWIPE SAME DIRECTION,NOT DIVIDED,,STRAIGHT AND LEVEL,SNOW OR SLUSH,NO DEFECTS,NOT ON SCENE (DESK REPORT),NO INJURY / DRIVE AWAY,,,,"OVER $1,500",02/13/2025 18:45,IMPROPER OVERTAKING/PASSING,IMPROPER OVERTAKING/PASSING,482,N,HALSTED ST,1214,,,,,,,2,NO INDICATION OF INJURY,0,0,0,0,0,2,0,18,5,2,,,,,
CLEAR,DAYLIGHT,SIDESWIPE SAME DIRECTION,DIVIDED - W/MEDIAN (NOT RAISED),,STRAIGHT AND LEVEL,DRY,NO DEFECTS,ON SCENE,NO INJURY / DRIVE AWAY,Y,,,"OVER $1,500",03/22/2025 15:00,DRIVING SKILLS/KNOWLEDGE/EXPERIENCE,NOT APPLICABLE,1900,W,MONTROSE AVE,1912,,,,,,,2,NO INDICATION OF INJURY,0,0,0,0,0,3,0,15,7,3,,,,,
CLEAR,DAYLIGHT,SIDESWIPE SAME DIRECTION,NOT DIVIDED,,STRAIGHT AND LEVEL,SNOW OR SLUSH,NO DEFECTS,NOT ON SCENE (DESK REPORT),NO INJURY / DRIVE AWAY,Y,,,"OVER $1,500",02/13/2025 9:09,UNABLE TO DETERMINE,UNABLE TO DETERMINE,1340,W,95TH ST,2222,,,,,,,2,NO INDICATION OF INJURY,0,0,0,0,0,2,0,8,5,2,,,,,
SNOW,DAYLIGHT,PEDESTRIAN,NOT DIVIDED,,STRAIGHT AND LEVEL,SNOW OR SLUSH,UNKNOWN,ON SCENE,INJURY AND / OR TOW DUE TO CRASH,,,,"OVER $1,500",02/13/2025 16:47,DISREGARDING STOP SIGN,UNABLE TO DETERMINE,1805,W,SUNNYSIDE AVE,1912,,,,,,,2,"REPORTED, NOT EVIDENT",1,0,0,0,1,1,0,15,5,2,,,,,
SNOW,DAYLIGHT,PARKED MOTOR VEHICLE,NOT DIVIDED,,STRAIGHT AND LEVEL,SNOW OR SLUSH,NO DEFECTS,ON SCENE,NO INJURY / DRIVE AWAY,,,,"OVER $1,500",02/13/2025 13:36,UNABLE TO DETERMINE,NOT APPLICABLE,582,N,FAIRBANKS CT,1834,,,,,,,2,NO INDICATION OF INJURY,0,0,0,0,0,1,0,13,5,2,,,,,
UNKNOWN,UNKNOWN,PARKED MOTOR VEHICLE,PARKING LOT,,STRAIGHT AND LEVEL,UNKNOWN,UNKNOWN,NOT ON SCENE (DESK REPORT),NO INJURY / DRIVE AWAY,,Y,Y,"OVER $1,500",08/08/2023 14:20,UNABLE TO DETERMINE,UNABLE TO DETERMINE,6259,S,LAKE SHORE DR,331,,,,,,,2,NO INDICATION OF INJURY,0,0,0,0,0,1,0,15,6,8,,,,,
CLEAR,DAYLIGHT,PEDESTRIAN,NOT DIVIDED,,STRAIGHT AND LEVEL,DRY,NO DEFECTS,ON SCENE,INJURY AND / OR TOW DUE TO CRASH,Y,,,$500 OR LESS,02/13/2025 9:45,FAILING TO YIELD RIGHT-OF-WAY,FAILING TO REDUCE SPEED TO AVOID CRASH,5559,W,CHICAGO AVE,1524,,,,,,,3,NONINCAPACITATING INJURY,2,0,0,2,0,1,0,9,5,2,,,,,
CLEAR,DAYLIGHT,REAR END,NOT DIVIDED,,STRAIGHT AND LEVEL,DRY,NO DEFECTS,NOT ON SCENE (DESK REPORT),NO INJURY / DRIVE AWAY,,,,"OVER $1,500",04/01/2025 13:00,FOLLOWING TOO CLOSELY,NOT APPLICABLE,4632,W,63RD ST,813,,,,,,,2,NO INDICATION OF INJURY,0,0,0,0,0,3,0,12,3,4,,,,,
CLEAR,DAYLIGHT,TURNING,NOT DIVIDED,,STRAIGHT AND LEVEL,DRY,NO DEFECTS,ON SCENE,NO INJURY / DRIVE AWAY,,,Y,"OVER $1,500",04/01/2025 9:20,IMPROPER TURNING/NO SIGNAL,FAILING TO YIELD RIGHT-OF-WAY,3930,N,CLARK ST,1923,,,,,,,2,NO INDICATION OF INJURY,0,0,0,0,0,2,0,9,3,4,,,,,
UNKNOWN,UNKNOWN,REAR END,UNKNOWN,,STRAIGHT AND LEVEL,UNKNOWN,UNKNOWN,NOT ON SCENE (DESK REPORT),NO INJURY / DRIVE AWAY,,,,"OVER $1,500",02/13/2025 15:45,UNABLE TO DETERMINE,UNABLE TO DETERMINE,8300,S,KOLIN AVE,834,,,,,,,2,NO INDICATION OF INJURY,0,0,0,0,0,2,0,15,5,2,,,,,